"Longitude (x)","Latitude (y)","Station Name","Climate ID","Date/Time (LST)","Year","Month","Day","Time (LST)","Flag","Temp (°C)","Temp Flag","Dew Point Temp (°C)","Dew Point Temp Flag","Rel Hum (%)","Rel Hum Flag","Precip. Amount (mm)","Precip. Amount Flag","Wind Dir (10s deg)","Wind Dir Flag","Wind Spd (km/h)","Wind Spd Flag","Visibility (km)","Visibility Flag","Stn Press (kPa)","Stn Press Flag","Hmdx","Hmdx Flag","Wind Chill","Wind Chill Flag","Weather"
"-77.70","53.63","LA GRANDE RIVIERE A","7093716","2019-01-01 00:00","2019","01","01","00:00","","-32.7","","-36.4","","71","","","","24","","6","","24.1","","99.24","","","","-40","","NA"
"-77.70","53.63","LA GRANDE RIVIERE A","7093716","2019-01-01 01:00","2019","01","01","01:00","","-32.4","","-36.0","","71","","","","25","","7","","24.1","","99.19","","","","-40","","Clear"
"-77.70","53.63","LA GRANDE RIVIERE A","7093716","2019-01-01 02:00","2019","01","01","02:00","","-32.6","","-36.3","","71","","","","25","","6","","24.1","","99.19","","","","-40","","NA"
"-77.70","53.63","LA GRANDE RIVIERE A","7093716","2019-01-01 03:00","2019","01","01","03:00","","-32.5","","-36.2","","71","","","","24","","6","","19.3","","99.21","","","","-39","","Ice Crystals"
"-77.70","53.63","LA GRANDE RIVIERE A","7093716","2019-01-01 04:00","2019","01","01","04:00","","-32.7","","-36.4","","71","","","","24","","6","","24.1","","99.17","","","","-40","","Ice Crystals"
"-77.70","53.63","LA GRANDE RIVIERE A","7093716","2019-01-01 05:00","2019","01","01","05:00","","-35.4","","-39.1","","69","","","","27","","7","","24.1","","99.18","","","","-44","","Ice Crystals"
"-77.70","53.63","LA GRANDE RIVIERE A","7093716","2019-01-01 06:00","2019","01","01","06:00","","-34.8","","-38.6","","69","","","","24","","7","","24.1","","99.19","","","","-43","","Ice Crystals"
"-77.70","53.63","LA GRANDE RIVIERE A","7093716","2019-01-01 07:00","2019","01","01","07:00","","-33.8","","-37.5","","70","","","","25","","7","","24.1","","99.25","","","","-42","","Ice Crystals"
"-77.70","53.63","LA GRANDE RIVIERE A","7093716","2019-01-01 08:00","2019","01","01","08:00","","-34.2","","-38.0","","70","","","","22","","7","","24.1","","99.29","","","","-42","","Ice Crystals"
"-77.70","53.63","LA GRANDE RIVIERE A","7093716","2019-01-01 09:00","2019","01","01","09:00","","-33.9","","-37.6","","70","","","","22","","8","","24.1","","99.36","","","","-43","","Ice Crystals"
"-77.70","53.63","LA GRANDE RIVIERE A","7093716","2019-01-01 10:00","2019","01","01","10:00","","-31.2","","-34.9","","71","","","","22","","7","","24.1","","99.37","","","","-39","","Mainly Clear"
"-77.70","53.63","LA GRANDE RIVIERE A","7093716","2019-01-01 11:00","2019","01","01","11:00","","-29.2","","-32.7","","72","","","","25","","15","","24.1","","99.37","","","","-40","","NA"
"-77.70","53.63","LA GRANDE RIVIERE A","7093716","2019-01-01 12:00","2019","01","01","12:00","","-28.4","","-31.8","","73","","","","24","","15","","24.1","","99.35","","","","-39","","NA"
"-77.70","53.63","LA GRANDE RIVIERE A","7093716","2019-01-01 13:00","2019","01","01","13:00","","-27.3","","-30.6","","74","","","","23","","17","","24.1","","99.33","","","","-39","","Mainly Clear"
"-77.70","53.63","LA GRANDE RIVIERE A","7093716","2019-01-01 14:00","2019","01","01","14:00","","-26.9","","-30.2","","74","","","","22","","17","","24.1","","99.32","","","","-38","","NA"
"-77.70","53.63","LA GRANDE RIVIERE A","7093716","2019-01-01 15:00","2019","01","01","15:00","","-26.5","","-29.8","","75","","","","21","","13","","24.1","","99.28","","","","-36","","Ice Crystals"
"-77.70","53.63","LA GRANDE RIVIERE A","7093716","2019-01-01 16:00","2019","01","01","16:00","","-27.1","","-30.4","","74","","","","21","","15","","24.1","","99.24","","","","-38","","Ice Crystals"
"-77.70","53.63","LA GRANDE RIVIERE A","7093716","2019-01-01 17:00","2019","01","01","17:00","","-27.2","","-30.5","","74","","","","22","","18","","12.9","","99.27","","","","-39","","Ice Crystals"
"-77.70","53.63","LA GRANDE RIVIERE A","7093716","2019-01-01 18:00","2019","01","01","18:00","","-27.3","","-30.6","","74","","","","22","","17","","12.9","","99.29","","","","-39","","Ice Crystals"
"-77.70","53.63","LA GRANDE RIVIERE A","7093716","2019-01-01 19:00","2019","01","01","19:00","","-27.6","","-30.9","","74","","","","22","","18","","8.1","","99.33","","","","-39","","Snow,Ice Crystals"
"-77.70","53.63","LA GRANDE RIVIERE A","7093716","2019-01-01 20:00","2019","01","01","20:00","","-28.4","","-31.7","","74","","","","20","","19","","12.9","","99.31","","","","-41","","Snow,Ice Crystals"
"-77.70","53.63","LA GRANDE RIVIERE A","7093716","2019-01-01 21:00","2019","01","01","21:00","","-28.7","","-32.1","","73","","","","20","","19","","12.9","","99.29","","","","-41","","Snow,Ice Crystals"
"-77.70","53.63","LA GRANDE RIVIERE A","7093716","2019-01-01 22:00","2019","01","01","22:00","","-29.1","","-32.5","","73","","","","19","","18","","12.9","","99.24","","","","-41","","Snow,Ice Crystals"
"-77.70","53.63","LA GRANDE RIVIERE A","7093716","2019-01-01 23:00","2019","01","01","23:00","","-29.6","","-33.1","","73","","","","18","","16","","19.3","","99.23","","","","-41","","Snow"
"-77.70","53.63","LA GRANDE RIVIERE A","7093716","2019-01-02 00:00","2019","01","02","00:00","","-30.6","","-34.1","","72","","","","18","","17","","24.1","","99.21","","","","-43","","NA"
"-77.70","53.63","LA GRANDE RIVIERE A","7093716","2019-01-02 01:00","2019","01","02","01:00","","-30.7","","-34.3","","72","","","","18","","18","","24.1","","99.22","","","","-43","","Mainly Clear"
"-77.70","53.63","LA GRANDE RIVIERE A","7093716","2019-01-02 02:00","2019","01","02","02:00","","-30.8","","-34.4","","72","","","","17","","14","","24.1","","99.28","","","","-42","","NA"
"-77.70","53.63","LA GRANDE RIVIERE A","7093716","2019-01-02 03:00","2019","01","02","03:00","","-30.6","","-34.1","","72","","","","18","","18","","24.1","","99.31","","","","-43","","Ice Crystals"
"-77.70","53.63","LA GRANDE RIVIERE A","7093716","2019-01-02 04:00","2019","01","02","04:00","","-30.8","","-34.3","","72","","","","18","","14","","19.3","","99.32","","","","-42","","Snow"
"-77.70","53.63","LA GRANDE RIVIERE A","7093716","2019-01-02 05:00","2019","01","02","05:00","","-30.7","","-34.3","","72","","","","17","","17","","24.1","","99.29","","","","-43","","Snow"
"-77.70","53.63","LA GRANDE RIVIERE A","7093716","2019-01-02 06:00","2019","01","02","06:00","","-30.7","","-34.2","","72","","","","18","","17","","24.1","","99.33","","","","-43","","Snow"
"-77.70","53.63","LA GRANDE RIVIERE A","7093716","2019-01-02 07:00","2019","01","02","07:00","","-30.3","","-33.8","","72","","","","18","","16","","19.3","","99.32","","","","-42","","Snow"
"-77.70","53.63","LA GRANDE RIVIERE A","7093716","2019-01-02 08:00","2019","01","02","08:00","","-29.3","","-32.7","","73","","","","18","","13","","16.1","","99.35","","","","-40","","Snow"
"-77.70","53.63","LA GRANDE RIVIERE A","7093716","2019-01-02 09:00","2019","01","02","09:00","","-28.6","","-32.0","","73","","","","18","","14","","16.1","","99.30","","","","-39","","Snow"
"-77.70","53.63","LA GRANDE RIVIERE A","7093716","2019-01-02 10:00","2019","01","02","10:00","","-27.9","","-31.2","","74","","","","17","","14","","24.1","","99.28","","","","-38","","Cloudy"
"-77.70","53.63","LA GRANDE RIVIERE A","7093716","2019-01-02 11:00","2019","01","02","11:00","","-26.4","","-29.6","","75","","","","18","","19","","11.3","","99.24","","","","-38","","NA"
"-77.70","53.63","LA GRANDE RIVIERE A","7093716","2019-01-02 12:00","2019","01","02","12:00","","-25.0","","-28.1","","76","","","","18","","18","","24.1","","99.18","","","","-36","","NA"
"-77.70","53.63","LA GRANDE RIVIERE A","7093716","2019-01-02 13:00","2019","01","02","13:00","","-24.0","","-27.1","","77","","","","19","","14","","24.1","","99.11","","","","-34","","Cloudy"
"-77.70","53.63","LA GRANDE RIVIERE A","7093716","2019-01-02 14:00","2019","01","02","14:00","","-23.2","","-26.2","","77","","","","18","","13","","11.3","","99.03","","","","-32","","NA"
"-77.70","53.63","LA GRANDE RIVIERE A","7093716","2019-01-02 15:00","2019","01","02","15:00","","-22.9","","-25.9","","77","","","","16","","15","","24.1","","98.96","","","","-33","","NA"
"-77.70","53.63","LA GRANDE RIVIERE A","7093716","2019-01-02 16:00","2019","01","02","16:00","","-22.8","","-25.7","","78","","","","16","","13","","19.3","","98.92","","","","-32","","Cloudy"
"-77.70","53.63","LA GRANDE RIVIERE A","7093716","2019-01-02 17:00","2019","01","02","17:00","","-22.6","","-25.4","","78","","","","14","","14","","24.1","","98.79","","","","-32","","NA"
"-77.70","53.63","LA GRANDE RIVIERE A","7093716","2019-01-02 18:00","2019","01","02","18:00","","-22.6","","-25.5","","78","","","","15","","18","","24.1","","98.76","","","","-33","","NA"
"-77.70","53.63","LA GRANDE RIVIERE A","7093716","2019-01-02 19:00","2019","01","02","19:00","","-22.6","","-25.4","","78","","","","14","","16","","24.1","","98.65","","","","-33","","Mostly Cloudy"
"-77.70","53.63","LA GRANDE RIVIERE A","7093716","2019-01-02 20:00","2019","01","02","20:00","","-22.5","","-25.4","","78","","","","14","","18","","24.1","","98.56","","","","-33","","NA"
"-77.70","53.63","LA GRANDE RIVIERE A","7093716","2019-01-02 21:00","2019","01","02","21:00","","-21.6","","-24.3","","79","","","","14","","18","","24.1","","98.48","","","","-32","","Snow"
"-77.70","53.63","LA GRANDE RIVIERE A","7093716","2019-01-02 22:00","2019","01","02","22:00","","-21.5","","-24.2","","79","","","","9","","9","","24.1","","98.41","","","","-29","","Snow"
"-77.70","53.63","LA GRANDE RIVIERE A","7093716","2019-01-02 23:00","2019","01","02","23:00","","-20.1","","-22.7","","80","","","","12","","12","","11.3","","98.31","","","","-28","","Snow"
"-77.70","53.63","LA GRANDE RIVIERE A","7093716","2019-01-03 00:00","2019","01","03","00:00","","-19.7","","-22.3","","80","","","","10","","11","","2.4","","98.21","","","","-27","","Snow"
"-77.70","53.63","LA GRANDE RIVIERE A","7093716","2019-01-03 01:00","2019","01","03","01:00","","-18.8","","-21.3","","81","","","","12","","13","","6.4","","98.12","","","","-27","","Snow"
"-77.70","53.63","LA GRANDE RIVIERE A","7093716","2019-01-03 02:00","2019","01","03","02:00","","-17.9","","-20.3","","82","","","","13","","15","","11.3","","98.05","","","","-26","","Snow"
"-77.70","53.63","LA GRANDE RIVIERE A","7093716","2019-01-03 03:00","2019","01","03","03:00","","-16.4","","-18.7","","83","","","","8","","7","","11.3","","98.03","","","","-21","","Snow"
"-77.70","53.63","LA GRANDE RIVIERE A","7093716","2019-01-03 04:00","2019","01","03","04:00","","-16.1","","-18.2","","84","","","","14","","10","","4.8","","97.96","","","","-23","","Snow"
"-77.70","53.63","LA GRANDE RIVIERE A","7093716","2019-01-03 05:00","2019","01","03","05:00","","-14.3","","-16.3","","85","","","","16","","13","","6.4","","97.94","","","","-21","","Snow"
"-77.70","53.63","LA GRANDE RIVIERE A","7093716","2019-01-03 06:00","2019","01","03","06:00","","-14.7","","-16.7","","85","","","","15","","13","","4.8","","97.93","","","","-22","","Snow"
"-77.70","53.63","LA GRANDE RIVIERE A","7093716","2019-01-03 07:00","2019","01","03","07:00","","-15.1","","-17.1","","84","","","","15","","14","","4.8","","97.92","","","","-23","","Snow"
"-77.70","53.63","LA GRANDE RIVIERE A","7093716","2019-01-03 08:00","2019","01","03","08:00","","-15.6","","-17.7","","84","","","","15","","16","","11.3","","97.92","","","","-24","","Snow,Ice Crystals"
"-77.70","53.63","LA GRANDE RIVIERE A","7093716","2019-01-03 09:00","2019","01","03","09:00","","-16.9","","-19.1","","83","","","","13","","12","","19.3","","97.91","","","","-24","","Snow,Ice Crystals"
"-77.70","53.63","LA GRANDE RIVIERE A","7093716","2019-01-03 10:00","2019","01","03","10:00","","-16.2","","-18.4","","84","","","","14","","17","","16.1","","97.89","","","","-25","","Snow,Ice Crystals"
"-77.70","53.63","LA GRANDE RIVIERE A","7093716","2019-01-03 11:00","2019","01","03","11:00","","-15.7","","-17.8","","84","","","","16","","14","","24.1","","97.81","","","","-23","","Ice Crystals"
"-77.70","53.63","LA GRANDE RIVIERE A","7093716","2019-01-03 12:00","2019","01","03","12:00","","-15.3","","-17.4","","84","","","","15","","12","","24.1","","97.77","","","","-22","","Ice Crystals"
"-77.70","53.63","LA GRANDE RIVIERE A","7093716","2019-01-03 13:00","2019","01","03","13:00","","-14.8","","-16.9","","85","","","","14","","13","","24.1","","97.71","","","","-22","","Ice Crystals"
"-77.70","53.63","LA GRANDE RIVIERE A","7093716","2019-01-03 14:00","2019","01","03","14:00","","-14.5","","-16.5","","85","","","","13","","10","","24.1","","97.68","","","","-21","","Ice Crystals"
"-77.70","53.63","LA GRANDE RIVIERE A","7093716","2019-01-03 15:00","2019","01","03","15:00","","-14.1","","-16.0","","85","","","","14","","14","","24.1","","97.67","","","","-22","","Snow"
"-77.70","53.63","LA GRANDE RIVIERE A","7093716","2019-01-03 16:00","2019","01","03","16:00","","-14.2","","-16.2","","85","","","","14","","12","","4.8","","97.63","","","","-21","","Snow"
"-77.70","53.63","LA GRANDE RIVIERE A","7093716","2019-01-03 17:00","2019","01","03","17:00","","-14.1","","-16.1","","85","","","","14","","9","","19.3","","97.61","","","","-20","","Snow"
"-77.70","53.63","LA GRANDE RIVIERE A","7093716","2019-01-03 18:00","2019","01","03","18:00","","-14.1","","-16.0","","85","","","","14","","16","","8.1","","97.56","","","","-22","","Snow"
"-77.70","53.63","LA GRANDE RIVIERE A","7093716","2019-01-03 19:00","2019","01","03","19:00","","-14.1","","-16.0","","85","","","","13","","16","","8.1","","97.48","","","","-22","","Snow"
"-77.70","53.63","LA GRANDE RIVIERE A","7093716","2019-01-03 20:00","2019","01","03","20:00","","-14.1","","-16.1","","85","","","","15","","20","","12.9","","97.41","","","","-23","","Snow"
"-77.70","53.63","LA GRANDE RIVIERE A","7093716","2019-01-03 21:00","2019","01","03","21:00","","-14.2","","-16.1","","85","","","","13","","12","","24.1","","97.34","","","","-21","","Snow"
"-77.70","53.63","LA GRANDE RIVIERE A","7093716","2019-01-03 22:00","2019","01","03","22:00","","-13.6","","-15.5","","86","","","","16","","13","","12.9","","97.26","","","","-21","","Snow"
"-77.70","53.63","LA GRANDE RIVIERE A","7093716","2019-01-03 23:00","2019","01","03","23:00","","-13.1","","-14.9","","86","","","","16","","12","","4.8","","97.15","","","","-20","","Snow"
"-77.70","53.63","LA GRANDE RIVIERE A","7093716","2019-01-04 00:00","2019","01","04","00:00","","-12.7","","-14.5","","87","","","","14","","13","","4.8","","97.03","","","","-20","","Snow"
"-77.70","53.63","LA GRANDE RIVIERE A","7093716","2019-01-04 01:00","2019","01","04","01:00","","-12.3","","-14.0","","87","","","","14","","16","","11.3","","96.92","","","","-20","","Snow"
"-77.70","53.63","LA GRANDE RIVIERE A","7093716","2019-01-04 02:00","2019","01","04","02:00","","-12.0","","-13.7","","87","","","","15","","12","","4.8","","96.86","","","","-18","","Snow"
"-77.70","53.63","LA GRANDE RIVIERE A","7093716","2019-01-04 03:00","2019","01","04","03:00","","-11.8","","-13.5","","87","","","","15","","14","","4.8","","96.82","","","","-19","","Snow"
"-77.70","53.63","LA GRANDE RIVIERE A","7093716","2019-01-04 04:00","2019","01","04","04:00","","-11.6","","-13.2","","88","","","","14","","14","","11.3","","96.71","","","","-18","","Snow"
"-77.70","53.63","LA GRANDE RIVIERE A","7093716","2019-01-04 05:00","2019","01","04","05:00","","-11.1","","-12.7","","88","","","","15","","13","","11.3","","96.63","","","","-18","","Snow"
"-77.70","53.63","LA GRANDE RIVIERE A","7093716","2019-01-04 06:00","2019","01","04","06:00","","-10.9","","-12.5","","88","","","","14","","16","","11.3","","96.54","","","","-18","","Snow"
"-77.70","53.63","LA GRANDE RIVIERE A","7093716","2019-01-04 07:00","2019","01","04","07:00","","-10.8","","-12.3","","88","","","","16","","10","","6.4","","96.52","","","","-16","","Snow"
"-77.70","53.63","LA GRANDE RIVIERE A","7093716","2019-01-04 08:00","2019","01","04","08:00","","-10.7","","-12.2","","88","","","","17","","13","","4.8","","96.51","","","","-17","","Snow"
"-77.70","53.63","LA GRANDE RIVIERE A","7093716","2019-01-04 09:00","2019","01","04","09:00","","-10.7","","-12.3","","88","","","","21","","11","","19.3","","96.51","","","","-16","","Snow"
"-77.70","53.63","LA GRANDE RIVIERE A","7093716","2019-01-04 10:00","2019","01","04","10:00","","-9.2","","-10.6","","90","","","","22","","21","","6.4","","96.53","","","","-17","","Snow"
"-77.70","53.63","LA GRANDE RIVIERE A","7093716","2019-01-04 11:00","2019","01","04","11:00","","-8.7","","-10.0","","90","","","","23","","19","","4.8","","96.53","","","","-16","","Snow"
"-77.70","53.63","LA GRANDE RIVIERE A","7093716","2019-01-04 12:00","2019","01","04","12:00","","-8.3","","-9.6","","91","","","","24","","26","","8.1","","96.57","","","","-17","","Snow"
"-77.70","53.63","LA GRANDE RIVIERE A","7093716","2019-01-04 13:00","2019","01","04","13:00","","-7.6","","-8.8","","91","","","","24","","23","","19.3","","96.62","","","","-15","","Snow"
"-77.70","53.63","LA GRANDE RIVIERE A","7093716","2019-01-04 14:00","2019","01","04","14:00","","-6.9","","-8.0","","92","","","","23","","23","","12.9","","96.64","","","","-14","","Snow"
"-77.70","53.63","LA GRANDE RIVIERE A","7093716","2019-01-04 15:00","2019","01","04","15:00","","-5.9","","-7.0","","92","","","","23","","22","","2.0","","96.68","","","","-13","","Snow"
"-77.70","53.63","LA GRANDE RIVIERE A","7093716","2019-01-04 16:00","2019","01","04","16:00","","-5.6","","-6.7","","92","","","","22","","20","","1.6","","96.71","","","","-12","","Snow"
"-77.70","53.63","LA GRANDE RIVIERE A","7093716","2019-01-04 17:00","2019","01","04","17:00","","-5.0","","-6.0","","93","","","","22","","18","","2.4","","96.77","","","","-11","","Snow"
"-77.70","53.63","LA GRANDE RIVIERE A","7093716","2019-01-04 18:00","2019","01","04","18:00","","-4.2","","-5.2","","93","","","","23","","18","","2.4","","96.82","","","","-10","","Snow"
"-77.70","53.63","LA GRANDE RIVIERE A","7093716","2019-01-04 19:00","2019","01","04","19:00","","-4.8","","-5.8","","93","","","","29","","17","","2.4","","96.89","","","","-11","","Snow"
"-77.70","53.63","LA GRANDE RIVIERE A","7093716","2019-01-04 20:00","2019","01","04","20:00","","-5.8","","-7.0","","91","","","","27","","17","","4.8","","96.95","","","","-12","","Snow"
"-77.70","53.63","LA GRANDE RIVIERE A","7093716","2019-01-04 21:00","2019","01","04","21:00","","-6.1","","-7.4","","91","","","","26","","16","","4.8","","96.99","","","","-12","","Snow"
"-77.70","53.63","LA GRANDE RIVIERE A","7093716","2019-01-04 22:00","2019","01","04","22:00","","-7.0","","-8.4","","90","","","","25","","14","","12.9","","97.01","","","","-13","","Snow"
"-77.70","53.63","LA GRANDE RIVIERE A","7093716","2019-01-04 23:00","2019","01","04","23:00","","-7.7","","-8.9","","91","","","","27","","15","","12.9","","97.05","","","","-14","","Snow"
"-77.70","53.63","LA GRANDE RIVIERE A","7093716","2019-01-05 00:00","2019","01","05","00:00","","-9.4","","-10.7","","90","","","","28","","16","","24.1","","97.13","","","","-16","","Snow"
"-77.70","53.63","LA GRANDE RIVIERE A","7093716","2019-01-05 01:00","2019","01","05","01:00","","-9.7","","-11.0","","90","","","","29","","14","","24.1","","97.20","","","","-16","","Snow"
"-77.70","53.63","LA GRANDE RIVIERE A","7093716","2019-01-05 02:00","2019","01","05","02:00","","-10.1","","-11.6","","89","","","","27","","21","","24.1","","97.31","","","","-18","","Snow"
"-77.70","53.63","LA GRANDE RIVIERE A","7093716","2019-01-05 03:00","2019","01","05","03:00","","-10.4","","-11.9","","89","","","","27","","24","","12.9","","97.43","","","","-19","","Snow"
"-77.70","53.63","LA GRANDE RIVIERE A","7093716","2019-01-05 04:00","2019","01","05","04:00","","-10.5","","-12.2","","88","","","","28","","17","","19.3","","97.44","","","","-18","","Snow"
"-77.70","53.63","LA GRANDE RIVIERE A","7093716","2019-01-05 05:00","2019","01","05","05:00","","-11.1","","-12.9","","87","","","","28","","23","","6.4","","97.52","","","","-20","","Snow"
"-77.70","53.63","LA GRANDE RIVIERE A","7093716","2019-01-05 06:00","2019","01","05","06:00","","-12.1","","-14.1","","86","","","","27","","18","","11.3","","97.61","","","","-20","","Snow"
"-77.70","53.63","LA GRANDE RIVIERE A","7093716","2019-01-05 07:00","2019","01","05","07:00","","-14.8","","-16.9","","84","","","","26","","15","","24.1","","97.73","","","","-23","","Snow"
"-77.70","53.63","LA GRANDE RIVIERE A","7093716","2019-01-05 08:00","2019","01","05","08:00","","-14.3","","-16.1","","87","","","","25","","13","","8.1","","97.80","","","","-21","","Snow"
"-77.70","53.63","LA GRANDE RIVIERE A","7093716","2019-01-05 09:00","2019","01","05","09:00","","-14.3","","-16.3","","85","","","","26","","14","","8.1","","97.87","","","","-22","","Snow"
"-77.70","53.63","LA GRANDE RIVIERE A","7093716","2019-01-05 10:00","2019","01","05","10:00","","-14.1","","-16.1","","85","","","","27","","16","","12.9","","97.94","","","","-22","","Snow"
"-77.70","53.63","LA GRANDE RIVIERE A","7093716","2019-01-05 11:00","2019","01","05","11:00","","-14.1","","-16.3","","84","","","","27","","17","","8.1","","97.98","","","","-22","","Snow"
"-77.70","53.63","LA GRANDE RIVIERE A","7093716","2019-01-05 12:00","2019","01","05","12:00","","-14.6","","-16.9","","83","","","","27","","21","","8.1","","98.01","","","","-24","","Snow"
"-77.70","53.63","LA GRANDE RIVIERE A","7093716","2019-01-05 13:00","2019","01","05","13:00","","-15.3","","-17.7","","82","","","","28","","18","","12.9","","98.06","","","","-24","","Snow"
"-77.70","53.63","LA GRANDE RIVIERE A","7093716","2019-01-05 14:00","2019","01","05","14:00","","-15.6","","-18.0","","82","","","","27","","16","","12.9","","98.12","","","","-24","","Snow"
"-77.70","53.63","LA GRANDE RIVIERE A","7093716","2019-01-05 15:00","2019","01","05","15:00","","-15.5","","-17.9","","82","","","","26","","12","","8.1","","98.20","","","","-23","","Snow"
"-77.70","53.63","LA GRANDE RIVIERE A","7093716","2019-01-05 16:00","2019","01","05","16:00","","-16.7","","-19.2","","82","","","","27","","11","","8.1","","98.30","","","","-24","","Snow"
"-77.70","53.63","LA GRANDE RIVIERE A","7093716","2019-01-05 17:00","2019","01","05","17:00","","-18.3","","-20.3","","85","","","","27","","10","","8.1","","98.40","","","","-25","","Snow"
"-77.70","53.63","LA GRANDE RIVIERE A","7093716","2019-01-05 18:00","2019","01","05","18:00","","-19.6","","-21.6","","85","","","","28","","10","","24.1","","98.48","","","","-27","","Ice Crystals"
"-77.70","53.63","LA GRANDE RIVIERE A","7093716","2019-01-05 19:00","2019","01","05","19:00","","-21.5","","-23.6","","83","","","","30","","5","","16.1","","98.57","","","","-26","","Ice Crystals"
"-77.70","53.63","LA GRANDE RIVIERE A","7093716","2019-01-05 20:00","2019","01","05","20:00","","-21.6","","-24.1","","81","","","","32","","8","","24.1","","98.63","","","","-28","","Ice Crystals"
"-77.70","53.63","LA GRANDE RIVIERE A","7093716","2019-01-05 21:00","2019","01","05","21:00","","-22.8","","-25.4","","80","","","","31","","9","","24.1","","98.71","","","","-30","","Ice Crystals"
"-77.70","53.63","LA GRANDE RIVIERE A","7093716","2019-01-05 22:00","2019","01","05","22:00","","-23.1","","-25.8","","79","","","","29","","9","","24.1","","98.76","","","","-30","","Ice Crystals"
"-77.70","53.63","LA GRANDE RIVIERE A","7093716","2019-01-05 23:00","2019","01","05","23:00","","-21.9","","-24.6","","79","","","","30","","7","","24.1","","98.82","","","","-28","","Ice Crystals"
"-77.70","53.63","LA GRANDE RIVIERE A","7093716","2019-01-06 00:00","2019","01","06","00:00","","-21.8","","-24.5","","79","","","","30","","6","","24.1","","98.90","","","","-27","","Ice Crystals"
"-77.70","53.63","LA GRANDE RIVIERE A","7093716","2019-01-06 01:00","2019","01","06","01:00","","-21.9","","-24.5","","80","","","","31","","9","","24.1","","99.01","","","","-29","","Ice Crystals"
"-77.70","53.63","LA GRANDE RIVIERE A","7093716","2019-01-06 02:00","2019","01","06","02:00","","-23.5","","-26.2","","79","","","","30","","9","","24.1","","99.14","","","","-31","","NA"
"-77.70","53.63","LA GRANDE RIVIERE A","7093716","2019-01-06 03:00","2019","01","06","03:00","","-24.7","","-27.4","","79","","","","29","","11","","24.1","","99.28","","","","-33","","NA"
"-77.70","53.63","LA GRANDE RIVIERE A","7093716","2019-01-06 04:00","2019","01","06","04:00","","-27.3","","-30.1","","77","","","","27","","10","","24.1","","99.37","","","","-36","","Clear"
"-77.70","53.63","LA GRANDE RIVIERE A","7093716","2019-01-06 05:00","2019","01","06","05:00","","-27.3","","-30.2","","77","","","","27","","10","","24.1","","99.46","","","","-36","","NA"
"-77.70","53.63","LA GRANDE RIVIERE A","7093716","2019-01-06 06:00","2019","01","06","06:00","","-29.1","","-32.0","","76","","","","26","","6","","24.1","","99.58","","","","-35","","NA"
"-77.70","53.63","LA GRANDE RIVIERE A","7093716","2019-01-06 07:00","2019","01","06","07:00","","-30.2","","-33.4","","75","","","","28","","8","","24.1","","99.69","","","","-38","","Clear"
"-77.70","53.63","LA GRANDE RIVIERE A","7093716","2019-01-06 08:00","2019","01","06","08:00","","-30.1","","-33.3","","74","","","","28","","9","","24.1","","99.81","","","","-39","","NA"
"-77.70","53.63","LA GRANDE RIVIERE A","7093716","2019-01-06 09:00","2019","01","06","09:00","","-29.2","","-32.5","","74","","","","28","","8","","24.1","","99.94","","","","-37","","NA"
"-77.70","53.63","LA GRANDE RIVIERE A","7093716","2019-01-06 10:00","2019","01","06","10:00","","-28.8","","-32.0","","74","","","","28","","8","","24.1","","100.05","","","","-37","","Clear"
"-77.70","53.63","LA GRANDE RIVIERE A","7093716","2019-01-06 11:00","2019","01","06","11:00","","-26.2","","-29.2","","76","","","","28","","11","","24.1","","100.11","","","","-35","","NA"
"-77.70","53.63","LA GRANDE RIVIERE A","7093716","2019-01-06 12:00","2019","01","06","12:00","","-25.1","","-28.2","","76","","","","28","","13","","24.1","","100.16","","","","-35","","NA"
"-77.70","53.63","LA GRANDE RIVIERE A","7093716","2019-01-06 13:00","2019","01","06","13:00","","-24.2","","-27.2","","77","","","","27","","9","","24.1","","100.22","","","","-32","","Clear"
"-77.70","53.63","LA GRANDE RIVIERE A","7093716","2019-01-06 14:00","2019","01","06","14:00","","-23.5","","-26.4","","77","","","","24","","14","","24.1","","100.33","","","","-33","","NA"
"-77.70","53.63","LA GRANDE RIVIERE A","7093716","2019-01-06 15:00","2019","01","06","15:00","","-23.4","","-26.3","","77","","","","24","","11","","24.1","","100.38","","","","-32","","NA"
"-77.70","53.63","LA GRANDE RIVIERE A","7093716","2019-01-06 16:00","2019","01","06","16:00","","-23.8","","-26.7","","77","","","","24","","8","","24.1","","100.48","","","","-31","","Clear"
"-77.70","53.63","LA GRANDE RIVIERE A","7093716","2019-01-06 17:00","2019","01","06","17:00","","-24.8","","-27.8","","77","","","","21","","14","","24.1","","100.57","","","","-35","","NA"
"-77.70","53.63","LA GRANDE RIVIERE A","7093716","2019-01-06 18:00","2019","01","06","18:00","","-25.3","","-28.3","","77","","","","21","","12","","24.1","","100.62","","","","-34","","NA"
"-77.70","53.63","LA GRANDE RIVIERE A","7093716","2019-01-06 19:00","2019","01","06","19:00","","-25.4","","-28.4","","77","","","","21","","14","","24.1","","100.68","","","","-35","","Clear"
"-77.70","53.63","LA GRANDE RIVIERE A","7093716","2019-01-06 20:00","2019","01","06","20:00","","-26.3","","-29.3","","76","","","","22","","12","","24.1","","100.72","","","","-36","","NA"
"-77.70","53.63","LA GRANDE RIVIERE A","7093716","2019-01-06 21:00","2019","01","06","21:00","","-25.8","","-28.8","","76","","","","21","","10","","1.6","","100.71","","","","-34","","Fog"
"-77.70","53.63","LA GRANDE RIVIERE A","7093716","2019-01-06 22:00","2019","01","06","22:00","","-25.5","","-28.5","","77","","","","23","","19","","1.0","","100.78","","","","-37","","Fog"
"-77.70","53.63","LA GRANDE RIVIERE A","7093716","2019-01-06 23:00","2019","01","06","23:00","","-25.2","","-28.2","","77","","","","21","","12","","1.2","","100.76","","","","-34","","Fog"
"-77.70","53.63","LA GRANDE RIVIERE A","7093716","2019-01-07 00:00","2019","01","07","00:00","","-24.6","","-27.6","","77","","","","21","","12","","1.2","","100.75","","","","-34","","Fog"
"-77.70","53.63","LA GRANDE RIVIERE A","7093716","2019-01-07 01:00","2019","01","07","01:00","","-24.9","","-27.9","","76","","","","21","","9","","12.9","","100.82","","","","-33","","Cloudy"
"-77.70","53.63","LA GRANDE RIVIERE A","7093716","2019-01-07 02:00","2019","01","07","02:00","","-24.8","","-27.8","","77","","","","22","","13","","11.3","","100.86","","","","-34","","NA"
"-77.70","53.63","LA GRANDE RIVIERE A","7093716","2019-01-07 03:00","2019","01","07","03:00","","-24.3","","-27.3","","77","","","","21","","12","","6.4","","100.85","","","","-33","","Fog"
"-77.70","53.63","LA GRANDE RIVIERE A","7093716","2019-01-07 04:00","2019","01","07","04:00","","-24.7","","-27.7","","77","","","","18","","9","","6.4","","100.77","","","","-32","","Fog"
"-77.70","53.63","LA GRANDE RIVIERE A","7093716","2019-01-07 05:00","2019","01","07","05:00","","-25.5","","-28.6","","76","","","","19","","10","","12.9","","100.76","","","","-34","","NA"
"-77.70","53.63","LA GRANDE RIVIERE A","7093716","2019-01-07 06:00","2019","01","07","06:00","","-27.0","","-30.2","","75","","","","14","","12","","12.9","","100.73","","","","-37","","NA"
"-77.70","53.63","LA GRANDE RIVIERE A","7093716","2019-01-07 07:00","2019","01","07","07:00","","-28.8","","-32.2","","74","","","","13","","14","","24.1","","100.67","","","","-40","","Mostly Cloudy"
"-77.70","53.63","LA GRANDE RIVIERE A","7093716","2019-01-07 08:00","2019","01","07","08:00","","-30.2","","-33.6","","73","","","","12","","13","","24.1","","100.61","","","","-41","","NA"
"-77.70","53.63","LA GRANDE RIVIERE A","7093716","2019-01-07 09:00","2019","01","07","09:00","","-29.6","","-33.0","","73","","","","14","","13","","24.1","","100.59","","","","-40","","NA"
"-77.70","53.63","LA GRANDE RIVIERE A","7093716","2019-01-07 10:00","2019","01","07","10:00","","-26.8","","-30.0","","75","","","","15","","16","","24.1","","100.54","","","","-38","","Cloudy"
"-77.70","53.63","LA GRANDE RIVIERE A","7093716","2019-01-07 11:00","2019","01","07","11:00","","-24.6","","-27.7","","76","","","","13","","16","","24.1","","100.41","","","","-35","","NA"
"-77.70","53.63","LA GRANDE RIVIERE A","7093716","2019-01-07 12:00","2019","01","07","12:00","","-23.1","","-26.0","","78","","","","12","","13","","24.1","","100.24","","","","-32","","NA"
"-77.70","53.63","LA GRANDE RIVIERE A","7093716","2019-01-07 13:00","2019","01","07","13:00","","-21.3","","-24.0","","79","","","","13","","16","","24.1","","100.15","","","","-31","","Cloudy"
"-77.70","53.63","LA GRANDE RIVIERE A","7093716","2019-01-07 14:00","2019","01","07","14:00","","-20.9","","-23.6","","79","","","","11","","16","","24.1","","100.02","","","","-31","","NA"
"-77.70","53.63","LA GRANDE RIVIERE A","7093716","2019-01-07 15:00","2019","01","07","15:00","","-20.2","","-22.8","","80","","","","10","","16","","24.1","","99.92","","","","-30","","NA"
"-77.70","53.63","LA GRANDE RIVIERE A","7093716","2019-01-07 16:00","2019","01","07","16:00","","-19.7","","-22.2","","80","","","","12","","21","","24.1","","99.78","","","","-30","","Cloudy"
"-77.70","53.63","LA GRANDE RIVIERE A","7093716","2019-01-07 17:00","2019","01","07","17:00","","-18.5","","-21.0","","81","","","","12","","22","","24.1","","99.66","","","","-29","","NA"
"-77.70","53.63","LA GRANDE RIVIERE A","7093716","2019-01-07 18:00","2019","01","07","18:00","","-17.0","","-19.3","","82","","","","13","","26","","24.1","","99.53","","","","-28","","NA"
"-77.70","53.63","LA GRANDE RIVIERE A","7093716","2019-01-07 19:00","2019","01","07","19:00","","-16.5","","-18.7","","83","","","","13","","25","","24.1","","99.36","","","","-27","","Cloudy"
"-77.70","53.63","LA GRANDE RIVIERE A","7093716","2019-01-07 20:00","2019","01","07","20:00","","-15.8","","-17.9","","84","","","","13","","33","","24.1","","99.19","","","","-28","","Snow"
"-77.70","53.63","LA GRANDE RIVIERE A","7093716","2019-01-07 21:00","2019","01","07","21:00","","-15.1","","-17.2","","84","","","","12","","33","","24.1","","99.04","","","","-27","","Snow"
"-77.70","53.63","LA GRANDE RIVIERE A","7093716","2019-01-07 22:00","2019","01","07","22:00","","-14.6","","-16.8","","84","","","","13","","35","","24.1","","98.82","","","","-26","","Snow"
"-77.70","53.63","LA GRANDE RIVIERE A","7093716","2019-01-07 23:00","2019","01","07","23:00","","-13.9","","-16.3","","82","","","","13","","39","","24.1","","98.64","","","","-26","","Snow"
"-77.70","53.63","LA GRANDE RIVIERE A","7093716","2019-01-08 00:00","2019","01","08","00:00","","-12.7","","-17.1","","70","","","","12","","36","","24.1","","98.48","","","","-24","","Snow"
"-77.70","53.63","LA GRANDE RIVIERE A","7093716","2019-01-08 01:00","2019","01","08","01:00","","-12.5","","-17.8","","65","","","","12","","37","","24.1","","98.29","","","","-24","","Snow"
"-77.70","53.63","LA GRANDE RIVIERE A","7093716","2019-01-08 02:00","2019","01","08","02:00","","-12.7","","-17.4","","68","","","","12","","34","","4.0","","98.20","","","","-24","","Snow,Blowing Snow"
"-77.70","53.63","LA GRANDE RIVIERE A","7093716","2019-01-08 03:00","2019","01","08","03:00","","-12.9","","-15.2","","83","","","","12","","29","","1.6","","98.13","","","","-23","","Snow,Blowing Snow"
"-77.70","53.63","LA GRANDE RIVIERE A","7093716","2019-01-08 04:00","2019","01","08","04:00","","-12.7","","-15.1","","83","","","","11","","32","","2.4","","97.96","","","","-23","","Snow,Blowing Snow"
"-77.70","53.63","LA GRANDE RIVIERE A","7093716","2019-01-08 05:00","2019","01","08","05:00","","-12.1","","-14.8","","81","","","","12","","32","","4.8","","97.81","","","","-23","","Snow,Blowing Snow"
"-77.70","53.63","LA GRANDE RIVIERE A","7093716","2019-01-08 06:00","2019","01","08","06:00","","-11.7","","-14.3","","81","","","","12","","32","","4.8","","97.72","","","","-22","","Snow,Blowing Snow"
"-77.70","53.63","LA GRANDE RIVIERE A","7093716","2019-01-08 07:00","2019","01","08","07:00","","-11.5","","-14.3","","80","","","","12","","32","","9.7","","97.67","","","","-22","","Snow,Blowing Snow"
"-77.70","53.63","LA GRANDE RIVIERE A","7093716","2019-01-08 08:00","2019","01","08","08:00","","-11.6","","-13.9","","83","","","","12","","28","","2.4","","97.63","","","","-21","","Snow,Blowing Snow"
"-77.70","53.63","LA GRANDE RIVIERE A","7093716","2019-01-08 09:00","2019","01","08","09:00","","-11.5","","-13.8","","83","","","","12","","23","","3.2","","97.60","","","","-20","","Snow,Blowing Snow"
"-77.70","53.63","LA GRANDE RIVIERE A","7093716","2019-01-08 10:00","2019","01","08","10:00","","-11.1","","-13.3","","84","","","","12","","24","","2.4","","97.57","","","","-20","","Snow,Blowing Snow"
"-77.70","53.63","LA GRANDE RIVIERE A","7093716","2019-01-08 11:00","2019","01","08","11:00","","-10.6","","-13.1","","82","","","","14","","25","","2.4","","97.51","","","","-20","","Snow,Blowing Snow"
"-77.70","53.63","LA GRANDE RIVIERE A","7093716","2019-01-08 12:00","2019","01","08","12:00","","-10.1","","-12.9","","80","","","","13","","23","","4.8","","97.43","","","","-19","","Snow,Blowing Snow"
"-77.70","53.63","LA GRANDE RIVIERE A","7093716","2019-01-08 13:00","2019","01","08","13:00","","-10.0","","-12.3","","84","","","","13","","21","","1.2","","97.42","","","","-18","","Snow,Blowing Snow"
"-77.70","53.63","LA GRANDE RIVIERE A","7093716","2019-01-08 14:00","2019","01","08","14:00","","-9.5","","-11.9","","83","","","","13","","22","","2.4","","97.43","","","","-18","","Snow,Blowing Snow"
"-77.70","53.63","LA GRANDE RIVIERE A","7093716","2019-01-08 15:00","2019","01","08","15:00","","-9.2","","-11.5","","84","","","","12","","18","","2.4","","97.44","","","","-16","","Snow"
"-77.70","53.63","LA GRANDE RIVIERE A","7093716","2019-01-08 16:00","2019","01","08","16:00","","-9.1","","-11.3","","84","","","","13","","17","","2.4","","97.49","","","","-16","","Snow"
"-77.70","53.63","LA GRANDE RIVIERE A","7093716","2019-01-08 17:00","2019","01","08","17:00","","-9.4","","-11.2","","87","","","","11","","13","","4.0","","97.52","","","","-15","","Snow"
"-77.70","53.63","LA GRANDE RIVIERE A","7093716","2019-01-08 18:00","2019","01","08","18:00","","-8.9","","-10.7","","87","","","","13","","14","","19.3","","97.53","","","","-15","","Snow"
"-77.70","53.63","LA GRANDE RIVIERE A","7093716","2019-01-08 19:00","2019","01","08","19:00","","-8.6","","-10.3","","88","","","","13","","17","","24.1","","97.54","","","","-15","","Snow"
"-77.70","53.63","LA GRANDE RIVIERE A","7093716","2019-01-08 20:00","2019","01","08","20:00","","-8.2","","-9.8","","88","","","","13","","11","","9.7","","97.60","","","","-13","","Snow"
"-77.70","53.63","LA GRANDE RIVIERE A","7093716","2019-01-08 21:00","2019","01","08","21:00","","-7.8","","-9.4","","89","","","","12","","10","","4.8","","97.64","","","","-13","","Snow"
"-77.70","53.63","LA GRANDE RIVIERE A","7093716","2019-01-08 22:00","2019","01","08","22:00","","-7.3","","-8.7","","90","","","","11","","8","","9.7","","97.67","","","","-11","","Snow"
"-77.70","53.63","LA GRANDE RIVIERE A","7093716","2019-01-08 23:00","2019","01","08","23:00","","-7.0","","-8.2","","91","","","","11","","8","","9.7","","97.70","","","","-11","","Snow"
"-77.70","53.63","LA GRANDE RIVIERE A","7093716","2019-01-09 00:00","2019","01","09","00:00","","-6.6","","-7.7","","92","","","","11","","7","","9.7","","97.72","","","","-10","","Snow"
"-77.70","53.63","LA GRANDE RIVIERE A","7093716","2019-01-09 01:00","2019","01","09","01:00","","-5.0","","-6.2","","92","","","","16","","10","","9.7","","97.75","","","","-9","","Snow"
"-77.70","53.63","LA GRANDE RIVIERE A","7093716","2019-01-09 02:00","2019","01","09","02:00","","-4.6","","-5.7","","92","","","","16","","9","","9.7","","97.83","","","","-8","","Snow"
"-77.70","53.63","LA GRANDE RIVIERE A","7093716","2019-01-09 03:00","2019","01","09","03:00","","-4.2","","-5.2","","92","","","","16","","8","","9.7","","97.91","","","","-8","","Freezing Drizzle,Snow"
"-77.70","53.63","LA GRANDE RIVIERE A","7093716","2019-01-09 04:00","2019","01","09","04:00","","-3.9","","-4.8","","93","","","","18","","5","","4.8","","97.97","","","","-6","","Freezing Drizzle,Snow"
"-77.70","53.63","LA GRANDE RIVIERE A","7093716","2019-01-09 05:00","2019","01","09","05:00","","-3.7","","-4.6","","93","","","","16","","7","","2.4","","98.02","","","","-7","","Snow"
"-77.70","53.63","LA GRANDE RIVIERE A","7093716","2019-01-09 06:00","2019","01","09","06:00","","-3.3","","-4.1","","94","","","","18","","9","","4.0","","98.07","","","","-7","","Snow"
"-77.70","53.63","LA GRANDE RIVIERE A","7093716","2019-01-09 07:00","2019","01","09","07:00","","-3.1","","-3.9","","94","","","","18","","7","","4.0","","98.13","","","","-6","","Freezing Drizzle,Snow"
"-77.70","53.63","LA GRANDE RIVIERE A","7093716","2019-01-09 08:00","2019","01","09","08:00","","-5.2","","-6.0","","94","","","","28","","12","","9.7","","98.24","","","","-10","","Snow"
"-77.70","53.63","LA GRANDE RIVIERE A","7093716","2019-01-09 09:00","2019","01","09","09:00","","-5.5","","-6.5","","92","","","","28","","8","","9.7","","98.33","","","","-9","","Snow"
"-77.70","53.63","LA GRANDE RIVIERE A","7093716","2019-01-09 10:00","2019","01","09","10:00","","-5.8","","-6.8","","93","","","","29","","8","","9.7","","98.39","","","","-10","","Snow"
"-77.70","53.63","LA GRANDE RIVIERE A","7093716","2019-01-09 11:00","2019","01","09","11:00","","-6.0","","-7.0","","93","","","","28","","13","","24.1","","98.43","","","","-11","","Snow"
"-77.70","53.63","LA GRANDE RIVIERE A","7093716","2019-01-09 12:00","2019","01","09","12:00","","-6.1","","-7.3","","91","","","","28","","16","","24.1","","98.48","","","","-12","","Snow"
"-77.70","53.63","LA GRANDE RIVIERE A","7093716","2019-01-09 13:00","2019","01","09","13:00","","-5.9","","-7.7","","87","","","","29","","13","","24.1","","98.50","","","","-11","","Snow"
"-77.70","53.63","LA GRANDE RIVIERE A","7093716","2019-01-09 14:00","2019","01","09","14:00","","-6.1","","-7.8","","88","","","","29","","13","","24.1","","98.56","","","","-11","","NA"
"-77.70","53.63","LA GRANDE RIVIERE A","7093716","2019-01-09 15:00","2019","01","09","15:00","","-6.7","","-8.5","","87","","","","29","","14","","19.3","","98.66","","","","-12","","Snow"
"-77.70","53.63","LA GRANDE RIVIERE A","7093716","2019-01-09 16:00","2019","01","09","16:00","","-7.6","","-9.4","","87","","","","31","","13","","19.3","","98.75","","","","-13","","Snow"
"-77.70","53.63","LA GRANDE RIVIERE A","7093716","2019-01-09 17:00","2019","01","09","17:00","","-8.5","","-10.0","","89","","","","30","","18","","11.3","","98.83","","","","-16","","Snow"
"-77.70","53.63","LA GRANDE RIVIERE A","7093716","2019-01-09 18:00","2019","01","09","18:00","","-9.2","","-10.8","","88","","","","32","","12","","11.3","","98.90","","","","-15","","Snow"
"-77.70","53.63","LA GRANDE RIVIERE A","7093716","2019-01-09 19:00","2019","01","09","19:00","","-9.8","","-11.7","","86","","","","31","","18","","9.7","","98.95","","","","-17","","Snow"
"-77.70","53.63","LA GRANDE RIVIERE A","7093716","2019-01-09 20:00","2019","01","09","20:00","","-10.9","","-12.6","","87","","","","30","","18","","4.8","","99.00","","","","-19","","Snow"
"-77.70","53.63","LA GRANDE RIVIERE A","7093716","2019-01-09 21:00","2019","01","09","21:00","","-11.6","","-13.0","","89","","","","32","","17","","4.8","","99.02","","","","-19","","Snow"
"-77.70","53.63","LA GRANDE RIVIERE A","7093716","2019-01-09 22:00","2019","01","09","22:00","","-11.3","","-13.1","","87","","","","31","","15","","9.7","","99.03","","","","-18","","Snow"
"-77.70","53.63","LA GRANDE RIVIERE A","7093716","2019-01-09 23:00","2019","01","09","23:00","","-11.3","","-13.1","","86","","","","32","","17","","4.8","","99.05","","","","-19","","Snow"
"-77.70","53.63","LA GRANDE RIVIERE A","7093716","2019-01-10 00:00","2019","01","10","00:00","","-12.0","","-14.0","","85","","","","32","","15","","3.2","","99.05","","","","-19","","Snow"
"-77.70","53.63","LA GRANDE RIVIERE A","7093716","2019-01-10 01:00","2019","01","10","01:00","","-12.7","","-14.7","","85","","","","31","","16","","9.7","","99.09","","","","-20","","Snow"
"-77.70","53.63","LA GRANDE RIVIERE A","7093716","2019-01-10 02:00","2019","01","10","02:00","","-14.2","","-16.1","","86","","","","31","","21","","9.7","","99.15","","","","-23","","Snow"
"-77.70","53.63","LA GRANDE RIVIERE A","7093716","2019-01-10 03:00","2019","01","10","03:00","","-15.4","","-17.1","","87","","","","31","","14","","9.7","","99.21","","","","-23","","Snow"
"-77.70","53.63","LA GRANDE RIVIERE A","7093716","2019-01-10 04:00","2019","01","10","04:00","","-16.9","","-18.8","","86","","","","30","","22","","6.4","","99.24","","","","-27","","Snow"
"-77.70","53.63","LA GRANDE RIVIERE A","7093716","2019-01-10 05:00","2019","01","10","05:00","","-18.0","","-19.9","","85","","","","29","","20","","9.7","","99.27","","","","-28","","Snow"
"-77.70","53.63","LA GRANDE RIVIERE A","7093716","2019-01-10 06:00","2019","01","10","06:00","","-18.4","","-20.4","","84","","","","30","","17","","9.7","","99.30","","","","-28","","Snow"
"-77.70","53.63","LA GRANDE RIVIERE A","7093716","2019-01-10 07:00","2019","01","10","07:00","","-18.5","","-20.7","","84","","","","30","","22","","16.1","","99.33","","","","-29","","Snow"
"-77.70","53.63","LA GRANDE RIVIERE A","7093716","2019-01-10 08:00","2019","01","10","08:00","","-18.7","","-20.8","","83","","","","30","","17","","9.7","","99.36","","","","-28","","Snow"
"-77.70","53.63","LA GRANDE RIVIERE A","7093716","2019-01-10 09:00","2019","01","10","09:00","","-18.9","","-21.1","","83","","","","31","","19","","11.3","","99.37","","","","-29","","Snow"
"-77.70","53.63","LA GRANDE RIVIERE A","7093716","2019-01-10 10:00","2019","01","10","10:00","","-19.1","","-21.4","","83","","","","31","","14","","11.3","","99.37","","","","-28","","Snow"
"-77.70","53.63","LA GRANDE RIVIERE A","7093716","2019-01-10 11:00","2019","01","10","11:00","","-19.0","","-21.4","","82","","","","29","","21","","12.9","","99.32","","","","-29","","Snow,Blowing Snow"
"-77.70","53.63","LA GRANDE RIVIERE A","7093716","2019-01-10 12:00","2019","01","10","12:00","","-18.8","","-21.2","","81","","","","29","","28","","12.9","","99.29","","","","-31","","Snow,Blowing Snow"
"-77.70","53.63","LA GRANDE RIVIERE A","7093716","2019-01-10 13:00","2019","01","10","13:00","","-18.6","","-21.1","","81","","","","29","","21","","11.3","","99.24","","","","-29","","Snow,Blowing Snow"
"-77.70","53.63","LA GRANDE RIVIERE A","7093716","2019-01-10 14:00","2019","01","10","14:00","","-18.5","","-20.9","","81","","","","30","","23","","11.3","","99.25","","","","-29","","Snow,Blowing Snow"
"-77.70","53.63","LA GRANDE RIVIERE A","7093716","2019-01-10 15:00","2019","01","10","15:00","","-18.2","","-20.7","","82","","","","30","","15","","6.4","","99.31","","","","-27","","Snow,Blowing Snow"
"-77.70","53.63","LA GRANDE RIVIERE A","7093716","2019-01-10 16:00","2019","01","10","16:00","","-18.4","","-20.9","","81","","","","29","","21","","16.1","","99.35","","","","-29","","Snow,Blowing Snow"
"-77.70","53.63","LA GRANDE RIVIERE A","7093716","2019-01-10 17:00","2019","01","10","17:00","","-18.4","","-20.8","","82","","","","30","","23","","12.9","","99.36","","","","-29","","Snow,Blowing Snow"
"-77.70","53.63","LA GRANDE RIVIERE A","7093716","2019-01-10 18:00","2019","01","10","18:00","","-18.5","","-21.0","","81","","","","29","","22","","9.7","","99.37","","","","-29","","Snow,Blowing Snow"
"-77.70","53.63","LA GRANDE RIVIERE A","7093716","2019-01-10 19:00","2019","01","10","19:00","","-18.8","","-21.4","","80","","","","29","","22","","9.7","","99.38","","","","-29","","Snow,Blowing Snow"
"-77.70","53.63","LA GRANDE RIVIERE A","7093716","2019-01-10 20:00","2019","01","10","20:00","","-19.5","","-22.2","","80","","","","29","","26","","16.1","","99.35","","","","-31","","Snow,Blowing Snow"
"-77.70","53.63","LA GRANDE RIVIERE A","7093716","2019-01-10 21:00","2019","01","10","21:00","","-20.0","","-22.7","","80","","","","29","","20","","16.1","","99.34","","","","-30","","Snow,Blowing Snow"
"-77.70","53.63","LA GRANDE RIVIERE A","7093716","2019-01-10 22:00","2019","01","10","22:00","","-20.3","","-22.9","","80","","","","29","","21","","16.1","","99.34","","","","-31","","Snow"
"-77.70","53.63","LA GRANDE RIVIERE A","7093716","2019-01-10 23:00","2019","01","10","23:00","","-20.8","","-23.4","","80","","","","29","","27","","9.7","","99.33","","","","-33","","Snow,Blowing Snow"
"-77.70","53.63","LA GRANDE RIVIERE A","7093716","2019-01-11 00:00","2019","01","11","00:00","","-21.5","","-24.2","","79","","","","28","","25","","16.1","","99.33","","","","-34","","Snow,Blowing Snow"
"-77.70","53.63","LA GRANDE RIVIERE A","7093716","2019-01-11 01:00","2019","01","11","01:00","","-22.0","","-24.8","","79","","","","29","","22","","9.7","","99.33","","","","-34","","Snow,Blowing Snow"
"-77.70","53.63","LA GRANDE RIVIERE A","7093716","2019-01-11 02:00","2019","01","11","02:00","","-22.6","","-25.4","","79","","","","29","","22","","9.7","","99.37","","","","-34","","Snow,Blowing Snow"
"-77.70","53.63","LA GRANDE RIVIERE A","7093716","2019-01-11 03:00","2019","01","11","03:00","","-22.9","","-25.8","","78","","","","29","","22","","9.7","","99.43","","","","-35","","Snow,Blowing Snow"
"-77.70","53.63","LA GRANDE RIVIERE A","7093716","2019-01-11 04:00","2019","01","11","04:00","","-22.7","","-25.6","","78","","","","28","","26","","9.7","","99.42","","","","-35","","Snow,Blowing Snow"
"-77.70","53.63","LA GRANDE RIVIERE A","7093716","2019-01-11 05:00","2019","01","11","05:00","","-22.4","","-25.2","","78","","","","27","","27","","9.7","","99.42","","","","-35","","Snow,Blowing Snow"
"-77.70","53.63","LA GRANDE RIVIERE A","7093716","2019-01-11 06:00","2019","01","11","06:00","","-22.2","","-25.0","","78","","","","27","","22","","9.7","","99.42","","","","-34","","Snow,Blowing Snow"
"-77.70","53.63","LA GRANDE RIVIERE A","7093716","2019-01-11 07:00","2019","01","11","07:00","","-22.1","","-24.9","","78","","","","26","","18","","6.4","","99.43","","","","-33","","Snow,Blowing Snow"
"-77.70","53.63","LA GRANDE RIVIERE A","7093716","2019-01-11 08:00","2019","01","11","08:00","","-22.3","","-25.1","","78","","","","25","","15","","16.1","","99.47","","","","-32","","Snow"
"-77.70","53.63","LA GRANDE RIVIERE A","7093716","2019-01-11 09:00","2019","01","11","09:00","","-21.9","","-24.7","","78","","","","26","","16","","16.1","","99.48","","","","-32","","Snow"
"-77.70","53.63","LA GRANDE RIVIERE A","7093716","2019-01-11 10:00","2019","01","11","10:00","","-21.2","","-24.1","","78","","","","26","","17","","4.8","","99.50","","","","-31","","Snow,Ice Crystals"
"-77.70","53.63","LA GRANDE RIVIERE A","7093716","2019-01-11 11:00","2019","01","11","11:00","","-19.9","","-22.9","","78","","","","26","","19","","6.4","","99.51","","","","-30","","Ice Crystals"
"-77.70","53.63","LA GRANDE RIVIERE A","7093716","2019-01-11 12:00","2019","01","11","12:00","","-19.2","","-22.1","","79","","","","26","","19","","6.4","","99.48","","","","-29","","Ice Crystals"
"-77.70","53.63","LA GRANDE RIVIERE A","7093716","2019-01-11 13:00","2019","01","11","13:00","","-18.6","","-21.4","","79","","","","25","","18","","6.4","","99.48","","","","-28","","Ice Crystals"
"-77.70","53.63","LA GRANDE RIVIERE A","7093716","2019-01-11 14:00","2019","01","11","14:00","","-17.7","","-20.6","","78","","","","25","","22","","8.1","","99.50","","","","-28","","Ice Crystals"
"-77.70","53.63","LA GRANDE RIVIERE A","7093716","2019-01-11 15:00","2019","01","11","15:00","","-17.4","","-20.2","","79","","","","26","","21","","6.4","","99.55","","","","-27","","Ice Crystals"
"-77.70","53.63","LA GRANDE RIVIERE A","7093716","2019-01-11 16:00","2019","01","11","16:00","","-17.3","","-20.1","","79","","","","27","","22","","6.4","","99.61","","","","-28","","Snow,Ice Crystals"
"-77.70","53.63","LA GRANDE RIVIERE A","7093716","2019-01-11 17:00","2019","01","11","17:00","","-17.5","","-20.2","","80","","","","27","","22","","3.2","","99.66","","","","-28","","Snow,Blowing Snow"
"-77.70","53.63","LA GRANDE RIVIERE A","7093716","2019-01-11 18:00","2019","01","11","18:00","","-17.6","","-20.2","","81","","","","26","","18","","4.8","","99.70","","","","-27","","Snow,Blowing Snow"
"-77.70","53.63","LA GRANDE RIVIERE A","7093716","2019-01-11 19:00","2019","01","11","19:00","","-18.3","","-20.8","","81","","","","25","","17","","12.9","","99.74","","","","-28","","Snow,Blowing Snow"
"-77.70","53.63","LA GRANDE RIVIERE A","7093716","2019-01-11 20:00","2019","01","11","20:00","","-19.2","","-21.7","","81","","","","25","","15","","16.1","","99.80","","","","-28","","Snow,Blowing Snow"
"-77.70","53.63","LA GRANDE RIVIERE A","7093716","2019-01-11 21:00","2019","01","11","21:00","","-19.9","","-22.3","","81","","","","25","","15","","24.1","","99.82","","","","-29","","Snow"
"-77.70","53.63","LA GRANDE RIVIERE A","7093716","2019-01-11 22:00","2019","01","11","22:00","","-20.4","","-22.8","","81","","","","24","","14","","24.1","","99.86","","","","-29","","Snow"
"-77.70","53.63","LA GRANDE RIVIERE A","7093716","2019-01-11 23:00","2019","01","11","23:00","","-20.0","","-22.4","","81","","","","26","","11","","9.7","","99.91","","","","-28","","Snow"
"-77.70","53.63","LA GRANDE RIVIERE A","7093716","2019-01-12 00:00","2019","01","12","00:00","","-20.2","","-22.6","","82","","","","25","","10","","16.1","","99.96","","","","-27","","Snow"
"-77.70","53.63","LA GRANDE RIVIERE A","7093716","2019-01-12 01:00","2019","01","12","01:00","","-18.6","","-20.8","","83","","","","30","","9","","9.7","","100.02","","","","-25","","Snow"
"-77.70","53.63","LA GRANDE RIVIERE A","7093716","2019-01-12 02:00","2019","01","12","02:00","","-18.2","","-20.4","","83","","","","29","","8","","9.7","","100.11","","","","-24","","Snow,Fog"
"-77.70","53.63","LA GRANDE RIVIERE A","7093716","2019-01-12 03:00","2019","01","12","03:00","","-16.3","","-18.5","","83","","","","31","","15","","9.7","","100.20","","","","-25","","Snow,Fog"
"-77.70","53.63","LA GRANDE RIVIERE A","7093716","2019-01-12 04:00","2019","01","12","04:00","","-15.8","","-18.0","","84","","","","30","","12","","16.1","","100.26","","","","-23","","Snow"
"-77.70","53.63","LA GRANDE RIVIERE A","7093716","2019-01-12 05:00","2019","01","12","05:00","","-15.9","","-18.1","","84","","","","30","","13","","16.1","","100.30","","","","-23","","Snow"
"-77.70","53.63","LA GRANDE RIVIERE A","7093716","2019-01-12 06:00","2019","01","12","06:00","","-16.5","","-18.6","","84","","","","30","","20","","24.1","","100.38","","","","-26","","Snow"
"-77.70","53.63","LA GRANDE RIVIERE A","7093716","2019-01-12 07:00","2019","01","12","07:00","","-16.6","","-18.7","","84","","","","31","","13","","24.1","","100.46","","","","-24","","Snow"
"-77.70","53.63","LA GRANDE RIVIERE A","7093716","2019-01-12 08:00","2019","01","12","08:00","","-16.1","","-18.2","","84","","","","30","","13","","24.1","","100.53","","","","-24","","Snow"
"-77.70","53.63","LA GRANDE RIVIERE A","7093716","2019-01-12 09:00","2019","01","12","09:00","","-16.6","","-18.8","","83","","","","29","","16","","24.1","","100.61","","","","-25","","Snow"
"-77.70","53.63","LA GRANDE RIVIERE A","7093716","2019-01-12 10:00","2019","01","12","10:00","","-17.3","","-19.6","","83","","","","29","","18","","24.1","","100.67","","","","-27","","Snow"
"-77.70","53.63","LA GRANDE RIVIERE A","7093716","2019-01-12 11:00","2019","01","12","11:00","","-17.7","","-20.0","","83","","","","29","","18","","12.9","","100.71","","","","-27","","Snow"
"-77.70","53.63","LA GRANDE RIVIERE A","7093716","2019-01-12 12:00","2019","01","12","12:00","","-17.5","","-19.8","","83","","","","27","","19","","19.3","","100.73","","","","-27","","Snow"
"-77.70","53.63","LA GRANDE RIVIERE A","7093716","2019-01-12 13:00","2019","01","12","13:00","","-17.5","","-19.8","","83","","","","29","","17","","12.9","","100.73","","","","-27","","Snow"
"-77.70","53.63","LA GRANDE RIVIERE A","7093716","2019-01-12 14:00","2019","01","12","14:00","","-17.1","","-19.4","","83","","","","28","","22","","9.7","","100.76","","","","-27","","Snow"
"-77.70","53.63","LA GRANDE RIVIERE A","7093716","2019-01-12 15:00","2019","01","12","15:00","","-17.4","","-19.7","","82","","","","28","","19","","6.4","","100.80","","","","-27","","Snow"
"-77.70","53.63","LA GRANDE RIVIERE A","7093716","2019-01-12 16:00","2019","01","12","16:00","","-17.7","","-20.0","","82","","","","28","","19","","11.3","","100.84","","","","-27","","Snow"
"-77.70","53.63","LA GRANDE RIVIERE A","7093716","2019-01-12 17:00","2019","01","12","17:00","","-18.2","","-20.6","","82","","","","27","","18","","12.9","","100.87","","","","-28","","Snow"
"-77.70","53.63","LA GRANDE RIVIERE A","7093716","2019-01-12 18:00","2019","01","12","18:00","","-18.6","","-21.0","","82","","","","26","","15","","19.3","","100.92","","","","-27","","Snow"
"-77.70","53.63","LA GRANDE RIVIERE A","7093716","2019-01-12 19:00","2019","01","12","19:00","","-19.2","","-21.7","","81","","","","27","","19","","19.3","","100.97","","","","-29","","Snow"
"-77.70","53.63","LA GRANDE RIVIERE A","7093716","2019-01-12 20:00","2019","01","12","20:00","","-19.8","","-22.3","","81","","","","26","","18","","24.1","","100.97","","","","-30","","Snow"
"-77.70","53.63","LA GRANDE RIVIERE A","7093716","2019-01-12 21:00","2019","01","12","21:00","","-20.0","","-22.5","","80","","","","25","","14","","24.1","","101.00","","","","-29","","Snow"
"-77.70","53.63","LA GRANDE RIVIERE A","7093716","2019-01-12 22:00","2019","01","12","22:00","","-20.3","","-22.8","","80","","","","25","","12","","24.1","","100.97","","","","-28","","Snow"
"-77.70","53.63","LA GRANDE RIVIERE A","7093716","2019-01-12 23:00","2019","01","12","23:00","","-20.4","","-23.0","","80","","","","24","","11","","24.1","","100.95","","","","-28","","Snow"
"-77.70","53.63","LA GRANDE RIVIERE A","7093716","2019-01-13 00:00","2019","01","13","00:00","","-20.5","","-23.1","","80","","","","21","","9","","24.1","","100.90","","","","-27","","Snow"
"-77.70","53.63","LA GRANDE RIVIERE A","7093716","2019-01-13 01:00","2019","01","13","01:00","","-20.6","","-23.2","","80","","","","24","","15","","24.1","","100.90","","","","-30","","Snow"
"-77.70","53.63","LA GRANDE RIVIERE A","7093716","2019-01-13 02:00","2019","01","13","02:00","","-21.1","","-23.7","","80","","","","22","","17","","24.1","","100.90","","","","-31","","Snow"
"-77.70","53.63","LA GRANDE RIVIERE A","7093716","2019-01-13 03:00","2019","01","13","03:00","","-21.0","","-23.6","","80","","","","21","","15","","11.3","","100.86","","","","-30","","Snow"
"-77.70","53.63","LA GRANDE RIVIERE A","7093716","2019-01-13 04:00","2019","01","13","04:00","","-21.2","","-23.8","","80","","","","20","","16","","16.1","","100.82","","","","-31","","Snow"
"-77.70","53.63","LA GRANDE RIVIERE A","7093716","2019-01-13 05:00","2019","01","13","05:00","","-22.4","","-25.1","","79","","","","20","","13","","24.1","","100.78","","","","-31","","Ice Crystals"
"-77.70","53.63","LA GRANDE RIVIERE A","7093716","2019-01-13 06:00","2019","01","13","06:00","","-22.3","","-25.1","","79","","","","19","","17","","16.1","","100.68","","","","-33","","Ice Crystals"
"-77.70","53.63","LA GRANDE RIVIERE A","7093716","2019-01-13 07:00","2019","01","13","07:00","","-22.8","","-25.6","","78","","","","18","","18","","16.1","","100.56","","","","-33","","Snow,Ice Crystals"
"-77.70","53.63","LA GRANDE RIVIERE A","7093716","2019-01-13 08:00","2019","01","13","08:00","","-23.5","","-26.3","","78","","","","18","","18","","24.1","","100.55","","","","-34","","Ice Crystals"
"-77.70","53.63","LA GRANDE RIVIERE A","7093716","2019-01-13 09:00","2019","01","13","09:00","","-23.4","","-26.2","","78","","","","18","","16","","24.1","","100.48","","","","-34","","Ice Crystals"
"-77.70","53.63","LA GRANDE RIVIERE A","7093716","2019-01-13 10:00","2019","01","13","10:00","","-23.3","","-26.2","","78","","","","18","","25","","16.1","","100.37","","","","-36","","Ice Crystals"
"-77.70","53.63","LA GRANDE RIVIERE A","7093716","2019-01-13 11:00","2019","01","13","11:00","","-22.5","","-25.4","","78","","","","17","","24","","16.1","","100.23","","","","-35","","Ice Crystals"
"-77.70","53.63","LA GRANDE RIVIERE A","7093716","2019-01-13 12:00","2019","01","13","12:00","","-21.6","","-24.4","","79","","","","17","","23","","16.1","","100.01","","","","-33","","Ice Crystals"
"-77.70","53.63","LA GRANDE RIVIERE A","7093716","2019-01-13 13:00","2019","01","13","13:00","","-20.9","","-23.7","","79","","","","17","","29","","16.1","","99.85","","","","-34","","Ice Crystals"
"-77.70","53.63","LA GRANDE RIVIERE A","7093716","2019-01-13 14:00","2019","01","13","14:00","","-19.7","","-22.3","","80","","","","17","","24","","16.1","","99.68","","","","-31","","Ice Crystals"
"-77.70","53.63","LA GRANDE RIVIERE A","7093716","2019-01-13 15:00","2019","01","13","15:00","","-18.6","","-21.1","","81","","","","17","","28","","16.1","","99.49","","","","-30","","Snow"
"-77.70","53.63","LA GRANDE RIVIERE A","7093716","2019-01-13 16:00","2019","01","13","16:00","","-17.4","","-19.9","","81","","","","17","","32","","1.6","","99.32","","","","-30","","Snow,Blowing Snow"
"-77.70","53.63","LA GRANDE RIVIERE A","7093716","2019-01-13 17:00","2019","01","13","17:00","","-16.6","","-18.9","","83","","","","18","","30","","1.6","","99.16","","","","-28","","Snow,Blowing Snow"
"-77.70","53.63","LA GRANDE RIVIERE A","7093716","2019-01-13 18:00","2019","01","13","18:00","","-15.6","","-17.7","","84","","","","19","","26","","1.6","","99.18","","","","-26","","Snow,Blowing Snow"
"-77.70","53.63","LA GRANDE RIVIERE A","7093716","2019-01-13 19:00","2019","01","13","19:00","","-15.3","","-17.4","","84","","","","19","","27","","1.6","","99.08","","","","-26","","Snow,Blowing Snow"
"-77.70","53.63","LA GRANDE RIVIERE A","7093716","2019-01-13 20:00","2019","01","13","20:00","","-14.5","","-16.6","","84","","","","19","","28","","2.0","","98.95","","","","-25","","Snow,Blowing Snow"
"-77.70","53.63","LA GRANDE RIVIERE A","7093716","2019-01-13 21:00","2019","01","13","21:00","","-13.5","","-15.6","","85","","","","19","","25","","2.4","","98.86","","","","-23","","Snow,Blowing Snow"
"-77.70","53.63","LA GRANDE RIVIERE A","7093716","2019-01-13 22:00","2019","01","13","22:00","","-12.4","","-14.4","","85","","","","20","","24","","3.2","","98.78","","","","-22","","Snow,Ice Crystals,Blowing Snow"
"-77.70","53.63","LA GRANDE RIVIERE A","7093716","2019-01-13 23:00","2019","01","13","23:00","","-11.4","","-13.3","","86","","","","20","","22","","3.2","","98.72","","","","-20","","Snow,Ice Crystals,Blowing Snow"
"-77.70","53.63","LA GRANDE RIVIERE A","7093716","2019-01-14 00:00","2019","01","14","00:00","","-10.8","","-12.6","","87","","","","21","","21","","3.2","","98.61","","","","-19","","Snow,Ice Crystals"
"-77.70","53.63","LA GRANDE RIVIERE A","7093716","2019-01-14 01:00","2019","01","14","01:00","","-9.7","","-11.3","","88","","","","22","","20","","4.8","","98.56","","","","-17","","Snow,Ice Crystals"
"-77.70","53.63","LA GRANDE RIVIERE A","7093716","2019-01-14 02:00","2019","01","14","02:00","","-8.7","","-10.3","","89","","","","24","","19","","3.2","","98.57","","","","-16","","Snow,Ice Crystals"
"-77.70","53.63","LA GRANDE RIVIERE A","7093716","2019-01-14 03:00","2019","01","14","03:00","","-11.2","","-13.4","","84","","","","30","","16","","11.3","","98.66","","","","-18","","Snow"
"-77.70","53.63","LA GRANDE RIVIERE A","7093716","2019-01-14 04:00","2019","01","14","04:00","","-12.1","","-14.5","","83","","","","30","","9","","19.3","","98.66","","","","-17","","Snow"
"-77.70","53.63","LA GRANDE RIVIERE A","7093716","2019-01-14 05:00","2019","01","14","05:00","","-13.2","","-15.6","","82","","","","29","","14","","11.3","","98.68","","","","-20","","Snow"
"-77.70","53.63","LA GRANDE RIVIERE A","7093716","2019-01-14 06:00","2019","01","14","06:00","","-13.9","","-16.1","","84","","","","26","","10","","11.3","","98.68","","","","-20","","Snow"
"-77.70","53.63","LA GRANDE RIVIERE A","7093716","2019-01-14 07:00","2019","01","14","07:00","","-13.7","","-15.9","","84","","","","25","","12","","3.2","","98.68","","","","-20","","Snow,Ice Crystals"
"-77.70","53.63","LA GRANDE RIVIERE A","7093716","2019-01-14 08:00","2019","01","14","08:00","","-13.3","","-15.5","","84","","","","26","","21","","2.4","","98.73","","","","-22","","Snow"
"-77.70","53.63","LA GRANDE RIVIERE A","7093716","2019-01-14 09:00","2019","01","14","09:00","","-15.6","","-18.4","","79","","","","28","","27","","9.7","","98.81","","","","-26","","Snow"
"-77.70","53.63","LA GRANDE RIVIERE A","7093716","2019-01-14 10:00","2019","01","14","10:00","","-18.1","","-21.1","","78","","","","27","","33","","9.7","","98.87","","","","-31","","Ice Crystals,Blowing Snow"
"-77.70","53.63","LA GRANDE RIVIERE A","7093716","2019-01-14 11:00","2019","01","14","11:00","","-18.4","","-21.2","","79","","","","28","","30","","9.7","","98.86","","","","-30","","Ice Crystals,Blowing Snow"
"-77.70","53.63","LA GRANDE RIVIERE A","7093716","2019-01-14 12:00","2019","01","14","12:00","","-18.4","","-21.1","","79","","","","27","","30","","3.2","","98.88","","","","-30","","Snow,Blowing Snow"
"-77.70","53.63","LA GRANDE RIVIERE A","7093716","2019-01-14 13:00","2019","01","14","13:00","","-18.1","","-21.3","","76","","","","28","","28","","4.8","","98.90","","","","-30","","Snow,Blowing Snow"
"-77.70","53.63","LA GRANDE RIVIERE A","7093716","2019-01-14 14:00","2019","01","14","14:00","","-18.2","","-21.1","","78","","","","27","","28","","4.8","","98.93","","","","-30","","Snow,Blowing Snow"
"-77.70","53.63","LA GRANDE RIVIERE A","7093716","2019-01-14 15:00","2019","01","14","15:00","","-18.4","","-21.4","","77","","","","27","","27","","4.8","","99.01","","","","-30","","Snow,Blowing Snow"
"-77.70","53.63","LA GRANDE RIVIERE A","7093716","2019-01-14 16:00","2019","01","14","16:00","","-18.8","","-21.8","","78","","","","27","","23","","6.4","","99.07","","","","-30","","Snow,Blowing Snow"
"-77.70","53.63","LA GRANDE RIVIERE A","7093716","2019-01-14 17:00","2019","01","14","17:00","","-19.1","","-22.0","","78","","","","26","","22","","4.0","","99.12","","","","-30","","Snow"
"-77.70","53.63","LA GRANDE RIVIERE A","7093716","2019-01-14 18:00","2019","01","14","18:00","","-19.4","","-22.6","","76","","","","27","","27","","4.8","","99.15","","","","-31","","Snow"
"-77.70","53.63","LA GRANDE RIVIERE A","7093716","2019-01-14 19:00","2019","01","14","19:00","","-19.7","","-22.9","","76","","","","27","","24","","6.4","","99.21","","","","-31","","Snow"
"-77.70","53.63","LA GRANDE RIVIERE A","7093716","2019-01-14 20:00","2019","01","14","20:00","","-20.1","","-23.1","","77","","","","26","","17","","11.3","","99.23","","","","-30","","Snow"
"-77.70","53.63","LA GRANDE RIVIERE A","7093716","2019-01-14 21:00","2019","01","14","21:00","","-20.1","","-23.1","","78","","","","26","","20","","11.3","","99.24","","","","-31","","Snow"
"-77.70","53.63","LA GRANDE RIVIERE A","7093716","2019-01-14 22:00","2019","01","14","22:00","","-20.3","","-23.2","","78","","","","26","","22","","11.3","","99.26","","","","-31","","Snow"
"-77.70","53.63","LA GRANDE RIVIERE A","7093716","2019-01-14 23:00","2019","01","14","23:00","","-20.4","","-23.2","","78","","","","25","","23","","19.3","","99.27","","","","-32","","Snow"
"-77.70","53.63","LA GRANDE RIVIERE A","7093716","2019-01-15 00:00","2019","01","15","00:00","","-20.4","","-23.1","","79","","","","26","","20","","16.1","","99.26","","","","-31","","Snow"
"-77.70","53.63","LA GRANDE RIVIERE A","7093716","2019-01-15 01:00","2019","01","15","01:00","","-20.5","","-23.4","","78","","","","27","","22","","16.1","","99.28","","","","-32","","Snow"
"-77.70","53.63","LA GRANDE RIVIERE A","7093716","2019-01-15 02:00","2019","01","15","02:00","","-21.1","","-23.9","","78","","","","27","","21","","16.1","","99.31","","","","-32","","Snow"
"-77.70","53.63","LA GRANDE RIVIERE A","7093716","2019-01-15 03:00","2019","01","15","03:00","","-21.4","","-24.3","","78","","","","24","","19","","19.3","","99.34","","","","-32","","Snow"
"-77.70","53.63","LA GRANDE RIVIERE A","7093716","2019-01-15 04:00","2019","01","15","04:00","","-21.9","","-24.6","","79","","","","25","","21","","16.1","","99.35","","","","-33","","Snow"
"-77.70","53.63","LA GRANDE RIVIERE A","7093716","2019-01-15 05:00","2019","01","15","05:00","","-21.9","","-24.6","","79","","","","23","","19","","16.1","","99.35","","","","-33","","Snow"
"-77.70","53.63","LA GRANDE RIVIERE A","7093716","2019-01-15 06:00","2019","01","15","06:00","","-21.7","","-24.3","","80","","","","24","","16","","16.1","","99.33","","","","-31","","Snow"
"-77.70","53.63","LA GRANDE RIVIERE A","7093716","2019-01-15 07:00","2019","01","15","07:00","","-21.7","","-24.4","","79","","","","24","","18","","16.1","","99.30","","","","-32","","Snow"
"-77.70","53.63","LA GRANDE RIVIERE A","7093716","2019-01-15 08:00","2019","01","15","08:00","","-21.3","","-23.8","","80","","","","24","","16","","9.7","","99.29","","","","-31","","Snow"
"-77.70","53.63","LA GRANDE RIVIERE A","7093716","2019-01-15 09:00","2019","01","15","09:00","","-20.5","","-23.0","","81","","","","22","","18","","9.7","","99.25","","","","-31","","Snow,Fog"
"-77.70","53.63","LA GRANDE RIVIERE A","7093716","2019-01-15 10:00","2019","01","15","10:00","","-19.9","","-22.5","","80","","","","21","","17","","1.6","","99.20","","","","-30","","Snow,Fog"
"-77.70","53.63","LA GRANDE RIVIERE A","7093716","2019-01-15 11:00","2019","01","15","11:00","","-19.4","","-22.0","","80","","","","21","","16","","1.2","","99.14","","","","-29","","Snow,Fog"
"-77.70","53.63","LA GRANDE RIVIERE A","7093716","2019-01-15 12:00","2019","01","15","12:00","","-19.0","","-21.8","","79","","","","20","","17","","6.4","","99.04","","","","-28","","Snow,Fog"
"-77.70","53.63","LA GRANDE RIVIERE A","7093716","2019-01-15 13:00","2019","01","15","13:00","","-18.7","","-22.1","","75","","","","18","","16","","3.2","","98.94","","","","-28","","Snow,Fog"
"-77.70","53.63","LA GRANDE RIVIERE A","7093716","2019-01-15 14:00","2019","01","15","14:00","","-19.2","","-22.6","","75","","","","18","","21","","8.1","","98.87","","","","-30","","Snow,Fog"
"-77.70","53.63","LA GRANDE RIVIERE A","7093716","2019-01-15 15:00","2019","01","15","15:00","","-19.7","","-22.9","","76","","","","17","","13","","4.8","","98.79","","","","-28","","Snow,Fog"
"-77.70","53.63","LA GRANDE RIVIERE A","7093716","2019-01-15 16:00","2019","01","15","16:00","","-19.8","","-23.0","","76","","","","15","","16","","6.4","","98.71","","","","-29","","Snow,Fog"
"-77.70","53.63","LA GRANDE RIVIERE A","7093716","2019-01-15 17:00","2019","01","15","17:00","","-19.9","","-22.8","","78","","","","12","","14","","4.8","","98.61","","","","-29","","Snow,Fog"
"-77.70","53.63","LA GRANDE RIVIERE A","7093716","2019-01-15 18:00","2019","01","15","18:00","","-20.0","","-22.9","","78","","","","11","","18","","3.2","","98.47","","","","-30","","Snow,Fog"
"-77.70","53.63","LA GRANDE RIVIERE A","7093716","2019-01-15 19:00","2019","01","15","19:00","","-19.9","","-22.7","","78","","","","10","","18","","3.2","","98.36","","","","-30","","Snow,Fog"
"-77.70","53.63","LA GRANDE RIVIERE A","7093716","2019-01-15 20:00","2019","01","15","20:00","","-19.6","","-22.4","","79","","","","9","","14","","4.8","","98.26","","","","-28","","Snow"
"-77.70","53.63","LA GRANDE RIVIERE A","7093716","2019-01-15 21:00","2019","01","15","21:00","","-19.3","","-22.1","","79","","","","8","","14","","2.4","","98.16","","","","-28","","Snow"
"-77.70","53.63","LA GRANDE RIVIERE A","7093716","2019-01-15 22:00","2019","01","15","22:00","","-19.4","","-22.1","","79","","","","8","","16","","2.4","","98.06","","","","-29","","Snow"
"-77.70","53.63","LA GRANDE RIVIERE A","7093716","2019-01-15 23:00","2019","01","15","23:00","","-19.3","","-22.2","","79","","","","9","","15","","2.4","","97.99","","","","-28","","Snow"
"-77.70","53.63","LA GRANDE RIVIERE A","7093716","2019-01-16 00:00","2019","01","16","00:00","","-19.6","","-22.4","","79","","","","6","","15","","2.4","","97.88","","","","-29","","Snow"
"-77.70","53.63","LA GRANDE RIVIERE A","7093716","2019-01-16 01:00","2019","01","16","01:00","","-19.7","","-22.6","","78","","","","5","","14","","2.4","","97.83","","","","-28","","Snow"
"-77.70","53.63","LA GRANDE RIVIERE A","7093716","2019-01-16 02:00","2019","01","16","02:00","","-19.8","","-22.6","","79","","","","3","","11","","3.2","","97.80","","","","-27","","Snow"
"-77.70","53.63","LA GRANDE RIVIERE A","7093716","2019-01-16 03:00","2019","01","16","03:00","","-20.1","","-23.0","","79","","","","36","","10","","3.2","","97.82","","","","-27","","Snow"
"-77.70","53.63","LA GRANDE RIVIERE A","7093716","2019-01-16 04:00","2019","01","16","04:00","","-20.4","","-23.3","","78","","","","34","","12","","3.2","","97.84","","","","-29","","Snow"
"-77.70","53.63","LA GRANDE RIVIERE A","7093716","2019-01-16 05:00","2019","01","16","05:00","","-20.8","","-23.9","","77","","","","32","","15","","6.4","","97.90","","","","-30","","Snow"
"-77.70","53.63","LA GRANDE RIVIERE A","7093716","2019-01-16 06:00","2019","01","16","06:00","","-21.2","","-24.2","","77","","","","32","","21","","6.4","","97.99","","","","-32","","Snow"
"-77.70","53.63","LA GRANDE RIVIERE A","7093716","2019-01-16 07:00","2019","01","16","07:00","","-23.0","","-26.2","","75","","","","31","","20","","11.3","","98.10","","","","-34","","Snow,Blowing Snow"
"-77.70","53.63","LA GRANDE RIVIERE A","7093716","2019-01-16 08:00","2019","01","16","08:00","","-25.1","","-28.5","","74","","","","30","","19","","8.1","","98.24","","","","-37","","Snow,Blowing Snow"
"-77.70","53.63","LA GRANDE RIVIERE A","7093716","2019-01-16 09:00","2019","01","16","09:00","","-27.3","","-30.6","","74","","","","30","","23","","9.7","","98.38","","","","-41","","Snow,Blowing Snow"
"-77.70","53.63","LA GRANDE RIVIERE A","7093716","2019-01-16 10:00","2019","01","16","10:00","","-28.2","","-31.6","","73","","","","30","","21","","9.7","","98.50","","","","-41","","Ice Crystals,Blowing Snow"
"-77.70","53.63","LA GRANDE RIVIERE A","7093716","2019-01-16 11:00","2019","01","16","11:00","","-28.6","","-32.3","","71","","","","29","","27","","9.7","","98.62","","","","-43","","Ice Crystals,Blowing Snow"
"-77.70","53.63","LA GRANDE RIVIERE A","7093716","2019-01-16 12:00","2019","01","16","12:00","","-28.1","","-32.1","","70","","","","29","","30","","3.2","","98.69","","","","-43","","Ice Crystals,Blowing Snow"
"-77.70","53.63","LA GRANDE RIVIERE A","7093716","2019-01-16 13:00","2019","01","16","13:00","","-28.0","","-32.0","","69","","","","27","","28","","4.8","","98.74","","","","-43","","Ice Crystals,Blowing Snow"
"-77.70","53.63","LA GRANDE RIVIERE A","7093716","2019-01-16 14:00","2019","01","16","14:00","","-27.8","","-32.0","","68","","","","28","","27","","4.8","","98.86","","","","-42","","Ice Crystals,Blowing Snow"
"-77.70","53.63","LA GRANDE RIVIERE A","7093716","2019-01-16 15:00","2019","01","16","15:00","","-28.1","","-32.3","","68","","","","27","","24","","9.7","","98.97","","","","-42","","Ice Crystals,Blowing Snow"
"-77.70","53.63","LA GRANDE RIVIERE A","7093716","2019-01-16 16:00","2019","01","16","16:00","","-29.0","","-33.0","","69","","","","27","","17","","9.7","","99.06","","","","-41","","Ice Crystals,Blowing Snow"
"-77.70","53.63","LA GRANDE RIVIERE A","7093716","2019-01-16 17:00","2019","01","16","17:00","","-30.1","","-33.7","","72","","","","24","","14","","16.1","","99.14","","","","-41","","Ice Crystals"
"-77.70","53.63","LA GRANDE RIVIERE A","7093716","2019-01-16 18:00","2019","01","16","18:00","","-30.9","","-34.2","","73","","","","25","","14","","24.1","","99.21","","","","-42","","Ice Crystals"
"-77.70","53.63","LA GRANDE RIVIERE A","7093716","2019-01-16 19:00","2019","01","16","19:00","","-30.9","","-34.2","","73","","","","24","","17","","24.1","","99.30","","","","-43","","Ice Crystals"
"-77.70","53.63","LA GRANDE RIVIERE A","7093716","2019-01-16 20:00","2019","01","16","20:00","","-30.9","","-34.4","","73","","","","24","","17","","24.1","","99.33","","","","-43","","Ice Crystals"
"-77.70","53.63","LA GRANDE RIVIERE A","7093716","2019-01-16 21:00","2019","01","16","21:00","","-30.7","","-34.2","","72","","","","23","","16","","19.3","","99.33","","","","-43","","Ice Crystals"
"-77.70","53.63","LA GRANDE RIVIERE A","7093716","2019-01-16 22:00","2019","01","16","22:00","","-31.5","","-35.0","","72","","","","21","","13","","24.1","","99.32","","","","-42","","Ice Crystals"
"-77.70","53.63","LA GRANDE RIVIERE A","7093716","2019-01-16 23:00","2019","01","16","23:00","","-31.9","","-35.3","","73","","","","21","","16","","24.1","","99.30","","","","-44","","Ice Crystals"
"-77.70","53.63","LA GRANDE RIVIERE A","7093716","2019-01-17 00:00","2019","01","17","00:00","","-31.5","","-35.0","","72","","","","20","","13","","24.1","","99.30","","","","-42","","Ice Crystals"
"-77.70","53.63","LA GRANDE RIVIERE A","7093716","2019-01-17 01:00","2019","01","17","01:00","","-31.6","","-35.1","","72","","","","18","","13","","24.1","","99.25","","","","-43","","Ice Crystals"
"-77.70","53.63","LA GRANDE RIVIERE A","7093716","2019-01-17 02:00","2019","01","17","02:00","","-31.8","","-35.2","","72","","","","18","","12","","24.1","","99.24","","","","-42","","Ice Crystals"
"-77.70","53.63","LA GRANDE RIVIERE A","7093716","2019-01-17 03:00","2019","01","17","03:00","","-31.9","","-35.4","","72","","","","19","","12","","24.1","","99.24","","","","-42","","Ice Crystals"
"-77.70","53.63","LA GRANDE RIVIERE A","7093716","2019-01-17 04:00","2019","01","17","04:00","","-32.0","","-35.4","","73","","","","19","","16","","16.1","","99.23","","","","-44","","Snow"
"-77.70","53.63","LA GRANDE RIVIERE A","7093716","2019-01-17 05:00","2019","01","17","05:00","","-31.8","","-35.2","","72","","","","18","","16","","24.1","","99.17","","","","-44","","Snow"
"-77.70","53.63","LA GRANDE RIVIERE A","7093716","2019-01-17 06:00","2019","01","17","06:00","","-31.3","","-34.8","","72","","","","18","","14","","16.1","","99.13","","","","-43","","Snow"
"-77.70","53.63","LA GRANDE RIVIERE A","7093716","2019-01-17 07:00","2019","01","17","07:00","","-31.6","","-35.1","","72","","","","19","","11","","11.3","","99.12","","","","-42","","Ice Crystals"
"-77.70","53.63","LA GRANDE RIVIERE A","7093716","2019-01-17 08:00","2019","01","17","08:00","","-31.4","","-35.0","","71","","","","18","","13","","9.7","","99.12","","","","-42","","Ice Crystals"
"-77.70","53.63","LA GRANDE RIVIERE A","7093716","2019-01-17 09:00","2019","01","17","09:00","","-30.8","","-34.4","","72","","","","18","","18","","9.7","","99.10","","","","-43","","Ice Crystals"
"-77.70","53.63","LA GRANDE RIVIERE A","7093716","2019-01-17 10:00","2019","01","17","10:00","","-29.6","","-33.1","","72","","","","20","","18","","11.3","","99.10","","","","-42","","Ice Crystals"
"-77.70","53.63","LA GRANDE RIVIERE A","7093716","2019-01-17 11:00","2019","01","17","11:00","","-28.1","","-31.4","","73","","","","21","","22","","16.1","","99.07","","","","-41","","Ice Crystals"
"-77.70","53.63","LA GRANDE RIVIERE A","7093716","2019-01-17 12:00","2019","01","17","12:00","","-26.8","","-30.3","","73","","","","21","","21","","9.7","","99.02","","","","-39","","Ice Crystals"
"-77.70","53.63","LA GRANDE RIVIERE A","7093716","2019-01-17 13:00","2019","01","17","13:00","","-26.6","","-30.1","","73","","","","21","","17","","6.4","","98.98","","","","-38","","Ice Crystals"
"-77.70","53.63","LA GRANDE RIVIERE A","7093716","2019-01-17 14:00","2019","01","17","14:00","","-26.3","","-30.1","","71","","","","20","","17","","6.4","","98.95","","","","-38","","Ice Crystals"
"-77.70","53.63","LA GRANDE RIVIERE A","7093716","2019-01-17 15:00","2019","01","17","15:00","","-26.1","","-30.2","","69","","","","21","","19","","9.7","","98.96","","","","-38","","Ice Crystals"
"-77.70","53.63","LA GRANDE RIVIERE A","7093716","2019-01-17 16:00","2019","01","17","16:00","","-26.7","","-30.3","","72","","","","21","","12","","2.4","","98.97","","","","-36","","Ice Crystals"
"-77.70","53.63","LA GRANDE RIVIERE A","7093716","2019-01-17 17:00","2019","01","17","17:00","","-27.7","","-31.1","","73","","","","19","","14","","8.1","","98.97","","","","-38","","Ice Crystals"
"-77.70","53.63","LA GRANDE RIVIERE A","7093716","2019-01-17 18:00","2019","01","17","18:00","","-28.9","","-32.2","","74","","","","18","","16","","6.4","","98.98","","","","-40","","Ice Crystals"
"-77.70","53.63","LA GRANDE RIVIERE A","7093716","2019-01-17 19:00","2019","01","17","19:00","","-29.6","","-32.9","","74","","","","19","","13","","8.1","","98.96","","","","-40","","Ice Crystals"
"-77.70","53.63","LA GRANDE RIVIERE A","7093716","2019-01-17 20:00","2019","01","17","20:00","","-30.0","","-33.3","","74","","","","18","","13","","24.1","","98.95","","","","-41","","Ice Crystals"
"-77.70","53.63","LA GRANDE RIVIERE A","7093716","2019-01-17 21:00","2019","01","17","21:00","","-30.8","","-33.9","","75","","","","18","","12","","24.1","","98.91","","","","-41","","Ice Crystals"
"-77.70","53.63","LA GRANDE RIVIERE A","7093716","2019-01-17 22:00","2019","01","17","22:00","","-31.2","","-34.5","","74","","","","17","","15","","24.1","","98.88","","","","-43","","Ice Crystals"
"-77.70","53.63","LA GRANDE RIVIERE A","7093716","2019-01-17 23:00","2019","01","17","23:00","","-30.8","","-34.1","","74","","","","18","","17","","24.1","","98.83","","","","-43","","Ice Crystals"
"-77.70","53.63","LA GRANDE RIVIERE A","7093716","2019-01-18 00:00","2019","01","18","00:00","","-31.3","","-34.6","","73","","","","18","","14","","24.1","","98.79","","","","-43","","Ice Crystals"
"-77.70","53.63","LA GRANDE RIVIERE A","7093716","2019-01-18 01:00","2019","01","18","01:00","","-31.8","","-35.1","","73","","","","17","","16","","24.1","","98.72","","","","-44","","Ice Crystals"
"-77.70","53.63","LA GRANDE RIVIERE A","7093716","2019-01-18 02:00","2019","01","18","02:00","","-31.4","","-34.7","","74","","","","18","","15","","24.1","","98.70","","","","-43","","Ice Crystals"
"-77.70","53.63","LA GRANDE RIVIERE A","7093716","2019-01-18 03:00","2019","01","18","03:00","","-31.1","","-34.5","","73","","","","18","","15","","8.1","","98.67","","","","-43","","Ice Crystals"
"-77.70","53.63","LA GRANDE RIVIERE A","7093716","2019-01-18 04:00","2019","01","18","04:00","","-31.4","","-34.8","","72","","","","18","","10","","11.3","","98.67","","","","-41","","Ice Crystals"
"-77.70","53.63","LA GRANDE RIVIERE A","7093716","2019-01-18 05:00","2019","01","18","05:00","","-31.6","","-35.0","","72","","","","13","","4","","11.3","","98.64","","","","-36","","Ice Crystals"
"-77.70","53.63","LA GRANDE RIVIERE A","7093716","2019-01-18 06:00","2019","01","18","06:00","","-31.7","","-35.3","","72","","","","20","","5","","16.1","","98.62","","","","-38","","Ice Crystals"
"-77.70","53.63","LA GRANDE RIVIERE A","7093716","2019-01-18 07:00","2019","01","18","07:00","","-32.6","","-36.2","","71","","","","19","","7","","16.1","","98.63","","","","-40","","Ice Crystals"
"-77.70","53.63","LA GRANDE RIVIERE A","7093716","2019-01-18 08:00","2019","01","18","08:00","","-33.9","","-37.6","","70","","","","21","","4","","9.7","","98.67","","","","-39","","Ice Crystals"
"-77.70","53.63","LA GRANDE RIVIERE A","7093716","2019-01-18 09:00","2019","01","18","09:00","","-34.5","","-38.3","","70","","","","","","0","","11.3","","98.70","","","","","","Ice Crystals"
"-77.70","53.63","LA GRANDE RIVIERE A","7093716","2019-01-18 10:00","2019","01","18","10:00","","-33.6","","-37.4","","70","","","","26","","5","","9.7","","98.75","","","","-40","","Ice Crystals"
"-77.70","53.63","LA GRANDE RIVIERE A","7093716","2019-01-18 11:00","2019","01","18","11:00","","-33.9","","-37.6","","70","","","","26","","9","","9.7","","98.81","","","","-43","","Ice Crystals"
"-77.70","53.63","LA GRANDE RIVIERE A","7093716","2019-01-18 12:00","2019","01","18","12:00","","-31.1","","-34.7","","71","","","","30","","12","","16.1","","98.87","","","","-41","","Ice Crystals"
"-77.70","53.63","LA GRANDE RIVIERE A","7093716","2019-01-18 13:00","2019","01","18","13:00","","-30.2","","-33.8","","71","","","","30","","16","","9.7","","98.94","","","","-42","","Ice Crystals"
"-77.70","53.63","LA GRANDE RIVIERE A","7093716","2019-01-18 14:00","2019","01","18","14:00","","-30.5","","-34.3","","70","","","","30","","14","","4.0","","99.03","","","","-42","","Ice Crystals"
"-77.70","53.63","LA GRANDE RIVIERE A","7093716","2019-01-18 15:00","2019","01","18","15:00","","-30.7","","-34.5","","70","","","","29","","14","","4.0","","99.18","","","","-42","","Ice Crystals"
"-77.70","53.63","LA GRANDE RIVIERE A","7093716","2019-01-18 16:00","2019","01","18","16:00","","-31.3","","-35.2","","70","","","","28","","14","","4.0","","99.34","","","","-43","","Ice Crystals"
"-77.70","53.63","LA GRANDE RIVIERE A","7093716","2019-01-18 17:00","2019","01","18","17:00","","-32.0","","-35.7","","71","","","","25","","9","","2.4","","99.48","","","","-41","","Ice Crystals"
"-77.70","53.63","LA GRANDE RIVIERE A","7093716","2019-01-18 18:00","2019","01","18","18:00","","-32.8","","-36.5","","71","","","","26","","10","","8.1","","99.58","","","","-42","","Ice Crystals"
"-77.70","53.63","LA GRANDE RIVIERE A","7093716","2019-01-18 19:00","2019","01","18","19:00","","-34.2","","-37.8","","71","","","","26","","12","","24.1","","99.71","","","","-45","","Ice Crystals"
"-77.70","53.63","LA GRANDE RIVIERE A","7093716","2019-01-18 20:00","2019","01","18","20:00","","-34.5","","-38.1","","71","","","","26","","12","","24.1","","99.80","","","","-46","","Ice Crystals"
"-77.70","53.63","LA GRANDE RIVIERE A","7093716","2019-01-18 21:00","2019","01","18","21:00","","-33.9","","-37.6","","70","","","","24","","12","","24.1","","99.88","","","","-45","","Ice Crystals"
"-77.70","53.63","LA GRANDE RIVIERE A","7093716","2019-01-18 22:00","2019","01","18","22:00","","-34.0","","-37.7","","70","","","","25","","12","","16.1","","99.91","","","","-45","","Ice Crystals"
"-77.70","53.63","LA GRANDE RIVIERE A","7093716","2019-01-18 23:00","2019","01","18","23:00","","-34.7","","-38.4","","70","","","","24","","10","","24.1","","99.94","","","","-45","","Ice Crystals"
"-77.70","53.63","LA GRANDE RIVIERE A","7093716","2019-01-19 00:00","2019","01","19","00:00","","-34.8","","-38.4","","70","","","","23","","10","","24.1","","99.98","","","","-45","","Ice Crystals"
"-77.70","53.63","LA GRANDE RIVIERE A","7093716","2019-01-19 01:00","2019","01","19","01:00","","-36.0","","-39.7","","70","","","","21","","9","","24.1","","100.03","","","","-46","","Ice Crystals"
"-77.70","53.63","LA GRANDE RIVIERE A","7093716","2019-01-19 02:00","2019","01","19","02:00","","-36.8","","-40.5","","69","","","","20","","13","","24.1","","100.05","","","","-49","","Ice Crystals"
"-77.70","53.63","LA GRANDE RIVIERE A","7093716","2019-01-19 03:00","2019","01","19","03:00","","-36.4","","-40.1","","69","","","","21","","13","","24.1","","100.09","","","","-48","","Ice Crystals"
"-77.70","53.63","LA GRANDE RIVIERE A","7093716","2019-01-19 04:00","2019","01","19","04:00","","-37.2","","-41.0","","69","","","","20","","11","","24.1","","100.15","","","","-48","","Ice Crystals"
"-77.70","53.63","LA GRANDE RIVIERE A","7093716","2019-01-19 05:00","2019","01","19","05:00","","-37.0","","-40.8","","69","","","","20","","13","","24.1","","100.20","","","","-49","","Ice Crystals"
"-77.70","53.63","LA GRANDE RIVIERE A","7093716","2019-01-19 06:00","2019","01","19","06:00","","-37.6","","-41.4","","69","","","","20","","14","","24.1","","100.20","","","","-50","","Ice Crystals"
"-77.70","53.63","LA GRANDE RIVIERE A","7093716","2019-01-19 07:00","2019","01","19","07:00","","-37.3","","-41.0","","69","","","","20","","13","","24.1","","100.20","","","","-49","","Ice Crystals"
"-77.70","53.63","LA GRANDE RIVIERE A","7093716","2019-01-19 08:00","2019","01","19","08:00","","-37.2","","-41.0","","69","","","","20","","14","","24.1","","100.23","","","","-50","","Ice Crystals"
"-77.70","53.63","LA GRANDE RIVIERE A","7093716","2019-01-19 09:00","2019","01","19","09:00","","-37.0","","-40.8","","69","","","","20","","11","","24.1","","100.24","","","","-48","","Ice Crystals"
"-77.70","53.63","LA GRANDE RIVIERE A","7093716","2019-01-19 10:00","2019","01","19","10:00","","-36.0","","-39.8","","69","","","","20","","14","","24.1","","100.28","","","","-48","","Ice Crystals"
"-77.70","53.63","LA GRANDE RIVIERE A","7093716","2019-01-19 11:00","2019","01","19","11:00","","-34.6","","-38.4","","69","","","","20","","16","","16.1","","100.29","","","","-47","","Ice Crystals"
"-77.70","53.63","LA GRANDE RIVIERE A","7093716","2019-01-19 12:00","2019","01","19","12:00","","-32.8","","-36.5","","70","","","","21","","15","","4.8","","100.30","","","","-45","","Ice Crystals"
"-77.70","53.63","LA GRANDE RIVIERE A","7093716","2019-01-19 13:00","2019","01","19","13:00","","-31.8","","-35.6","","70","","","","21","","14","","2.4","","100.29","","","","-43","","Ice Crystals"
"-77.70","53.63","LA GRANDE RIVIERE A","7093716","2019-01-19 14:00","2019","01","19","14:00","","-31.7","","-35.4","","70","","","","21","","13","","3.2","","100.27","","","","-43","","Ice Crystals"
"-77.70","53.63","LA GRANDE RIVIERE A","7093716","2019-01-19 15:00","2019","01","19","15:00","","-31.6","","-35.4","","70","","","","21","","13","","16.1","","100.27","","","","-43","","Ice Crystals"
"-77.70","53.63","LA GRANDE RIVIERE A","7093716","2019-01-19 16:00","2019","01","19","16:00","","-32.0","","-35.7","","70","","","","20","","10","","16.1","","100.32","","","","-42","","Ice Crystals"
"-77.70","53.63","LA GRANDE RIVIERE A","7093716","2019-01-19 17:00","2019","01","19","17:00","","-33.2","","-37.0","","70","","","","18","","10","","24.1","","100.36","","","","-43","","Ice Crystals"
"-77.70","53.63","LA GRANDE RIVIERE A","7093716","2019-01-19 18:00","2019","01","19","18:00","","-33.9","","-37.6","","70","","","","17","","8","","24.1","","100.38","","","","-43","","Ice Crystals"
"-77.70","53.63","LA GRANDE RIVIERE A","7093716","2019-01-19 19:00","2019","01","19","19:00","","-35.1","","-38.9","","69","","","","18","","13","","24.1","","100.40","","","","-47","","Ice Crystals"
"-77.70","53.63","LA GRANDE RIVIERE A","7093716","2019-01-19 20:00","2019","01","19","20:00","","-35.4","","-39.2","","69","","","","18","","13","","24.1","","100.39","","","","-47","","Ice Crystals"
"-77.70","53.63","LA GRANDE RIVIERE A","7093716","2019-01-19 21:00","2019","01","19","21:00","","-35.5","","-39.3","","69","","","","19","","13","","24.1","","100.41","","","","-47","","Ice Crystals"
"-77.70","53.63","LA GRANDE RIVIERE A","7093716","2019-01-19 22:00","2019","01","19","22:00","","-35.6","","-39.4","","69","","","","19","","14","","24.1","","100.40","","","","-48","","Ice Crystals"
"-77.70","53.63","LA GRANDE RIVIERE A","7093716","2019-01-19 23:00","2019","01","19","23:00","","-36.0","","-39.8","","69","","","","19","","15","","24.1","","100.40","","","","-49","","Ice Crystals"
"-77.70","53.63","LA GRANDE RIVIERE A","7093716","2019-01-20 00:00","2019","01","20","00:00","","-36.0","","-39.8","","69","","","","19","","14","","24.1","","100.43","","","","-48","","Ice Crystals"
"-77.70","53.63","LA GRANDE RIVIERE A","7093716","2019-01-20 01:00","2019","01","20","01:00","","-36.3","","-40.1","","69","","","","18","","11","","24.1","","100.44","","","","-47","","Ice Crystals"
"-77.70","53.63","LA GRANDE RIVIERE A","7093716","2019-01-20 02:00","2019","01","20","02:00","","-36.5","","-40.4","","69","","","","19","","10","","24.1","","100.45","","","","-47","","Ice Crystals"
"-77.70","53.63","LA GRANDE RIVIERE A","7093716","2019-01-20 03:00","2019","01","20","03:00","","-36.8","","-40.7","","68","","","","20","","4","","24.1","","100.45","","","","-42","","Ice Crystals"
"-77.70","53.63","LA GRANDE RIVIERE A","7093716","2019-01-20 04:00","2019","01","20","04:00","","-36.8","","-40.6","","68","","","","18","","13","","24.1","","100.47","","","","-49","","Ice Crystals"
"-77.70","53.63","LA GRANDE RIVIERE A","7093716","2019-01-20 05:00","2019","01","20","05:00","","-37.3","","-41.2","","68","","","","19","","4","","24.1","","100.45","","","","-43","","Ice Crystals"
"-77.70","53.63","LA GRANDE RIVIERE A","7093716","2019-01-20 06:00","2019","01","20","06:00","","-36.6","","-40.5","","68","","","","18","","15","","24.1","","100.48","","","","-50","","Ice Crystals"
"-77.70","53.63","LA GRANDE RIVIERE A","7093716","2019-01-20 07:00","2019","01","20","07:00","","-36.6","","-40.5","","68","","","","19","","14","","24.1","","100.49","","","","-49","","Ice Crystals"
"-77.70","53.63","LA GRANDE RIVIERE A","7093716","2019-01-20 08:00","2019","01","20","08:00","","-37.5","","-41.4","","68","","","","20","","7","","24.1","","100.54","","","","-46","","Ice Crystals"
"-77.70","53.63","LA GRANDE RIVIERE A","7093716","2019-01-20 09:00","2019","01","20","09:00","","-37.1","","-41.0","","68","","","","18","","11","","24.1","","100.54","","","","-48","","Ice Crystals"
"-77.70","53.63","LA GRANDE RIVIERE A","7093716","2019-01-20 10:00","2019","01","20","10:00","","-35.0","","-38.9","","68","","","","18","","13","","19.3","","100.53","","","","-47","","Ice Crystals"
"-77.70","53.63","LA GRANDE RIVIERE A","7093716","2019-01-20 11:00","2019","01","20","11:00","","-32.7","","-36.5","","70","","","","20","","10","","19.3","","100.48","","","","-42","","Ice Crystals"
"-77.70","53.63","LA GRANDE RIVIERE A","7093716","2019-01-20 12:00","2019","01","20","12:00","","-31.9","","-35.6","","70","","","","18","","14","","19.3","","100.44","","","","-43","","Ice Crystals"
"-77.70","53.63","LA GRANDE RIVIERE A","7093716","2019-01-20 13:00","2019","01","20","13:00","","-30.6","","-34.2","","71","","","","19","","12","","19.3","","100.36","","","","-41","","Ice Crystals"
"-77.70","53.63","LA GRANDE RIVIERE A","7093716","2019-01-20 14:00","2019","01","20","14:00","","-29.6","","-33.1","","72","","","","21","","12","","24.1","","100.30","","","","-40","","Ice Crystals"
"-77.70","53.63","LA GRANDE RIVIERE A","7093716","2019-01-20 15:00","2019","01","20","15:00","","-29.7","","-33.3","","72","","","","19","","14","","24.1","","100.25","","","","-41","","Ice Crystals"
"-77.70","53.63","LA GRANDE RIVIERE A","7093716","2019-01-20 16:00","2019","01","20","16:00","","-30.3","","-33.9","","72","","","","17","","11","","24.1","","100.27","","","","-40","","Ice Crystals"
"-77.70","53.63","LA GRANDE RIVIERE A","7093716","2019-01-20 17:00","2019","01","20","17:00","","-31.4","","-35.1","","71","","","","18","","9","","22.5","","100.29","","","","-40","","Ice Crystals"
"-77.70","53.63","LA GRANDE RIVIERE A","7093716","2019-01-20 18:00","2019","01","20","18:00","","-31.2","","-34.9","","71","","","","17","","11","","19.3","","100.25","","","","-41","","Ice Crystals"
"-77.70","53.63","LA GRANDE RIVIERE A","7093716","2019-01-20 19:00","2019","01","20","19:00","","-32.1","","-35.8","","71","","","","19","","11","","24.1","","100.26","","","","-42","","Ice Crystals"
"-77.70","53.63","LA GRANDE RIVIERE A","7093716","2019-01-20 20:00","2019","01","20","20:00","","-32.7","","-36.4","","70","","","","20","","10","","24.1","","100.21","","","","-42","","Ice Crystals"
"-77.70","53.63","LA GRANDE RIVIERE A","7093716","2019-01-20 21:00","2019","01","20","21:00","","-32.9","","-36.7","","70","","","","17","","15","","24.1","","100.17","","","","-45","","Ice Crystals"
"-77.70","53.63","LA GRANDE RIVIERE A","7093716","2019-01-20 22:00","2019","01","20","22:00","","-32.7","","-36.4","","70","","","","18","","17","","24.1","","100.16","","","","-45","","Ice Crystals"
"-77.70","53.63","LA GRANDE RIVIERE A","7093716","2019-01-20 23:00","2019","01","20","23:00","","-33.1","","-36.8","","70","","","","18","","15","","24.1","","100.13","","","","-45","","Ice Crystals"
"-77.70","53.63","LA GRANDE RIVIERE A","7093716","2019-01-21 00:00","2019","01","21","00:00","","-33.2","","-36.9","","70","","","","19","","18","","24.1","","100.06","","","","-46","","Ice Crystals"
"-77.70","53.63","LA GRANDE RIVIERE A","7093716","2019-01-21 01:00","2019","01","21","01:00","","-33.8","","-37.6","","70","","","","21","","8","","24.1","","100.05","","","","-42","","Ice Crystals"
"-77.70","53.63","LA GRANDE RIVIERE A","7093716","2019-01-21 02:00","2019","01","21","02:00","","-33.8","","-37.6","","70","","","","20","","7","","24.1","","100.05","","","","-42","","Ice Crystals"
"-77.70","53.63","LA GRANDE RIVIERE A","7093716","2019-01-21 03:00","2019","01","21","03:00","","-34.7","","-38.5","","69","","","","22","","4","","16.1","","100.05","","","","-40","","Ice Crystals"
"-77.70","53.63","LA GRANDE RIVIERE A","7093716","2019-01-21 04:00","2019","01","21","04:00","","-34.2","","-38.0","","69","","","","21","","7","","24.1","","100.05","","","","-42","","Ice Crystals"
"-77.70","53.63","LA GRANDE RIVIERE A","7093716","2019-01-21 05:00","2019","01","21","05:00","","-33.8","","-37.6","","69","","","","18","","5","","24.1","","100.08","","","","-40","","Ice Crystals"
"-77.70","53.63","LA GRANDE RIVIERE A","7093716","2019-01-21 06:00","2019","01","21","06:00","","-34.5","","-38.4","","69","","","","19","","5","","24.1","","100.13","","","","-41","","Ice Crystals"
"-77.70","53.63","LA GRANDE RIVIERE A","7093716","2019-01-21 07:00","2019","01","21","07:00","","-35.0","","-38.8","","69","","","","18","","8","","24.1","","100.13","","","","-44","","Ice Crystals"
"-77.70","53.63","LA GRANDE RIVIERE A","7093716","2019-01-21 08:00","2019","01","21","08:00","","-34.8","","-38.6","","69","","","","19","","10","","24.1","","100.14","","","","-45","","Ice Crystals"
"-77.70","53.63","LA GRANDE RIVIERE A","7093716","2019-01-21 09:00","2019","01","21","09:00","","-34.6","","-38.5","","69","","","","","","0","","24.1","","100.22","","","","","","Ice Crystals"
"-77.70","53.63","LA GRANDE RIVIERE A","7093716","2019-01-21 10:00","2019","01","21","10:00","","-32.3","","-36.1","","70","","","","21","","7","","16.1","","100.24","","","","-40","","Ice Crystals"
"-77.70","53.63","LA GRANDE RIVIERE A","7093716","2019-01-21 11:00","2019","01","21","11:00","","-30.4","","-34.0","","71","","","","19","","9","","16.1","","100.23","","","","-39","","Ice Crystals"
"-77.70","53.63","LA GRANDE RIVIERE A","7093716","2019-01-21 12:00","2019","01","21","12:00","","-28.2","","-31.7","","73","","","","21","","9","","19.3","","100.16","","","","-36","","Ice Crystals"
"-77.70","53.63","LA GRANDE RIVIERE A","7093716","2019-01-21 13:00","2019","01","21","13:00","","-27.1","","-30.4","","74","","","","20","","9","","24.1","","100.14","","","","-35","","Ice Crystals"
"-77.70","53.63","LA GRANDE RIVIERE A","7093716","2019-01-21 14:00","2019","01","21","14:00","","-25.9","","-29.2","","75","","","","21","","16","","24.1","","100.12","","","","-37","","Ice Crystals"
"-77.70","53.63","LA GRANDE RIVIERE A","7093716","2019-01-21 15:00","2019","01","21","15:00","","-25.5","","-28.7","","75","","","","21","","14","","24.1","","100.13","","","","-35","","Ice Crystals"
"-77.70","53.63","LA GRANDE RIVIERE A","7093716","2019-01-21 16:00","2019","01","21","16:00","","-26.3","","-29.6","","75","","","","19","","10","","24.1","","100.14","","","","-35","","Ice Crystals"
"-77.70","53.63","LA GRANDE RIVIERE A","7093716","2019-01-21 17:00","2019","01","21","17:00","","-26.9","","-30.2","","74","","","","19","","14","","24.1","","100.12","","","","-37","","Ice Crystals"
"-77.70","53.63","LA GRANDE RIVIERE A","7093716","2019-01-21 18:00","2019","01","21","18:00","","-27.7","","-31.0","","74","","","","18","","17","","24.1","","100.05","","","","-39","","NA"
"-77.70","53.63","LA GRANDE RIVIERE A","7093716","2019-01-21 19:00","2019","01","21","19:00","","-28.0","","-31.4","","74","","","","19","","18","","24.1","","100.03","","","","-40","","Mostly Cloudy"
"-77.70","53.63","LA GRANDE RIVIERE A","7093716","2019-01-21 20:00","2019","01","21","20:00","","-27.5","","-30.8","","74","","","","19","","18","","24.1","","99.99","","","","-39","","NA"
"-77.70","53.63","LA GRANDE RIVIERE A","7093716","2019-01-21 21:00","2019","01","21","21:00","","-26.9","","-30.2","","74","","","","18","","22","","24.1","","99.93","","","","-40","","Ice Crystals"
"-77.70","53.63","LA GRANDE RIVIERE A","7093716","2019-01-21 22:00","2019","01","21","22:00","","-26.5","","-29.7","","75","","","","17","","24","","24.1","","99.85","","","","-40","","Ice Crystals"
"-77.70","53.63","LA GRANDE RIVIERE A","7093716","2019-01-21 23:00","2019","01","21","23:00","","-26.4","","-29.6","","75","","","","19","","14","","24.1","","99.86","","","","-37","","Ice Crystals"
"-77.70","53.63","LA GRANDE RIVIERE A","7093716","2019-01-22 00:00","2019","01","22","00:00","","-26.6","","-29.8","","75","","","","17","","22","","24.1","","99.79","","","","-39","","Ice Crystals"
"-77.70","53.63","LA GRANDE RIVIERE A","7093716","2019-01-22 01:00","2019","01","22","01:00","","-26.1","","-29.3","","75","","","","18","","25","","24.1","","99.71","","","","-39","","Ice Crystals"
"-77.70","53.63","LA GRANDE RIVIERE A","7093716","2019-01-22 02:00","2019","01","22","02:00","","-25.8","","-29.0","","75","","","","17","","23","","24.1","","99.68","","","","-39","","NA"
"-77.70","53.63","LA GRANDE RIVIERE A","7093716","2019-01-22 03:00","2019","01","22","03:00","","-25.5","","-28.6","","75","","","","18","","21","","24.1","","99.64","","","","-38","","NA"
"-77.70","53.63","LA GRANDE RIVIERE A","7093716","2019-01-22 04:00","2019","01","22","04:00","","-24.8","","-27.9","","76","","","","17","","24","","24.1","","99.57","","","","-38","","Mostly Cloudy"
"-77.70","53.63","LA GRANDE RIVIERE A","7093716","2019-01-22 05:00","2019","01","22","05:00","","-23.7","","-26.7","","77","","","","17","","22","","24.1","","99.51","","","","-36","","NA"
"-77.70","53.63","LA GRANDE RIVIERE A","7093716","2019-01-22 06:00","2019","01","22","06:00","","-22.4","","-25.3","","78","","","","17","","22","","24.1","","99.50","","","","-34","","Ice Crystals"
"-77.70","53.63","LA GRANDE RIVIERE A","7093716","2019-01-22 07:00","2019","01","22","07:00","","-21.3","","-24.1","","79","","","","18","","15","","24.1","","99.46","","","","-31","","Ice Crystals"
"-77.70","53.63","LA GRANDE RIVIERE A","7093716","2019-01-22 08:00","2019","01","22","08:00","","-19.9","","-22.5","","80","","","","20","","17","","24.1","","99.47","","","","-30","","Ice Crystals"
"-77.70","53.63","LA GRANDE RIVIERE A","7093716","2019-01-22 09:00","2019","01","22","09:00","","-19.2","","-21.7","","81","","","","19","","15","","2.4","","99.42","","","","-28","","Snow"
"-77.70","53.63","LA GRANDE RIVIERE A","7093716","2019-01-22 10:00","2019","01","22","10:00","","-18.0","","-20.4","","82","","","","19","","17","","2.0","","99.43","","","","-27","","Snow"
"-77.70","53.63","LA GRANDE RIVIERE A","7093716","2019-01-22 11:00","2019","01","22","11:00","","-16.7","","-19.0","","83","","","","19","","18","","6.4","","99.39","","","","-26","","Snow"
"-77.70","53.63","LA GRANDE RIVIERE A","7093716","2019-01-22 12:00","2019","01","22","12:00","","-15.7","","-17.9","","83","","","","20","","19","","6.4","","99.37","","","","-25","","Snow"
"-77.70","53.63","LA GRANDE RIVIERE A","7093716","2019-01-22 13:00","2019","01","22","13:00","","-15.0","","-17.2","","84","","","","19","","18","","4.8","","99.33","","","","-24","","Snow"
"-77.70","53.63","LA GRANDE RIVIERE A","7093716","2019-01-22 14:00","2019","01","22","14:00","","-14.2","","-16.2","","85","","","","19","","13","","2.4","","99.29","","","","-21","","Snow"
"-77.70","53.63","LA GRANDE RIVIERE A","7093716","2019-01-22 15:00","2019","01","22","15:00","","-13.2","","-15.2","","86","","","","20","","16","","3.2","","99.27","","","","-21","","Snow"
"-77.70","53.63","LA GRANDE RIVIERE A","7093716","2019-01-22 16:00","2019","01","22","16:00","","-13.0","","-14.9","","86","","","","19","","16","","3.2","","99.21","","","","-21","","Snow"
"-77.70","53.63","LA GRANDE RIVIERE A","7093716","2019-01-22 17:00","2019","01","22","17:00","","-12.8","","-14.6","","86","","","","18","","11","","2.4","","99.19","","","","-19","","Snow"
"-77.70","53.63","LA GRANDE RIVIERE A","7093716","2019-01-22 18:00","2019","01","22","18:00","","-12.6","","-14.3","","87","","","","18","","11","","3.2","","99.15","","","","-19","","Snow"
"-77.70","53.63","LA GRANDE RIVIERE A","7093716","2019-01-22 19:00","2019","01","22","19:00","","-12.5","","-14.3","","87","","","","17","","13","","3.2","","99.09","","","","-19","","Snow"
"-77.70","53.63","LA GRANDE RIVIERE A","7093716","2019-01-22 20:00","2019","01","22","20:00","","-12.2","","-14.0","","87","","","","17","","10","","2.4","","99.03","","","","-18","","Snow"
"-77.70","53.63","LA GRANDE RIVIERE A","7093716","2019-01-22 21:00","2019","01","22","21:00","","-12.2","","-14.0","","87","","","","16","","8","","2.4","","98.96","","","","-17","","Snow"
"-77.70","53.63","LA GRANDE RIVIERE A","7093716","2019-01-22 22:00","2019","01","22","22:00","","-12.1","","-13.8","","87","","","","16","","10","","2.4","","98.88","","","","-18","","Snow"
"-77.70","53.63","LA GRANDE RIVIERE A","7093716","2019-01-22 23:00","2019","01","22","23:00","","-11.2","","-12.9","","88","","","","18","","14","","2.4","","98.81","","","","-18","","Snow"
"-77.70","53.63","LA GRANDE RIVIERE A","7093716","2019-01-23 00:00","2019","01","23","00:00","","-11.1","","-12.7","","88","","","","18","","13","","2.4","","98.77","","","","-18","","Snow"
"-77.70","53.63","LA GRANDE RIVIERE A","7093716","2019-01-23 01:00","2019","01","23","01:00","","-11.5","","-13.1","","88","","","","19","","11","","2.4","","98.73","","","","-17","","Snow"
"-77.70","53.63","LA GRANDE RIVIERE A","7093716","2019-01-23 02:00","2019","01","23","02:00","","-11.9","","-13.6","","87","","","","19","","14","","2.4","","98.71","","","","-19","","Snow"
"-77.70","53.63","LA GRANDE RIVIERE A","7093716","2019-01-23 03:00","2019","01","23","03:00","","-12.2","","-13.9","","87","","","","19","","13","","4.8","","98.67","","","","-19","","Snow"
"-77.70","53.63","LA GRANDE RIVIERE A","7093716","2019-01-23 04:00","2019","01","23","04:00","","-12.2","","-14.0","","87","","","","19","","14","","19.3","","98.65","","","","-19","","Snow"
"-77.70","53.63","LA GRANDE RIVIERE A","7093716","2019-01-23 05:00","2019","01","23","05:00","","-12.2","","-14.0","","87","","","","20","","14","","11.3","","98.62","","","","-19","","Snow"
"-77.70","53.63","LA GRANDE RIVIERE A","7093716","2019-01-23 06:00","2019","01","23","06:00","","-12.2","","-14.0","","87","","","","20","","12","","4.8","","98.61","","","","-19","","Snow"
"-77.70","53.63","LA GRANDE RIVIERE A","7093716","2019-01-23 07:00","2019","01","23","07:00","","-12.2","","-14.0","","87","","","","22","","11","","24.1","","98.60","","","","-18","","Snow"
"-77.70","53.63","LA GRANDE RIVIERE A","7093716","2019-01-23 08:00","2019","01","23","08:00","","-12.2","","-13.9","","87","","","","23","","11","","8.1","","98.58","","","","-18","","Snow,Ice Crystals"
"-77.70","53.63","LA GRANDE RIVIERE A","7093716","2019-01-23 09:00","2019","01","23","09:00","","-12.2","","-13.9","","87","","","","24","","9","","3.2","","98.58","","","","-17","","Snow"
"-77.70","53.63","LA GRANDE RIVIERE A","7093716","2019-01-23 10:00","2019","01","23","10:00","","-12.5","","-14.3","","87","","","","25","","12","","3.2","","98.59","","","","-19","","Snow"
"-77.70","53.63","LA GRANDE RIVIERE A","7093716","2019-01-23 11:00","2019","01","23","11:00","","-12.7","","-14.5","","86","","","","27","","14","","8.1","","98.61","","","","-20","","Snow"
"-77.70","53.63","LA GRANDE RIVIERE A","7093716","2019-01-23 12:00","2019","01","23","12:00","","-12.6","","-14.6","","86","","","","24","","13","","8.1","","98.64","","","","-19","","Snow"
"-77.70","53.63","LA GRANDE RIVIERE A","7093716","2019-01-23 13:00","2019","01","23","13:00","","-12.8","","-14.8","","85","","","","26","","13","","4.8","","98.66","","","","-20","","Snow"
"-77.70","53.63","LA GRANDE RIVIERE A","7093716","2019-01-23 14:00","2019","01","23","14:00","","-13.1","","-15.7","","81","","","","25","","11","","8.1","","98.69","","","","-19","","Snow"
"-77.70","53.63","LA GRANDE RIVIERE A","7093716","2019-01-23 15:00","2019","01","23","15:00","","-13.3","","-16.2","","79","","","","29","","11","","8.1","","98.58","","","","-20","","Snow"
"-77.70","53.63","LA GRANDE RIVIERE A","7093716","2019-01-23 16:00","2019","01","23","16:00","","-13.7","","-16.2","","81","","","","31","","6","","24.1","","98.58","","","","-18","","Snow"
"-77.70","53.63","LA GRANDE RIVIERE A","7093716","2019-01-23 17:00","2019","01","23","17:00","","-14.4","","-16.8","","83","","","","32","","3","","24.1","","98.60","","","","-17","","Snow"
"-77.70","53.63","LA GRANDE RIVIERE A","7093716","2019-01-23 18:00","2019","01","23","18:00","","-15.1","","-17.4","","83","","","","","","0","","24.1","","98.63","","","","","","Snow"
"-77.70","53.63","LA GRANDE RIVIERE A","7093716","2019-01-23 19:00","2019","01","23","19:00","","-15.1","","-17.3","","84","","","","3","","4","","24.1","","98.61","","","","-18","","Snow,Ice Crystals"
"-77.70","53.63","LA GRANDE RIVIERE A","7093716","2019-01-23 20:00","2019","01","23","20:00","","-15.4","","-17.6","","84","","","","36","","4","","24.1","","98.56","","","","-18","","Snow,Ice Crystals"
"-77.70","53.63","LA GRANDE RIVIERE A","7093716","2019-01-23 21:00","2019","01","23","21:00","","-15.7","","-17.9","","83","","","","35","","4","","24.1","","98.52","","","","-19","","Snow"
"-77.70","53.63","LA GRANDE RIVIERE A","7093716","2019-01-23 22:00","2019","01","23","22:00","","-15.9","","-18.1","","83","","","","4","","6","","24.1","","98.45","","","","-20","","Snow"
"-77.70","53.63","LA GRANDE RIVIERE A","7093716","2019-01-23 23:00","2019","01","23","23:00","","-16.1","","-18.4","","83","","","","4","","7","","24.1","","98.42","","","","-21","","Snow"
"-77.70","53.63","LA GRANDE RIVIERE A","7093716","2019-01-24 00:00","2019","01","24","00:00","","-16.2","","-18.4","","84","","","","1","","5","","24.1","","98.39","","","","-20","","Snow"
"-77.70","53.63","LA GRANDE RIVIERE A","7093716","2019-01-24 01:00","2019","01","24","01:00","","-16.4","","-18.6","","84","","","","2","","5","","24.1","","98.32","","","","-20","","Snow"
"-77.70","53.63","LA GRANDE RIVIERE A","7093716","2019-01-24 02:00","2019","01","24","02:00","","-16.4","","-18.7","","83","","","","36","","6","","24.1","","98.31","","","","-21","","Snow"
"-77.70","53.63","LA GRANDE RIVIERE A","7093716","2019-01-24 03:00","2019","01","24","03:00","","-16.6","","-19.0","","82","","","","36","","8","","24.1","","98.25","","","","-22","","Snow"
"-77.70","53.63","LA GRANDE RIVIERE A","7093716","2019-01-24 04:00","2019","01","24","04:00","","-16.8","","-19.1","","82","","","","2","","9","","24.1","","98.24","","","","-23","","Snow"
"-77.70","53.63","LA GRANDE RIVIERE A","7093716","2019-01-24 05:00","2019","01","24","05:00","","-16.9","","-19.4","","81","","","","35","","10","","24.1","","98.20","","","","-24","","Snow"
"-77.70","53.63","LA GRANDE RIVIERE A","7093716","2019-01-24 06:00","2019","01","24","06:00","","-17.1","","-19.7","","81","","","","35","","8","","24.1","","98.17","","","","-23","","Snow"
"-77.70","53.63","LA GRANDE RIVIERE A","7093716","2019-01-24 07:00","2019","01","24","07:00","","-17.3","","-19.8","","81","","","","35","","5","","24.1","","98.19","","","","-21","","Snow"
"-77.70","53.63","LA GRANDE RIVIERE A","7093716","2019-01-24 08:00","2019","01","24","08:00","","-17.5","","-20.0","","81","","","","34","","7","","24.1","","98.17","","","","-23","","Snow"
"-77.70","53.63","LA GRANDE RIVIERE A","7093716","2019-01-24 09:00","2019","01","24","09:00","","-17.6","","-20.2","","81","","","","33","","7","","24.1","","98.16","","","","-23","","Snow"
"-77.70","53.63","LA GRANDE RIVIERE A","7093716","2019-01-24 10:00","2019","01","24","10:00","","-17.3","","-20.1","","79","","","","31","","8","","8.1","","98.19","","","","-23","","Snow"
"-77.70","53.63","LA GRANDE RIVIERE A","7093716","2019-01-24 11:00","2019","01","24","11:00","","-17.2","","-20.1","","79","","","","32","","11","","6.4","","98.20","","","","-24","","Snow"
"-77.70","53.63","LA GRANDE RIVIERE A","7093716","2019-01-24 12:00","2019","01","24","12:00","","-17.9","","-21.0","","77","","","","32","","16","","8.1","","98.16","","","","-27","","Snow"
"-77.70","53.63","LA GRANDE RIVIERE A","7093716","2019-01-24 13:00","2019","01","24","13:00","","-18.0","","-21.3","","76","","","","32","","13","","8.1","","98.17","","","","-26","","Snow"
"-77.70","53.63","LA GRANDE RIVIERE A","7093716","2019-01-24 14:00","2019","01","24","14:00","","-18.3","","-21.7","","75","","","","33","","14","","24.1","","98.17","","","","-27","","Snow"
"-77.70","53.63","LA GRANDE RIVIERE A","7093716","2019-01-24 15:00","2019","01","24","15:00","","-19.3","","-22.8","","75","","","","32","","15","","8.1","","98.20","","","","-28","","Snow"
"-77.70","53.63","LA GRANDE RIVIERE A","7093716","2019-01-24 16:00","2019","01","24","16:00","","-20.5","","-23.8","","75","","","","33","","17","","24.1","","98.23","","","","-30","","Snow"
"-77.70","53.63","LA GRANDE RIVIERE A","7093716","2019-01-24 17:00","2019","01","24","17:00","","-21.8","","-25.1","","75","","","","31","","17","","24.1","","98.27","","","","-32","","Snow"
"-77.70","53.63","LA GRANDE RIVIERE A","7093716","2019-01-24 18:00","2019","01","24","18:00","","-22.6","","-25.8","","75","","","","31","","12","","24.1","","98.30","","","","-31","","Snow"
"-77.70","53.63","LA GRANDE RIVIERE A","7093716","2019-01-24 19:00","2019","01","24","19:00","","-23.4","","-26.5","","76","","","","31","","13","","24.1","","98.31","","","","-33","","Snow"
"-77.70","53.63","LA GRANDE RIVIERE A","7093716","2019-01-24 20:00","2019","01","24","20:00","","-24.0","","-27.0","","77","","","","32","","16","","24.1","","98.29","","","","-34","","Snow"
"-77.70","53.63","LA GRANDE RIVIERE A","7093716","2019-01-24 21:00","2019","01","24","21:00","","-24.2","","-27.4","","76","","","","31","","13","","4.8","","98.27","","","","-34","","Snow"
"-77.70","53.63","LA GRANDE RIVIERE A","7093716","2019-01-24 22:00","2019","01","24","22:00","","-24.3","","-27.5","","75","","","","31","","15","","8.1","","98.27","","","","-34","","Snow"
"-77.70","53.63","LA GRANDE RIVIERE A","7093716","2019-01-24 23:00","2019","01","24","23:00","","-24.8","","-28.0","","75","","","","30","","17","","4.8","","98.28","","","","-36","","Snow"
"-77.70","53.63","LA GRANDE RIVIERE A","7093716","2019-01-25 00:00","2019","01","25","00:00","","-25.6","","-29.0","","74","","","","31","","15","","16.1","","98.30","","","","-36","","Snow"
"-77.70","53.63","LA GRANDE RIVIERE A","7093716","2019-01-25 01:00","2019","01","25","01:00","","-26.5","","-29.7","","75","","","","30","","15","","12.9","","98.28","","","","-37","","Snow"
"-77.70","53.63","LA GRANDE RIVIERE A","7093716","2019-01-25 02:00","2019","01","25","02:00","","-27.4","","-30.4","","76","","","","31","","14","","24.1","","98.26","","","","-38","","Snow"
"-77.70","53.63","LA GRANDE RIVIERE A","7093716","2019-01-25 03:00","2019","01","25","03:00","","-27.5","","-30.8","","74","","","","31","","14","","4.8","","98.26","","","","-38","","Snow"
"-77.70","53.63","LA GRANDE RIVIERE A","7093716","2019-01-25 04:00","2019","01","25","04:00","","-28.6","","-31.8","","74","","","","31","","14","","24.1","","98.27","","","","-39","","Snow"
"-77.70","53.63","LA GRANDE RIVIERE A","7093716","2019-01-25 05:00","2019","01","25","05:00","","-29.0","","-32.3","","74","","","","31","","10","","24.1","","98.32","","","","-38","","Snow"
"-77.70","53.63","LA GRANDE RIVIERE A","7093716","2019-01-25 06:00","2019","01","25","06:00","","-29.4","","-32.8","","73","","","","30","","9","","24.1","","98.36","","","","-38","","Snow"
"-77.70","53.63","LA GRANDE RIVIERE A","7093716","2019-01-25 07:00","2019","01","25","07:00","","-29.7","","-33.2","","72","","","","30","","12","","12.9","","98.39","","","","-40","","Snow"
"-77.70","53.63","LA GRANDE RIVIERE A","7093716","2019-01-25 08:00","2019","01","25","08:00","","-30.0","","-33.5","","72","","","","30","","13","","6.4","","98.42","","","","-41","","Snow"
"-77.70","53.63","LA GRANDE RIVIERE A","7093716","2019-01-25 09:00","2019","01","25","09:00","","-29.7","","-33.2","","72","","","","30","","10","","3.2","","98.44","","","","-39","","Snow"
"-77.70","53.63","LA GRANDE RIVIERE A","7093716","2019-01-25 10:00","2019","01","25","10:00","","-29.0","","-32.7","","71","","","","30","","14","","6.4","","98.43","","","","-40","","Snow"
"-77.70","53.63","LA GRANDE RIVIERE A","7093716","2019-01-25 11:00","2019","01","25","11:00","","-29.0","","-32.9","","70","","","","29","","15","","4.8","","98.47","","","","-40","","Snow"
"-77.70","53.63","LA GRANDE RIVIERE A","7093716","2019-01-25 12:00","2019","01","25","12:00","","-28.8","","-32.8","","69","","","","30","","18","","6.4","","98.48","","","","-41","","Snow"
"-77.70","53.63","LA GRANDE RIVIERE A","7093716","2019-01-25 13:00","2019","01","25","13:00","","-28.5","","-32.5","","69","","","","29","","14","","6.4","","98.51","","","","-39","","Snow"
"-77.70","53.63","LA GRANDE RIVIERE A","7093716","2019-01-25 14:00","2019","01","25","14:00","","-28.3","","-32.3","","70","","","","28","","18","","8.1","","98.56","","","","-40","","Snow"
"-77.70","53.63","LA GRANDE RIVIERE A","7093716","2019-01-25 15:00","2019","01","25","15:00","","-28.4","","-32.5","","69","","","","27","","17","","9.7","","98.61","","","","-40","","Snow"
"-77.70","53.63","LA GRANDE RIVIERE A","7093716","2019-01-25 16:00","2019","01","25","16:00","","-28.5","","-32.6","","69","","","","27","","18","","9.7","","98.65","","","","-41","","Snow"
"-77.70","53.63","LA GRANDE RIVIERE A","7093716","2019-01-25 17:00","2019","01","25","17:00","","-30.0","","-33.8","","70","","","","27","","10","","24.1","","98.67","","","","-39","","Snow"
"-77.70","53.63","LA GRANDE RIVIERE A","7093716","2019-01-25 18:00","2019","01","25","18:00","","-30.3","","-33.8","","72","","","","25","","9","","24.1","","98.71","","","","-39","","Snow"
"-77.70","53.63","LA GRANDE RIVIERE A","7093716","2019-01-25 19:00","2019","01","25","19:00","","-31.7","","-35.0","","73","","","","27","","15","","24.1","","98.75","","","","-44","","Snow"
"-77.70","53.63","LA GRANDE RIVIERE A","7093716","2019-01-25 20:00","2019","01","25","20:00","","-32.9","","-36.3","","72","","","","27","","15","","24.1","","98.78","","","","-45","","Snow"
"-77.70","53.63","LA GRANDE RIVIERE A","7093716","2019-01-25 21:00","2019","01","25","21:00","","-33.7","","-37.0","","73","","","","27","","11","","24.1","","98.82","","","","-44","","Snow"
"-77.70","53.63","LA GRANDE RIVIERE A","7093716","2019-01-25 22:00","2019","01","25","22:00","","-34.0","","-37.4","","73","","","","25","","9","","24.1","","98.83","","","","-43","","Snow"
"-77.70","53.63","LA GRANDE RIVIERE A","7093716","2019-01-25 23:00","2019","01","25","23:00","","-33.9","","-37.2","","73","","","","25","","8","","24.1","","98.85","","","","-43","","NA"
"-77.70","53.63","LA GRANDE RIVIERE A","7093716","2019-01-26 00:00","2019","01","26","00:00","","-35.0","","-38.4","","72","","","","23","","9","","24.1","","98.85","","","","-45","","Ice Crystals"
"-77.70","53.63","LA GRANDE RIVIERE A","7093716","2019-01-26 01:00","2019","01","26","01:00","","-35.1","","-38.5","","72","","","","20","","9","","24.1","","98.85","","","","-45","","Ice Crystals"
"-77.70","53.63","LA GRANDE RIVIERE A","7093716","2019-01-26 02:00","2019","01","26","02:00","","-35.1","","-38.5","","72","","","","21","","9","","24.1","","98.88","","","","-45","","Ice Crystals"
"-77.70","53.63","LA GRANDE RIVIERE A","7093716","2019-01-26 03:00","2019","01","26","03:00","","-35.4","","-38.8","","72","","","","20","","12","","24.1","","98.89","","","","-47","","NA"
"-77.70","53.63","LA GRANDE RIVIERE A","7093716","2019-01-26 04:00","2019","01","26","04:00","","-35.6","","-39.1","","72","","","","19","","14","","24.1","","98.89","","","","-48","","Ice Crystals"
"-77.70","53.63","LA GRANDE RIVIERE A","7093716","2019-01-26 05:00","2019","01","26","05:00","","-35.8","","-39.3","","71","","","","18","","14","","24.1","","98.91","","","","-48","","Ice Crystals"
"-77.70","53.63","LA GRANDE RIVIERE A","7093716","2019-01-26 06:00","2019","01","26","06:00","","-36.2","","-39.8","","70","","","","19","","14","","24.1","","98.96","","","","-49","","Ice Crystals"
"-77.70","53.63","LA GRANDE RIVIERE A","7093716","2019-01-26 07:00","2019","01","26","07:00","","-36.6","","-40.2","","70","","","","18","","14","","24.1","","98.98","","","","-49","","Ice Crystals"
"-77.70","53.63","LA GRANDE RIVIERE A","7093716","2019-01-26 08:00","2019","01","26","08:00","","-36.7","","-40.4","","70","","","","18","","14","","24.1","","99.03","","","","-49","","Ice Crystals"
"-77.70","53.63","LA GRANDE RIVIERE A","7093716","2019-01-26 09:00","2019","01","26","09:00","","-36.4","","-40.1","","70","","","","17","","17","","24.1","","99.08","","","","-50","","Ice Crystals"
"-77.70","53.63","LA GRANDE RIVIERE A","7093716","2019-01-26 10:00","2019","01","26","10:00","","-35.3","","-39.0","","70","","","","17","","16","","24.1","","99.12","","","","-48","","Ice Crystals"
"-77.70","53.63","LA GRANDE RIVIERE A","7093716","2019-01-26 11:00","2019","01","26","11:00","","-33.1","","-36.8","","70","","","","18","","19","","16.1","","99.15","","","","-47","","Ice Crystals"
"-77.70","53.63","LA GRANDE RIVIERE A","7093716","2019-01-26 12:00","2019","01","26","12:00","","-31.5","","-35.2","","71","","","","18","","16","","24.1","","99.14","","","","-44","","Ice Crystals"
"-77.70","53.63","LA GRANDE RIVIERE A","7093716","2019-01-26 13:00","2019","01","26","13:00","","-30.4","","-34.1","","71","","","","17","","17","","24.1","","99.16","","","","-43","","Ice Crystals"
"-77.70","53.63","LA GRANDE RIVIERE A","7093716","2019-01-26 14:00","2019","01","26","14:00","","-29.6","","-33.3","","71","","","","18","","16","","24.1","","99.17","","","","-41","","NA"
"-77.70","53.63","LA GRANDE RIVIERE A","7093716","2019-01-26 15:00","2019","01","26","15:00","","-29.5","","-33.2","","71","","","","17","","13","","24.1","","99.21","","","","-40","","NA"
"-77.70","53.63","LA GRANDE RIVIERE A","7093716","2019-01-26 16:00","2019","01","26","16:00","","-30.0","","-33.6","","71","","","","15","","13","","24.1","","99.25","","","","-41","","Ice Crystals"
"-77.70","53.63","LA GRANDE RIVIERE A","7093716","2019-01-26 17:00","2019","01","26","17:00","","-30.9","","-34.5","","71","","","","14","","10","","24.1","","99.29","","","","-40","","Ice Crystals"
"-77.70","53.63","LA GRANDE RIVIERE A","7093716","2019-01-26 18:00","2019","01","26","18:00","","-30.9","","-34.5","","71","","","","15","","15","","24.1","","99.33","","","","-43","","Ice Crystals"
"-77.70","53.63","LA GRANDE RIVIERE A","7093716","2019-01-26 19:00","2019","01","26","19:00","","-30.8","","-34.5","","71","","","","15","","18","","24.1","","99.40","","","","-43","","Ice Crystals"
"-77.70","53.63","LA GRANDE RIVIERE A","7093716","2019-01-26 20:00","2019","01","26","20:00","","-30.8","","-34.5","","71","","","","15","","18","","24.1","","99.43","","","","-43","","Ice Crystals"
"-77.70","53.63","LA GRANDE RIVIERE A","7093716","2019-01-26 21:00","2019","01","26","21:00","","-30.6","","-34.3","","71","","","","15","","19","","24.1","","99.45","","","","-44","","Ice Crystals"
"-77.70","53.63","LA GRANDE RIVIERE A","7093716","2019-01-26 22:00","2019","01","26","22:00","","-30.5","","-34.2","","71","","","","15","","16","","24.1","","99.43","","","","-42","","Ice Crystals"
"-77.70","53.63","LA GRANDE RIVIERE A","7093716","2019-01-26 23:00","2019","01","26","23:00","","-31.1","","-34.8","","71","","","","14","","14","","24.1","","99.43","","","","-42","","Ice Crystals"
"-77.70","53.63","LA GRANDE RIVIERE A","7093716","2019-01-27 00:00","2019","01","27","00:00","","-33.4","","-37.0","","70","","","","12","","15","","24.1","","99.40","","","","-46","","Ice Crystals"
"-77.70","53.63","LA GRANDE RIVIERE A","7093716","2019-01-27 01:00","2019","01","27","01:00","","-35.2","","-38.8","","70","","","","11","","17","","24.1","","99.39","","","","-49","","Ice Crystals"
"-77.70","53.63","LA GRANDE RIVIERE A","7093716","2019-01-27 02:00","2019","01","27","02:00","","-34.1","","-37.7","","71","","","","10","","16","","24.1","","99.37","","","","-47","","Ice Crystals"
"-77.70","53.63","LA GRANDE RIVIERE A","7093716","2019-01-27 03:00","2019","01","27","03:00","","-34.7","","-38.4","","70","","","","9","","18","","24.1","","99.35","","","","-48","","Ice Crystals"
"-77.70","53.63","LA GRANDE RIVIERE A","7093716","2019-01-27 04:00","2019","01","27","04:00","","-34.7","","-38.4","","69","","","","9","","16","","24.1","","99.30","","","","-48","","Ice Crystals"
"-77.70","53.63","LA GRANDE RIVIERE A","7093716","2019-01-27 05:00","2019","01","27","05:00","","-35.1","","-38.9","","69","","","","7","","11","","24.1","","99.24","","","","-46","","Ice Crystals"
"-77.70","53.63","LA GRANDE RIVIERE A","7093716","2019-01-27 06:00","2019","01","27","06:00","","-34.6","","-38.4","","69","","","","7","","19","","24.1","","99.22","","","","-49","","Ice Crystals"
"-77.70","53.63","LA GRANDE RIVIERE A","7093716","2019-01-27 07:00","2019","01","27","07:00","","-33.8","","-37.6","","70","","","","8","","25","","24.1","","99.21","","","","-49","","Ice Crystals"
"-77.70","53.63","LA GRANDE RIVIERE A","7093716","2019-01-27 08:00","2019","01","27","08:00","","-34.1","","-37.9","","69","","","","8","","22","","8.1","","99.17","","","","-49","","Ice Crystals"
"-77.70","53.63","LA GRANDE RIVIERE A","7093716","2019-01-27 09:00","2019","01","27","09:00","","-33.2","","-37.0","","70","","","","7","","21","","24.1","","99.14","","","","-47","","Ice Crystals"
"-77.70","53.63","LA GRANDE RIVIERE A","7093716","2019-01-27 10:00","2019","01","27","10:00","","-32.1","","-35.8","","70","","","","7","","25","","8.1","","99.09","","","","-47","","Ice Crystals"
"-77.70","53.63","LA GRANDE RIVIERE A","7093716","2019-01-27 11:00","2019","01","27","11:00","","-31.1","","-34.9","","70","","","","7","","25","","16.1","","99.00","","","","-46","","Ice Crystals"
"-77.70","53.63","LA GRANDE RIVIERE A","7093716","2019-01-27 12:00","2019","01","27","12:00","","-29.2","","-32.9","","71","","","","7","","21","","8.1","","98.92","","","","-42","","Fog,Blowing Snow"
"-77.70","53.63","LA GRANDE RIVIERE A","7093716","2019-01-27 13:00","2019","01","27","13:00","","-28.1","","-31.8","","71","","","","6","","23","","24.1","","98.79","","","","-42","","Blowing Snow"
"-77.70","53.63","LA GRANDE RIVIERE A","7093716","2019-01-27 14:00","2019","01","27","14:00","","-26.6","","-30.3","","72","","","","7","","30","","24.1","","98.67","","","","-41","","Ice Crystals,Blowing Snow"
"-77.70","53.63","LA GRANDE RIVIERE A","7093716","2019-01-27 15:00","2019","01","27","15:00","","-25.2","","-29.1","","71","","","","6","","22","","24.1","","98.61","","","","-38","","Ice Crystals,Blowing Snow"
"-77.70","53.63","LA GRANDE RIVIERE A","7093716","2019-01-27 16:00","2019","01","27","16:00","","-25.7","","-29.8","","69","","","","5","","23","","24.1","","98.56","","","","-38","","Ice Crystals,Blowing Snow"
"-77.70","53.63","LA GRANDE RIVIERE A","7093716","2019-01-27 17:00","2019","01","27","17:00","","-25.9","","-30.0","","69","","","","5","","19","","24.1","","98.53","","","","-38","","Ice Crystals,Blowing Snow"
"-77.70","53.63","LA GRANDE RIVIERE A","7093716","2019-01-27 18:00","2019","01","27","18:00","","-25.6","","-29.5","","71","","","","4","","17","","24.1","","98.49","","","","-37","","Ice Crystals"
"-77.70","53.63","LA GRANDE RIVIERE A","7093716","2019-01-27 19:00","2019","01","27","19:00","","-24.6","","-28.5","","70","","","","3","","14","","24.1","","98.43","","","","-34","","Ice Crystals"
"-77.70","53.63","LA GRANDE RIVIERE A","7093716","2019-01-27 20:00","2019","01","27","20:00","","-23.9","","-28.2","","68","","","","3","","14","","24.1","","98.37","","","","-34","","Snow"
"-77.70","53.63","LA GRANDE RIVIERE A","7093716","2019-01-27 21:00","2019","01","27","21:00","","-23.6","","-28.0","","68","","","","4","","17","","24.1","","98.39","","","","-34","","Snow"
"-77.70","53.63","LA GRANDE RIVIERE A","7093716","2019-01-27 22:00","2019","01","27","22:00","","-23.6","","-27.5","","71","","","","1","","14","","4.8","","98.32","","","","-33","","Snow"
"-77.70","53.63","LA GRANDE RIVIERE A","7093716","2019-01-27 23:00","2019","01","27","23:00","","-23.4","","-27.1","","72","","","","3","","14","","4.8","","98.29","","","","-33","","Snow"
"-77.70","53.63","LA GRANDE RIVIERE A","7093716","2019-01-28 00:00","2019","01","28","00:00","","-23.5","","-27.4","","71","","","","2","","13","","4.8","","98.30","","","","-33","","Snow"
"-77.70","53.63","LA GRANDE RIVIERE A","7093716","2019-01-28 01:00","2019","01","28","01:00","","-23.8","","-27.7","","71","","","","1","","16","","4.8","","98.30","","","","-34","","Snow"
"-77.70","53.63","LA GRANDE RIVIERE A","7093716","2019-01-28 02:00","2019","01","28","02:00","","-23.9","","-28.2","","69","","","","34","","10","","24.1","","98.34","","","","-32","","Snow"
"-77.70","53.63","LA GRANDE RIVIERE A","7093716","2019-01-28 03:00","2019","01","28","03:00","","-23.9","","-28.3","","67","","","","35","","13","","24.1","","98.36","","","","-33","","Snow"
"-77.70","53.63","LA GRANDE RIVIERE A","7093716","2019-01-28 04:00","2019","01","28","04:00","","-24.1","","-29.1","","64","","","","34","","16","","24.1","","98.46","","","","-34","","Snow"
"-77.70","53.63","LA GRANDE RIVIERE A","7093716","2019-01-28 05:00","2019","01","28","05:00","","-24.4","","-29.7","","62","","","","33","","9","","24.1","","98.55","","","","-32","","Snow"
"-77.70","53.63","LA GRANDE RIVIERE A","7093716","2019-01-28 06:00","2019","01","28","06:00","","-25.2","","-30.4","","62","","","","33","","19","","24.1","","98.65","","","","-37","","NA"
"-77.70","53.63","LA GRANDE RIVIERE A","7093716","2019-01-28 07:00","2019","01","28","07:00","","-27.5","","-32.3","","65","","","","31","","14","","24.1","","98.78","","","","-38","","Mostly Cloudy"
"-77.70","53.63","LA GRANDE RIVIERE A","7093716","2019-01-28 08:00","2019","01","28","08:00","","-28.2","","-32.8","","66","","","","32","","14","","24.1","","98.91","","","","-39","","NA"
"-77.70","53.63","LA GRANDE RIVIERE A","7093716","2019-01-28 09:00","2019","01","28","09:00","","-28.2","","-32.9","","65","","","","32","","16","","24.1","","99.00","","","","-40","","Blowing Snow"
"-77.70","53.63","LA GRANDE RIVIERE A","7093716","2019-01-28 10:00","2019","01","28","10:00","","-27.2","","-32.2","","64","","","","31","","14","","24.1","","99.17","","","","-38","","Blowing Snow"
"-77.70","53.63","LA GRANDE RIVIERE A","7093716","2019-01-28 11:00","2019","01","28","11:00","","-26.1","","-31.6","","61","","","","30","","15","","24.1","","99.31","","","","-37","","NA"
"-77.70","53.63","LA GRANDE RIVIERE A","7093716","2019-01-28 12:00","2019","01","28","12:00","","-25.3","","-31.2","","59","","","","31","","15","","24.1","","99.39","","","","-36","","NA"
"-77.70","53.63","LA GRANDE RIVIERE A","7093716","2019-01-28 13:00","2019","01","28","13:00","","-24.4","","-30.6","","58","","","","31","","10","","24.1","","99.48","","","","-32","","Clear"
"-77.70","53.63","LA GRANDE RIVIERE A","7093716","2019-01-28 14:00","2019","01","28","14:00","","-24.2","","-30.8","","55","","","","32","","14","","24.1","","99.58","","","","-34","","NA"
"-77.70","53.63","LA GRANDE RIVIERE A","7093716","2019-01-28 15:00","2019","01","28","15:00","","-24.2","","-30.5","","57","","","","30","","12","","24.1","","99.65","","","","-33","","NA"
"-77.70","53.63","LA GRANDE RIVIERE A","7093716","2019-01-28 16:00","2019","01","28","16:00","","-25.3","","-30.8","","61","","","","32","","8","","24.1","","99.71","","","","-32","","Clear"
"-77.70","53.63","LA GRANDE RIVIERE A","7093716","2019-01-28 17:00","2019","01","28","17:00","","-27.5","","-31.9","","67","","","","31","","7","","24.1","","99.80","","","","-34","","NA"
"-77.70","53.63","LA GRANDE RIVIERE A","7093716","2019-01-28 18:00","2019","01","28","18:00","","-28.6","","-32.4","","70","","","","31","","8","","24.1","","99.85","","","","-36","","NA"
"-77.70","53.63","LA GRANDE RIVIERE A","7093716","2019-01-28 19:00","2019","01","28","19:00","","-29.3","","-32.6","","73","","","","32","","4","","24.1","","99.89","","","","-34","","Clear"
"-77.70","53.63","LA GRANDE RIVIERE A","7093716","2019-01-28 20:00","2019","01","28","20:00","","-30.6","","-33.8","","74","","","","","","0","","24.1","","99.97","","","","","","NA"
"-77.70","53.63","LA GRANDE RIVIERE A","7093716","2019-01-28 21:00","2019","01","28","21:00","","-31.0","","-34.1","","75","","","","6","","5","","24.1","","100.02","","","","-37","","NA"
"-77.70","53.63","LA GRANDE RIVIERE A","7093716","2019-01-28 22:00","2019","01","28","22:00","","-30.2","","-33.2","","76","","","","7","","9","","24.1","","100.02","","","","-39","","Clear"
"-77.70","53.63","LA GRANDE RIVIERE A","7093716","2019-01-28 23:00","2019","01","28","23:00","","-30.8","","-34.2","","73","","","","6","","10","","24.1","","100.03","","","","-40","","NA"
"-77.70","53.63","LA GRANDE RIVIERE A","7093716","2019-01-29 00:00","2019","01","29","00:00","","-32.6","","-36.2","","71","","","","8","","8","","24.1","","100.04","","","","-41","","NA"
"-77.70","53.63","LA GRANDE RIVIERE A","7093716","2019-01-29 01:00","2019","01","29","01:00","","-33.2","","-36.8","","71","","","","8","","10","","24.1","","100.00","","","","-43","","Mainly Clear"
"-77.70","53.63","LA GRANDE RIVIERE A","7093716","2019-01-29 02:00","2019","01","29","02:00","","-32.0","","-35.6","","71","","","","8","","13","","24.1","","99.99","","","","-43","","NA"
"-77.70","53.63","LA GRANDE RIVIERE A","7093716","2019-01-29 03:00","2019","01","29","03:00","","-32.0","","-35.5","","72","","","","6","","19","","24.1","","99.98","","","","-45","","NA"
"-77.70","53.63","LA GRANDE RIVIERE A","7093716","2019-01-29 04:00","2019","01","29","04:00","","-32.8","","-36.4","","71","","","","8","","12","","24.1","","99.97","","","","-44","","Mostly Cloudy"
"-77.70","53.63","LA GRANDE RIVIERE A","7093716","2019-01-29 05:00","2019","01","29","05:00","","-33.0","","-36.6","","71","","","","8","","14","","24.1","","99.96","","","","-45","","NA"
"-77.70","53.63","LA GRANDE RIVIERE A","7093716","2019-01-29 06:00","2019","01","29","06:00","","-32.6","","-36.2","","71","","","","8","","19","","24.1","","99.91","","","","-46","","NA"
"-77.70","53.63","LA GRANDE RIVIERE A","7093716","2019-01-29 07:00","2019","01","29","07:00","","-32.4","","-36.0","","71","","","","7","","22","","24.1","","99.88","","","","-47","","Ice Crystals"
"-77.70","53.63","LA GRANDE RIVIERE A","7093716","2019-01-29 08:00","2019","01","29","08:00","","-31.9","","-35.5","","71","","","","7","","19","","24.1","","99.82","","","","-45","","Ice Crystals"
"-77.70","53.63","LA GRANDE RIVIERE A","7093716","2019-01-29 09:00","2019","01","29","09:00","","-31.4","","-35.1","","71","","","","7","","20","","24.1","","99.75","","","","-45","","Ice Crystals"
"-77.70","53.63","LA GRANDE RIVIERE A","7093716","2019-01-29 10:00","2019","01","29","10:00","","-30.5","","-34.1","","71","","","","6","","19","","24.1","","99.69","","","","-43","","Ice Crystals"
"-77.70","53.63","LA GRANDE RIVIERE A","7093716","2019-01-29 11:00","2019","01","29","11:00","","-29.7","","-33.4","","71","","","","7","","20","","24.1","","99.58","","","","-43","","NA"
"-77.70","53.63","LA GRANDE RIVIERE A","7093716","2019-01-29 12:00","2019","01","29","12:00","","-28.2","","-31.8","","72","","","","6","","24","","24.1","","99.44","","","","-42","","Blowing Snow"
"-77.70","53.63","LA GRANDE RIVIERE A","7093716","2019-01-29 13:00","2019","01","29","13:00","","-26.7","","-30.4","","71","","","","6","","26","","24.1","","99.30","","","","-40","","Blowing Snow"
"-77.70","53.63","LA GRANDE RIVIERE A","7093716","2019-01-29 14:00","2019","01","29","14:00","","-24.7","","-28.6","","70","","","","6","","26","","24.1","","99.15","","","","-38","","Blowing Snow"
"-77.70","53.63","LA GRANDE RIVIERE A","7093716","2019-01-29 15:00","2019","01","29","15:00","","-23.5","","-28.2","","66","","","","6","","30","","24.1","","99.01","","","","-37","","Ice Crystals,Blowing Snow"
"-77.70","53.63","LA GRANDE RIVIERE A","7093716","2019-01-29 16:00","2019","01","29","16:00","","-22.9","","-27.8","","65","","","","6","","32","","24.1","","98.86","","","","-37","","Ice Crystals,Blowing Snow"
"-77.70","53.63","LA GRANDE RIVIERE A","7093716","2019-01-29 17:00","2019","01","29","17:00","","-22.9","","-27.5","","66","","","","7","","25","","24.1","","98.77","","","","-35","","Ice Crystals,Blowing Snow"
"-77.70","53.63","LA GRANDE RIVIERE A","7093716","2019-01-29 18:00","2019","01","29","18:00","","-22.8","","-26.8","","70","","","","6","","33","","8.1","","98.71","","","","-37","","Snow,Blowing Snow"
"-77.70","53.63","LA GRANDE RIVIERE A","7093716","2019-01-29 19:00","2019","01","29","19:00","","-22.3","","-25.8","","73","","","","7","","23","","16.1","","98.64","","","","-34","","Snow,Blowing Snow"
"-77.70","53.63","LA GRANDE RIVIERE A","7093716","2019-01-29 20:00","2019","01","29","20:00","","-21.7","","-24.9","","76","","","","6","","19","","4.8","","98.57","","","","-32","","Snow"
"-77.70","53.63","LA GRANDE RIVIERE A","7093716","2019-01-29 21:00","2019","01","29","21:00","","-21.0","","-24.2","","75","","","","8","","24","","2.4","","98.50","","","","-33","","Snow"
"-77.70","53.63","LA GRANDE RIVIERE A","7093716","2019-01-29 22:00","2019","01","29","22:00","","-20.4","","-23.5","","77","","","","8","","23","","2.4","","98.44","","","","-32","","Snow"
"-77.70","53.63","LA GRANDE RIVIERE A","7093716","2019-01-29 23:00","2019","01","29","23:00","","-20.1","","-23.1","","77","","","","7","","21","","4.8","","98.37","","","","-31","","Snow"
"-77.70","53.63","LA GRANDE RIVIERE A","7093716","2019-01-30 00:00","2019","01","30","00:00","","-19.7","","-22.8","","77","","","","9","","18","","8.1","","98.33","","","","-30","","Snow"
"-77.70","53.63","LA GRANDE RIVIERE A","7093716","2019-01-30 01:00","2019","01","30","01:00","","-19.3","","-22.3","","78","","","","9","","16","","8.1","","98.28","","","","-29","","Snow"
"-77.70","53.63","LA GRANDE RIVIERE A","7093716","2019-01-30 02:00","2019","01","30","02:00","","-19.2","","-22.1","","79","","","","9","","14","","4.8","","98.26","","","","-28","","Snow"
"-77.70","53.63","LA GRANDE RIVIERE A","7093716","2019-01-30 03:00","2019","01","30","03:00","","-20.2","","-22.7","","81","","","","9","","11","","24.1","","98.20","","","","-28","","Ice Crystals"
"-77.70","53.63","LA GRANDE RIVIERE A","7093716","2019-01-30 04:00","2019","01","30","04:00","","-21.0","","-23.4","","81","","","","11","","13","","24.1","","98.18","","","","-30","","Ice Crystals"
"-77.70","53.63","LA GRANDE RIVIERE A","7093716","2019-01-30 05:00","2019","01","30","05:00","","-21.1","","-23.7","","81","","","","11","","13","","24.1","","98.15","","","","-30","","Snow"
"-77.70","53.63","LA GRANDE RIVIERE A","7093716","2019-01-30 06:00","2019","01","30","06:00","","-21.1","","-23.6","","81","","","","9","","10","","11.3","","98.13","","","","-29","","Snow"
"-77.70","53.63","LA GRANDE RIVIERE A","7093716","2019-01-30 07:00","2019","01","30","07:00","","-21.0","","-23.6","","80","","","","9","","13","","24.1","","98.08","","","","-30","","Snow,Ice Crystals"
"-77.70","53.63","LA GRANDE RIVIERE A","7093716","2019-01-30 08:00","2019","01","30","08:00","","-21.5","","-24.1","","80","","","","11","","12","","24.1","","98.06","","","","-30","","Ice Crystals"
"-77.70","53.63","LA GRANDE RIVIERE A","7093716","2019-01-30 09:00","2019","01","30","09:00","","-21.0","","-23.6","","80","","","","8","","9","","24.1","","97.99","","","","-28","","Ice Crystals"
"-77.70","53.63","LA GRANDE RIVIERE A","7093716","2019-01-30 10:00","2019","01","30","10:00","","-21.1","","-23.8","","80","","","","4","","4","","24.1","","97.94","","","","-25","","Ice Crystals"
"-77.70","53.63","LA GRANDE RIVIERE A","7093716","2019-01-30 11:00","2019","01","30","11:00","","-19.2","","-21.7","","81","","","","5","","8","","4.0","","97.85","","","","-25","","Snow Showers"
"-77.70","53.63","LA GRANDE RIVIERE A","7093716","2019-01-30 12:00","2019","01","30","12:00","","-17.9","","-20.3","","81","","","","5","","12","","6.4","","97.76","","","","-25","","Snow"
"-77.70","53.63","LA GRANDE RIVIERE A","7093716","2019-01-30 13:00","2019","01","30","13:00","","-16.8","","-19.3","","81","","","","4","","10","","2.4","","97.67","","","","-23","","Snow"
"-77.70","53.63","LA GRANDE RIVIERE A","7093716","2019-01-30 14:00","2019","01","30","14:00","","-16.3","","-19.2","","79","","","","6","","9","","2.4","","97.65","","","","-22","","Snow"
"-77.70","53.63","LA GRANDE RIVIERE A","7093716","2019-01-30 15:00","2019","01","30","15:00","","-16.0","","-19.0","","78","","","","6","","9","","24.1","","97.63","","","","-22","","Snow"
"-77.70","53.63","LA GRANDE RIVIERE A","7093716","2019-01-30 16:00","2019","01","30","16:00","","-16.6","","-19.2","","81","","","","5","","5","","24.1","","97.63","","","","-20","","Ice Crystals"
"-77.70","53.63","LA GRANDE RIVIERE A","7093716","2019-01-30 17:00","2019","01","30","17:00","","-19.7","","-21.9","","83","","","","27","","7","","24.1","","97.60","","","","-25","","Ice Crystals"
"-77.70","53.63","LA GRANDE RIVIERE A","7093716","2019-01-30 18:00","2019","01","30","18:00","","-20.7","","-22.9","","83","","","","26","","9","","24.1","","97.61","","","","-28","","Ice Crystals"
"-77.70","53.63","LA GRANDE RIVIERE A","7093716","2019-01-30 19:00","2019","01","30","19:00","","-21.9","","-24.4","","81","","","","25","","7","","24.1","","97.60","","","","-28","","Ice Crystals"
"-77.70","53.63","LA GRANDE RIVIERE A","7093716","2019-01-30 20:00","2019","01","30","20:00","","-23.1","","-25.7","","80","","","","26","","10","","24.1","","97.57","","","","-31","","Ice Crystals"
"-77.70","53.63","LA GRANDE RIVIERE A","7093716","2019-01-30 21:00","2019","01","30","21:00","","-23.5","","-26.2","","79","","","","25","","14","","24.1","","97.48","","","","-33","","Ice Crystals"
"-77.70","53.63","LA GRANDE RIVIERE A","7093716","2019-01-30 22:00","2019","01","30","22:00","","-25.2","","-28.1","","78","","","","25","","12","","24.1","","97.46","","","","-34","","Ice Crystals"
"-77.70","53.63","LA GRANDE RIVIERE A","7093716","2019-01-30 23:00","2019","01","30","23:00","","-25.9","","-28.9","","77","","","","25","","9","","12.9","","97.44","","","","-34","","Ice Crystals"
"-77.70","53.63","LA GRANDE RIVIERE A","7093716","2019-01-31 00:00","2019","01","31","00:00","","-23.2","","-25.9","","78","","","","24","","14","","24.1","","97.35","","","","-33","","Ice Crystals"
"-77.70","53.63","LA GRANDE RIVIERE A","7093716","2019-01-31 01:00","2019","01","31","01:00","","-24.6","","-27.6","","77","","","","25","","10","","19.3","","97.31","","","","-33","","Ice Crystals"
"-77.70","53.63","LA GRANDE RIVIERE A","7093716","2019-01-31 02:00","2019","01","31","02:00","","-25.2","","-28.2","","76","","","","25","","11","","24.1","","97.27","","","","-34","","Ice Crystals"
"-77.70","53.63","LA GRANDE RIVIERE A","7093716","2019-01-31 03:00","2019","01","31","03:00","","-24.2","","-27.1","","77","","","","26","","17","","19.3","","97.26","","","","-35","","Ice Crystals"
"-77.70","53.63","LA GRANDE RIVIERE A","7093716","2019-01-31 04:00","2019","01","31","04:00","","-23.8","","-26.7","","77","","","","25","","21","","24.1","","97.24","","","","-36","","Ice Crystals"
"-77.70","53.63","LA GRANDE RIVIERE A","7093716","2019-01-31 05:00","2019","01","31","05:00","","-22.5","","-25.3","","78","","","","25","","25","","8.1","","97.24","","","","-35","","Snow,Ice Crystals"
"-77.70","53.63","LA GRANDE RIVIERE A","7093716","2019-01-31 06:00","2019","01","31","06:00","","-22.7","","-25.5","","78","","","","25","","24","","8.1","","97.26","","","","-35","","Snow,Ice Crystals"
"-77.70","53.63","LA GRANDE RIVIERE A","7093716","2019-01-31 07:00","2019","01","31","07:00","","-23.3","","-26.2","","78","","","","25","","27","","3.2","","97.30","","","","-36","","Snow"
"-77.70","53.63","LA GRANDE RIVIERE A","7093716","2019-01-31 08:00","2019","01","31","08:00","","-24.4","","-27.4","","77","","","","24","","26","","2.4","","97.31","","","","-37","","Snow,Blowing Snow"
"-77.70","53.63","LA GRANDE RIVIERE A","7093716","2019-01-31 09:00","2019","01","31","09:00","","-24.9","","-27.9","","76","","","","24","","28","","4.0","","97.34","","","","-39","","Snow"
"-77.70","53.63","LA GRANDE RIVIERE A","7093716","2019-01-31 10:00","2019","01","31","10:00","","-25.2","","-28.4","","76","","","","25","","28","","3.2","","97.38","","","","-39","","Snow"
"-77.70","53.63","LA GRANDE RIVIERE A","7093716","2019-01-31 11:00","2019","01","31","11:00","","-25.2","","-28.4","","75","","","","25","","34","","3.2","","97.39","","","","-40","","Snow,Blowing Snow"
"-77.70","53.63","LA GRANDE RIVIERE A","7093716","2019-01-31 12:00","2019","01","31","12:00","","-25.0","","-28.2","","75","","","","23","","33","","2.4","","97.34","","","","-40","","Snow,Blowing Snow"
"-77.70","53.63","LA GRANDE RIVIERE A","7093716","2019-01-31 13:00","2019","01","31","13:00","","-24.8","","-28.0","","75","","","","24","","29","","2.4","","97.36","","","","-39","","Snow,Blowing Snow"
"-77.70","53.63","LA GRANDE RIVIERE A","7093716","2019-01-31 14:00","2019","01","31","14:00","","-25.4","","-28.7","","74","","","","23","","36","","2.4","","97.40","","","","-41","","Snow,Blowing Snow"
"-77.70","53.63","LA GRANDE RIVIERE A","7093716","2019-01-31 15:00","2019","01","31","15:00","","-25.6","","-29.0","","73","","","","23","","32","","1.6","","97.45","","","","-40","","Snow,Blowing Snow"
"-77.70","53.63","LA GRANDE RIVIERE A","7093716","2019-01-31 16:00","2019","01","31","16:00","","-25.6","","-29.1","","73","","","","23","","26","","3.2","","97.53","","","","-39","","Snow,Blowing Snow"
"-77.70","53.63","LA GRANDE RIVIERE A","7093716","2019-01-31 17:00","2019","01","31","17:00","","-25.6","","-29.4","","71","","","","24","","30","","3.2","","97.59","","","","-40","","Snow,Blowing Snow"
"-77.70","53.63","LA GRANDE RIVIERE A","7093716","2019-01-31 18:00","2019","01","31","18:00","","-25.4","","-29.1","","72","","","","23","","30","","3.2","","97.60","","","","-40","","Snow,Blowing Snow"
"-77.70","53.63","LA GRANDE RIVIERE A","7093716","2019-01-31 19:00","2019","01","31","19:00","","-25.0","","-28.7","","72","","","","23","","30","","3.2","","97.58","","","","-39","","Snow,Blowing Snow"
"-77.70","53.63","LA GRANDE RIVIERE A","7093716","2019-01-31 20:00","2019","01","31","20:00","","-24.4","","-28.0","","73","","","","24","","31","","4.8","","97.57","","","","-38","","Snow,Blowing Snow"
"-77.70","53.63","LA GRANDE RIVIERE A","7093716","2019-01-31 21:00","2019","01","31","21:00","","-24.1","","-27.6","","73","","","","24","","26","","4.8","","97.57","","","","-37","","Snow,Blowing Snow"
"-77.70","53.63","LA GRANDE RIVIERE A","7093716","2019-01-31 22:00","2019","01","31","22:00","","-23.8","","-27.3","","74","","","","24","","31","","3.2","","97.52","","","","-38","","Snow,Blowing Snow"
"-77.70","53.63","LA GRANDE RIVIERE A","7093716","2019-01-31 23:00","2019","01","31","23:00","","-23.3","","-26.7","","74","","","","24","","31","","3.2","","97.50","","","","-37","","Snow,Blowing Snow"
"-77.70","53.63","LA GRANDE RIVIERE A","7093716","2019-02-01 00:00","2019","02","01","00:00","","-22.9","","-26.2","","75","","","","25","","35","","3.2","","97.48","","","","-37","","Snow,Blowing Snow"
"-77.70","53.63","LA GRANDE RIVIERE A","7093716","2019-02-01 01:00","2019","02","01","01:00","","-22.7","","-26.1","","74","","","","26","","40","","3.2","","97.49","","","","-38","","Snow,Blowing Snow"
"-77.70","53.63","LA GRANDE RIVIERE A","7093716","2019-02-01 02:00","2019","02","01","02:00","","-22.3","","-25.6","","75","","","","26","","39","","2.4","","97.49","","","","-37","","Snow,Blowing Snow"
"-77.70","53.63","LA GRANDE RIVIERE A","7093716","2019-02-01 03:00","2019","02","01","03:00","","-22.2","","-25.4","","76","","","","26","","42","","2.4","","97.47","","","","-37","","Snow,Blowing Snow"
"-77.70","53.63","LA GRANDE RIVIERE A","7093716","2019-02-01 04:00","2019","02","01","04:00","","-22.6","","-25.9","","75","","","","27","","52","","2.4","","97.51","","","","-39","","Snow,Blowing Snow"
"-77.70","53.63","LA GRANDE RIVIERE A","7093716","2019-02-01 05:00","2019","02","01","05:00","","-22.8","","-26.1","","75","","","","27","","45","","2.4","","97.56","","","","-39","","Snow,Blowing Snow"
"-77.70","53.63","LA GRANDE RIVIERE A","7093716","2019-02-01 06:00","2019","02","01","06:00","","-22.9","","-26.2","","75","","","","27","","46","","2.4","","97.62","","","","-39","","Snow,Blowing Snow"
"-77.70","53.63","LA GRANDE RIVIERE A","7093716","2019-02-01 07:00","2019","02","01","07:00","","-23.2","","-26.6","","74","","","","28","","47","","2.4","","97.68","","","","-39","","Snow,Blowing Snow"
"-77.70","53.63","LA GRANDE RIVIERE A","7093716","2019-02-01 08:00","2019","02","01","08:00","","-23.6","","-27.2","","73","","","","27","","49","","2.4","","97.76","","","","-40","","Snow,Blowing Snow"
"-77.70","53.63","LA GRANDE RIVIERE A","7093716","2019-02-01 09:00","2019","02","01","09:00","","-23.8","","-27.5","","72","","","","27","","52","","2.4","","97.85","","","","-41","","Snow,Blowing Snow"
"-77.70","53.63","LA GRANDE RIVIERE A","7093716","2019-02-01 10:00","2019","02","01","10:00","","-23.5","","-27.2","","72","","","","27","","46","","2.4","","97.90","","","","-40","","Snow,Blowing Snow"
"-77.70","53.63","LA GRANDE RIVIERE A","7093716","2019-02-01 11:00","2019","02","01","11:00","","-22.8","","-26.6","","72","","","","27","","45","","2.4","","97.92","","","","-39","","Snow,Blowing Snow"
"-77.70","53.63","LA GRANDE RIVIERE A","7093716","2019-02-01 12:00","2019","02","01","12:00","","-22.0","","-25.7","","72","","","","27","","40","","3.2","","97.99","","","","-37","","Snow,Blowing Snow"
"-77.70","53.63","LA GRANDE RIVIERE A","7093716","2019-02-01 13:00","2019","02","01","13:00","","-21.9","","-25.4","","74","","","","28","","36","","1.2","","98.09","","","","-36","","Snow,Blowing Snow"
"-77.70","53.63","LA GRANDE RIVIERE A","7093716","2019-02-01 14:00","2019","02","01","14:00","","-21.6","","-25.3","","73","","","","28","","38","","2.4","","98.20","","","","-36","","Snow,Blowing Snow"
"-77.70","53.63","LA GRANDE RIVIERE A","7093716","2019-02-01 15:00","2019","02","01","15:00","","-21.6","","-24.9","","75","","","","27","","35","","2.0","","98.26","","","","-36","","Snow,Blowing Snow"
"-77.70","53.63","LA GRANDE RIVIERE A","7093716","2019-02-01 16:00","2019","02","01","16:00","","-22.0","","-25.2","","75","","","","25","","30","","2.4","","98.30","","","","-35","","Snow,Blowing Snow"
"-77.70","53.63","LA GRANDE RIVIERE A","7093716","2019-02-01 17:00","2019","02","01","17:00","","-22.0","","-25.2","","76","","","","25","","26","","2.4","","98.37","","","","-34","","Snow,Blowing Snow"
"-77.70","53.63","LA GRANDE RIVIERE A","7093716","2019-02-01 18:00","2019","02","01","18:00","","-22.0","","-25.4","","74","","","","26","","30","","19.3","","98.45","","","","-35","","Snow,Blowing Snow"
"-77.70","53.63","LA GRANDE RIVIERE A","7093716","2019-02-01 19:00","2019","02","01","19:00","","-23.4","","-26.9","","73","","","","25","","32","","24.1","","98.52","","","","-37","","Snow,Blowing Snow"
"-77.70","53.63","LA GRANDE RIVIERE A","7093716","2019-02-01 20:00","2019","02","01","20:00","","-23.9","","-27.9","","70","","","","25","","28","","24.1","","98.54","","","","-37","","Snow,Blowing Snow"
"-77.70","53.63","LA GRANDE RIVIERE A","7093716","2019-02-01 21:00","2019","02","01","21:00","","-24.0","","-28.0","","70","","","","24","","23","","24.1","","98.54","","","","-36","","Blowing Snow"
"-77.70","53.63","LA GRANDE RIVIERE A","7093716","2019-02-01 22:00","2019","02","01","22:00","","-23.8","","-27.1","","75","","","","23","","18","","24.1","","98.47","","","","-35","","Cloudy"
"-77.70","53.63","LA GRANDE RIVIERE A","7093716","2019-02-01 23:00","2019","02","01","23:00","","-24.9","","-27.7","","78","","","","22","","21","","24.1","","98.44","","","","-37","","NA"
"-77.70","53.63","LA GRANDE RIVIERE A","7093716","2019-02-02 00:00","2019","02","02","00:00","","-25.8","","-28.7","","77","","","","19","","8","","24.1","","98.45","","","","-33","","NA"
"-77.70","53.63","LA GRANDE RIVIERE A","7093716","2019-02-02 01:00","2019","02","02","01:00","","-26.2","","-29.1","","77","","","","19","","10","","24.1","","98.37","","","","-35","","Cloudy"
"-77.70","53.63","LA GRANDE RIVIERE A","7093716","2019-02-02 02:00","2019","02","02","02:00","","-26.0","","-29.0","","76","","","","17","","9","","24.1","","98.31","","","","-34","","Snow"
"-77.70","53.63","LA GRANDE RIVIERE A","7093716","2019-02-02 03:00","2019","02","02","03:00","","-25.7","","-28.9","","75","","","","15","","6","","4.8","","98.25","","","","-32","","Snow"
"-77.70","53.63","LA GRANDE RIVIERE A","7093716","2019-02-02 04:00","2019","02","02","04:00","","-25.5","","-28.7","","75","","","","19","","10","","4.8","","98.22","","","","-34","","Snow"
"-77.70","53.63","LA GRANDE RIVIERE A","7093716","2019-02-02 05:00","2019","02","02","05:00","","-25.0","","-28.2","","76","","","","18","","11","","3.2","","98.18","","","","-34","","Snow"
"-77.70","53.63","LA GRANDE RIVIERE A","7093716","2019-02-02 06:00","2019","02","02","06:00","","-25.5","","-28.6","","76","","","","23","","6","","4.8","","98.18","","","","-31","","Snow"
"-77.70","53.63","LA GRANDE RIVIERE A","7093716","2019-02-02 07:00","2019","02","02","07:00","","-26.6","","-29.8","","75","","","","27","","4","","24.1","","98.23","","","","-31","","Ice Crystals"
"-77.70","53.63","LA GRANDE RIVIERE A","7093716","2019-02-02 08:00","2019","02","02","08:00","","-27.9","","-31.1","","74","","","","25","","4","","12.9","","98.26","","","","-32","","Ice Crystals"
"-77.70","53.63","LA GRANDE RIVIERE A","7093716","2019-02-02 09:00","2019","02","02","09:00","","-26.8","","-29.8","","76","","","","25","","9","","19.3","","98.29","","","","-35","","Ice Crystals"
"-77.70","53.63","LA GRANDE RIVIERE A","7093716","2019-02-02 10:00","2019","02","02","10:00","","-25.1","","-28.1","","76","","","","26","","14","","24.1","","98.31","","","","-35","","Ice Crystals"
"-77.70","53.63","LA GRANDE RIVIERE A","7093716","2019-02-02 11:00","2019","02","02","11:00","","-22.7","","-25.6","","77","","","","27","","23","","24.1","","98.37","","","","-35","","Ice Crystals"
"-77.70","53.63","LA GRANDE RIVIERE A","7093716","2019-02-02 12:00","2019","02","02","12:00","","-22.3","","-25.7","","74","","","","28","","25","","24.1","","98.41","","","","-35","","Ice Crystals,Blowing Snow"
"-77.70","53.63","LA GRANDE RIVIERE A","7093716","2019-02-02 13:00","2019","02","02","13:00","","-21.6","","-25.3","","72","","","","27","","25","","24.1","","98.48","","","","-34","","Ice Crystals,Blowing Snow"
"-77.70","53.63","LA GRANDE RIVIERE A","7093716","2019-02-02 14:00","2019","02","02","14:00","","-22.0","","-26.0","","71","","","","28","","27","","24.1","","98.58","","","","-35","","Ice Crystals,Blowing Snow"
"-77.70","53.63","LA GRANDE RIVIERE A","7093716","2019-02-02 15:00","2019","02","02","15:00","","-22.3","","-26.0","","72","","","","26","","26","","19.3","","98.68","","","","-35","","Snow,Blowing Snow"
"-77.70","53.63","LA GRANDE RIVIERE A","7093716","2019-02-02 16:00","2019","02","02","16:00","","-23.3","","-26.7","","75","","","","26","","28","","24.1","","98.74","","","","-36","","Snow,Blowing Snow"
"-77.70","53.63","LA GRANDE RIVIERE A","7093716","2019-02-02 17:00","2019","02","02","17:00","","-23.7","","-26.8","","76","","","","28","","27","","24.1","","98.86","","","","-37","","Snow,Blowing Snow"
"-77.70","53.63","LA GRANDE RIVIERE A","7093716","2019-02-02 18:00","2019","02","02","18:00","","-23.9","","-27.0","","76","","","","26","","23","","24.1","","98.95","","","","-36","","Snow,Blowing Snow"
"-77.70","53.63","LA GRANDE RIVIERE A","7093716","2019-02-02 19:00","2019","02","02","19:00","","-23.7","","-26.7","","77","","","","26","","24","","19.3","","99.00","","","","-36","","Snow,Blowing Snow"
"-77.70","53.63","LA GRANDE RIVIERE A","7093716","2019-02-02 20:00","2019","02","02","20:00","","-23.9","","-26.8","","78","","","","25","","18","","24.1","","99.05","","","","-35","","Snow"
"-77.70","53.63","LA GRANDE RIVIERE A","7093716","2019-02-02 21:00","2019","02","02","21:00","","-23.8","","-26.7","","78","","","","25","","20","","24.1","","99.09","","","","-35","","Snow"
"-77.70","53.63","LA GRANDE RIVIERE A","7093716","2019-02-02 22:00","2019","02","02","22:00","","-23.6","","-26.4","","78","","","","25","","17","","24.1","","99.11","","","","-34","","Snow"
"-77.70","53.63","LA GRANDE RIVIERE A","7093716","2019-02-02 23:00","2019","02","02","23:00","","-23.6","","-26.4","","78","","","","25","","18","","19.3","","99.17","","","","-34","","Snow"
"-77.70","53.63","LA GRANDE RIVIERE A","7093716","2019-02-03 00:00","2019","02","03","00:00","","-23.6","","-26.5","","78","","","","25","","19","","8.1","","99.27","","","","-35","","Snow"
"-77.70","53.63","LA GRANDE RIVIERE A","7093716","2019-02-03 01:00","2019","02","03","01:00","","-23.5","","-26.4","","78","","","","25","","13","","11.3","","99.30","","","","-33","","Snow"
"-77.70","53.63","LA GRANDE RIVIERE A","7093716","2019-02-03 02:00","2019","02","03","02:00","","-23.4","","-26.3","","78","","","","25","","8","","24.1","","99.32","","","","-30","","Snow"
"-77.70","53.63","LA GRANDE RIVIERE A","7093716","2019-02-03 03:00","2019","02","03","03:00","","-23.5","","-26.4","","78","","","","21","","7","","24.1","","99.34","","","","-30","","Snow"
"-77.70","53.63","LA GRANDE RIVIERE A","7093716","2019-02-03 04:00","2019","02","03","04:00","","-23.9","","-26.9","","77","","","","18","","12","","19.3","","99.37","","","","-33","","Snow"
"-77.70","53.63","LA GRANDE RIVIERE A","7093716","2019-02-03 05:00","2019","02","03","05:00","","-24.2","","-27.2","","77","","","","20","","14","","11.3","","99.41","","","","-34","","Snow"
"-77.70","53.63","LA GRANDE RIVIERE A","7093716","2019-02-03 06:00","2019","02","03","06:00","","-24.3","","-27.3","","77","","","","20","","14","","11.3","","99.35","","","","-34","","Snow"
"-77.70","53.63","LA GRANDE RIVIERE A","7093716","2019-02-03 07:00","2019","02","03","07:00","","-24.4","","-27.4","","77","","","","20","","16","","11.3","","99.32","","","","-35","","Snow"
"-77.70","53.63","LA GRANDE RIVIERE A","7093716","2019-02-03 08:00","2019","02","03","08:00","","-24.5","","-27.5","","77","","","","20","","12","","3.2","","99.32","","","","-33","","Snow,Fog"
"-77.70","53.63","LA GRANDE RIVIERE A","7093716","2019-02-03 09:00","2019","02","03","09:00","","-24.6","","-27.6","","77","","","","20","","12","","4.0","","99.27","","","","-34","","Snow,Fog"
"-77.70","53.63","LA GRANDE RIVIERE A","7093716","2019-02-03 10:00","2019","02","03","10:00","","-24.2","","-27.2","","77","","","","17","","15","","2.4","","99.24","","","","-34","","Snow,Fog"
"-77.70","53.63","LA GRANDE RIVIERE A","7093716","2019-02-03 11:00","2019","02","03","11:00","","-23.4","","-26.4","","77","","","","17","","12","","2.4","","99.19","","","","-32","","Snow"
"-77.70","53.63","LA GRANDE RIVIERE A","7093716","2019-02-03 12:00","2019","02","03","12:00","","-22.8","","-25.6","","78","","","","15","","10","","3.2","","99.14","","","","-31","","Snow"
"-77.70","53.63","LA GRANDE RIVIERE A","7093716","2019-02-03 13:00","2019","02","03","13:00","","-22.3","","-25.2","","78","","","","16","","13","","3.2","","99.08","","","","-31","","Snow"
"-77.70","53.63","LA GRANDE RIVIERE A","7093716","2019-02-03 14:00","2019","02","03","14:00","","-22.1","","-24.9","","78","","","","14","","16","","3.2","","99.05","","","","-32","","Snow"
"-77.70","53.63","LA GRANDE RIVIERE A","7093716","2019-02-03 15:00","2019","02","03","15:00","","-21.6","","-24.4","","79","","","","13","","15","","3.2","","98.97","","","","-31","","Snow"
"-77.70","53.63","LA GRANDE RIVIERE A","7093716","2019-02-03 16:00","2019","02","03","16:00","","-21.3","","-24.0","","79","","","","14","","8","","4.0","","98.93","","","","-28","","Snow"
"-77.70","53.63","LA GRANDE RIVIERE A","7093716","2019-02-03 17:00","2019","02","03","17:00","","-21.4","","-24.1","","79","","","","12","","14","","2.4","","98.82","","","","-30","","Snow"
"-77.70","53.63","LA GRANDE RIVIERE A","7093716","2019-02-03 18:00","2019","02","03","18:00","","-21.5","","-24.2","","79","","","","8","","8","","12.9","","98.80","","","","-28","","Snow"
"-77.70","53.63","LA GRANDE RIVIERE A","7093716","2019-02-03 19:00","2019","02","03","19:00","","-21.3","","-24.1","","79","","","","8","","10","","9.7","","98.77","","","","-29","","Snow"
"-77.70","53.63","LA GRANDE RIVIERE A","7093716","2019-02-03 20:00","2019","02","03","20:00","","-21.3","","-24.0","","79","","","","12","","9","","2.4","","98.79","","","","-28","","Snow"
"-77.70","53.63","LA GRANDE RIVIERE A","7093716","2019-02-03 21:00","2019","02","03","21:00","","-21.3","","-24.1","","79","","","","11","","5","","4.8","","98.75","","","","-26","","Snow"
"-77.70","53.63","LA GRANDE RIVIERE A","7093716","2019-02-03 22:00","2019","02","03","22:00","","-21.4","","-24.1","","79","","","","34","","4","","4.8","","98.74","","","","-25","","Snow"
"-77.70","53.63","LA GRANDE RIVIERE A","7093716","2019-02-03 23:00","2019","02","03","23:00","","-21.7","","-24.5","","79","","","","31","","4","","24.1","","98.70","","","","-25","","Snow"
"-77.70","53.63","LA GRANDE RIVIERE A","7093716","2019-02-04 00:00","2019","02","04","00:00","","-23.0","","-25.9","","78","","","","31","","9","","24.1","","98.78","","","","-30","","Snow"
"-77.70","53.63","LA GRANDE RIVIERE A","7093716","2019-02-04 01:00","2019","02","04","01:00","","-24.2","","-27.2","","77","","","","31","","7","","24.1","","98.81","","","","-31","","Ice Crystals"
"-77.70","53.63","LA GRANDE RIVIERE A","7093716","2019-02-04 02:00","2019","02","04","02:00","","-26.0","","-29.2","","75","","","","30","","7","","24.1","","98.87","","","","-33","","Ice Crystals"
"-77.70","53.63","LA GRANDE RIVIERE A","7093716","2019-02-04 03:00","2019","02","04","03:00","","-27.8","","-31.0","","74","","","","29","","9","","24.1","","98.97","","","","-36","","Ice Crystals"
"-77.70","53.63","LA GRANDE RIVIERE A","7093716","2019-02-04 04:00","2019","02","04","04:00","","-28.0","","-31.2","","74","","","","26","","11","","24.1","","99.14","","","","-37","","Clear"
"-77.70","53.63","LA GRANDE RIVIERE A","7093716","2019-02-04 05:00","2019","02","04","05:00","","-29.6","","-33.0","","73","","","","27","","10","","24.1","","99.19","","","","-39","","NA"
"-77.70","53.63","LA GRANDE RIVIERE A","7093716","2019-02-04 06:00","2019","02","04","06:00","","-29.6","","-33.0","","73","","","","25","","10","","24.1","","99.28","","","","-39","","NA"
"-77.70","53.63","LA GRANDE RIVIERE A","7093716","2019-02-04 07:00","2019","02","04","07:00","","-30.7","","-34.1","","72","","","","26","","10","","24.1","","99.36","","","","-40","","Mainly Clear"
"-77.70","53.63","LA GRANDE RIVIERE A","7093716","2019-02-04 08:00","2019","02","04","08:00","","-30.4","","-33.9","","72","","","","25","","8","","24.1","","99.37","","","","-38","","NA"
"-77.70","53.63","LA GRANDE RIVIERE A","7093716","2019-02-04 09:00","2019","02","04","09:00","","-28.5","","-31.9","","73","","","","23","","12","","24.1","","99.46","","","","-38","","NA"
"-77.70","53.63","LA GRANDE RIVIERE A","7093716","2019-02-04 10:00","2019","02","04","10:00","","-27.5","","-30.8","","74","","","","25","","11","","24.1","","99.53","","","","-37","","Mostly Cloudy"
"-77.70","53.63","LA GRANDE RIVIERE A","7093716","2019-02-04 11:00","2019","02","04","11:00","","-26.2","","-29.5","","75","","","","27","","10","","24.1","","99.56","","","","-35","","NA"
"-77.70","53.63","LA GRANDE RIVIERE A","7093716","2019-02-04 12:00","2019","02","04","12:00","","-25.1","","-28.2","","76","","","","28","","10","","19.3","","99.57","","","","-33","","NA"
"-77.70","53.63","LA GRANDE RIVIERE A","7093716","2019-02-04 13:00","2019","02","04","13:00","","-23.7","","-26.7","","77","","","","25","","10","","24.1","","99.60","","","","-32","","Mostly Cloudy"
"-77.70","53.63","LA GRANDE RIVIERE A","7093716","2019-02-04 14:00","2019","02","04","14:00","","-23.7","","-26.7","","77","","","","26","","13","","19.3","","99.62","","","","-33","","Ice Crystals"
"-77.70","53.63","LA GRANDE RIVIERE A","7093716","2019-02-04 15:00","2019","02","04","15:00","","-23.7","","-26.6","","77","","","","25","","11","","19.3","","99.65","","","","-32","","Ice Crystals"
"-77.70","53.63","LA GRANDE RIVIERE A","7093716","2019-02-04 16:00","2019","02","04","16:00","","-24.1","","-27.1","","77","","","","24","","6","","24.1","","99.62","","","","-30","","Ice Crystals"
"-77.70","53.63","LA GRANDE RIVIERE A","7093716","2019-02-04 17:00","2019","02","04","17:00","","-24.7","","-27.8","","76","","","","21","","8","","24.1","","99.62","","","","-32","","Ice Crystals"
"-77.70","53.63","LA GRANDE RIVIERE A","7093716","2019-02-04 18:00","2019","02","04","18:00","","-25.5","","-28.6","","76","","","","","","0","","24.1","","99.60","","","","","","Ice Crystals"
"-77.70","53.63","LA GRANDE RIVIERE A","7093716","2019-02-04 19:00","2019","02","04","19:00","","-25.9","","-29.1","","75","","","","3","","4","","24.1","","99.56","","","","-30","","Cloudy"
"-77.70","53.63","LA GRANDE RIVIERE A","7093716","2019-02-04 20:00","2019","02","04","20:00","","-25.9","","-29.1","","75","","","","3","","6","","24.1","","99.51","","","","-32","","NA"
"-77.70","53.63","LA GRANDE RIVIERE A","7093716","2019-02-04 21:00","2019","02","04","21:00","","-25.9","","-29.1","","75","","","","6","","5","","24.1","","99.52","","","","-31","","NA"
"-77.70","53.63","LA GRANDE RIVIERE A","7093716","2019-02-04 22:00","2019","02","04","22:00","","-27.3","","-30.5","","74","","","","1","","6","","24.1","","99.50","","","","-33","","Cloudy"
"-77.70","53.63","LA GRANDE RIVIERE A","7093716","2019-02-04 23:00","2019","02","04","23:00","","-27.6","","-30.8","","74","","","","2","","9","","16.1","","99.48","","","","-36","","NA"
"-77.70","53.63","LA GRANDE RIVIERE A","7093716","2019-02-05 00:00","2019","02","05","00:00","","-27.3","","-30.6","","74","","","","6","","7","","16.1","","99.47","","","","-34","","NA"
"-77.70","53.63","LA GRANDE RIVIERE A","7093716","2019-02-05 01:00","2019","02","05","01:00","","-27.9","","-31.2","","74","","","","3","","10","","16.1","","99.44","","","","-37","","Mostly Cloudy"
"-77.70","53.63","LA GRANDE RIVIERE A","7093716","2019-02-05 02:00","2019","02","05","02:00","","-27.8","","-31.1","","74","","","","3","","7","","24.1","","99.40","","","","-35","","NA"
"-77.70","53.63","LA GRANDE RIVIERE A","7093716","2019-02-05 03:00","2019","02","05","03:00","","-28.1","","-31.4","","74","","","","35","","5","","16.1","","99.45","","","","-33","","NA"
"-77.70","53.63","LA GRANDE RIVIERE A","7093716","2019-02-05 04:00","2019","02","05","04:00","","-26.9","","-30.1","","75","","","","2","","8","","16.1","","99.48","","","","-34","","Cloudy"
"-77.70","53.63","LA GRANDE RIVIERE A","7093716","2019-02-05 05:00","2019","02","05","05:00","","-26.0","","-29.1","","75","","","","1","","5","","11.3","","99.46","","","","-31","","Snow"
"-77.70","53.63","LA GRANDE RIVIERE A","7093716","2019-02-05 06:00","2019","02","05","06:00","","-25.7","","-28.8","","75","","","","33","","5","","24.1","","99.50","","","","-31","","Snow"
"-77.70","53.63","LA GRANDE RIVIERE A","7093716","2019-02-05 07:00","2019","02","05","07:00","","-25.3","","-28.4","","76","","","","31","","5","","24.1","","99.58","","","","-30","","Snow"
"-77.70","53.63","LA GRANDE RIVIERE A","7093716","2019-02-05 08:00","2019","02","05","08:00","","-25.0","","-28.1","","76","","","","31","","9","","16.1","","99.64","","","","-33","","Snow"
"-77.70","53.63","LA GRANDE RIVIERE A","7093716","2019-02-05 09:00","2019","02","05","09:00","","-24.5","","-27.6","","76","","","","31","","8","","16.1","","99.71","","","","-32","","Snow"
"-77.70","53.63","LA GRANDE RIVIERE A","7093716","2019-02-05 10:00","2019","02","05","10:00","","-24.1","","-27.1","","77","","","","29","","11","","16.1","","99.80","","","","-33","","Snow"
"-77.70","53.63","LA GRANDE RIVIERE A","7093716","2019-02-05 11:00","2019","02","05","11:00","","-24.1","","-27.2","","77","","","","28","","16","","19.3","","99.88","","","","-34","","Ice Crystals"
"-77.70","53.63","LA GRANDE RIVIERE A","7093716","2019-02-05 12:00","2019","02","05","12:00","","-23.5","","-26.5","","77","","","","30","","13","","16.1","","99.96","","","","-33","","Ice Crystals"
"-77.70","53.63","LA GRANDE RIVIERE A","7093716","2019-02-05 13:00","2019","02","05","13:00","","-24.1","","-27.1","","76","","","","27","","16","","12.9","","100.01","","","","-34","","Ice Crystals"
"-77.70","53.63","LA GRANDE RIVIERE A","7093716","2019-02-05 14:00","2019","02","05","14:00","","-24.1","","-27.1","","76","","","","28","","16","","19.3","","100.08","","","","-34","","Ice Crystals"
"-77.70","53.63","LA GRANDE RIVIERE A","7093716","2019-02-05 15:00","2019","02","05","15:00","","-24.6","","-27.7","","76","","","","28","","16","","19.3","","100.14","","","","-35","","Ice Crystals"
"-77.70","53.63","LA GRANDE RIVIERE A","7093716","2019-02-05 16:00","2019","02","05","16:00","","-25.2","","-28.3","","76","","","","27","","14","","19.3","","100.20","","","","-35","","Ice Crystals"
"-77.70","53.63","LA GRANDE RIVIERE A","7093716","2019-02-05 17:00","2019","02","05","17:00","","-26.9","","-30.2","","75","","","","26","","9","","19.3","","100.30","","","","-35","","Ice Crystals"
"-77.70","53.63","LA GRANDE RIVIERE A","7093716","2019-02-05 18:00","2019","02","05","18:00","","-28.6","","-31.9","","74","","","","25","","13","","24.1","","100.41","","","","-39","","Ice Crystals"
"-77.70","53.63","LA GRANDE RIVIERE A","7093716","2019-02-05 19:00","2019","02","05","19:00","","-29.9","","-33.4","","73","","","","28","","13","","24.1","","100.48","","","","-40","","Ice Crystals"
"-77.70","53.63","LA GRANDE RIVIERE A","7093716","2019-02-05 20:00","2019","02","05","20:00","","-30.5","","-34.0","","72","","","","26","","6","","24.1","","100.50","","","","-37","","NA"
"-77.70","53.63","LA GRANDE RIVIERE A","7093716","2019-02-05 21:00","2019","02","05","21:00","","-31.8","","-35.4","","71","","","","24","","8","","24.1","","100.51","","","","-40","","NA"
"-77.70","53.63","LA GRANDE RIVIERE A","7093716","2019-02-05 22:00","2019","02","05","22:00","","-31.6","","-35.1","","71","","","","27","","8","","24.1","","100.55","","","","-40","","Mainly Clear"
"-77.70","53.63","LA GRANDE RIVIERE A","7093716","2019-02-05 23:00","2019","02","05","23:00","","-32.8","","-36.5","","70","","","","23","","6","","24.1","","100.60","","","","-40","","NA"
"-77.70","53.63","LA GRANDE RIVIERE A","7093716","2019-02-06 00:00","2019","02","06","00:00","","-32.0","","-35.7","","71","","","","21","","9","","24.1","","100.60","","","","-41","","NA"
"-77.70","53.63","LA GRANDE RIVIERE A","7093716","2019-02-06 01:00","2019","02","06","01:00","","-32.5","","-36.1","","71","","","","24","","5","","24.1","","100.67","","","","-38","","Mainly Clear"
"-77.70","53.63","LA GRANDE RIVIERE A","7093716","2019-02-06 02:00","2019","02","06","02:00","","-31.8","","-35.4","","71","","","","29","","3","","24.1","","100.72","","","","-35","","NA"
"-77.70","53.63","LA GRANDE RIVIERE A","7093716","2019-02-06 03:00","2019","02","06","03:00","","-30.1","","-33.7","","72","","","","22","","3","","24.1","","100.73","","","","-33","","NA"
"-77.70","53.63","LA GRANDE RIVIERE A","7093716","2019-02-06 04:00","2019","02","06","04:00","","-29.4","","-32.9","","73","","","","24","","4","","24.1","","100.72","","","","-34","","Cloudy"
"-77.70","53.63","LA GRANDE RIVIERE A","7093716","2019-02-06 05:00","2019","02","06","05:00","","-29.9","","-33.4","","72","","","","18","","8","","24.1","","100.73","","","","-38","","NA"
"-77.70","53.63","LA GRANDE RIVIERE A","7093716","2019-02-06 06:00","2019","02","06","06:00","","-29.7","","-33.1","","72","","","","18","","9","","24.1","","100.75","","","","-38","","NA"
"-77.70","53.63","LA GRANDE RIVIERE A","7093716","2019-02-06 07:00","2019","02","06","07:00","","-29.2","","-32.7","","73","","","","17","","8","","24.1","","100.72","","","","-37","","Mostly Cloudy"
"-77.70","53.63","LA GRANDE RIVIERE A","7093716","2019-02-06 08:00","2019","02","06","08:00","","-28.5","","-31.9","","73","","","","14","","8","","24.1","","100.74","","","","-36","","NA"
"-77.70","53.63","LA GRANDE RIVIERE A","7093716","2019-02-06 09:00","2019","02","06","09:00","","-27.8","","-31.1","","74","","","","14","","9","","24.1","","100.73","","","","-36","","NA"
"-77.70","53.63","LA GRANDE RIVIERE A","7093716","2019-02-06 10:00","2019","02","06","10:00","","-27.1","","-30.5","","74","","","","15","","4","","24.1","","100.76","","","","-31","","Mostly Cloudy"
"-77.70","53.63","LA GRANDE RIVIERE A","7093716","2019-02-06 11:00","2019","02","06","11:00","","-26.0","","-29.2","","75","","","","20","","5","","24.1","","100.74","","","","-31","","NA"
"-77.70","53.63","LA GRANDE RIVIERE A","7093716","2019-02-06 12:00","2019","02","06","12:00","","-25.1","","-28.2","","76","","","","11","","9","","24.1","","100.65","","","","-33","","NA"
"-77.70","53.63","LA GRANDE RIVIERE A","7093716","2019-02-06 13:00","2019","02","06","13:00","","-24.4","","-27.4","","76","","","","12","","8","","24.1","","100.62","","","","-31","","Cloudy"
"-77.70","53.63","LA GRANDE RIVIERE A","7093716","2019-02-06 14:00","2019","02","06","14:00","","-23.8","","-26.8","","77","","","","12","","8","","24.1","","100.63","","","","-31","","NA"
"-77.70","53.63","LA GRANDE RIVIERE A","7093716","2019-02-06 15:00","2019","02","06","15:00","","-23.3","","-26.3","","77","","","","10","","11","","24.1","","100.59","","","","-32","","NA"
"-77.70","53.63","LA GRANDE RIVIERE A","7093716","2019-02-06 16:00","2019","02","06","16:00","","-23.0","","-26.0","","77","","","","11","","9","","24.1","","100.56","","","","-30","","Cloudy"
"-77.70","53.63","LA GRANDE RIVIERE A","7093716","2019-02-06 17:00","2019","02","06","17:00","","-23.3","","-26.2","","77","","","","7","","7","","24.1","","100.54","","","","-29","","NA"
"-77.70","53.63","LA GRANDE RIVIERE A","7093716","2019-02-06 18:00","2019","02","06","18:00","","-23.4","","-26.3","","77","","","","6","","9","","24.1","","100.53","","","","-31","","NA"
"-77.70","53.63","LA GRANDE RIVIERE A","7093716","2019-02-06 19:00","2019","02","06","19:00","","-23.4","","-26.3","","77","","","","4","","6","","24.1","","100.54","","","","-29","","Cloudy"
"-77.70","53.63","LA GRANDE RIVIERE A","7093716","2019-02-06 20:00","2019","02","06","20:00","","-23.5","","-26.4","","77","","","","8","","10","","24.1","","100.49","","","","-31","","NA"
"-77.70","53.63","LA GRANDE RIVIERE A","7093716","2019-02-06 21:00","2019","02","06","21:00","","-23.6","","-26.6","","77","","","","5","","7","","24.1","","100.53","","","","-30","","NA"
"-77.70","53.63","LA GRANDE RIVIERE A","7093716","2019-02-06 22:00","2019","02","06","22:00","","-23.6","","-26.6","","77","","","","7","","8","","24.1","","100.51","","","","-30","","Cloudy"
"-77.70","53.63","LA GRANDE RIVIERE A","7093716","2019-02-06 23:00","2019","02","06","23:00","","-24.1","","-27.1","","77","","","","6","","8","","24.1","","100.47","","","","-31","","NA"
"-77.70","53.63","LA GRANDE RIVIERE A","7093716","2019-02-07 00:00","2019","02","07","00:00","","-24.3","","-27.4","","77","","","","5","","7","","24.1","","100.47","","","","-31","","NA"
"-77.70","53.63","LA GRANDE RIVIERE A","7093716","2019-02-07 01:00","2019","02","07","01:00","","-24.9","","-27.9","","76","","","","5","","12","","24.1","","100.41","","","","-34","","Clear"
"-77.70","53.63","LA GRANDE RIVIERE A","7093716","2019-02-07 02:00","2019","02","07","02:00","","-26.1","","-29.3","","75","","","","3","","8","","24.1","","100.42","","","","-33","","NA"
"-77.70","53.63","LA GRANDE RIVIERE A","7093716","2019-02-07 03:00","2019","02","07","03:00","","-25.9","","-29.0","","75","","","","6","","9","","24.1","","100.42","","","","-34","","NA"
"-77.70","53.63","LA GRANDE RIVIERE A","7093716","2019-02-07 04:00","2019","02","07","04:00","","-26.6","","-29.9","","75","","","","5","","9","","24.1","","100.43","","","","-35","","Mainly Clear"
"-77.70","53.63","LA GRANDE RIVIERE A","7093716","2019-02-07 05:00","2019","02","07","05:00","","-27.2","","-30.5","","74","","","","4","","5","","24.1","","100.47","","","","-32","","NA"
"-77.70","53.63","LA GRANDE RIVIERE A","7093716","2019-02-07 06:00","2019","02","07","06:00","","-27.1","","-30.4","","75","","","","4","","8","","24.1","","100.45","","","","-35","","NA"
"-77.70","53.63","LA GRANDE RIVIERE A","7093716","2019-02-07 07:00","2019","02","07","07:00","","-27.5","","-30.8","","74","","","","4","","8","","24.1","","100.47","","","","-35","","Mainly Clear"
"-77.70","53.63","LA GRANDE RIVIERE A","7093716","2019-02-07 08:00","2019","02","07","08:00","","-27.6","","-30.8","","74","","","","4","","8","","24.1","","100.49","","","","-35","","NA"
"-77.70","53.63","LA GRANDE RIVIERE A","7093716","2019-02-07 09:00","2019","02","07","09:00","","-26.8","","-30.1","","74","","","","5","","12","","24.1","","100.46","","","","-36","","NA"
"-77.70","53.63","LA GRANDE RIVIERE A","7093716","2019-02-07 10:00","2019","02","07","10:00","","-24.5","","-27.6","","76","","","","8","","10","","24.1","","100.45","","","","-33","","Mostly Cloudy"
"-77.70","53.63","LA GRANDE RIVIERE A","7093716","2019-02-07 11:00","2019","02","07","11:00","","-23.2","","-26.2","","77","","","","5","","10","","24.1","","100.45","","","","-31","","NA"
"-77.70","53.63","LA GRANDE RIVIERE A","7093716","2019-02-07 12:00","2019","02","07","12:00","","-22.4","","-25.3","","78","","","","6","","9","","24.1","","100.44","","","","-30","","NA"
"-77.70","53.63","LA GRANDE RIVIERE A","7093716","2019-02-07 13:00","2019","02","07","13:00","","-22.1","","-24.9","","78","","","","5","","8","","24.1","","100.37","","","","-29","","Mostly Cloudy"
"-77.70","53.63","LA GRANDE RIVIERE A","7093716","2019-02-07 14:00","2019","02","07","14:00","","-21.1","","-23.9","","79","","","","6","","9","","24.1","","100.36","","","","-28","","NA"
"-77.70","53.63","LA GRANDE RIVIERE A","7093716","2019-02-07 15:00","2019","02","07","15:00","","-20.2","","-22.9","","80","","","","6","","8","","24.1","","100.26","","","","-26","","NA"
"-77.70","53.63","LA GRANDE RIVIERE A","7093716","2019-02-07 16:00","2019","02","07","16:00","","-19.9","","-22.6","","80","","","","6","","10","","12.9","","100.20","","","","-27","","Snow"
"-77.70","53.63","LA GRANDE RIVIERE A","7093716","2019-02-07 17:00","2019","02","07","17:00","","-19.7","","-22.3","","80","","","","4","","8","","19.3","","100.19","","","","-26","","Snow"
"-77.70","53.63","LA GRANDE RIVIERE A","7093716","2019-02-07 18:00","2019","02","07","18:00","","-19.9","","-22.5","","80","","","","4","","10","","11.3","","100.11","","","","-27","","Snow"
"-77.70","53.63","LA GRANDE RIVIERE A","7093716","2019-02-07 19:00","2019","02","07","19:00","","-20.1","","-22.7","","80","","","","5","","14","","9.7","","99.91","","","","-29","","Snow"
"-77.70","53.63","LA GRANDE RIVIERE A","7093716","2019-02-07 20:00","2019","02","07","20:00","","-20.9","","-23.6","","79","","","","5","","17","","24.1","","99.81","","","","-31","","Snow"
"-77.70","53.63","LA GRANDE RIVIERE A","7093716","2019-02-07 21:00","2019","02","07","21:00","","-21.1","","-23.8","","79","","","","4","","14","","24.1","","99.65","","","","-30","","Snow"
"-77.70","53.63","LA GRANDE RIVIERE A","7093716","2019-02-07 22:00","2019","02","07","22:00","","-21.0","","-23.7","","79","","","","5","","20","","24.1","","99.41","","","","-32","","Ice Crystals"
"-77.70","53.63","LA GRANDE RIVIERE A","7093716","2019-02-07 23:00","2019","02","07","23:00","","-20.3","","-22.9","","80","","","","5","","20","","24.1","","99.19","","","","-31","","Ice Crystals"
"-77.70","53.63","LA GRANDE RIVIERE A","7093716","2019-02-08 00:00","2019","02","08","00:00","","-19.4","","-22.0","","80","","","","6","","28","","24.1","","98.99","","","","-31","","NA"
"-77.70","53.63","LA GRANDE RIVIERE A","7093716","2019-02-08 01:00","2019","02","08","01:00","","-19.2","","-21.7","","81","","","","5","","24","","24.1","","98.69","","","","-30","","Cloudy"
"-77.70","53.63","LA GRANDE RIVIERE A","7093716","2019-02-08 02:00","2019","02","08","02:00","","-18.7","","-21.2","","81","","","","5","","27","","2.4","","98.50","","","","-30","","Snow"
"-77.70","53.63","LA GRANDE RIVIERE A","7093716","2019-02-08 03:00","2019","02","08","03:00","","-18.4","","-20.8","","81","","","","5","","27","","2.4","","98.15","","","","-30","","Snow"
"-77.70","53.63","LA GRANDE RIVIERE A","7093716","2019-02-08 04:00","2019","02","08","04:00","","-17.6","","-20.0","","82","","","","5","","33","","2.4","","97.60","","","","-30","","Snow,Blowing Snow"
"-77.70","53.63","LA GRANDE RIVIERE A","7093716","2019-02-08 05:00","2019","02","08","05:00","","-17.1","","-19.4","","83","","","","5","","40","","1.0","","97.07","","","","-30","","Snow,Blowing Snow"
"-77.70","53.63","LA GRANDE RIVIERE A","7093716","2019-02-08 06:00","2019","02","08","06:00","","-16.1","","-18.3","","83","","","","5","","34","","1.6","","96.82","","","","-28","","Snow,Blowing Snow"
"-77.70","53.63","LA GRANDE RIVIERE A","7093716","2019-02-08 07:00","2019","02","08","07:00","","-15.6","","-17.8","","84","","","","4","","28","","0.8","","96.56","","","","-26","","Snow,Blowing Snow"
"-77.70","53.63","LA GRANDE RIVIERE A","7093716","2019-02-08 08:00","2019","02","08","08:00","","-15.0","","-17.1","","84","","","","5","","35","","0.8","","96.35","","","","-27","","Snow,Blowing Snow"
"-77.70","53.63","LA GRANDE RIVIERE A","7093716","2019-02-08 09:00","2019","02","08","09:00","","-14.7","","-16.7","","85","","","","4","","28","","0.8","","96.15","","","","-25","","Snow,Blowing Snow"
"-77.70","53.63","LA GRANDE RIVIERE A","7093716","2019-02-08 10:00","2019","02","08","10:00","","-14.3","","-16.3","","85","","","","4","","27","","1.2","","95.98","","","","-25","","Snow,Blowing Snow"
"-77.70","53.63","LA GRANDE RIVIERE A","7093716","2019-02-08 11:00","2019","02","08","11:00","","-13.3","","-15.3","","86","","","","3","","16","","0.8","","95.85","","","","-21","","Snow,Blowing Snow"
"-77.70","53.63","LA GRANDE RIVIERE A","7093716","2019-02-08 12:00","2019","02","08","12:00","","-12.6","","-14.5","","86","","","","2","","14","","1.0","","95.81","","","","-20","","Snow,Blowing Snow"
"-77.70","53.63","LA GRANDE RIVIERE A","7093716","2019-02-08 13:00","2019","02","08","13:00","","-13.1","","-15.0","","85","","","","36","","17","","1.2","","95.81","","","","-21","","Snow,Blowing Snow"
"-77.70","53.63","LA GRANDE RIVIERE A","7093716","2019-02-08 14:00","2019","02","08","14:00","","-13.3","","-15.3","","85","","","","35","","13","","1.0","","95.90","","","","-20","","Snow"
"-77.70","53.63","LA GRANDE RIVIERE A","7093716","2019-02-08 15:00","2019","02","08","15:00","","-13.8","","-15.9","","84","","","","33","","13","","1.0","","96.04","","","","-21","","Snow"
"-77.70","53.63","LA GRANDE RIVIERE A","7093716","2019-02-08 16:00","2019","02","08","16:00","","-15.1","","-17.5","","82","","","","33","","18","","1.6","","96.22","","","","-24","","Snow"
"-77.70","53.63","LA GRANDE RIVIERE A","7093716","2019-02-08 17:00","2019","02","08","17:00","","-16.4","","-19.1","","80","","","","32","","16","","4.0","","96.41","","","","-25","","Snow"
"-77.70","53.63","LA GRANDE RIVIERE A","7093716","2019-02-08 18:00","2019","02","08","18:00","","-16.5","","-19.2","","80","","","","32","","23","","2.4","","96.57","","","","-27","","Snow,Blowing Snow"
"-77.70","53.63","LA GRANDE RIVIERE A","7093716","2019-02-08 19:00","2019","02","08","19:00","","-17.7","","-20.6","","78","","","","31","","23","","11.3","","96.79","","","","-28","","Snow,Blowing Snow"
"-77.70","53.63","LA GRANDE RIVIERE A","7093716","2019-02-08 20:00","2019","02","08","20:00","","-18.0","","-21.2","","77","","","","32","","26","","3.2","","96.99","","","","-29","","Snow,Blowing Snow"
"-77.70","53.63","LA GRANDE RIVIERE A","7093716","2019-02-08 21:00","2019","02","08","21:00","","-17.9","","-21.0","","76","","","","31","","24","","3.2","","97.19","","","","-29","","Snow,Blowing Snow"
"-77.70","53.63","LA GRANDE RIVIERE A","7093716","2019-02-08 22:00","2019","02","08","22:00","","-18.7","","-22.0","","76","","","","32","","28","","2.4","","97.41","","","","-31","","Snow,Blowing Snow"
"-77.70","53.63","LA GRANDE RIVIERE A","7093716","2019-02-08 23:00","2019","02","08","23:00","","-19.0","","-22.5","","75","","","","32","","30","","2.4","","97.67","","","","-31","","Snow,Blowing Snow"
"-77.70","53.63","LA GRANDE RIVIERE A","7093716","2019-02-09 00:00","2019","02","09","00:00","","-19.7","","-23.1","","75","","","","31","","28","","2.4","","97.93","","","","-32","","Snow,Blowing Snow"
"-77.70","53.63","LA GRANDE RIVIERE A","7093716","2019-02-09 01:00","2019","02","09","01:00","","-20.0","","-23.3","","76","","","","31","","29","","2.4","","98.18","","","","-32","","Snow,Blowing Snow"
"-77.70","53.63","LA GRANDE RIVIERE A","7093716","2019-02-09 02:00","2019","02","09","02:00","","-20.9","","-24.3","","75","","","","31","","29","","4.8","","98.45","","","","-34","","Snow,Blowing Snow"
"-77.70","53.63","LA GRANDE RIVIERE A","7093716","2019-02-09 03:00","2019","02","09","03:00","","-21.5","","-24.8","","75","","","","30","","34","","16.1","","98.70","","","","-35","","Snow,Blowing Snow"
"-77.70","53.63","LA GRANDE RIVIERE A","7093716","2019-02-09 04:00","2019","02","09","04:00","","-23.3","","-26.3","","77","","","","29","","30","","16.1","","98.89","","","","-37","","Snow,Blowing Snow"
"-77.70","53.63","LA GRANDE RIVIERE A","7093716","2019-02-09 05:00","2019","02","09","05:00","","-24.2","","-27.3","","77","","","","29","","32","","4.8","","99.11","","","","-38","","Snow,Blowing Snow"
"-77.70","53.63","LA GRANDE RIVIERE A","7093716","2019-02-09 06:00","2019","02","09","06:00","","-25.2","","-28.4","","75","","","","29","","36","","11.3","","99.30","","","","-40","","Ice Crystals,Blowing Snow"
"-77.70","53.63","LA GRANDE RIVIERE A","7093716","2019-02-09 07:00","2019","02","09","07:00","","-25.7","","-29.0","","74","","","","29","","27","","24.1","","99.47","","","","-39","","Ice Crystals,Blowing Snow"
"-77.70","53.63","LA GRANDE RIVIERE A","7093716","2019-02-09 08:00","2019","02","09","08:00","","-25.2","","-28.3","","76","","","","29","","25","","12.9","","99.56","","","","-38","","Ice Crystals,Blowing Snow"
"-77.70","53.63","LA GRANDE RIVIERE A","7093716","2019-02-09 09:00","2019","02","09","09:00","","-24.3","","-27.3","","77","","","","27","","27","","4.0","","99.67","","","","-38","","Ice Crystals,Blowing Snow"
"-77.70","53.63","LA GRANDE RIVIERE A","7093716","2019-02-09 10:00","2019","02","09","10:00","","-23.0","","-26.5","","74","","","","27","","28","","12.9","","99.77","","","","-36","","Ice Crystals,Blowing Snow"
"-77.70","53.63","LA GRANDE RIVIERE A","7093716","2019-02-09 11:00","2019","02","09","11:00","","-22.1","","-25.6","","73","","","","27","","29","","19.3","","99.81","","","","-35","","Ice Crystals,Blowing Snow"
"-77.70","53.63","LA GRANDE RIVIERE A","7093716","2019-02-09 12:00","2019","02","09","12:00","","-21.8","","-25.6","","72","","","","26","","35","","19.3","","99.84","","","","-36","","Ice Crystals,Blowing Snow"
"-77.70","53.63","LA GRANDE RIVIERE A","7093716","2019-02-09 13:00","2019","02","09","13:00","","-21.4","","-25.3","","71","","","","26","","33","","6.4","","99.85","","","","-35","","Ice Crystals,Blowing Snow"
"-77.70","53.63","LA GRANDE RIVIERE A","7093716","2019-02-09 14:00","2019","02","09","14:00","","-21.5","","-25.4","","71","","","","26","","32","","6.4","","99.86","","","","-35","","Ice Crystals,Blowing Snow"
"-77.70","53.63","LA GRANDE RIVIERE A","7093716","2019-02-09 15:00","2019","02","09","15:00","","-21.6","","-25.4","","72","","","","25","","27","","6.4","","99.88","","","","-34","","Ice Crystals,Blowing Snow"
"-77.70","53.63","LA GRANDE RIVIERE A","7093716","2019-02-09 16:00","2019","02","09","16:00","","-22.2","","-25.8","","73","","","","25","","28","","3.2","","99.93","","","","-35","","Snow,Blowing Snow"
"-77.70","53.63","LA GRANDE RIVIERE A","7093716","2019-02-09 17:00","2019","02","09","17:00","","-22.5","","-26.1","","74","","","","26","","31","","9.7","","99.99","","","","-36","","Snow,Blowing Snow"
"-77.70","53.63","LA GRANDE RIVIERE A","7093716","2019-02-09 18:00","2019","02","09","18:00","","-22.2","","-25.6","","75","","","","25","","25","","9.7","","100.04","","","","-34","","Snow"
"-77.70","53.63","LA GRANDE RIVIERE A","7093716","2019-02-09 19:00","2019","02","09","19:00","","-22.1","","-25.3","","76","","","","25","","22","","9.7","","100.05","","","","-34","","Snow"
"-77.70","53.63","LA GRANDE RIVIERE A","7093716","2019-02-09 20:00","2019","02","09","20:00","","-21.8","","-24.8","","77","","","","26","","21","","9.7","","100.05","","","","-33","","Snow"
"-77.70","53.63","LA GRANDE RIVIERE A","7093716","2019-02-09 21:00","2019","02","09","21:00","","-21.5","","-24.5","","77","","","","25","","18","","8.1","","100.05","","","","-32","","Snow"
"-77.70","53.63","LA GRANDE RIVIERE A","7093716","2019-02-09 22:00","2019","02","09","22:00","","-21.3","","-24.3","","77","","","","26","","14","","8.1","","100.05","","","","-30","","Snow"
"-77.70","53.63","LA GRANDE RIVIERE A","7093716","2019-02-09 23:00","2019","02","09","23:00","","-21.7","","-24.6","","78","","","","24","","12","","8.1","","100.01","","","","-30","","Snow"
"-77.70","53.63","LA GRANDE RIVIERE A","7093716","2019-02-10 00:00","2019","02","10","00:00","","-23.2","","-25.9","","79","","","","24","","11","","16.1","","99.98","","","","-31","","Snow"
"-77.70","53.63","LA GRANDE RIVIERE A","7093716","2019-02-10 01:00","2019","02","10","01:00","","-25.3","","-28.1","","78","","","","21","","9","","24.1","","99.96","","","","-33","","Ice Crystals"
"-77.70","53.63","LA GRANDE RIVIERE A","7093716","2019-02-10 02:00","2019","02","10","02:00","","-25.5","","-28.2","","78","","","","22","","9","","24.1","","99.92","","","","-33","","Ice Crystals"
"-77.70","53.63","LA GRANDE RIVIERE A","7093716","2019-02-10 03:00","2019","02","10","03:00","","-26.0","","-28.8","","78","","","","21","","11","","24.1","","99.92","","","","-35","","Ice Crystals"
"-77.70","53.63","LA GRANDE RIVIERE A","7093716","2019-02-10 04:00","2019","02","10","04:00","","-25.6","","-28.4","","78","","","","20","","13","","24.1","","99.87","","","","-35","","Ice Crystals"
"-77.70","53.63","LA GRANDE RIVIERE A","7093716","2019-02-10 05:00","2019","02","10","05:00","","-25.3","","-28.0","","78","","","","20","","15","","24.1","","99.83","","","","-36","","Ice Crystals"
"-77.70","53.63","LA GRANDE RIVIERE A","7093716","2019-02-10 06:00","2019","02","10","06:00","","-22.9","","-25.7","","78","","","","24","","19","","16.1","","99.82","","","","-34","","Ice Crystals"
"-77.70","53.63","LA GRANDE RIVIERE A","7093716","2019-02-10 07:00","2019","02","10","07:00","","-23.4","","-26.3","","77","","","","26","","18","","16.1","","99.84","","","","-34","","Ice Crystals"
"-77.70","53.63","LA GRANDE RIVIERE A","7093716","2019-02-10 08:00","2019","02","10","08:00","","-23.8","","-26.8","","77","","","","30","","16","","12.9","","99.89","","","","-34","","Snow"
"-77.70","53.63","LA GRANDE RIVIERE A","7093716","2019-02-10 09:00","2019","02","10","09:00","","-25.0","","-28.2","","75","","","","29","","11","","19.3","","99.93","","","","-34","","Snow"
"-77.70","53.63","LA GRANDE RIVIERE A","7093716","2019-02-10 10:00","2019","02","10","10:00","","-24.4","","-27.5","","76","","","","28","","18","","16.1","","99.96","","","","-35","","Ice Crystals"
"-77.70","53.63","LA GRANDE RIVIERE A","7093716","2019-02-10 11:00","2019","02","10","11:00","","-23.9","","-27.3","","74","","","","28","","25","","6.4","","100.00","","","","-37","","Ice Crystals,Blowing Snow"
"-77.70","53.63","LA GRANDE RIVIERE A","7093716","2019-02-10 12:00","2019","02","10","12:00","","-23.7","","-27.5","","72","","","","28","","23","","4.8","","100.04","","","","-36","","Snow,Blowing Snow"
"-77.70","53.63","LA GRANDE RIVIERE A","7093716","2019-02-10 13:00","2019","02","10","13:00","","-23.6","","-28.2","","67","","","","28","","26","","4.8","","100.06","","","","-36","","Snow,Blowing Snow"
"-77.70","53.63","LA GRANDE RIVIERE A","7093716","2019-02-10 14:00","2019","02","10","14:00","","-23.8","","-28.4","","66","","","","28","","23","","6.4","","100.08","","","","-36","","Snow,Blowing Snow"
"-77.70","53.63","LA GRANDE RIVIERE A","7093716","2019-02-10 15:00","2019","02","10","15:00","","-23.6","","-28.3","","66","","","","27","","25","","11.3","","100.12","","","","-36","","Snow,Blowing Snow"
"-77.70","53.63","LA GRANDE RIVIERE A","7093716","2019-02-10 16:00","2019","02","10","16:00","","-24.1","","-28.4","","69","","","","28","","17","","19.3","","100.19","","","","-35","","Snow,Blowing Snow"
"-77.70","53.63","LA GRANDE RIVIERE A","7093716","2019-02-10 17:00","2019","02","10","17:00","","-25.2","","-28.8","","73","","","","27","","16","","12.9","","100.22","","","","-36","","Snow"
"-77.70","53.63","LA GRANDE RIVIERE A","7093716","2019-02-10 18:00","2019","02","10","18:00","","-26.5","","-29.7","","75","","","","26","","12","","19.3","","100.27","","","","-36","","Snow"
"-77.70","53.63","LA GRANDE RIVIERE A","7093716","2019-02-10 19:00","2019","02","10","19:00","","-27.3","","-30.3","","76","","","","25","","8","","24.1","","100.31","","","","-35","","Ice Crystals"
"-77.70","53.63","LA GRANDE RIVIERE A","7093716","2019-02-10 20:00","2019","02","10","20:00","","-28.4","","-31.5","","76","","","","25","","9","","24.1","","100.35","","","","-37","","Ice Crystals"
"-77.70","53.63","LA GRANDE RIVIERE A","7093716","2019-02-10 21:00","2019","02","10","21:00","","-28.8","","-31.9","","76","","","","25","","10","","24.1","","100.34","","","","-38","","Ice Crystals"
"-77.70","53.63","LA GRANDE RIVIERE A","7093716","2019-02-10 22:00","2019","02","10","22:00","","-29.0","","-32.1","","76","","","","26","","5","","24.1","","100.38","","","","-34","","Clear"
"-77.70","53.63","LA GRANDE RIVIERE A","7093716","2019-02-10 23:00","2019","02","10","23:00","","-30.4","","-33.5","","75","","","","26","","5","","24.1","","100.40","","","","-36","","Ice Crystals"
"-77.70","53.63","LA GRANDE RIVIERE A","7093716","2019-02-11 00:00","2019","02","11","00:00","","-29.9","","-32.9","","76","","","","23","","7","","24.1","","100.41","","","","-37","","Ice Crystals"
"-77.70","53.63","LA GRANDE RIVIERE A","7093716","2019-02-11 01:00","2019","02","11","01:00","","-29.9","","-32.9","","75","","","","23","","5","","24.1","","100.47","","","","-36","","Ice Crystals"
"-77.70","53.63","LA GRANDE RIVIERE A","7093716","2019-02-11 02:00","2019","02","11","02:00","","-30.6","","-33.7","","75","","","","25","","7","","24.1","","100.49","","","","-38","","Ice Crystals"
"-77.70","53.63","LA GRANDE RIVIERE A","7093716","2019-02-11 03:00","2019","02","11","03:00","","-29.7","","-32.7","","76","","","","23","","5","","24.1","","100.55","","","","-35","","Ice Crystals"
"-77.70","53.63","LA GRANDE RIVIERE A","7093716","2019-02-11 04:00","2019","02","11","04:00","","-31.1","","-34.3","","75","","","","23","","6","","24.1","","100.57","","","","-38","","Ice Crystals"
"-77.70","53.63","LA GRANDE RIVIERE A","7093716","2019-02-11 05:00","2019","02","11","05:00","","-31.7","","-35.0","","73","","","","","","0","","24.1","","100.62","","","","","","NA"
"-77.70","53.63","LA GRANDE RIVIERE A","7093716","2019-02-11 06:00","2019","02","11","06:00","","-30.6","","-33.8","","74","","","","19","","5","","24.1","","100.64","","","","-36","","NA"
"-77.70","53.63","LA GRANDE RIVIERE A","7093716","2019-02-11 07:00","2019","02","11","07:00","","-30.6","","-33.8","","74","","","","19","","16","","24.1","","100.71","","","","-43","","Clear"
"-77.70","53.63","LA GRANDE RIVIERE A","7093716","2019-02-11 08:00","2019","02","11","08:00","","-30.2","","-33.6","","73","","","","21","","11","","24.1","","100.78","","","","-40","","NA"
"-77.70","53.63","LA GRANDE RIVIERE A","7093716","2019-02-11 09:00","2019","02","11","09:00","","-28.3","","-31.6","","74","","","","21","","7","","24.1","","100.80","","","","-35","","NA"
"-77.70","53.63","LA GRANDE RIVIERE A","7093716","2019-02-11 10:00","2019","02","11","10:00","","-26.6","","-29.8","","75","","","","20","","9","","24.1","","100.81","","","","-35","","Mainly Clear"
"-77.70","53.63","LA GRANDE RIVIERE A","7093716","2019-02-11 11:00","2019","02","11","11:00","","-24.2","","-27.3","","76","","","","19","","9","","24.1","","100.81","","","","-32","","NA"
"-77.70","53.63","LA GRANDE RIVIERE A","7093716","2019-02-11 12:00","2019","02","11","12:00","","-23.3","","-26.3","","77","","","","20","","15","","24.1","","100.82","","","","-33","","NA"
"-77.70","53.63","LA GRANDE RIVIERE A","7093716","2019-02-11 13:00","2019","02","11","13:00","","-21.9","","-24.7","","78","","","","23","","17","","24.1","","100.84","","","","-32","","Mainly Clear"
"-77.70","53.63","LA GRANDE RIVIERE A","7093716","2019-02-11 14:00","2019","02","11","14:00","","-21.3","","-24.1","","78","","","","21","","20","","24.1","","100.83","","","","-32","","NA"
"-77.70","53.63","LA GRANDE RIVIERE A","7093716","2019-02-11 15:00","2019","02","11","15:00","","-20.6","","-24.0","","75","","","","20","","14","","24.1","","100.87","","","","-29","","NA"
"-77.70","53.63","LA GRANDE RIVIERE A","7093716","2019-02-11 16:00","2019","02","11","16:00","","-20.4","","-24.3","","72","","","","21","","12","","24.1","","100.93","","","","-29","","Mainly Clear"
"-77.70","53.63","LA GRANDE RIVIERE A","7093716","2019-02-11 17:00","2019","02","11","17:00","","-21.1","","-25.2","","70","","","","21","","11","","24.1","","100.90","","","","-29","","NA"
"-77.70","53.63","LA GRANDE RIVIERE A","7093716","2019-02-11 18:00","2019","02","11","18:00","","-22.4","","-25.7","","75","","","","19","","8","","24.1","","100.93","","","","-29","","NA"
"-77.70","53.63","LA GRANDE RIVIERE A","7093716","2019-02-11 19:00","2019","02","11","19:00","","-22.7","","-25.9","","75","","","","19","","11","","24.1","","100.91","","","","-31","","Clear"
"-77.70","53.63","LA GRANDE RIVIERE A","7093716","2019-02-11 20:00","2019","02","11","20:00","","-23.8","","-26.7","","78","","","","20","","14","","24.1","","100.93","","","","-33","","NA"
"-77.70","53.63","LA GRANDE RIVIERE A","7093716","2019-02-11 21:00","2019","02","11","21:00","","-24.1","","-26.8","","79","","","","21","","15","","24.1","","100.94","","","","-34","","NA"
"-77.70","53.63","LA GRANDE RIVIERE A","7093716","2019-02-11 22:00","2019","02","11","22:00","","-25.0","","-27.8","","78","","","","22","","14","","24.1","","100.98","","","","-35","","Clear"
"-77.70","53.63","LA GRANDE RIVIERE A","7093716","2019-02-11 23:00","2019","02","11","23:00","","-24.8","","-27.5","","79","","","","21","","15","","24.1","","100.95","","","","-35","","NA"
"-77.70","53.63","LA GRANDE RIVIERE A","7093716","2019-02-12 00:00","2019","02","12","00:00","","-25.0","","-27.7","","79","","","","21","","16","","24.1","","100.93","","","","-36","","NA"
"-77.70","53.63","LA GRANDE RIVIERE A","7093716","2019-02-12 01:00","2019","02","12","01:00","","-24.9","","-27.5","","79","","","","20","","16","","24.1","","100.90","","","","-35","","Clear"
"-77.70","53.63","LA GRANDE RIVIERE A","7093716","2019-02-12 02:00","2019","02","12","02:00","","-24.7","","-27.5","","78","","","","20","","17","","24.1","","100.89","","","","-36","","NA"
"-77.70","53.63","LA GRANDE RIVIERE A","7093716","2019-02-12 03:00","2019","02","12","03:00","","-25.7","","-28.6","","77","","","","20","","15","","24.1","","100.93","","","","-36","","NA"
"-77.70","53.63","LA GRANDE RIVIERE A","7093716","2019-02-12 04:00","2019","02","12","04:00","","-25.1","","-28.0","","77","","","","22","","13","","24.1","","100.93","","","","-35","","Clear"
"-77.70","53.63","LA GRANDE RIVIERE A","7093716","2019-02-12 05:00","2019","02","12","05:00","","-25.2","","-28.1","","77","","","","19","","17","","24.1","","100.94","","","","-36","","NA"
"-77.70","53.63","LA GRANDE RIVIERE A","7093716","2019-02-12 06:00","2019","02","12","06:00","","-25.1","","-28.1","","77","","","","19","","18","","24.1","","100.92","","","","-36","","NA"
"-77.70","53.63","LA GRANDE RIVIERE A","7093716","2019-02-12 07:00","2019","02","12","07:00","","-25.4","","-28.2","","77","","","","19","","15","","24.1","","100.92","","","","-36","","Mainly Clear"
"-77.70","53.63","LA GRANDE RIVIERE A","7093716","2019-02-12 08:00","2019","02","12","08:00","","-24.6","","-27.5","","77","","","","19","","16","","24.1","","100.91","","","","-35","","NA"
"-77.70","53.63","LA GRANDE RIVIERE A","7093716","2019-02-12 09:00","2019","02","12","09:00","","-23.1","","-25.9","","78","","","","20","","16","","24.1","","100.89","","","","-33","","NA"
"-77.70","53.63","LA GRANDE RIVIERE A","7093716","2019-02-12 10:00","2019","02","12","10:00","","-22.6","","-25.4","","78","","","","20","","13","","24.1","","100.93","","","","-32","","Mainly Clear"
"-77.70","53.63","LA GRANDE RIVIERE A","7093716","2019-02-12 11:00","2019","02","12","11:00","","-20.0","","-22.9","","78","","","","21","","10","","24.1","","100.89","","","","-27","","NA"
"-77.70","53.63","LA GRANDE RIVIERE A","7093716","2019-02-12 12:00","2019","02","12","12:00","","-18.1","","-21.4","","76","","","","20","","9","","24.1","","100.86","","","","-24","","NA"
"-77.70","53.63","LA GRANDE RIVIERE A","7093716","2019-02-12 13:00","2019","02","12","13:00","","-17.3","","-21.1","","73","","","","","","0","","24.1","","100.77","","","","","","Mostly Cloudy"
"-77.70","53.63","LA GRANDE RIVIERE A","7093716","2019-02-12 14:00","2019","02","12","14:00","","-16.1","","-21.4","","64","","","","20","","9","","24.1","","100.75","","","","-22","","NA"
"-77.70","53.63","LA GRANDE RIVIERE A","7093716","2019-02-12 15:00","2019","02","12","15:00","","-14.5","","-20.5","","61","","","","17","","7","","24.1","","100.66","","","","-19","","NA"
"-77.70","53.63","LA GRANDE RIVIERE A","7093716","2019-02-12 16:00","2019","02","12","16:00","","-14.9","","-20.9","","61","","","","11","","7","","24.1","","100.56","","","","-20","","Mainly Clear"
"-77.70","53.63","LA GRANDE RIVIERE A","7093716","2019-02-12 17:00","2019","02","12","17:00","","-16.7","","-21.2","","68","","","","7","","7","","24.1","","100.48","","","","-22","","NA"
"-77.70","53.63","LA GRANDE RIVIERE A","7093716","2019-02-12 18:00","2019","02","12","18:00","","-20.5","","-24.0","","74","","","","10","","7","","24.1","","100.47","","","","-26","","NA"
"-77.70","53.63","LA GRANDE RIVIERE A","7093716","2019-02-12 19:00","2019","02","12","19:00","","-21.0","","-23.4","","81","","","","11","","12","","24.1","","100.41","","","","-29","","Clear"
"-77.70","53.63","LA GRANDE RIVIERE A","7093716","2019-02-12 20:00","2019","02","12","20:00","","-22.0","","-24.3","","82","","","","10","","10","","24.1","","100.33","","","","-30","","NA"
"-77.70","53.63","LA GRANDE RIVIERE A","7093716","2019-02-12 21:00","2019","02","12","21:00","","-23.1","","-25.6","","80","","","","11","","14","","24.1","","100.30","","","","-33","","NA"
"-77.70","53.63","LA GRANDE RIVIERE A","7093716","2019-02-12 22:00","2019","02","12","22:00","","-23.9","","-26.5","","79","","","","11","","15","","24.1","","100.22","","","","-34","","Clear"
"-77.70","53.63","LA GRANDE RIVIERE A","7093716","2019-02-12 23:00","2019","02","12","23:00","","-24.2","","-27.1","","77","","","","10","","15","","24.1","","100.13","","","","-34","","NA"
"-77.70","53.63","LA GRANDE RIVIERE A","7093716","2019-02-13 00:00","2019","02","13","00:00","","-23.9","","-26.9","","77","","","","10","","15","","24.1","","100.04","","","","-34","","NA"
"-77.70","53.63","LA GRANDE RIVIERE A","7093716","2019-02-13 01:00","2019","02","13","01:00","","-23.2","","-26.3","","77","","","","7","","16","","24.1","","99.91","","","","-33","","Clear"
"-77.70","53.63","LA GRANDE RIVIERE A","7093716","2019-02-13 02:00","2019","02","13","02:00","","-23.9","","-26.9","","77","","","","8","","21","","24.1","","99.84","","","","-36","","NA"
"-77.70","53.63","LA GRANDE RIVIERE A","7093716","2019-02-13 03:00","2019","02","13","03:00","","-23.8","","-26.9","","76","","","","8","","22","","24.1","","99.76","","","","-36","","NA"
"-77.70","53.63","LA GRANDE RIVIERE A","7093716","2019-02-13 04:00","2019","02","13","04:00","","-24.2","","-27.5","","75","","","","7","","17","","24.1","","99.62","","","","-35","","Clear"
"-77.70","53.63","LA GRANDE RIVIERE A","7093716","2019-02-13 05:00","2019","02","13","05:00","","-23.4","","-26.8","","74","","","","7","","17","","24.1","","99.51","","","","-34","","NA"
"-77.70","53.63","LA GRANDE RIVIERE A","7093716","2019-02-13 06:00","2019","02","13","06:00","","-23.1","","-26.9","","72","","","","8","","19","","24.1","","99.46","","","","-34","","NA"
"-77.70","53.63","LA GRANDE RIVIERE A","7093716","2019-02-13 07:00","2019","02","13","07:00","","-23.7","","-27.5","","71","","","","7","","21","","24.1","","99.39","","","","-35","","Mainly Clear"
"-77.70","53.63","LA GRANDE RIVIERE A","7093716","2019-02-13 08:00","2019","02","13","08:00","","-23.1","","-27.2","","70","","","","7","","19","","24.1","","99.30","","","","-34","","NA"
"-77.70","53.63","LA GRANDE RIVIERE A","7093716","2019-02-13 09:00","2019","02","13","09:00","","-21.5","","-26.4","","65","","","","7","","24","","24.1","","99.22","","","","-33","","NA"
"-77.70","53.63","LA GRANDE RIVIERE A","7093716","2019-02-13 10:00","2019","02","13","10:00","","-20.0","","-25.3","","64","","","","6","","21","","24.1","","99.09","","","","-31","","Mostly Cloudy"
"-77.70","53.63","LA GRANDE RIVIERE A","7093716","2019-02-13 11:00","2019","02","13","11:00","","-18.1","","-24.1","","60","","","","7","","23","","24.1","","98.98","","","","-29","","NA"
"-77.70","53.63","LA GRANDE RIVIERE A","7093716","2019-02-13 12:00","2019","02","13","12:00","","-16.8","","-22.8","","60","","","","6","","25","","24.1","","98.85","","","","-27","","NA"
"-77.70","53.63","LA GRANDE RIVIERE A","7093716","2019-02-13 13:00","2019","02","13","13:00","","-14.8","","-21.1","","59","","","","6","","25","","24.1","","98.74","","","","-25","","Mostly Cloudy"
"-77.70","53.63","LA GRANDE RIVIERE A","7093716","2019-02-13 14:00","2019","02","13","14:00","","-13.4","","-20.0","","58","","","","7","","20","","24.1","","98.67","","","","-22","","NA"
"-77.70","53.63","LA GRANDE RIVIERE A","7093716","2019-02-13 15:00","2019","02","13","15:00","","-12.2","","-19.0","","57","","","","6","","22","","24.1","","98.59","","","","-21","","NA"
"-77.70","53.63","LA GRANDE RIVIERE A","7093716","2019-02-13 16:00","2019","02","13","16:00","","-12.0","","-18.6","","59","","","","6","","18","","24.1","","98.56","","","","-20","","Mostly Cloudy"
"-77.70","53.63","LA GRANDE RIVIERE A","7093716","2019-02-13 17:00","2019","02","13","17:00","","-12.6","","-18.2","","63","","","","7","","23","","24.1","","98.56","","","","-22","","NA"
"-77.70","53.63","LA GRANDE RIVIERE A","7093716","2019-02-13 18:00","2019","02","13","18:00","","-13.0","","-18.4","","64","","","","6","","20","","24.1","","98.56","","","","-22","","NA"
"-77.70","53.63","LA GRANDE RIVIERE A","7093716","2019-02-13 19:00","2019","02","13","19:00","","-13.7","","-18.8","","66","","","","6","","21","","24.1","","98.55","","","","-23","","Mostly Cloudy"
"-77.70","53.63","LA GRANDE RIVIERE A","7093716","2019-02-13 20:00","2019","02","13","20:00","","-14.0","","-19.0","","66","","","","6","","20","","24.1","","98.54","","","","-23","","NA"
"-77.70","53.63","LA GRANDE RIVIERE A","7093716","2019-02-13 21:00","2019","02","13","21:00","","-13.0","","-18.3","","65","","","","7","","20","","24.1","","98.54","","","","-22","","NA"
"-77.70","53.63","LA GRANDE RIVIERE A","7093716","2019-02-13 22:00","2019","02","13","22:00","","-14.0","","-19.0","","66","","","","7","","21","","24.1","","98.55","","","","-23","","Snow"
"-77.70","53.63","LA GRANDE RIVIERE A","7093716","2019-02-13 23:00","2019","02","13","23:00","","-14.2","","-19.1","","67","","","","6","","16","","24.1","","98.53","","","","-22","","Snow"
"-77.70","53.63","LA GRANDE RIVIERE A","7093716","2019-02-14 00:00","2019","02","14","00:00","","-14.9","","-19.5","","68","","","","6","","16","","24.1","","98.52","","","","-23","","Snow"
"-77.70","53.63","LA GRANDE RIVIERE A","7093716","2019-02-14 01:00","2019","02","14","01:00","","-15.2","","-19.8","","68","","","","7","","16","","24.1","","98.51","","","","-23","","Snow"
"-77.70","53.63","LA GRANDE RIVIERE A","7093716","2019-02-14 02:00","2019","02","14","02:00","","-15.7","","-20.4","","68","","","","7","","18","","24.1","","98.54","","","","-25","","Snow"
"-77.70","53.63","LA GRANDE RIVIERE A","7093716","2019-02-14 03:00","2019","02","14","03:00","","-16.0","","-20.7","","68","","","","6","","17","","24.1","","98.57","","","","-25","","NA"
"-77.70","53.63","LA GRANDE RIVIERE A","7093716","2019-02-14 04:00","2019","02","14","04:00","","-16.7","","-21.1","","69","","","","6","","13","","24.1","","98.63","","","","-24","","Cloudy"
"-77.70","53.63","LA GRANDE RIVIERE A","7093716","2019-02-14 05:00","2019","02","14","05:00","","-18.2","","-22.2","","72","","","","5","","10","","24.1","","98.68","","","","-25","","NA"
"-77.70","53.63","LA GRANDE RIVIERE A","7093716","2019-02-14 06:00","2019","02","14","06:00","","-17.8","","-22.1","","70","","","","6","","18","","24.1","","98.69","","","","-27","","NA"
"-77.70","53.63","LA GRANDE RIVIERE A","7093716","2019-02-14 07:00","2019","02","14","07:00","","-18.3","","-22.6","","70","","","","8","","13","","24.1","","98.73","","","","-26","","Mostly Cloudy"
"-77.70","53.63","LA GRANDE RIVIERE A","7093716","2019-02-14 08:00","2019","02","14","08:00","","-18.2","","-22.4","","70","","","","8","","17","","24.1","","98.75","","","","-27","","NA"
"-77.70","53.63","LA GRANDE RIVIERE A","7093716","2019-02-14 09:00","2019","02","14","09:00","","-17.0","","-21.8","","67","","","","9","","21","","24.1","","98.78","","","","-27","","NA"
"-77.70","53.63","LA GRANDE RIVIERE A","7093716","2019-02-14 10:00","2019","02","14","10:00","","-16.5","","-21.6","","65","","","","9","","18","","24.1","","98.78","","","","-26","","Mostly Cloudy"
"-77.70","53.63","LA GRANDE RIVIERE A","7093716","2019-02-14 11:00","2019","02","14","11:00","","-15.8","","-21.5","","62","","","","9","","26","","24.1","","98.76","","","","-26","","NA"
"-77.70","53.63","LA GRANDE RIVIERE A","7093716","2019-02-14 12:00","2019","02","14","12:00","","-15.3","","-21.1","","62","","","","10","","16","","24.1","","98.79","","","","-24","","NA"
"-77.70","53.63","LA GRANDE RIVIERE A","7093716","2019-02-14 13:00","2019","02","14","13:00","","-14.5","","-20.4","","61","","","","8","","16","","24.1","","98.77","","","","-23","","Mostly Cloudy"
"-77.70","53.63","LA GRANDE RIVIERE A","7093716","2019-02-14 14:00","2019","02","14","14:00","","-14.3","","-20.2","","61","","","","7","","14","","24.1","","98.79","","","","-22","","NA"
"-77.70","53.63","LA GRANDE RIVIERE A","7093716","2019-02-14 15:00","2019","02","14","15:00","","-14.0","","-19.6","","63","","","","7","","13","","24.1","","98.79","","","","-21","","NA"
"-77.70","53.63","LA GRANDE RIVIERE A","7093716","2019-02-14 16:00","2019","02","14","16:00","","-13.6","","-19.0","","64","","","","8","","9","","24.1","","98.78","","","","-19","","Mostly Cloudy"
"-77.70","53.63","LA GRANDE RIVIERE A","7093716","2019-02-14 17:00","2019","02","14","17:00","","-14.0","","-18.9","","67","","","","8","","10","","24.1","","98.76","","","","-20","","NA"
"-77.70","53.63","LA GRANDE RIVIERE A","7093716","2019-02-14 18:00","2019","02","14","18:00","","-15.0","","-19.3","","70","","","","10","","16","","24.1","","98.81","","","","-23","","NA"
"-77.70","53.63","LA GRANDE RIVIERE A","7093716","2019-02-14 19:00","2019","02","14","19:00","","-15.9","","-19.7","","73","","","","9","","12","","24.1","","98.82","","","","-23","","Mostly Cloudy"
"-77.70","53.63","LA GRANDE RIVIERE A","7093716","2019-02-14 20:00","2019","02","14","20:00","","-17.4","","-20.7","","76","","","","10","","13","","24.1","","98.80","","","","-25","","NA"
"-77.70","53.63","LA GRANDE RIVIERE A","7093716","2019-02-14 21:00","2019","02","14","21:00","","-17.6","","-20.9","","76","","","","10","","17","","24.1","","98.79","","","","-27","","NA"
"-77.70","53.63","LA GRANDE RIVIERE A","7093716","2019-02-14 22:00","2019","02","14","22:00","","-17.7","","-21.6","","72","","","","10","","16","","24.1","","98.78","","","","-27","","Mostly Cloudy"
"-77.70","53.63","LA GRANDE RIVIERE A","7093716","2019-02-14 23:00","2019","02","14","23:00","","-20.1","","-23.1","","77","","","","11","","17","","24.1","","98.77","","","","-30","","NA"
"-77.70","53.63","LA GRANDE RIVIERE A","7093716","2019-02-15 00:00","2019","02","15","00:00","","-19.9","","-23.2","","76","","","","11","","19","","24.1","","98.74","","","","-30","","NA"
"-77.70","53.63","LA GRANDE RIVIERE A","7093716","2019-02-15 01:00","2019","02","15","01:00","","-18.8","","-22.5","","73","","","","10","","22","","24.1","","98.70","","","","-29","","Mainly Clear"
"-77.70","53.63","LA GRANDE RIVIERE A","7093716","2019-02-15 02:00","2019","02","15","02:00","","-18.8","","-22.4","","73","","","","10","","20","","24.1","","98.67","","","","-29","","NA"
"-77.70","53.63","LA GRANDE RIVIERE A","7093716","2019-02-15 03:00","2019","02","15","03:00","","-18.5","","-22.2","","73","","","","10","","17","","24.1","","98.63","","","","-28","","NA"
"-77.70","53.63","LA GRANDE RIVIERE A","7093716","2019-02-15 04:00","2019","02","15","04:00","","-18.7","","-22.3","","74","","","","10","","19","","24.1","","98.59","","","","-29","","Mostly Cloudy"
"-77.70","53.63","LA GRANDE RIVIERE A","7093716","2019-02-15 05:00","2019","02","15","05:00","","-18.5","","-21.9","","75","","","","10","","19","","24.1","","98.54","","","","-28","","NA"
"-77.70","53.63","LA GRANDE RIVIERE A","7093716","2019-02-15 06:00","2019","02","15","06:00","","-18.2","","-21.8","","74","","","","9","","19","","24.1","","98.49","","","","-28","","NA"
"-77.70","53.63","LA GRANDE RIVIERE A","7093716","2019-02-15 07:00","2019","02","15","07:00","","-18.0","","-21.6","","74","","","","9","","23","","24.1","","98.43","","","","-29","","Mostly Cloudy"
"-77.70","53.63","LA GRANDE RIVIERE A","7093716","2019-02-15 08:00","2019","02","15","08:00","","-17.6","","-21.2","","74","","","","9","","21","","24.1","","98.41","","","","-28","","NA"
"-77.70","53.63","LA GRANDE RIVIERE A","7093716","2019-02-15 09:00","2019","02","15","09:00","","-16.2","","-20.3","","71","","","","9","","21","","24.1","","98.38","","","","-26","","NA"
"-77.70","53.63","LA GRANDE RIVIERE A","7093716","2019-02-15 10:00","2019","02","15","10:00","","-14.9","","-19.5","","69","","","","9","","19","","24.1","","98.29","","","","-24","","Mainly Clear"
"-77.70","53.63","LA GRANDE RIVIERE A","7093716","2019-02-15 11:00","2019","02","15","11:00","","-13.1","","-17.9","","68","","","","8","","18","","24.1","","98.20","","","","-21","","NA"
"-77.70","53.63","LA GRANDE RIVIERE A","7093716","2019-02-15 12:00","2019","02","15","12:00","","-12.4","","-17.6","","66","","","","6","","16","","24.1","","98.12","","","","-20","","NA"
"-77.70","53.63","LA GRANDE RIVIERE A","7093716","2019-02-15 13:00","2019","02","15","13:00","","-11.2","","-16.4","","66","","","","5","","14","","24.1","","98.02","","","","-18","","Mainly Clear"
"-77.70","53.63","LA GRANDE RIVIERE A","7093716","2019-02-15 14:00","2019","02","15","14:00","","-10.0","","-15.1","","66","","","","6","","14","","24.1","","97.96","","","","-16","","NA"
"-77.70","53.63","LA GRANDE RIVIERE A","7093716","2019-02-15 15:00","2019","02","15","15:00","","-10.1","","-15.2","","67","","","","5","","14","","24.1","","97.89","","","","-17","","NA"
"-77.70","53.63","LA GRANDE RIVIERE A","7093716","2019-02-15 16:00","2019","02","15","16:00","","-10.4","","-14.9","","70","","","","5","","13","","24.1","","97.88","","","","-17","","Mostly Cloudy"
"-77.70","53.63","LA GRANDE RIVIERE A","7093716","2019-02-15 17:00","2019","02","15","17:00","","-11.1","","-15.4","","71","","","","6","","14","","24.1","","97.91","","","","-18","","NA"
"-77.70","53.63","LA GRANDE RIVIERE A","7093716","2019-02-15 18:00","2019","02","15","18:00","","-12.0","","-15.8","","74","","","","3","","6","","24.1","","97.90","","","","-16","","NA"
"-77.70","53.63","LA GRANDE RIVIERE A","7093716","2019-02-15 19:00","2019","02","15","19:00","","-11.9","","-15.7","","74","","","","35","","4","","24.1","","97.89","","","","-14","","Cloudy"
"-77.70","53.63","LA GRANDE RIVIERE A","7093716","2019-02-15 20:00","2019","02","15","20:00","","-11.6","","-15.6","","73","","","","36","","6","","24.1","","97.89","","","","-15","","Snow"
"-77.70","53.63","LA GRANDE RIVIERE A","7093716","2019-02-15 21:00","2019","02","15","21:00","","-11.6","","-15.6","","73","","","","34","","6","","24.1","","97.88","","","","-15","","Snow"
"-77.70","53.63","LA GRANDE RIVIERE A","7093716","2019-02-15 22:00","2019","02","15","22:00","","-11.6","","-15.5","","73","","","","34","","8","","24.1","","97.82","","","","-16","","Snow"
"-77.70","53.63","LA GRANDE RIVIERE A","7093716","2019-02-15 23:00","2019","02","15","23:00","","-11.8","","-15.3","","76","","","","31","","11","","24.1","","97.80","","","","-18","","Snow"
"-77.70","53.63","LA GRANDE RIVIERE A","7093716","2019-02-16 00:00","2019","02","16","00:00","","-13.5","","-16.6","","78","","","","31","","19","","16.1","","97.81","","","","-22","","Snow"
"-77.70","53.63","LA GRANDE RIVIERE A","7093716","2019-02-16 01:00","2019","02","16","01:00","","-14.9","","-17.9","","78","","","","32","","19","","24.1","","97.85","","","","-24","","Snow"
"-77.70","53.63","LA GRANDE RIVIERE A","7093716","2019-02-16 02:00","2019","02","16","02:00","","-16.0","","-18.4","","82","","","","31","","17","","8.1","","97.90","","","","-25","","Snow"
"-77.70","53.63","LA GRANDE RIVIERE A","7093716","2019-02-16 03:00","2019","02","16","03:00","","-15.9","","-18.1","","83","","","","31","","18","","3.2","","97.95","","","","-25","","Snow"
"-77.70","53.63","LA GRANDE RIVIERE A","7093716","2019-02-16 04:00","2019","02","16","04:00","","-17.4","","-19.8","","81","","","","30","","20","","8.1","","98.00","","","","-27","","Snow"
"-77.70","53.63","LA GRANDE RIVIERE A","7093716","2019-02-16 05:00","2019","02","16","05:00","","-18.4","","-21.0","","80","","","","30","","22","","8.1","","98.06","","","","-29","","Snow"
"-77.70","53.63","LA GRANDE RIVIERE A","7093716","2019-02-16 06:00","2019","02","16","06:00","","-19.4","","-22.0","","80","","","","28","","25","","8.1","","98.11","","","","-31","","Snow"
"-77.70","53.63","LA GRANDE RIVIERE A","7093716","2019-02-16 07:00","2019","02","16","07:00","","-21.4","","-24.1","","80","","","","30","","23","","4.8","","98.20","","","","-33","","Snow,Ice Crystals"
"-77.70","53.63","LA GRANDE RIVIERE A","7093716","2019-02-16 08:00","2019","02","16","08:00","","-22.1","","-24.8","","79","","","","29","","21","","4.0","","98.28","","","","-33","","Snow"
"-77.70","53.63","LA GRANDE RIVIERE A","7093716","2019-02-16 09:00","2019","02","16","09:00","","-21.4","","-24.1","","79","","","","29","","28","","3.2","","98.33","","","","-34","","Snow"
"-77.70","53.63","LA GRANDE RIVIERE A","7093716","2019-02-16 10:00","2019","02","16","10:00","","-21.2","","-24.1","","77","","","","29","","30","","4.0","","98.39","","","","-34","","Snow"
"-77.70","53.63","LA GRANDE RIVIERE A","7093716","2019-02-16 11:00","2019","02","16","11:00","","-20.5","","-24.0","","74","","","","28","","26","","4.8","","98.43","","","","-32","","Snow,Blowing Snow"
"-77.70","53.63","LA GRANDE RIVIERE A","7093716","2019-02-16 12:00","2019","02","16","12:00","","-20.4","","-24.2","","72","","","","27","","36","","4.8","","98.48","","","","-34","","Snow,Blowing Snow"
"-77.70","53.63","LA GRANDE RIVIERE A","7093716","2019-02-16 13:00","2019","02","16","13:00","","-20.2","","-24.2","","71","","","","27","","35","","4.8","","98.52","","","","-34","","Snow,Blowing Snow"
"-77.70","53.63","LA GRANDE RIVIERE A","7093716","2019-02-16 14:00","2019","02","16","14:00","","-20.1","","-23.9","","72","","","","28","","29","","6.4","","98.58","","","","-33","","Snow,Blowing Snow"
"-77.70","53.63","LA GRANDE RIVIERE A","7093716","2019-02-16 15:00","2019","02","16","15:00","","-20.1","","-24.0","","71","","","","26","","28","","6.4","","98.64","","","","-32","","Snow,Blowing Snow"
"-77.70","53.63","LA GRANDE RIVIERE A","7093716","2019-02-16 16:00","2019","02","16","16:00","","-20.5","","-24.3","","72","","","","26","","31","","9.7","","98.71","","","","-33","","Snow,Blowing Snow"
"-77.70","53.63","LA GRANDE RIVIERE A","7093716","2019-02-16 17:00","2019","02","16","17:00","","-21.0","","-24.8","","72","","","","26","","36","","9.7","","98.82","","","","-35","","Snow,Blowing Snow"
"-77.70","53.63","LA GRANDE RIVIERE A","7093716","2019-02-16 18:00","2019","02","16","18:00","","-21.2","","-24.6","","74","","","","26","","23","","9.7","","98.87","","","","-33","","Snow,Blowing Snow"
"-77.70","53.63","LA GRANDE RIVIERE A","7093716","2019-02-16 19:00","2019","02","16","19:00","","-21.1","","-24.3","","76","","","","27","","20","","6.4","","98.91","","","","-32","","Snow,Blowing Snow"
"-77.70","53.63","LA GRANDE RIVIERE A","7093716","2019-02-16 20:00","2019","02","16","20:00","","-21.5","","-24.8","","75","","","","28","","29","","8.1","","98.95","","","","-34","","Snow,Blowing Snow"
"-77.70","53.63","LA GRANDE RIVIERE A","7093716","2019-02-16 21:00","2019","02","16","21:00","","-22.0","","-25.4","","75","","","","27","","22","","8.1","","98.96","","","","-34","","Snow,Blowing Snow"
"-77.70","53.63","LA GRANDE RIVIERE A","7093716","2019-02-16 22:00","2019","02","16","22:00","","-22.3","","-25.3","","77","","","","24","","13","","24.1","","98.97","","","","-31","","Snow"
"-77.70","53.63","LA GRANDE RIVIERE A","7093716","2019-02-16 23:00","2019","02","16","23:00","","-22.3","","-25.3","","77","","","","24","","12","","24.1","","98.92","","","","-31","","Ice Crystals"
"-77.70","53.63","LA GRANDE RIVIERE A","7093716","2019-02-17 00:00","2019","02","17","00:00","","-23.2","","-25.9","","78","","","","22","","11","","16.1","","98.91","","","","-31","","Ice Crystals"
"-77.70","53.63","LA GRANDE RIVIERE A","7093716","2019-02-17 01:00","2019","02","17","01:00","","-22.3","","-25.2","","78","","","","24","","14","","16.1","","98.92","","","","-32","","Ice Crystals"
"-77.70","53.63","LA GRANDE RIVIERE A","7093716","2019-02-17 02:00","2019","02","17","02:00","","-22.0","","-24.9","","78","","","","24","","18","","16.1","","98.90","","","","-32","","Ice Crystals"
"-77.70","53.63","LA GRANDE RIVIERE A","7093716","2019-02-17 03:00","2019","02","17","03:00","","-21.4","","-24.4","","77","","","","24","","19","","16.1","","98.93","","","","-32","","Ice Crystals"
"-77.70","53.63","LA GRANDE RIVIERE A","7093716","2019-02-17 04:00","2019","02","17","04:00","","-21.4","","-24.4","","77","","","","25","","18","","8.1","","98.94","","","","-32","","Ice Crystals"
"-77.70","53.63","LA GRANDE RIVIERE A","7093716","2019-02-17 05:00","2019","02","17","05:00","","-22.1","","-25.2","","76","","","","25","","17","","16.1","","98.93","","","","-32","","Snow"
"-77.70","53.63","LA GRANDE RIVIERE A","7093716","2019-02-17 06:00","2019","02","17","06:00","","-22.7","","-25.8","","76","","","","24","","14","","16.1","","98.95","","","","-32","","Ice Crystals"
"-77.70","53.63","LA GRANDE RIVIERE A","7093716","2019-02-17 07:00","2019","02","17","07:00","","-22.7","","-25.7","","77","","","","24","","17","","16.1","","98.96","","","","-33","","Ice Crystals"
"-77.70","53.63","LA GRANDE RIVIERE A","7093716","2019-02-17 08:00","2019","02","17","08:00","","-22.8","","-25.7","","77","","","","23","","15","","9.7","","99.00","","","","-33","","Ice Crystals"
"-77.70","53.63","LA GRANDE RIVIERE A","7093716","2019-02-17 09:00","2019","02","17","09:00","","-21.7","","-24.8","","76","","","","25","","18","","3.2","","99.00","","","","-32","","Ice Crystals"
"-77.70","53.63","LA GRANDE RIVIERE A","7093716","2019-02-17 10:00","2019","02","17","10:00","","-21.1","","-24.9","","72","","","","26","","25","","4.8","","99.02","","","","-33","","Ice Crystals"
"-77.70","53.63","LA GRANDE RIVIERE A","7093716","2019-02-17 11:00","2019","02","17","11:00","","-21.0","","-25.4","","69","","","","26","","21","","4.8","","99.05","","","","-32","","Ice Crystals"
"-77.70","53.63","LA GRANDE RIVIERE A","7093716","2019-02-17 12:00","2019","02","17","12:00","","-20.7","","-25.3","","67","","","","26","","26","","6.4","","99.06","","","","-33","","Ice Crystals"
"-77.70","53.63","LA GRANDE RIVIERE A","7093716","2019-02-17 13:00","2019","02","17","13:00","","-20.7","","-25.6","","66","","","","25","","26","","6.4","","99.06","","","","-33","","Ice Crystals"
"-77.70","53.63","LA GRANDE RIVIERE A","7093716","2019-02-17 14:00","2019","02","17","14:00","","-20.9","","-25.8","","65","","","","26","","28","","6.4","","99.13","","","","-33","","Ice Crystals"
"-77.70","53.63","LA GRANDE RIVIERE A","7093716","2019-02-17 15:00","2019","02","17","15:00","","-21.4","","-25.8","","68","","","","27","","26","","4.8","","99.17","","","","-34","","Ice Crystals"
"-77.70","53.63","LA GRANDE RIVIERE A","7093716","2019-02-17 16:00","2019","02","17","16:00","","-21.3","","-25.9","","67","","","","25","","24","","11.3","","99.22","","","","-33","","Ice Crystals"
"-77.70","53.63","LA GRANDE RIVIERE A","7093716","2019-02-17 17:00","2019","02","17","17:00","","-22.3","","-26.5","","69","","","","26","","20","","16.1","","99.29","","","","-33","","Ice Crystals"
"-77.70","53.63","LA GRANDE RIVIERE A","7093716","2019-02-17 18:00","2019","02","17","18:00","","-22.5","","-26.1","","73","","","","25","","16","","16.1","","99.35","","","","-32","","Ice Crystals"
"-77.70","53.63","LA GRANDE RIVIERE A","7093716","2019-02-17 19:00","2019","02","17","19:00","","-22.7","","-26.1","","74","","","","27","","24","","4.8","","99.38","","","","-35","","Ice Crystals"
"-77.70","53.63","LA GRANDE RIVIERE A","7093716","2019-02-17 20:00","2019","02","17","20:00","","-22.9","","-26.2","","75","","","","26","","15","","16.1","","99.43","","","","-33","","Ice Crystals"
"-77.70","53.63","LA GRANDE RIVIERE A","7093716","2019-02-17 21:00","2019","02","17","21:00","","-22.8","","-26.0","","76","","","","26","","13","","16.1","","99.43","","","","-32","","Ice Crystals"
"-77.70","53.63","LA GRANDE RIVIERE A","7093716","2019-02-17 22:00","2019","02","17","22:00","","-22.5","","-25.6","","76","","","","28","","18","","24.1","","99.41","","","","-33","","Ice Crystals"
"-77.70","53.63","LA GRANDE RIVIERE A","7093716","2019-02-17 23:00","2019","02","17","23:00","","-22.4","","-25.3","","77","","","","27","","17","","24.1","","99.41","","","","-33","","Ice Crystals"
"-77.70","53.63","LA GRANDE RIVIERE A","7093716","2019-02-18 00:00","2019","02","18","00:00","","-22.4","","-25.2","","78","","","","26","","15","","24.1","","99.42","","","","-32","","Ice Crystals"
"-77.70","53.63","LA GRANDE RIVIERE A","7093716","2019-02-18 01:00","2019","02","18","01:00","","-22.4","","-25.2","","78","","","","25","","14","","24.1","","99.45","","","","-32","","Ice Crystals"
"-77.70","53.63","LA GRANDE RIVIERE A","7093716","2019-02-18 02:00","2019","02","18","02:00","","-22.2","","-25.1","","78","","","","26","","13","","24.1","","99.47","","","","-31","","Ice Crystals"
"-77.70","53.63","LA GRANDE RIVIERE A","7093716","2019-02-18 03:00","2019","02","18","03:00","","-22.3","","-25.2","","78","","","","25","","16","","16.1","","99.49","","","","-32","","Ice Crystals"
"-77.70","53.63","LA GRANDE RIVIERE A","7093716","2019-02-18 04:00","2019","02","18","04:00","","-22.4","","-25.2","","78","","","","25","","16","","24.1","","99.51","","","","-32","","Ice Crystals"
"-77.70","53.63","LA GRANDE RIVIERE A","7093716","2019-02-18 05:00","2019","02","18","05:00","","-22.4","","-25.3","","78","","","","25","","16","","16.1","","99.51","","","","-32","","Ice Crystals"
"-77.70","53.63","LA GRANDE RIVIERE A","7093716","2019-02-18 06:00","2019","02","18","06:00","","-22.5","","-25.5","","77","","","","25","","14","","11.3","","99.52","","","","-32","","Ice Crystals"
"-77.70","53.63","LA GRANDE RIVIERE A","7093716","2019-02-18 07:00","2019","02","18","07:00","","-22.9","","-25.9","","77","","","","25","","15","","16.1","","99.50","","","","-33","","Snow"
"-77.70","53.63","LA GRANDE RIVIERE A","7093716","2019-02-18 08:00","2019","02","18","08:00","","-23.1","","-26.1","","77","","","","25","","17","","8.1","","99.53","","","","-34","","Snow"
"-77.70","53.63","LA GRANDE RIVIERE A","7093716","2019-02-18 09:00","2019","02","18","09:00","","-23.1","","-26.5","","75","","","","26","","23","","9.7","","99.54","","","","-35","","Snow"
"-77.70","53.63","LA GRANDE RIVIERE A","7093716","2019-02-18 10:00","2019","02","18","10:00","","-22.9","","-26.4","","73","","","","25","","19","","6.4","","99.56","","","","-34","","Snow"
"-77.70","53.63","LA GRANDE RIVIERE A","7093716","2019-02-18 11:00","2019","02","18","11:00","","-23.0","","-26.8","","71","","","","26","","22","","6.4","","99.59","","","","-35","","Snow"
"-77.70","53.63","LA GRANDE RIVIERE A","7093716","2019-02-18 12:00","2019","02","18","12:00","","-22.6","","-26.9","","68","","","","26","","26","","9.7","","99.59","","","","-35","","Snow"
"-77.70","53.63","LA GRANDE RIVIERE A","7093716","2019-02-18 13:00","2019","02","18","13:00","","-22.4","","-26.8","","68","","","","27","","27","","16.1","","99.58","","","","-35","","Ice Crystals"
"-77.70","53.63","LA GRANDE RIVIERE A","7093716","2019-02-18 14:00","2019","02","18","14:00","","-22.0","","-26.5","","67","","","","26","","22","","16.1","","99.59","","","","-34","","Ice Crystals"
"-77.70","53.63","LA GRANDE RIVIERE A","7093716","2019-02-18 15:00","2019","02","18","15:00","","-22.4","","-26.9","","67","","","","26","","22","","16.1","","99.62","","","","-34","","Ice Crystals"
"-77.70","53.63","LA GRANDE RIVIERE A","7093716","2019-02-18 16:00","2019","02","18","16:00","","-22.8","","-27.3","","67","","","","27","","22","","16.1","","99.60","","","","-35","","Ice Crystals"
"-77.70","53.63","LA GRANDE RIVIERE A","7093716","2019-02-18 17:00","2019","02","18","17:00","","-24.3","","-28.6","","68","","","","26","","24","","24.1","","99.67","","","","-37","","NA"
"-77.70","53.63","LA GRANDE RIVIERE A","7093716","2019-02-18 18:00","2019","02","18","18:00","","-25.9","","-29.8","","71","","","","25","","19","","24.1","","99.73","","","","-38","","NA"
"-77.70","53.63","LA GRANDE RIVIERE A","7093716","2019-02-18 19:00","2019","02","18","19:00","","-26.7","","-30.3","","73","","","","26","","20","","19.3","","99.78","","","","-39","","Ice Crystals"
"-77.70","53.63","LA GRANDE RIVIERE A","7093716","2019-02-18 20:00","2019","02","18","20:00","","-28.1","","-31.2","","75","","","","25","","18","","16.1","","99.83","","","","-40","","Ice Crystals"
"-77.70","53.63","LA GRANDE RIVIERE A","7093716","2019-02-18 21:00","2019","02","18","21:00","","-29.3","","-32.3","","75","","","","25","","16","","24.1","","99.84","","","","-41","","Ice Crystals"
"-77.70","53.63","LA GRANDE RIVIERE A","7093716","2019-02-18 22:00","2019","02","18","22:00","","-29.4","","-32.5","","75","","","","25","","16","","19.3","","99.84","","","","-41","","Ice Crystals"
"-77.70","53.63","LA GRANDE RIVIERE A","7093716","2019-02-18 23:00","2019","02","18","23:00","","-29.6","","-32.8","","75","","","","24","","14","","24.1","","99.79","","","","-41","","Ice Crystals"
"-77.70","53.63","LA GRANDE RIVIERE A","7093716","2019-02-19 00:00","2019","02","19","00:00","","-30.7","","-33.9","","74","","","","22","","10","","24.1","","99.76","","","","-40","","Ice Crystals"
"-77.70","53.63","LA GRANDE RIVIERE A","7093716","2019-02-19 01:00","2019","02","19","01:00","","-30.8","","-34.0","","74","","","","21","","13","","24.1","","99.78","","","","-42","","Ice Crystals"
"-77.70","53.63","LA GRANDE RIVIERE A","7093716","2019-02-19 02:00","2019","02","19","02:00","","-31.4","","-34.7","","74","","","","21","","15","","24.1","","99.76","","","","-43","","Ice Crystals"
"-77.70","53.63","LA GRANDE RIVIERE A","7093716","2019-02-19 03:00","2019","02","19","03:00","","-31.3","","-34.7","","73","","","","22","","11","","24.1","","99.76","","","","-41","","Ice Crystals"
"-77.70","53.63","LA GRANDE RIVIERE A","7093716","2019-02-19 04:00","2019","02","19","04:00","","-29.8","","-33.2","","73","","","","24","","18","","24.1","","99.76","","","","-42","","Ice Crystals"
"-77.70","53.63","LA GRANDE RIVIERE A","7093716","2019-02-19 05:00","2019","02","19","05:00","","-30.2","","-33.6","","73","","","","24","","18","","24.1","","99.78","","","","-43","","Ice Crystals"
"-77.70","53.63","LA GRANDE RIVIERE A","7093716","2019-02-19 06:00","2019","02","19","06:00","","-29.5","","-32.9","","73","","","","24","","18","","24.1","","99.79","","","","-42","","Ice Crystals"
"-77.70","53.63","LA GRANDE RIVIERE A","7093716","2019-02-19 07:00","2019","02","19","07:00","","-29.7","","-33.1","","73","","","","24","","19","","24.1","","99.80","","","","-42","","Ice Crystals"
"-77.70","53.63","LA GRANDE RIVIERE A","7093716","2019-02-19 08:00","2019","02","19","08:00","","-29.2","","-32.6","","73","","","","24","","19","","24.1","","99.86","","","","-42","","Ice Crystals"
"-77.70","53.63","LA GRANDE RIVIERE A","7093716","2019-02-19 09:00","2019","02","19","09:00","","-27.9","","-31.3","","74","","","","24","","21","","16.1","","99.90","","","","-41","","Ice Crystals"
"-77.70","53.63","LA GRANDE RIVIERE A","7093716","2019-02-19 10:00","2019","02","19","10:00","","-26.4","","-29.7","","74","","","","26","","23","","19.3","","99.93","","","","-39","","Ice Crystals"
"-77.70","53.63","LA GRANDE RIVIERE A","7093716","2019-02-19 11:00","2019","02","19","11:00","","-25.9","","-29.4","","73","","","","26","","27","","16.1","","99.96","","","","-40","","Ice Crystals"
"-77.70","53.63","LA GRANDE RIVIERE A","7093716","2019-02-19 12:00","2019","02","19","12:00","","-25.1","","-28.9","","71","","","","26","","24","","6.4","","99.96","","","","-38","","Ice Crystals"
"-77.70","53.63","LA GRANDE RIVIERE A","7093716","2019-02-19 13:00","2019","02","19","13:00","","-24.0","","-28.8","","65","","","","26","","22","","9.7","","99.98","","","","-36","","Ice Crystals"
"-77.70","53.63","LA GRANDE RIVIERE A","7093716","2019-02-19 14:00","2019","02","19","14:00","","-23.0","","-28.1","","64","","","","25","","28","","16.1","","99.99","","","","-36","","Ice Crystals"
"-77.70","53.63","LA GRANDE RIVIERE A","7093716","2019-02-19 15:00","2019","02","19","15:00","","-22.6","","-27.7","","64","","","","25","","24","","19.3","","100.00","","","","-35","","Ice Crystals"
"-77.70","53.63","LA GRANDE RIVIERE A","7093716","2019-02-19 16:00","2019","02","19","16:00","","-22.4","","-27.3","","65","","","","25","","24","","19.3","","100.02","","","","-34","","Ice Crystals"
"-77.70","53.63","LA GRANDE RIVIERE A","7093716","2019-02-19 17:00","2019","02","19","17:00","","-22.9","","-27.7","","66","","","","24","","21","","19.3","","100.03","","","","-34","","Ice Crystals"
"-77.70","53.63","LA GRANDE RIVIERE A","7093716","2019-02-19 18:00","2019","02","19","18:00","","-24.3","","-28.8","","67","","","","23","","14","","24.1","","100.07","","","","-34","","Ice Crystals"
"-77.70","53.63","LA GRANDE RIVIERE A","7093716","2019-02-19 19:00","2019","02","19","19:00","","-24.6","","-28.0","","74","","","","23","","15","","24.1","","100.08","","","","-35","","Ice Crystals"
"-77.70","53.63","LA GRANDE RIVIERE A","7093716","2019-02-19 20:00","2019","02","19","20:00","","-25.2","","-28.2","","77","","","","21","","15","","24.1","","100.06","","","","-35","","NA"
"-77.70","53.63","LA GRANDE RIVIERE A","7093716","2019-02-19 21:00","2019","02","19","21:00","","-25.7","","-28.4","","79","","","","20","","17","","24.1","","100.05","","","","-37","","NA"
"-77.70","53.63","LA GRANDE RIVIERE A","7093716","2019-02-19 22:00","2019","02","19","22:00","","-26.3","","-29.0","","79","","","","20","","16","","24.1","","100.04","","","","-37","","Clear"
"-77.70","53.63","LA GRANDE RIVIERE A","7093716","2019-02-19 23:00","2019","02","19","23:00","","-26.4","","-29.2","","78","","","","19","","18","","24.1","","100.00","","","","-38","","NA"
"-77.70","53.63","LA GRANDE RIVIERE A","7093716","2019-02-20 00:00","2019","02","20","00:00","","-26.5","","-29.4","","77","","","","18","","18","","24.1","","99.98","","","","-38","","NA"
"-77.70","53.63","LA GRANDE RIVIERE A","7093716","2019-02-20 01:00","2019","02","20","01:00","","-26.3","","-29.3","","76","","","","18","","20","","24.1","","99.96","","","","-38","","Clear"
"-77.70","53.63","LA GRANDE RIVIERE A","7093716","2019-02-20 02:00","2019","02","20","02:00","","-26.3","","-29.4","","76","","","","18","","20","","24.1","","99.93","","","","-38","","NA"
"-77.70","53.63","LA GRANDE RIVIERE A","7093716","2019-02-20 03:00","2019","02","20","03:00","","-26.0","","-29.1","","75","","","","18","","23","","24.1","","99.91","","","","-39","","NA"
"-77.70","53.63","LA GRANDE RIVIERE A","7093716","2019-02-20 04:00","2019","02","20","04:00","","-25.0","","-28.2","","75","","","","17","","19","","24.1","","99.87","","","","-37","","Mostly Cloudy"
"-77.70","53.63","LA GRANDE RIVIERE A","7093716","2019-02-20 05:00","2019","02","20","05:00","","-23.5","","-26.9","","75","","","","16","","16","","16.1","","99.80","","","","-34","","Ice Crystals"
"-77.70","53.63","LA GRANDE RIVIERE A","7093716","2019-02-20 06:00","2019","02","20","06:00","","-23.0","","-26.2","","75","","","","15","","16","","24.1","","99.71","","","","-33","","Ice Crystals"
"-77.70","53.63","LA GRANDE RIVIERE A","7093716","2019-02-20 07:00","2019","02","20","07:00","","-24.4","","-27.6","","76","","","","12","","17","","11.3","","99.64","","","","-35","","Snow"
"-77.70","53.63","LA GRANDE RIVIERE A","7093716","2019-02-20 08:00","2019","02","20","08:00","","-24.8","","-27.9","","76","","","","12","","14","","16.1","","99.59","","","","-35","","Snow"
"-77.70","53.63","LA GRANDE RIVIERE A","7093716","2019-02-20 09:00","2019","02","20","09:00","","-23.9","","-26.8","","77","","","","12","","14","","9.7","","99.57","","","","-34","","Snow"
"-77.70","53.63","LA GRANDE RIVIERE A","7093716","2019-02-20 10:00","2019","02","20","10:00","","-21.0","","-23.9","","78","","","","12","","11","","16.1","","99.55","","","","-29","","Ice Crystals"
"-77.70","53.63","LA GRANDE RIVIERE A","7093716","2019-02-20 11:00","2019","02","20","11:00","","-17.5","","-20.9","","75","","","","16","","12","","19.3","","99.56","","","","-25","","Ice Crystals"
"-77.70","53.63","LA GRANDE RIVIERE A","7093716","2019-02-20 12:00","2019","02","20","12:00","","-16.1","","-20.3","","70","","","","15","","13","","19.3","","99.57","","","","-24","","Ice Crystals"
"-77.70","53.63","LA GRANDE RIVIERE A","7093716","2019-02-20 13:00","2019","02","20","13:00","","-14.6","","-19.3","","68","","","","19","","14","","24.1","","99.54","","","","-22","","Mostly Cloudy"
"-77.70","53.63","LA GRANDE RIVIERE A","7093716","2019-02-20 14:00","2019","02","20","14:00","","-14.4","","-18.8","","70","","","","16","","7","","24.1","","99.51","","","","-19","","NA"
"-77.70","53.63","LA GRANDE RIVIERE A","7093716","2019-02-20 15:00","2019","02","20","15:00","","-14.7","","-18.9","","71","","","","13","","12","","24.1","","99.45","","","","-22","","NA"
"-77.70","53.63","LA GRANDE RIVIERE A","7093716","2019-02-20 16:00","2019","02","20","16:00","","-14.3","","-18.6","","70","","","","13","","9","","24.1","","99.42","","","","-20","","Mostly Cloudy"
"-77.70","53.63","LA GRANDE RIVIERE A","7093716","2019-02-20 17:00","2019","02","20","17:00","","-14.4","","-18.6","","71","","","","14","","9","","24.1","","99.40","","","","-20","","NA"
"-77.70","53.63","LA GRANDE RIVIERE A","7093716","2019-02-20 18:00","2019","02","20","18:00","","-17.6","","-20.4","","79","","","","10","","9","","24.1","","99.37","","","","-24","","NA"
"-77.70","53.63","LA GRANDE RIVIERE A","7093716","2019-02-20 19:00","2019","02","20","19:00","","-19.0","","-21.4","","82","","","","10","","9","","24.1","","99.31","","","","-26","","Mainly Clear"
"-77.70","53.63","LA GRANDE RIVIERE A","7093716","2019-02-20 20:00","2019","02","20","20:00","","-18.6","","-20.7","","84","","","","12","","12","","24.1","","99.30","","","","-26","","Ice Crystals"
"-77.70","53.63","LA GRANDE RIVIERE A","7093716","2019-02-20 21:00","2019","02","20","21:00","","-20.5","","-22.6","","83","","","","10","","10","","24.1","","99.25","","","","-28","","Ice Crystals"
"-77.70","53.63","LA GRANDE RIVIERE A","7093716","2019-02-20 22:00","2019","02","20","22:00","","-19.9","","-22.0","","83","","","","8","","10","","24.1","","99.14","","","","-27","","Ice Crystals"
"-77.70","53.63","LA GRANDE RIVIERE A","7093716","2019-02-20 23:00","2019","02","20","23:00","","-22.1","","-24.5","","81","","","","10","","13","","24.1","","99.03","","","","-31","","Ice Crystals"
"-77.70","53.63","LA GRANDE RIVIERE A","7093716","2019-02-21 00:00","2019","02","21","00:00","","-22.2","","-24.6","","81","","","","10","","14","","24.1","","98.96","","","","-31","","Ice Crystals"
"-77.70","53.63","LA GRANDE RIVIERE A","7093716","2019-02-21 01:00","2019","02","21","01:00","","-21.0","","-23.5","","81","","","","9","","14","","24.1","","98.92","","","","-30","","Ice Crystals"
"-77.70","53.63","LA GRANDE RIVIERE A","7093716","2019-02-21 02:00","2019","02","21","02:00","","-23.5","","-26.2","","79","","","","9","","8","","24.1","","98.84","","","","-30","","Ice Crystals"
"-77.70","53.63","LA GRANDE RIVIERE A","7093716","2019-02-21 03:00","2019","02","21","03:00","","-22.8","","-25.4","","80","","","","8","","9","","24.1","","98.77","","","","-30","","Ice Crystals"
"-77.70","53.63","LA GRANDE RIVIERE A","7093716","2019-02-21 04:00","2019","02","21","04:00","","-22.9","","-25.6","","79","","","","6","","7","","24.1","","98.69","","","","-29","","Ice Crystals"
"-77.70","53.63","LA GRANDE RIVIERE A","7093716","2019-02-21 05:00","2019","02","21","05:00","","-21.5","","-24.1","","80","","","","8","","14","","24.1","","98.62","","","","-31","","Ice Crystals"
"-77.70","53.63","LA GRANDE RIVIERE A","7093716","2019-02-21 06:00","2019","02","21","06:00","","-21.1","","-23.7","","80","","","","6","","11","","24.1","","98.57","","","","-29","","Ice Crystals"
"-77.70","53.63","LA GRANDE RIVIERE A","7093716","2019-02-21 07:00","2019","02","21","07:00","","-20.0","","-22.6","","80","","","","6","","8","","11.3","","98.54","","","","-26","","Snow"
"-77.70","53.63","LA GRANDE RIVIERE A","7093716","2019-02-21 08:00","2019","02","21","08:00","","-19.1","","-21.6","","81","","","","7","","6","","4.0","","98.56","","","","-24","","Snow"
"-77.70","53.63","LA GRANDE RIVIERE A","7093716","2019-02-21 09:00","2019","02","21","09:00","","-18.0","","-20.5","","81","","","","3","","10","","4.8","","98.54","","","","-25","","Snow"
"-77.70","53.63","LA GRANDE RIVIERE A","7093716","2019-02-21 10:00","2019","02","21","10:00","","-17.0","","-19.5","","82","","","","4","","8","","4.0","","98.54","","","","-23","","Snow"
"-77.70","53.63","LA GRANDE RIVIERE A","7093716","2019-02-21 11:00","2019","02","21","11:00","","-15.5","","-17.8","","83","","","","5","","10","","9.7","","98.53","","","","-22","","Snow"
"-77.70","53.63","LA GRANDE RIVIERE A","7093716","2019-02-21 12:00","2019","02","21","12:00","","-13.0","","-15.7","","80","","","","36","","7","","24.1","","98.56","","","","-18","","NA"
"-77.70","53.63","LA GRANDE RIVIERE A","7093716","2019-02-21 13:00","2019","02","21","13:00","","-11.4","","-16.2","","68","","","","1","","11","","24.1","","98.58","","","","-17","","Mostly Cloudy"
"-77.70","53.63","LA GRANDE RIVIERE A","7093716","2019-02-21 14:00","2019","02","21","14:00","","-11.3","","-16.9","","64","","","","1","","13","","24.1","","98.64","","","","-18","","NA"
"-77.70","53.63","LA GRANDE RIVIERE A","7093716","2019-02-21 15:00","2019","02","21","15:00","","-11.6","","-18.1","","59","","","","36","","15","","24.1","","98.74","","","","-19","","NA"
"-77.70","53.63","LA GRANDE RIVIERE A","7093716","2019-02-21 16:00","2019","02","21","16:00","","-12.8","","-18.4","","63","","","","34","","17","","24.1","","98.84","","","","-21","","Mainly Clear"
"-77.70","53.63","LA GRANDE RIVIERE A","7093716","2019-02-21 17:00","2019","02","21","17:00","","-14.7","","-19.3","","68","","","","33","","13","","24.1","","98.98","","","","-22","","NA"
"-77.70","53.63","LA GRANDE RIVIERE A","7093716","2019-02-21 18:00","2019","02","21","18:00","","-16.7","","-20.5","","73","","","","32","","9","","24.1","","99.13","","","","-23","","NA"
"-77.70","53.63","LA GRANDE RIVIERE A","7093716","2019-02-21 19:00","2019","02","21","19:00","","-18.4","","-21.5","","77","","","","32","","8","","24.1","","99.24","","","","-24","","Mainly Clear"
"-77.70","53.63","LA GRANDE RIVIERE A","7093716","2019-02-21 20:00","2019","02","21","20:00","","-19.9","","-22.5","","80","","","","31","","8","","24.1","","99.37","","","","-26","","NA"
"-77.70","53.63","LA GRANDE RIVIERE A","7093716","2019-02-21 21:00","2019","02","21","21:00","","-21.6","","-24.0","","82","","","","31","","8","","24.1","","99.46","","","","-28","","NA"
"-77.70","53.63","LA GRANDE RIVIERE A","7093716","2019-02-21 22:00","2019","02","21","22:00","","-22.9","","-25.2","","81","","","","32","","6","","24.1","","99.48","","","","-28","","Mainly Clear"
"-77.70","53.63","LA GRANDE RIVIERE A","7093716","2019-02-21 23:00","2019","02","21","23:00","","-23.8","","-25.9","","82","","","","29","","7","","24.1","","99.55","","","","-30","","NA"
"-77.70","53.63","LA GRANDE RIVIERE A","7093716","2019-02-22 00:00","2019","02","22","00:00","","-25.4","","-27.7","","81","","","","27","","9","","24.1","","99.65","","","","-33","","NA"
"-77.70","53.63","LA GRANDE RIVIERE A","7093716","2019-02-22 01:00","2019","02","22","01:00","","-26.4","","-29.0","","79","","","","25","","10","","24.1","","99.74","","","","-35","","Mainly Clear"
"-77.70","53.63","LA GRANDE RIVIERE A","7093716","2019-02-22 02:00","2019","02","22","02:00","","-26.7","","-29.3","","79","","","","24","","12","","1.6","","99.85","","","","-36","","Fog"
"-77.70","53.63","LA GRANDE RIVIERE A","7093716","2019-02-22 03:00","2019","02","22","03:00","","-28.1","","-31.3","","75","","","","24","","8","","0.8","","99.87","","","","-36","","Freezing Fog"
"-77.70","53.63","LA GRANDE RIVIERE A","7093716","2019-02-22 04:00","2019","02","22","04:00","","-28.8","","-32.1","","74","","","","26","","8","","24.1","","99.89","","","","-37","","Mainly Clear"
"-77.70","53.63","LA GRANDE RIVIERE A","7093716","2019-02-22 05:00","2019","02","22","05:00","","-27.3","","-30.5","","75","","","","24","","14","","24.1","","99.94","","","","-38","","NA"
"-77.70","53.63","LA GRANDE RIVIERE A","7093716","2019-02-22 06:00","2019","02","22","06:00","","-25.9","","-29.1","","75","","","","25","","17","","4.8","","100.05","","","","-37","","Ice Crystals,Fog"
"-77.70","53.63","LA GRANDE RIVIERE A","7093716","2019-02-22 07:00","2019","02","22","07:00","","-27.8","","-31.1","","74","","","","25","","11","","1.6","","100.11","","","","-37","","Ice Crystals,Fog"
"-77.70","53.63","LA GRANDE RIVIERE A","7093716","2019-02-22 08:00","2019","02","22","08:00","","-26.3","","-29.5","","75","","","","25","","11","","1.2","","100.14","","","","-35","","Ice Crystals,Fog"
"-77.70","53.63","LA GRANDE RIVIERE A","7093716","2019-02-22 09:00","2019","02","22","09:00","","-23.4","","-26.4","","77","","","","25","","15","","3.2","","100.18","","","","-33","","Ice Crystals,Fog"
"-77.70","53.63","LA GRANDE RIVIERE A","7093716","2019-02-22 10:00","2019","02","22","10:00","","-21.8","","-24.6","","78","","","","25","","15","","9.7","","100.20","","","","-31","","Ice Crystals,Fog"
"-77.70","53.63","LA GRANDE RIVIERE A","7093716","2019-02-22 11:00","2019","02","22","11:00","","-19.2","","-21.8","","80","","","","20","","14","","24.1","","100.24","","","","-28","","Ice Crystals"
"-77.70","53.63","LA GRANDE RIVIERE A","7093716","2019-02-22 12:00","2019","02","22","12:00","","-17.8","","-20.2","","81","","","","25","","10","","24.1","","100.25","","","","-25","","Ice Crystals"
"-77.70","53.63","LA GRANDE RIVIERE A","7093716","2019-02-22 13:00","2019","02","22","13:00","","-17.3","","-19.8","","82","","","","19","","11","","24.1","","100.25","","","","-24","","Ice Crystals"
"-77.70","53.63","LA GRANDE RIVIERE A","7093716","2019-02-22 14:00","2019","02","22","14:00","","-16.8","","-19.2","","82","","","","23","","9","","24.1","","100.22","","","","-23","","NA"
"-77.70","53.63","LA GRANDE RIVIERE A","7093716","2019-02-22 15:00","2019","02","22","15:00","","-16.3","","-21.3","","66","","","","19","","11","","24.1","","100.22","","","","-23","","NA"
"-77.70","53.63","LA GRANDE RIVIERE A","7093716","2019-02-22 16:00","2019","02","22","16:00","","-16.1","","-21.0","","66","","","","20","","14","","24.1","","100.24","","","","-24","","Cloudy"
"-77.70","53.63","LA GRANDE RIVIERE A","7093716","2019-02-22 17:00","2019","02","22","17:00","","-16.6","","-22.1","","63","","","","21","","9","","24.1","","100.24","","","","-23","","NA"
"-77.70","53.63","LA GRANDE RIVIERE A","7093716","2019-02-22 18:00","2019","02","22","18:00","","-17.1","","-22.1","","66","","","","21","","9","","9.7","","100.24","","","","-23","","Ice Crystals"
"-77.70","53.63","LA GRANDE RIVIERE A","7093716","2019-02-22 19:00","2019","02","22","19:00","","-18.2","","-21.7","","74","","","","20","","8","","9.7","","100.24","","","","-24","","Snow"
"-77.70","53.63","LA GRANDE RIVIERE A","7093716","2019-02-22 20:00","2019","02","22","20:00","","-18.6","","-21.6","","78","","","","19","","8","","24.1","","100.23","","","","-25","","Ice Crystals"
"-77.70","53.63","LA GRANDE RIVIERE A","7093716","2019-02-22 21:00","2019","02","22","21:00","","-19.4","","-22.1","","80","","","","18","","9","","24.1","","100.19","","","","-26","","Ice Crystals"
"-77.70","53.63","LA GRANDE RIVIERE A","7093716","2019-02-22 22:00","2019","02","22","22:00","","-20.1","","-22.5","","81","","","","18","","10","","24.1","","100.16","","","","-27","","Ice Crystals"
"-77.70","53.63","LA GRANDE RIVIERE A","7093716","2019-02-22 23:00","2019","02","22","23:00","","-19.8","","-22.3","","81","","","","17","","8","","24.1","","100.12","","","","-26","","Ice Crystals"
"-77.70","53.63","LA GRANDE RIVIERE A","7093716","2019-02-23 00:00","2019","02","23","00:00","","-21.1","","-23.6","","80","","","","16","","7","","24.1","","100.09","","","","-27","","NA"
"-77.70","53.63","LA GRANDE RIVIERE A","7093716","2019-02-23 01:00","2019","02","23","01:00","","-20.3","","-22.8","","81","","","","10","","4","","24.1","","100.07","","","","-24","","Ice Crystals"
"-77.70","53.63","LA GRANDE RIVIERE A","7093716","2019-02-23 02:00","2019","02","23","02:00","","-20.7","","-23.3","","80","","","","11","","7","","11.3","","100.06","","","","-26","","Snow,Ice Crystals"
"-77.70","53.63","LA GRANDE RIVIERE A","7093716","2019-02-23 03:00","2019","02","23","03:00","","-22.5","","-25.3","","78","","","","10","","9","","24.1","","100.07","","","","-30","","Ice Crystals"
"-77.70","53.63","LA GRANDE RIVIERE A","7093716","2019-02-23 04:00","2019","02","23","04:00","","-22.3","","-24.9","","80","","","","7","","5","","24.1","","100.04","","","","-27","","Ice Crystals"
"-77.70","53.63","LA GRANDE RIVIERE A","7093716","2019-02-23 05:00","2019","02","23","05:00","","-22.5","","-25.2","","79","","","","9","","8","","24.1","","100.07","","","","-29","","Ice Crystals"
"-77.70","53.63","LA GRANDE RIVIERE A","7093716","2019-02-23 06:00","2019","02","23","06:00","","-23.6","","-26.3","","79","","","","8","","8","","24.1","","100.09","","","","-30","","Ice Crystals"
"-77.70","53.63","LA GRANDE RIVIERE A","7093716","2019-02-23 07:00","2019","02","23","07:00","","-23.7","","-26.4","","79","","","","8","","7","","24.1","","100.08","","","","-30","","Ice Crystals"
"-77.70","53.63","LA GRANDE RIVIERE A","7093716","2019-02-23 08:00","2019","02","23","08:00","","-23.5","","-26.3","","79","","","","10","","9","","24.1","","100.09","","","","-31","","NA"
"-77.70","53.63","LA GRANDE RIVIERE A","7093716","2019-02-23 09:00","2019","02","23","09:00","","-21.1","","-23.7","","80","","","","12","","11","","24.1","","100.13","","","","-29","","NA"
"-77.70","53.63","LA GRANDE RIVIERE A","7093716","2019-02-23 10:00","2019","02","23","10:00","","-18.6","","-21.2","","80","","","","12","","10","","24.1","","100.15","","","","-26","","Clear"
"-77.70","53.63","LA GRANDE RIVIERE A","7093716","2019-02-23 11:00","2019","02","23","11:00","","-15.5","","-19.1","","74","","","","12","","7","","24.1","","100.14","","","","-20","","NA"
"-77.70","53.63","LA GRANDE RIVIERE A","7093716","2019-02-23 12:00","2019","02","23","12:00","","-13.0","","-18.1","","66","","","","22","","10","","24.1","","100.20","","","","-19","","NA"
"-77.70","53.63","LA GRANDE RIVIERE A","7093716","2019-02-23 13:00","2019","02","23","13:00","","-12.2","","-18.3","","61","","","","16","","9","","24.1","","100.15","","","","-17","","Clear"
"-77.70","53.63","LA GRANDE RIVIERE A","7093716","2019-02-23 14:00","2019","02","23","14:00","","-11.3","","-17.9","","58","","","","20","","12","","24.1","","100.15","","","","-17","","NA"
"-77.70","53.63","LA GRANDE RIVIERE A","7093716","2019-02-23 15:00","2019","02","23","15:00","","-10.8","","-18.0","","56","","","","23","","4","","24.1","","100.10","","","","-13","","NA"
"-77.70","53.63","LA GRANDE RIVIERE A","7093716","2019-02-23 16:00","2019","02","23","16:00","","-10.5","","-17.6","","56","","","","18","","7","","24.1","","100.06","","","","-15","","Clear"
"-77.70","53.63","LA GRANDE RIVIERE A","7093716","2019-02-23 17:00","2019","02","23","17:00","","-11.2","","-18.0","","58","","","","16","","8","","24.1","","99.98","","","","-16","","NA"
"-77.70","53.63","LA GRANDE RIVIERE A","7093716","2019-02-23 18:00","2019","02","23","18:00","","-15.8","","-19.9","","71","","","","10","","14","","24.1","","99.95","","","","-24","","NA"
"-77.70","53.63","LA GRANDE RIVIERE A","7093716","2019-02-23 19:00","2019","02","23","19:00","","-17.4","","-20.8","","75","","","","11","","11","","24.1","","99.88","","","","-25","","Mainly Clear"
"-77.70","53.63","LA GRANDE RIVIERE A","7093716","2019-02-23 20:00","2019","02","23","20:00","","-18.2","","-21.2","","77","","","","12","","14","","24.1","","99.87","","","","-27","","NA"
"-77.70","53.63","LA GRANDE RIVIERE A","7093716","2019-02-23 21:00","2019","02","23","21:00","","-18.8","","-21.5","","79","","","","11","","13","","24.1","","99.77","","","","-27","","NA"
"-77.70","53.63","LA GRANDE RIVIERE A","7093716","2019-02-23 22:00","2019","02","23","22:00","","-18.6","","-21.4","","80","","","","12","","14","","24.1","","99.71","","","","-27","","Mainly Clear"
"-77.70","53.63","LA GRANDE RIVIERE A","7093716","2019-02-23 23:00","2019","02","23","23:00","","-17.7","","-20.5","","79","","","","13","","10","","24.1","","99.60","","","","-24","","Ice Crystals"
"-77.70","53.63","LA GRANDE RIVIERE A","7093716","2019-02-24 00:00","2019","02","24","00:00","","-15.3","","-17.7","","82","","","","15","","11","","24.1","","99.57","","","","-22","","Ice Crystals"
"-77.70","53.63","LA GRANDE RIVIERE A","7093716","2019-02-24 01:00","2019","02","24","01:00","","-17.6","","-20.0","","82","","","","12","","10","","24.1","","99.42","","","","-24","","Cloudy"
"-77.70","53.63","LA GRANDE RIVIERE A","7093716","2019-02-24 02:00","2019","02","24","02:00","","-18.1","","-20.2","","84","","","","12","","12","","24.1","","99.33","","","","-26","","NA"
"-77.70","53.63","LA GRANDE RIVIERE A","7093716","2019-02-24 03:00","2019","02","24","03:00","","-17.0","","-19.0","","85","","","","10","","9","","24.1","","99.26","","","","-23","","NA"
"-77.70","53.63","LA GRANDE RIVIERE A","7093716","2019-02-24 04:00","2019","02","24","04:00","","-16.2","","-18.3","","84","","","","7","","3","","24.1","","99.20","","","","-18","","Ice Crystals"
"-77.70","53.63","LA GRANDE RIVIERE A","7093716","2019-02-24 05:00","2019","02","24","05:00","","-16.0","","-18.2","","83","","","","11","","12","","8.1","","99.08","","","","-23","","Snow"
"-77.70","53.63","LA GRANDE RIVIERE A","7093716","2019-02-24 06:00","2019","02","24","06:00","","-14.8","","-16.9","","84","","","","8","","10","","8.1","","98.98","","","","-21","","Snow"
"-77.70","53.63","LA GRANDE RIVIERE A","7093716","2019-02-24 07:00","2019","02","24","07:00","","-14.1","","-16.1","","85","","","","10","","13","","6.4","","98.87","","","","-21","","Snow"
"-77.70","53.63","LA GRANDE RIVIERE A","7093716","2019-02-24 08:00","2019","02","24","08:00","","-13.3","","-15.3","","85","","","","10","","16","","6.4","","98.78","","","","-21","","Snow"
"-77.70","53.63","LA GRANDE RIVIERE A","7093716","2019-02-24 09:00","2019","02","24","09:00","","-11.7","","-14.0","","83","","","","9","","27","","12.9","","98.55","","","","-21","","Snow"
"-77.70","53.63","LA GRANDE RIVIERE A","7093716","2019-02-24 10:00","2019","02","24","10:00","","-10.5","","-13.6","","78","","","","8","","17","","24.1","","98.37","","","","-18","","Mostly Cloudy"
"-77.70","53.63","LA GRANDE RIVIERE A","7093716","2019-02-24 11:00","2019","02","24","11:00","","-10.7","","-14.2","","75","","","","7","","15","","24.1","","98.20","","","","-18","","NA"
"-77.70","53.63","LA GRANDE RIVIERE A","7093716","2019-02-24 12:00","2019","02","24","12:00","","-9.6","","-13.4","","74","","","","6","","21","","24.1","","98.02","","","","-18","","NA"
"-77.70","53.63","LA GRANDE RIVIERE A","7093716","2019-02-24 13:00","2019","02","24","13:00","","-8.6","","-12.5","","74","","","","6","","21","","24.1","","97.81","","","","-16","","Cloudy"
"-77.70","53.63","LA GRANDE RIVIERE A","7093716","2019-02-24 14:00","2019","02","24","14:00","","-7.6","","-11.7","","72","","","","6","","25","","24.1","","97.60","","","","-16","","Snow"
"-77.70","53.63","LA GRANDE RIVIERE A","7093716","2019-02-24 15:00","2019","02","24","15:00","","-7.3","","-11.5","","72","","","","7","","26","","24.1","","97.42","","","","-15","","Snow"
"-77.70","53.63","LA GRANDE RIVIERE A","7093716","2019-02-24 16:00","2019","02","24","16:00"
"-77.70","53.63","LA GRANDE RIVIERE A","7093716","2019-02-24 17:00","2019","02","24","17:00","","-7.7","","-11.9","","72","","","","6","","39","","24.1","","96.96","","","","-18","","Snow,Blowing Snow"
"-77.70","53.63","LA GRANDE RIVIERE A","7093716","2019-02-24 18:00","2019","02","24","18:00","","-7.3","","-11.7","","71","","","","6","","37","","24.1","","96.86","","","","-17","","Snow,Blowing Snow"
"-77.70","53.63","LA GRANDE RIVIERE A","7093716","2019-02-24 19:00","2019","02","24","19:00","","-8.1","","-10.3","","84","","","","6","","32","","2.0","","96.76","","","","-17","","Snow,Blowing Snow"
"-77.70","53.63","LA GRANDE RIVIERE A","7093716","2019-02-24 20:00","2019","02","24","20:00","","-8.4","","-10.2","","87","","","","6","","32","","1.2","","96.61","","","","-18","","Snow,Blowing Snow"
"-77.70","53.63","LA GRANDE RIVIERE A","7093716","2019-02-24 21:00","2019","02","24","21:00","","-8.8","","-10.6","","87","","","","5","","29","","2.0","","96.48","","","","-18","","Snow,Blowing Snow"
"-77.70","53.63","LA GRANDE RIVIERE A","7093716","2019-02-24 22:00","2019","02","24","22:00","","-9.1","","-10.9","","87","","","","5","","29","","1.6","","96.33","","","","-18","","Snow,Blowing Snow"
"-77.70","53.63","LA GRANDE RIVIERE A","7093716","2019-02-24 23:00","2019","02","24","23:00","","-9.3","","-11.1","","87","","","","5","","23","","2.0","","96.23","","","","-18","","Snow,Blowing Snow"
"-77.70","53.63","LA GRANDE RIVIERE A","7093716","2019-02-25 00:00","2019","02","25","00:00","","-9.4","","-11.2","","87","","","","5","","18","","2.0","","96.14","","","","-17","","Snow,Blowing Snow"
"-77.70","53.63","LA GRANDE RIVIERE A","7093716","2019-02-25 01:00","2019","02","25","01:00","","-9.5","","-11.4","","86","","","","4","","18","","2.4","","96.12","","","","-17","","Snow,Blowing Snow"
"-77.70","53.63","LA GRANDE RIVIERE A","7093716","2019-02-25 02:00","2019","02","25","02:00","","-9.7","","-11.8","","85","","","","3","","14","","3.2","","96.11","","","","-16","","Snow"
"-77.70","53.63","LA GRANDE RIVIERE A","7093716","2019-02-25 03:00","2019","02","25","03:00","","-9.8","","-11.7","","86","","","","1","","13","","3.2","","96.10","","","","-16","","Snow"
"-77.70","53.63","LA GRANDE RIVIERE A","7093716","2019-02-25 04:00","2019","02","25","04:00","","-10.0","","-11.9","","86","","","","35","","13","","3.2","","96.12","","","","-16","","Snow"
"-77.70","53.63","LA GRANDE RIVIERE A","7093716","2019-02-25 05:00","2019","02","25","05:00","","-10.5","","-12.6","","85","","","","34","","12","","4.0","","96.19","","","","-17","","Snow"
"-77.70","53.63","LA GRANDE RIVIERE A","7093716","2019-02-25 06:00","2019","02","25","06:00","","-10.9","","-13.1","","84","","","","33","","14","","2.4","","96.31","","","","-18","","Snow,Blowing Snow"
"-77.70","53.63","LA GRANDE RIVIERE A","7093716","2019-02-25 07:00","2019","02","25","07:00","","-12.9","","-15.4","","82","","","","32","","18","","2.4","","96.45","","","","-21","","Snow,Blowing Snow"
"-77.70","53.63","LA GRANDE RIVIERE A","7093716","2019-02-25 08:00","2019","02","25","08:00","","-14.4","","-17.0","","81","","","","31","","20","","2.0","","96.61","","","","-23","","Snow,Blowing Snow"
"-77.70","53.63","LA GRANDE RIVIERE A","7093716","2019-02-25 09:00","2019","02","25","09:00","","-14.6","","-17.6","","78","","","","31","","30","","1.6","","96.76","","","","-26","","Snow,Blowing Snow"
"-77.70","53.63","LA GRANDE RIVIERE A","7093716","2019-02-25 10:00","2019","02","25","10:00","","-15.0","","-18.3","","76","","","","30","","29","","3.2","","96.89","","","","-26","","Snow,Blowing Snow"
"-77.70","53.63","LA GRANDE RIVIERE A","7093716","2019-02-25 11:00","2019","02","25","11:00","","-15.9","","-19.7","","73","","","","30","","32","","2.4","","97.07","","","","-28","","Snow,Blowing Snow"
"-77.70","53.63","LA GRANDE RIVIERE A","7093716","2019-02-25 12:00","2019","02","25","12:00","","-16.0","","-20.3","","70","","","","30","","34","","2.4","","97.23","","","","-28","","Snow,Blowing Snow"
"-77.70","53.63","LA GRANDE RIVIERE A","7093716","2019-02-25 13:00","2019","02","25","13:00","","-17.0","","-21.3","","70","","","","30","","27","","3.2","","97.42","","","","-28","","Snow,Blowing Snow"
"-77.70","53.63","LA GRANDE RIVIERE A","7093716","2019-02-25 14:00","2019","02","25","14:00","","-17.7","","-22.1","","69","","","","31","","29","","3.2","","97.59","","","","-29","","Snow,Blowing Snow"
"-77.70","53.63","LA GRANDE RIVIERE A","7093716","2019-02-25 15:00","2019","02","25","15:00","","-19.0","","-23.5","","68","","","","30","","35","","6.4","","97.83","","","","-32","","Snow,Blowing Snow"
"-77.70","53.63","LA GRANDE RIVIERE A","7093716","2019-02-25 16:00","2019","02","25","16:00","","-20.1","","-24.6","","68","","","","30","","26","","6.4","","98.05","","","","-32","","Snow,Blowing Snow"
"-77.70","53.63","LA GRANDE RIVIERE A","7093716","2019-02-25 17:00","2019","02","25","17:00","","-21.8","","-26.1","","69","","","","29","","34","","8.1","","98.21","","","","-36","","Snow,Blowing Snow"
"-77.70","53.63","LA GRANDE RIVIERE A","7093716","2019-02-25 18:00","2019","02","25","18:00","","-22.8","","-26.4","","73","","","","28","","42","","6.4","","98.35","","","","-38","","Snow,Blowing Snow"
"-77.70","53.63","LA GRANDE RIVIERE A","7093716","2019-02-25 19:00","2019","02","25","19:00","","-23.6","","-27.3","","72","","","","29","","30","","16.1","","98.56","","","","-37","","Snow,Blowing Snow"
"-77.70","53.63","LA GRANDE RIVIERE A","7093716","2019-02-25 20:00","2019","02","25","20:00","","-24.1","","-27.8","","72","","","","28","","35","","8.1","","98.66","","","","-39","","Snow,Blowing Snow"
"-77.70","53.63","LA GRANDE RIVIERE A","7093716","2019-02-25 21:00","2019","02","25","21:00","","-24.8","","-28.6","","71","","","","28","","31","","4.8","","98.80","","","","-39","","Snow,Blowing Snow"
"-77.70","53.63","LA GRANDE RIVIERE A","7093716","2019-02-25 22:00","2019","02","25","22:00","","-26.1","","-29.7","","72","","","","28","","42","","4.8","","98.92","","","","-43","","Snow,Blowing Snow"
"-77.70","53.63","LA GRANDE RIVIERE A","7093716","2019-02-25 23:00","2019","02","25","23:00","","-26.8","","-30.6","","71","","","","28","","36","","4.8","","98.98","","","","-43","","Snow,Blowing Snow"
"-77.70","53.63","LA GRANDE RIVIERE A","7093716","2019-02-26 00:00","2019","02","26","00:00","","-27.7","","-31.5","","71","","","","28","","24","","4.8","","99.07","","","","-41","","Snow,Blowing Snow"
"-77.70","53.63","LA GRANDE RIVIERE A","7093716","2019-02-26 01:00","2019","02","26","01:00","","-28.0","","-31.6","","72","","","","28","","28","","3.2","","99.12","","","","-43","","Snow,Snow Grains,Blowing Snow"
"-77.70","53.63","LA GRANDE RIVIERE A","7093716","2019-02-26 02:00","2019","02","26","02:00","","-28.4","","-31.8","","73","","","","27","","25","","8.1","","99.17","","","","-42","","Ice Crystals,Blowing Snow"
"-77.70","53.63","LA GRANDE RIVIERE A","7093716","2019-02-26 03:00","2019","02","26","03:00","","-28.3","","-31.7","","73","","","","28","","23","","3.2","","99.20","","","","-42","","Ice Crystals,Blowing Snow"
"-77.70","53.63","LA GRANDE RIVIERE A","7093716","2019-02-26 04:00","2019","02","26","04:00","","-29.0","","-32.3","","74","","","","27","","18","","4.8","","99.27","","","","-41","","Ice Crystals"
"-77.70","53.63","LA GRANDE RIVIERE A","7093716","2019-02-26 05:00","2019","02","26","05:00","","-30.3","","-33.7","","73","","","","26","","16","","11.3","","99.33","","","","-42","","Ice Crystals"
"-77.70","53.63","LA GRANDE RIVIERE A","7093716","2019-02-26 06:00","2019","02","26","06:00","","-31.5","","-34.8","","73","","","","26","","13","","16.1","","99.40","","","","-42","","Ice Crystals"
"-77.70","53.63","LA GRANDE RIVIERE A","7093716","2019-02-26 07:00","2019","02","26","07:00","","-31.9","","-35.2","","73","","","","26","","13","","11.3","","99.42","","","","-43","","Ice Crystals"
"-77.70","53.63","LA GRANDE RIVIERE A","7093716","2019-02-26 08:00","2019","02","26","08:00","","-31.1","","-34.5","","73","","","","26","","14","","11.3","","99.50","","","","-42","","Ice Crystals"
"-77.70","53.63","LA GRANDE RIVIERE A","7093716","2019-02-26 09:00","2019","02","26","09:00","","-29.0","","-32.4","","73","","","","26","","16","","19.3","","99.54","","","","-41","","Ice Crystals"
"-77.70","53.63","LA GRANDE RIVIERE A","7093716","2019-02-26 10:00","2019","02","26","10:00","","-26.9","","-30.2","","74","","","","27","","22","","16.1","","99.57","","","","-40","","Ice Crystals"
"-77.70","53.63","LA GRANDE RIVIERE A","7093716","2019-02-26 11:00","2019","02","26","11:00","","-25.5","","-29.3","","71","","","","25","","26","","3.2","","99.60","","","","-39","","Ice Crystals"
"-77.70","53.63","LA GRANDE RIVIERE A","7093716","2019-02-26 12:00","2019","02","26","12:00","","-24.7","","-30.0","","62","","","","26","","25","","6.4","","99.66","","","","-38","","Ice Crystals"
"-77.70","53.63","LA GRANDE RIVIERE A","7093716","2019-02-26 13:00","2019","02","26","13:00","","-24.5","","-29.7","","63","","","","26","","26","","8.1","","99.69","","","","-38","","Ice Crystals"
"-77.70","53.63","LA GRANDE RIVIERE A","7093716","2019-02-26 14:00","2019","02","26","14:00","","-24.0","","-29.5","","61","","","","26","","28","","8.1","","99.80","","","","-37","","Ice Crystals"
"-77.70","53.63","LA GRANDE RIVIERE A","7093716","2019-02-26 15:00","2019","02","26","15:00","","-24.1","","-28.9","","65","","","","26","","25","","9.7","","99.83","","","","-37","","Ice Crystals"
"-77.70","53.63","LA GRANDE RIVIERE A","7093716","2019-02-26 16:00","2019","02","26","16:00","","-24.2","","-29.7","","61","","","","25","","24","","9.7","","99.88","","","","-37","","Ice Crystals"
"-77.70","53.63","LA GRANDE RIVIERE A","7093716","2019-02-26 17:00","2019","02","26","17:00","","-24.6","","-29.8","","63","","","","26","","24","","19.3","","99.94","","","","-37","","Ice Crystals"
"-77.70","53.63","LA GRANDE RIVIERE A","7093716","2019-02-26 18:00","2019","02","26","18:00","","-26.2","","-30.2","","70","","","","25","","14","","24.1","","99.99","","","","-36","","NA"
"-77.70","53.63","LA GRANDE RIVIERE A","7093716","2019-02-26 19:00","2019","02","26","19:00","","-27.3","","-30.6","","74","","","","24","","14","","24.1","","100.03","","","","-38","","Mainly Clear"
"-77.70","53.63","LA GRANDE RIVIERE A","7093716","2019-02-26 20:00","2019","02","26","20:00","","-27.4","","-30.6","","75","","","","23","","13","","24.1","","100.05","","","","-37","","NA"
"-77.70","53.63","LA GRANDE RIVIERE A","7093716","2019-02-26 21:00","2019","02","26","21:00","","-28.0","","-31.2","","75","","","","22","","7","","24.1","","100.05","","","","-35","","NA"
"-77.70","53.63","LA GRANDE RIVIERE A","7093716","2019-02-26 22:00","2019","02","26","22:00","","-28.9","","-31.9","","76","","","","18","","11","","24.1","","100.07","","","","-38","","Clear"
"-77.70","53.63","LA GRANDE RIVIERE A","7093716","2019-02-26 23:00","2019","02","26","23:00","","-29.0","","-32.0","","76","","","","18","","10","","24.1","","100.10","","","","-38","","NA"
"-77.70","53.63","LA GRANDE RIVIERE A","7093716","2019-02-27 00:00","2019","02","27","00:00","","-30.1","","-33.1","","76","","","","18","","9","","24.1","","100.11","","","","-39","","NA"
"-77.70","53.63","LA GRANDE RIVIERE A","7093716","2019-02-27 01:00","2019","02","27","01:00","","-30.7","","-33.6","","76","","","","13","","11","","24.1","","100.09","","","","-41","","Mostly Cloudy"
"-77.70","53.63","LA GRANDE RIVIERE A","7093716","2019-02-27 02:00","2019","02","27","02:00","","-29.7","","-32.5","","77","","","","13","","7","","24.1","","100.02","","","","-37","","NA"
"-77.70","53.63","LA GRANDE RIVIERE A","7093716","2019-02-27 03:00","2019","02","27","03:00","","-28.6","","-31.6","","76","","","","18","","16","","24.1","","99.95","","","","-40","","NA"
"-77.70","53.63","LA GRANDE RIVIERE A","7093716","2019-02-27 04:00","2019","02","27","04:00","","-28.8","","-31.9","","75","","","","18","","17","","24.1","","99.92","","","","-41","","Clear"
"-77.70","53.63","LA GRANDE RIVIERE A","7093716","2019-02-27 05:00","2019","02","27","05:00","","-29.0","","-32.1","","75","","","","18","","18","","24.1","","99.88","","","","-41","","NA"
"-77.70","53.63","LA GRANDE RIVIERE A","7093716","2019-02-27 06:00","2019","02","27","06:00","","-28.8","","-31.9","","75","","","","18","","16","","24.1","","99.86","","","","-40","","NA"
"-77.70","53.63","LA GRANDE RIVIERE A","7093716","2019-02-27 07:00","2019","02","27","07:00","","-28.6","","-31.7","","75","","","","16","","13","","24.1","","99.85","","","","-39","","Mainly Clear"
"-77.70","53.63","LA GRANDE RIVIERE A","7093716","2019-02-27 08:00","2019","02","27","08:00","","-27.6","","-30.8","","75","","","","16","","14","","24.1","","99.85","","","","-38","","NA"
"-77.70","53.63","LA GRANDE RIVIERE A","7093716","2019-02-27 09:00","2019","02","27","09:00","","-27.7","","-31.0","","74","","","","13","","13","","24.1","","99.82","","","","-38","","NA"
"-77.70","53.63","LA GRANDE RIVIERE A","7093716","2019-02-27 10:00","2019","02","27","10:00","","-24.8","","-28.0","","75","","","","11","","13","","24.1","","99.77","","","","-34","","Mainly Clear"
"-77.70","53.63","LA GRANDE RIVIERE A","7093716","2019-02-27 11:00","2019","02","27","11:00","","-20.1","","-23.8","","73","","","","17","","10","","24.1","","99.70","","","","-27","","NA"
"-77.70","53.63","LA GRANDE RIVIERE A","7093716","2019-02-27 12:00","2019","02","27","12:00","","-18.0","","-24.2","","59","","","","17","","12","","24.1","","99.63","","","","-26","","NA"
"-77.70","53.63","LA GRANDE RIVIERE A","7093716","2019-02-27 13:00","2019","02","27","13:00","","-17.1","","-23.9","","56","","","","18","","18","","24.1","","99.55","","","","-26","","Mainly Clear"
"-77.70","53.63","LA GRANDE RIVIERE A","7093716","2019-02-27 14:00","2019","02","27","14:00","","-16.0","","-23.3","","54","","","","16","","14","","24.1","","99.50","","","","-24","","NA"
"-77.70","53.63","LA GRANDE RIVIERE A","7093716","2019-02-27 15:00","2019","02","27","15:00","","-15.2","","-22.8","","53","","","","17","","12","","24.1","","99.47","","","","-22","","NA"
"-77.70","53.63","LA GRANDE RIVIERE A","7093716","2019-02-27 16:00","2019","02","27","16:00","","-15.1","","-23.1","","51","","","","19","","17","","24.1","","99.42","","","","-24","","Mainly Clear"
"-77.70","53.63","LA GRANDE RIVIERE A","7093716","2019-02-27 17:00","2019","02","27","17:00","","-16.0","","-23.3","","54","","","","18","","9","","24.1","","99.40","","","","-22","","NA"
"-77.70","53.63","LA GRANDE RIVIERE A","7093716","2019-02-27 18:00","2019","02","27","18:00","","-17.9","","-24.1","","59","","","","15","","9","","24.1","","99.38","","","","-24","","NA"
"-77.70","53.63","LA GRANDE RIVIERE A","7093716","2019-02-27 19:00","2019","02","27","19:00","","-18.6","","-24.2","","62","","","","16","","14","","24.1","","99.37","","","","-27","","Clear"
"-77.70","53.63","LA GRANDE RIVIERE A","7093716","2019-02-27 20:00","2019","02","27","20:00","","-19.2","","-24.4","","64","","","","15","","13","","24.1","","99.36","","","","-27","","NA"
"-77.70","53.63","LA GRANDE RIVIERE A","7093716","2019-02-27 21:00","2019","02","27","21:00","","-20.0","","-24.8","","66","","","","16","","12","","24.1","","99.33","","","","-28","","NA"
"-77.70","53.63","LA GRANDE RIVIERE A","7093716","2019-02-27 22:00","2019","02","27","22:00","","-20.6","","-25.1","","68","","","","15","","12","","24.1","","99.32","","","","-29","","Clear"
"-77.70","53.63","LA GRANDE RIVIERE A","7093716","2019-02-27 23:00","2019","02","27","23:00","","-22.9","","-26.8","","71","","","","14","","9","","24.1","","99.30","","","","-30","","NA"
"-77.70","53.63","LA GRANDE RIVIERE A","7093716","2019-02-28 00:00","2019","02","28","00:00","","-24.8","","-27.7","","77","","","","11","","13","","24.1","","99.30","","","","-34","","NA"
"-77.70","53.63","LA GRANDE RIVIERE A","7093716","2019-02-28 01:00","2019","02","28","01:00","","-25.3","","-28.2","","77","","","","14","","12","","24.1","","99.28","","","","-34","","Clear"
"-77.70","53.63","LA GRANDE RIVIERE A","7093716","2019-02-28 02:00","2019","02","28","02:00","","-25.7","","-28.5","","78","","","","13","","14","","24.1","","99.26","","","","-36","","NA"
"-77.70","53.63","LA GRANDE RIVIERE A","7093716","2019-02-28 03:00","2019","02","28","03:00","","-23.9","","-27.0","","76","","","","14","","13","","24.1","","99.26","","","","-33","","NA"
"-77.70","53.63","LA GRANDE RIVIERE A","7093716","2019-02-28 04:00","2019","02","28","04:00","","-25.9","","-28.7","","78","","","","13","","15","","24.1","","99.24","","","","-36","","Clear"
"-77.70","53.63","LA GRANDE RIVIERE A","7093716","2019-02-28 05:00","2019","02","28","05:00","","-26.4","","-29.2","","78","","","","13","","14","","24.1","","99.26","","","","-37","","NA"
"-77.70","53.63","LA GRANDE RIVIERE A","7093716","2019-02-28 06:00","2019","02","28","06:00","","-26.3","","-29.2","","77","","","","11","","12","","24.1","","99.27","","","","-36","","NA"
"-77.70","53.63","LA GRANDE RIVIERE A","7093716","2019-02-28 07:00","2019","02","28","07:00","","-26.5","","-29.4","","77","","","","12","","11","","24.1","","99.28","","","","-35","","Mostly Cloudy"
"-77.70","53.63","LA GRANDE RIVIERE A","7093716","2019-02-28 08:00","2019","02","28","08:00","","-25.2","","-28.1","","77","","","","11","","11","","24.1","","99.31","","","","-34","","NA"
"-77.70","53.63","LA GRANDE RIVIERE A","7093716","2019-02-28 09:00","2019","02","28","09:00","","-24.1","","-27.2","","76","","","","11","","10","","24.1","","99.30","","","","-32","","NA"
"-77.70","53.63","LA GRANDE RIVIERE A","7093716","2019-02-28 10:00","2019","02","28","10:00","","-20.4","","-24.1","","73","","","","11","","13","","24.1","","99.28","","","","-29","","Mostly Cloudy"
"-77.70","53.63","LA GRANDE RIVIERE A","7093716","2019-02-28 11:00","2019","02","28","11:00","","-15.8","","-22.3","","58","","","","9","","7","","24.1","","99.26","","","","-21","","NA"
"-77.70","53.63","LA GRANDE RIVIERE A","7093716","2019-02-28 12:00","2019","02","28","12:00","","-13.2","","-21.1","","52","","","","17","","11","","24.1","","99.27","","","","-19","","NA"
"-77.70","53.63","LA GRANDE RIVIERE A","7093716","2019-02-28 13:00","2019","02","28","13:00","","-10.8","","-19.1","","51","","","","19","","12","","24.1","","99.25","","","","-17","","Clear"
"-77.70","53.63","LA GRANDE RIVIERE A","7093716","2019-02-28 14:00","2019","02","28","14:00","","-9.5","","-18.1","","50","","","","20","","22","","24.1","","99.24","","","","-18","","NA"
"-77.70","53.63","LA GRANDE RIVIERE A","7093716","2019-02-28 15:00","2019","02","28","15:00","","-9.7","","-18.1","","51","","","","20","","18","","24.1","","99.23","","","","-17","","NA"
"-77.70","53.63","LA GRANDE RIVIERE A","7093716","2019-02-28 16:00","2019","02","28","16:00","","-10.2","","-18.3","","52","","","","21","","17","","24.1","","99.23","","","","-17","","Mainly Clear"
"-77.70","53.63","LA GRANDE RIVIERE A","7093716","2019-02-28 17:00","2019","02","28","17:00","","-10.7","","-17.9","","56","","","","20","","9","","24.1","","99.26","","","","-16","","NA"
"-77.70","53.63","LA GRANDE RIVIERE A","7093716","2019-02-28 18:00","2019","02","28","18:00","","-12.3","","-18.2","","62","","","","14","","10","","24.1","","99.28","","","","-18","","NA"
"-77.70","53.63","LA GRANDE RIVIERE A","7093716","2019-02-28 19:00","2019","02","28","19:00","","-13.7","","-17.4","","74","","","","17","","12","","24.1","","99.31","","","","-20","","Mainly Clear"
"-77.70","53.63","LA GRANDE RIVIERE A","7093716","2019-02-28 20:00","2019","02","28","20:00","","-13.0","","-16.1","","78","","","","17","","12","","24.1","","99.31","","","","-20","","Snow,Ice Crystals"
"-77.70","53.63","LA GRANDE RIVIERE A","7093716","2019-02-28 21:00","2019","02","28","21:00","","-14.6","","-16.9","","83","","","","15","","9","","24.1","","99.31","","","","-20","","NA"
"-77.70","53.63","LA GRANDE RIVIERE A","7093716","2019-02-28 22:00","2019","02","28","22:00","","-16.9","","-18.9","","85","","","","12","","10","","24.1","","99.29","","","","-24","","Mainly Clear"
"-77.70","53.63","LA GRANDE RIVIERE A","7093716","2019-02-28 23:00","2019","02","28","23:00","","-17.1","","-19.1","","85","","","","13","","13","","24.1","","99.28","","","","-25","","NA"
"-77.70","53.63","LA GRANDE RIVIERE A","7093716","2019-03-01 00:00","2019","03","01","00:00","","-18.0","","-19.8","","86","","","","13","","14","","24.1","","99.23","","","","-26","","Ice Crystals"
"-77.70","53.63","LA GRANDE RIVIERE A","7093716","2019-03-01 01:00","2019","03","01","01:00","","-19.6","","-21.8","","83","","","","12","","13","","24.1","","99.20","","","","-28","","Ice Crystals"
"-77.70","53.63","LA GRANDE RIVIERE A","7093716","2019-03-01 02:00","2019","03","01","02:00","","-19.2","","-21.3","","84","","","","12","","13","","24.1","","99.17","","","","-27","","Ice Crystals"
"-77.70","53.63","LA GRANDE RIVIERE A","7093716","2019-03-01 03:00","2019","03","01","03:00","","-18.6","","-21.0","","82","","","","11","","13","","24.1","","99.14","","","","-27","","Ice Crystals"
"-77.70","53.63","LA GRANDE RIVIERE A","7093716","2019-03-01 04:00","2019","03","01","04:00","","-18.6","","-21.0","","82","","","","12","","12","","24.1","","99.14","","","","-26","","Ice Crystals"
"-77.70","53.63","LA GRANDE RIVIERE A","7093716","2019-03-01 05:00","2019","03","01","05:00","","-19.5","","-22.0","","81","","","","10","","14","","24.1","","99.13","","","","-28","","Ice Crystals"
"-77.70","53.63","LA GRANDE RIVIERE A","7093716","2019-03-01 06:00","2019","03","01","06:00","","-19.1","","-21.4","","82","","","","11","","14","","24.1","","99.14","","","","-28","","Snow"
"-77.70","53.63","LA GRANDE RIVIERE A","7093716","2019-03-01 07:00","2019","03","01","07:00","","-17.6","","-20.0","","82","","","","9","","13","","3.2","","99.14","","","","-25","","Snow"
"-77.70","53.63","LA GRANDE RIVIERE A","7093716","2019-03-01 08:00","2019","03","01","08:00","","-18.3","","-20.7","","82","","","","12","","15","","6.4","","99.16","","","","-27","","Snow"
"-77.70","53.63","LA GRANDE RIVIERE A","7093716","2019-03-01 09:00","2019","03","01","09:00","","-16.8","","-19.0","","83","","","","11","","12","","8.1","","99.18","","","","-24","","Ice Crystals"
"-77.70","53.63","LA GRANDE RIVIERE A","7093716","2019-03-01 10:00","2019","03","01","10:00","","-15.8","","-18.1","","83","","","","10","","11","","24.1","","99.16","","","","-23","","Ice Crystals"
"-77.70","53.63","LA GRANDE RIVIERE A","7093716","2019-03-01 11:00","2019","03","01","11:00","","-13.2","","-15.7","","82","","","","5","","10","","24.1","","99.18","","","","-19","","NA"
"-77.70","53.63","LA GRANDE RIVIERE A","7093716","2019-03-01 12:00","2019","03","01","12:00","","-11.9","","-15.8","","73","","","","5","","12","","24.1","","99.21","","","","-18","","NA"
"-77.70","53.63","LA GRANDE RIVIERE A","7093716","2019-03-01 13:00","2019","03","01","13:00","","-10.7","","-15.3","","69","","","","5","","10","","11.3","","99.25","","","","-16","","Snow"
"-77.70","53.63","LA GRANDE RIVIERE A","7093716","2019-03-01 14:00","2019","03","01","14:00","","-10.6","","-14.5","","73","","","","12","","9","","8.1","","99.28","","","","-16","","Snow"
"-77.70","53.63","LA GRANDE RIVIERE A","7093716","2019-03-01 15:00","2019","03","01","15:00","","-10.3","","-14.4","","72","","","","6","","8","","8.1","","99.35","","","","-15","","Snow"
"-77.70","53.63","LA GRANDE RIVIERE A","7093716","2019-03-01 16:00","2019","03","01","16:00","","-10.5","","-14.3","","74","","","","6","","4","","24.1","","99.39","","","","-13","","Ice Crystals"
"-77.70","53.63","LA GRANDE RIVIERE A","7093716","2019-03-01 17:00","2019","03","01","17:00","","-10.3","","-14.4","","72","","","","5","","3","","24.1","","99.46","","","","-12","","Ice Crystals"
"-77.70","53.63","LA GRANDE RIVIERE A","7093716","2019-03-01 18:00","2019","03","01","18:00","","-12.4","","-15.2","","80","","","","10","","3","","24.1","","99.54","","","","-14","","NA"
"-77.70","53.63","LA GRANDE RIVIERE A","7093716","2019-03-01 19:00","2019","03","01","19:00","","-12.5","","-14.7","","84","","","","20","","5","","4.8","","99.60","","","","-16","","Snow"
"-77.70","53.63","LA GRANDE RIVIERE A","7093716","2019-03-01 20:00","2019","03","01","20:00","","-12.7","","-14.4","","87","","","","21","","4","","24.1","","99.66","","","","-15","","Snow"
"-77.70","53.63","LA GRANDE RIVIERE A","7093716","2019-03-01 21:00","2019","03","01","21:00","","-15.2","","-17.0","","86","","","","27","","9","","24.1","","99.71","","","","-21","","Snow"
"-77.70","53.63","LA GRANDE RIVIERE A","7093716","2019-03-01 22:00","2019","03","01","22:00","","-16.9","","-18.7","","86","","","","25","","7","","24.1","","99.73","","","","-22","","Snow"
"-77.70","53.63","LA GRANDE RIVIERE A","7093716","2019-03-01 23:00","2019","03","01","23:00","","-17.4","","-19.5","","84","","","","25","","6","","24.1","","99.76","","","","-22","","NA"
"-77.70","53.63","LA GRANDE RIVIERE A","7093716","2019-03-02 00:00","2019","03","02","00:00","","-17.8","","-20.0","","83","","","","25","","5","","24.1","","99.80","","","","-22","","NA"
"-77.70","53.63","LA GRANDE RIVIERE A","7093716","2019-03-02 01:00","2019","03","02","01:00","","-20.0","","-22.5","","81","","","","24","","6","","2.4","","99.86","","","","-25","","Fog"
"-77.70","53.63","LA GRANDE RIVIERE A","7093716","2019-03-02 02:00","2019","03","02","02:00","","-21.3","","-23.9","","80","","","","24","","5","","24.1","","99.92","","","","-26","","Ice Crystals"
"-77.70","53.63","LA GRANDE RIVIERE A","7093716","2019-03-02 03:00","2019","03","02","03:00","","-22.2","","-24.9","","79","","","","24","","8","","2.0","","99.94","","","","-29","","Fog"
"-77.70","53.63","LA GRANDE RIVIERE A","7093716","2019-03-02 04:00","2019","03","02","04:00","","-22.7","","-25.5","","78","","","","21","","9","","2.0","","99.93","","","","-30","","Fog"
"-77.70","53.63","LA GRANDE RIVIERE A","7093716","2019-03-02 05:00","2019","03","02","05:00","","-24.4","","-27.4","","77","","","","","","0","","0.4","","99.96","","","","","","Freezing Fog"
"-77.70","53.63","LA GRANDE RIVIERE A","7093716","2019-03-02 06:00","2019","03","02","06:00","","-24.1","","-27.1","","77","","","","29","","5","","0.8","","100.00","","","","-29","","Freezing Fog"
"-77.70","53.63","LA GRANDE RIVIERE A","7093716","2019-03-02 07:00","2019","03","02","07:00","","-23.0","","-25.8","","78","","","","31","","4","","8.1","","99.97","","","","-27","","Snow"
"-77.70","53.63","LA GRANDE RIVIERE A","7093716","2019-03-02 08:00","2019","03","02","08:00","","-21.0","","-23.7","","79","","","","18","","3","","6.4","","100.00","","","","-24","","Snow"
"-77.70","53.63","LA GRANDE RIVIERE A","7093716","2019-03-02 09:00","2019","03","02","09:00","","-19.8","","-22.4","","80","","","","","","0","","9.7","","100.01","","","","","","Snow"
"-77.70","53.63","LA GRANDE RIVIERE A","7093716","2019-03-02 10:00","2019","03","02","10:00","","-18.0","","-20.5","","81","","","","13","","5","","16.1","","99.98","","","","-22","","Snow"
"-77.70","53.63","LA GRANDE RIVIERE A","7093716","2019-03-02 11:00","2019","03","02","11:00","","-15.8","","-18.1","","83","","","","14","","9","","24.1","","99.98","","","","-22","","NA"
"-77.70","53.63","LA GRANDE RIVIERE A","7093716","2019-03-02 12:00","2019","03","02","12:00","","-13.4","","-15.4","","85","","","","9","","7","","24.1","","99.95","","","","-18","","NA"
"-77.70","53.63","LA GRANDE RIVIERE A","7093716","2019-03-02 13:00","2019","03","02","13:00","","-13.4","","-15.4","","85","","","","22","","10","","24.1","","99.91","","","","-19","","Cloudy"
"-77.70","53.63","LA GRANDE RIVIERE A","7093716","2019-03-02 14:00","2019","03","02","14:00","","-13.2","","-15.1","","86","","","","18","","4","","24.1","","99.88","","","","-16","","NA"
"-77.70","53.63","LA GRANDE RIVIERE A","7093716","2019-03-02 15:00","2019","03","02","15:00","","-12.5","","-14.4","","86","","","","","","0","","24.1","","99.80","","","","","","NA"
"-77.70","53.63","LA GRANDE RIVIERE A","7093716","2019-03-02 16:00","2019","03","02","16:00","","-12.2","","-14.7","","82","","","","30","","4","","24.1","","99.78","","","","-15","","Mostly Cloudy"
"-77.70","53.63","LA GRANDE RIVIERE A","7093716","2019-03-02 17:00","2019","03","02","17:00","","-11.8","","-16.9","","66","","","","","","0","","24.1","","99.73","","","","","","NA"
"-77.70","53.63","LA GRANDE RIVIERE A","7093716","2019-03-02 18:00","2019","03","02","18:00","","-12.6","","-16.0","","76","","","","15","","7","","6.4","","99.70","","","","-17","","Snow"
"-77.70","53.63","LA GRANDE RIVIERE A","7093716","2019-03-02 19:00","2019","03","02","19:00","","-13.6","","-16.2","","81","","","","20","","6","","11.3","","99.67","","","","-18","","Ice Crystals"
"-77.70","53.63","LA GRANDE RIVIERE A","7093716","2019-03-02 20:00","2019","03","02","20:00","","-14.5","","-16.8","","83","","","","","","0","","11.3","","99.61","","","","","","Ice Crystals"
"-77.70","53.63","LA GRANDE RIVIERE A","7093716","2019-03-02 21:00","2019","03","02","21:00","","-16.1","","-17.9","","86","","","","20","","4","","24.1","","99.56","","","","-19","","Ice Crystals"
"-77.70","53.63","LA GRANDE RIVIERE A","7093716","2019-03-02 22:00","2019","03","02","22:00","","-16.1","","-18.1","","85","","","","20","","4","","11.3","","99.49","","","","-19","","Ice Crystals"
"-77.70","53.63","LA GRANDE RIVIERE A","7093716","2019-03-02 23:00","2019","03","02","23:00","","-16.5","","-18.6","","84","","","","22","","3","","8.1","","99.42","","","","-19","","Ice Crystals"
"-77.70","53.63","LA GRANDE RIVIERE A","7093716","2019-03-03 00:00","2019","03","03","00:00","","-16.0","","-18.1","","84","","","","21","","8","","8.1","","99.35","","","","-22","","Ice Crystals"
"-77.70","53.63","LA GRANDE RIVIERE A","7093716","2019-03-03 01:00","2019","03","03","01:00","","-16.5","","-18.7","","83","","","","23","","5","","8.1","","99.35","","","","-20","","Ice Crystals"
"-77.70","53.63","LA GRANDE RIVIERE A","7093716","2019-03-03 02:00","2019","03","03","02:00","","-16.7","","-18.9","","83","","","","","","0","","11.3","","99.30","","","","","","Ice Crystals"
"-77.70","53.63","LA GRANDE RIVIERE A","7093716","2019-03-03 03:00","2019","03","03","03:00","","-17.7","","-20.1","","82","","","","11","","7","","11.3","","99.24","","","","-23","","Ice Crystals"
"-77.70","53.63","LA GRANDE RIVIERE A","7093716","2019-03-03 04:00","2019","03","03","04:00","","-19.2","","-21.4","","83","","","","11","","8","","24.1","","99.15","","","","-25","","Ice Crystals"
"-77.70","53.63","LA GRANDE RIVIERE A","7093716","2019-03-03 05:00","2019","03","03","05:00","","-18.6","","-21.0","","82","","","","6","","4","","24.1","","99.10","","","","-22","","Ice Crystals"
"-77.70","53.63","LA GRANDE RIVIERE A","7093716","2019-03-03 06:00","2019","03","03","06:00","","-17.5","","-19.7","","83","","","","10","","9","","4.8","","99.06","","","","-24","","Snow,Ice Crystals"
"-77.70","53.63","LA GRANDE RIVIERE A","7093716","2019-03-03 07:00","2019","03","03","07:00","","-17.2","","-19.6","","82","","","","9","","9","","4.8","","98.98","","","","-23","","Snow"
"-77.70","53.63","LA GRANDE RIVIERE A","7093716","2019-03-03 08:00","2019","03","03","08:00","","-17.1","","-19.5","","82","","","","10","","9","","2.4","","98.93","","","","-23","","Snow"
"-77.70","53.63","LA GRANDE RIVIERE A","7093716","2019-03-03 09:00","2019","03","03","09:00","","-15.9","","-18.2","","83","","","","13","","9","","3.2","","98.86","","","","-22","","Snow"
"-77.70","53.63","LA GRANDE RIVIERE A","7093716","2019-03-03 10:00","2019","03","03","10:00","","-14.8","","-17.5","","80","","","","8","","5","","9.7","","98.81","","","","-18","","Ice Crystals"
"-77.70","53.63","LA GRANDE RIVIERE A","7093716","2019-03-03 11:00","2019","03","03","11:00","","-13.9","","-17.3","","76","","","","26","","5","","3.2","","98.75","","","","-17","","Snow"
"-77.70","53.63","LA GRANDE RIVIERE A","7093716","2019-03-03 12:00","2019","03","03","12:00","","-13.3","","-17.2","","73","","","","","","0","","11.3","","98.69","","","","","","Snow"
"-77.70","53.63","LA GRANDE RIVIERE A","7093716","2019-03-03 13:00","2019","03","03","13:00","","-13.2","","-16.4","","77","","","","9","","4","","1.6","","98.63","","","","-16","","Snow"
"-77.70","53.63","LA GRANDE RIVIERE A","7093716","2019-03-03 14:00","2019","03","03","14:00","","-12.8","","-15.6","","80","","","","20","","10","","1.6","","98.59","","","","-19","","Snow"
"-77.70","53.63","LA GRANDE RIVIERE A","7093716","2019-03-03 15:00","2019","03","03","15:00","","-13.3","","-16.4","","78","","","","28","","22","","1.6","","98.57","","","","-22","","Snow"
"-77.70","53.63","LA GRANDE RIVIERE A","7093716","2019-03-03 16:00","2019","03","03","16:00","","-14.3","","-17.3","","78","","","","28","","27","","3.2","","98.59","","","","-25","","Snow"
"-77.70","53.63","LA GRANDE RIVIERE A","7093716","2019-03-03 17:00","2019","03","03","17:00","","-16.7","","-19.7","","78","","","","27","","22","","6.4","","98.63","","","","-27","","Snow"
"-77.70","53.63","LA GRANDE RIVIERE A","7093716","2019-03-03 18:00","2019","03","03","18:00","","-18.9","","-21.7","","79","","","","26","","18","","6.4","","98.71","","","","-29","","Snow"
"-77.70","53.63","LA GRANDE RIVIERE A","7093716","2019-03-03 19:00","2019","03","03","19:00","","-20.7","","-23.6","","78","","","","27","","22","","16.1","","98.77","","","","-32","","Ice Crystals"
"-77.70","53.63","LA GRANDE RIVIERE A","7093716","2019-03-03 20:00","2019","03","03","20:00","","-21.3","","-24.2","","78","","","","26","","21","","8.1","","98.81","","","","-32","","Ice Crystals"
"-77.70","53.63","LA GRANDE RIVIERE A","7093716","2019-03-03 21:00","2019","03","03","21:00","","-22.2","","-25.1","","78","","","","26","","19","","8.1","","98.83","","","","-33","","Ice Crystals"
"-77.70","53.63","LA GRANDE RIVIERE A","7093716","2019-03-03 22:00","2019","03","03","22:00","","-23.9","","-26.7","","78","","","","25","","15","","11.3","","98.84","","","","-34","","Ice Crystals"
"-77.70","53.63","LA GRANDE RIVIERE A","7093716","2019-03-03 23:00","2019","03","03","23:00","","-25.4","","-28.2","","78","","","","25","","15","","24.1","","98.84","","","","-36","","Ice Crystals"
"-77.70","53.63","LA GRANDE RIVIERE A","7093716","2019-03-04 00:00","2019","03","04","00:00","","-26.8","","-29.6","","78","","","","26","","12","","24.1","","98.84","","","","-36","","Ice Crystals"
"-77.70","53.63","LA GRANDE RIVIERE A","7093716","2019-03-04 01:00","2019","03","04","01:00","","-26.2","","-29.0","","78","","","","25","","13","","24.1","","98.85","","","","-36","","Ice Crystals"
"-77.70","53.63","LA GRANDE RIVIERE A","7093716","2019-03-04 02:00","2019","03","04","02:00","","-26.7","","-29.6","","77","","","","25","","12","","24.1","","98.87","","","","-36","","Ice Crystals"
"-77.70","53.63","LA GRANDE RIVIERE A","7093716","2019-03-04 03:00","2019","03","04","03:00","","-28.0","","-31.0","","76","","","","24","","9","","24.1","","98.88","","","","-36","","Ice Crystals"
"-77.70","53.63","LA GRANDE RIVIERE A","7093716","2019-03-04 04:00","2019","03","04","04:00","","-28.1","","-31.1","","76","","","","24","","8","","24.1","","98.89","","","","-36","","Ice Crystals"
"-77.70","53.63","LA GRANDE RIVIERE A","7093716","2019-03-04 05:00","2019","03","04","05:00","","-28.1","","-31.1","","76","","","","19","","6","","24.1","","98.91","","","","-34","","Ice Crystals"
"-77.70","53.63","LA GRANDE RIVIERE A","7093716","2019-03-04 06:00","2019","03","04","06:00","","-28.2","","-31.2","","76","","","","20","","13","","24.1","","98.94","","","","-38","","NA"
"-77.70","53.63","LA GRANDE RIVIERE A","7093716","2019-03-04 07:00","2019","03","04","07:00","","-28.4","","-31.4","","76","","","","20","","13","","11.3","","98.95","","","","-39","","Mainly Clear"
"-77.70","53.63","LA GRANDE RIVIERE A","7093716","2019-03-04 08:00","2019","03","04","08:00","","-26.9","","-30.1","","75","","","","20","","11","","4.8","","98.98","","","","-36","","Ice Crystals,Fog"
"-77.70","53.63","LA GRANDE RIVIERE A","7093716","2019-03-04 09:00","2019","03","04","09:00","","-24.9","","-28.0","","76","","","","21","","8","","16.1","","98.97","","","","-32","","Ice Crystals"
"-77.70","53.63","LA GRANDE RIVIERE A","7093716","2019-03-04 10:00","2019","03","04","10:00","","-22.8","","-25.8","","77","","","","21","","9","","24.1","","98.93","","","","-30","","Ice Crystals"
"-77.70","53.63","LA GRANDE RIVIERE A","7093716","2019-03-04 11:00","2019","03","04","11:00","","-21.5","","-24.4","","78","","","","19","","15","","24.1","","98.96","","","","-31","","Ice Crystals"
"-77.70","53.63","LA GRANDE RIVIERE A","7093716","2019-03-04 12:00","2019","03","04","12:00","","-20.6","","-23.6","","77","","","","16","","9","","24.1","","98.93","","","","-27","","NA"
"-77.70","53.63","LA GRANDE RIVIERE A","7093716","2019-03-04 13:00","2019","03","04","13:00","","-19.3","","-23.8","","68","","","","15","","7","","24.1","","98.88","","","","-25","","Clear"
"-77.70","53.63","LA GRANDE RIVIERE A","7093716","2019-03-04 14:00","2019","03","04","14:00","","-18.4","","-25.0","","57","","","","11","","12","","24.1","","98.85","","","","-26","","NA"
"-77.70","53.63","LA GRANDE RIVIERE A","7093716","2019-03-04 15:00","2019","03","04","15:00","","-18.0","","-24.4","","58","","","","12","","11","","24.1","","98.82","","","","-25","","NA"
"-77.70","53.63","LA GRANDE RIVIERE A","7093716","2019-03-04 16:00","2019","03","04","16:00","","-18.7","","-24.9","","59","","","","6","","12","","24.1","","98.81","","","","-26","","Mainly Clear"
"-77.70","53.63","LA GRANDE RIVIERE A","7093716","2019-03-04 17:00","2019","03","04","17:00","","-20.4","","-25.6","","64","","","","5","","13","","24.1","","98.80","","","","-29","","NA"
"-77.70","53.63","LA GRANDE RIVIERE A","7093716","2019-03-04 18:00","2019","03","04","18:00","","-21.4","","-25.8","","68","","","","8","","9","","24.1","","98.80","","","","-28","","NA"
"-77.70","53.63","LA GRANDE RIVIERE A","7093716","2019-03-04 19:00","2019","03","04","19:00","","-22.5","","-26.4","","71","","","","9","","9","","24.1","","98.80","","","","-30","","Mostly Cloudy"
"-77.70","53.63","LA GRANDE RIVIERE A","7093716","2019-03-04 20:00","2019","03","04","20:00","","-23.7","","-27.3","","73","","","","9","","10","","24.1","","98.78","","","","-32","","NA"
"-77.70","53.63","LA GRANDE RIVIERE A","7093716","2019-03-04 21:00","2019","03","04","21:00","","-23.7","","-27.3","","73","","","","10","","9","","24.1","","98.77","","","","-31","","NA"
"-77.70","53.63","LA GRANDE RIVIERE A","7093716","2019-03-04 22:00","2019","03","04","22:00","","-24.9","","-28.3","","74","","","","9","","11","","24.1","","98.73","","","","-34","","Mostly Cloudy"
"-77.70","53.63","LA GRANDE RIVIERE A","7093716","2019-03-04 23:00","2019","03","04","23:00","","-25.5","","-29.2","","72","","","","10","","11","","24.1","","98.68","","","","-34","","NA"
"-77.70","53.63","LA GRANDE RIVIERE A","7093716","2019-03-05 00:00","2019","03","05","00:00","","-25.4","","-28.8","","74","","","","9","","9","","24.1","","98.62","","","","-33","","NA"
"-77.70","53.63","LA GRANDE RIVIERE A","7093716","2019-03-05 01:00","2019","03","05","01:00","","-27.1","","-30.3","","75","","","","9","","9","","24.1","","98.60","","","","-35","","Mainly Clear"
"-77.70","53.63","LA GRANDE RIVIERE A","7093716","2019-03-05 02:00","2019","03","05","02:00","","-27.4","","-30.3","","77","","","","10","","11","","24.1","","98.60","","","","-37","","NA"
"-77.70","53.63","LA GRANDE RIVIERE A","7093716","2019-03-05 03:00","2019","03","05","03:00","","-26.8","","-29.7","","77","","","","8","","12","","24.1","","98.55","","","","-36","","NA"
"-77.70","53.63","LA GRANDE RIVIERE A","7093716","2019-03-05 04:00","2019","03","05","04:00","","-27.6","","-30.6","","76","","","","6","","12","","24.1","","98.53","","","","-37","","Cloudy"
"-77.70","53.63","LA GRANDE RIVIERE A","7093716","2019-03-05 05:00","2019","03","05","05:00","","-27.4","","-30.3","","77","","","","9","","13","","24.1","","98.51","","","","-37","","NA"
"-77.70","53.63","LA GRANDE RIVIERE A","7093716","2019-03-05 06:00","2019","03","05","06:00","","-27.7","","-30.6","","77","","","","8","","11","","24.1","","98.51","","","","-37","","NA"
"-77.70","53.63","LA GRANDE RIVIERE A","7093716","2019-03-05 07:00","2019","03","05","07:00","","-28.1","","-31.1","","76","","","","8","","10","","24.1","","98.52","","","","-37","","Mostly Cloudy"
"-77.70","53.63","LA GRANDE RIVIERE A","7093716","2019-03-05 08:00","2019","03","05","08:00","","-28.4","","-31.5","","75","","","","8","","7","","24.1","","98.53","","","","-35","","NA"
"-77.70","53.63","LA GRANDE RIVIERE A","7093716","2019-03-05 09:00","2019","03","05","09:00","","-25.4","","-28.6","","75","","","","7","","9","","24.1","","98.55","","","","-33","","NA"
"-77.70","53.63","LA GRANDE RIVIERE A","7093716","2019-03-05 10:00","2019","03","05","10:00","","-23.7","","-27.1","","74","","","","5","","11","","24.1","","98.55","","","","-32","","Mostly Cloudy"
"-77.70","53.63","LA GRANDE RIVIERE A","7093716","2019-03-05 11:00","2019","03","05","11:00","","-22.0","","-26.3","","69","","","","5","","16","","24.1","","98.56","","","","-32","","NA"
"-77.70","53.63","LA GRANDE RIVIERE A","7093716","2019-03-05 12:00","2019","03","05","12:00","","-19.5","","-25.2","","61","","","","5","","14","","24.1","","98.56","","","","-28","","NA"
"-77.70","53.63","LA GRANDE RIVIERE A","7093716","2019-03-05 13:00","2019","03","05","13:00","","-18.6","","-24.6","","60","","","","6","","14","","24.1","","98.58","","","","-27","","Cloudy"
"-77.70","53.63","LA GRANDE RIVIERE A","7093716","2019-03-05 14:00","2019","03","05","14:00","","-17.9","","-24.8","","56","","","","6","","14","","24.1","","98.60","","","","-26","","NA"
"-77.70","53.63","LA GRANDE RIVIERE A","7093716","2019-03-05 15:00","2019","03","05","15:00","","-17.4","","-24.7","","54","","","","5","","13","","24.1","","98.63","","","","-25","","NA"
"-77.70","53.63","LA GRANDE RIVIERE A","7093716","2019-03-05 16:00","2019","03","05","16:00","","-17.6","","-24.8","","54","","","","6","","12","","24.1","","98.65","","","","-25","","Cloudy"
"-77.70","53.63","LA GRANDE RIVIERE A","7093716","2019-03-05 17:00","2019","03","05","17:00","","-17.9","","-25.2","","54","","","","4","","4","","24.1","","98.69","","","","-21","","NA"
"-77.70","53.63","LA GRANDE RIVIERE A","7093716","2019-03-05 18:00","2019","03","05","18:00","","-19.0","","-26.1","","54","","","","6","","7","","24.1","","98.72","","","","-24","","NA"
"-77.70","53.63","LA GRANDE RIVIERE A","7093716","2019-03-05 19:00","2019","03","05","19:00","","-20.0","","-26.5","","57","","","","4","","6","","24.1","","98.76","","","","-25","","Mostly Cloudy"
"-77.70","53.63","LA GRANDE RIVIERE A","7093716","2019-03-05 20:00","2019","03","05","20:00","","-21.5","","-26.6","","64","","","","1","","4","","24.1","","98.79","","","","-25","","NA"
"-77.70","53.63","LA GRANDE RIVIERE A","7093716","2019-03-05 21:00","2019","03","05","21:00","","-21.9","","-26.1","","69","","","","2","","6","","24.1","","98.79","","","","-27","","NA"
"-77.70","53.63","LA GRANDE RIVIERE A","7093716","2019-03-05 22:00","2019","03","05","22:00","","-22.9","","-26.8","","71","","","","3","","8","","24.1","","98.81","","","","-30","","Clear"
"-77.70","53.63","LA GRANDE RIVIERE A","7093716","2019-03-05 23:00","2019","03","05","23:00","","-23.0","","-27.0","","70","","","","4","","6","","24.1","","98.79","","","","-28","","NA"
"-77.70","53.63","LA GRANDE RIVIERE A","7093716","2019-03-06 00:00","2019","03","06","00:00","","-23.1","","-26.8","","72","","","","4","","7","","24.1","","98.77","","","","-29","","NA"
"-77.70","53.63","LA GRANDE RIVIERE A","7093716","2019-03-06 01:00","2019","03","06","01:00","","-25.0","","-28.0","","77","","","","6","","5","","24.1","","98.80","","","","-30","","Clear"
"-77.70","53.63","LA GRANDE RIVIERE A","7093716","2019-03-06 02:00","2019","03","06","02:00","","-25.5","","-28.3","","78","","","","2","","4","","24.1","","98.79","","","","-30","","NA"
"-77.70","53.63","LA GRANDE RIVIERE A","7093716","2019-03-06 03:00","2019","03","06","03:00","","-26.0","","-28.6","","79","","","","1","","8","","24.1","","98.79","","","","-33","","NA"
"-77.70","53.63","LA GRANDE RIVIERE A","7093716","2019-03-06 04:00","2019","03","06","04:00","","-26.0","","-28.7","","78","","","","4","","7","","24.1","","98.81","","","","-33","","Clear"
"-77.70","53.63","LA GRANDE RIVIERE A","7093716","2019-03-06 05:00","2019","03","06","05:00","","-26.4","","-29.0","","79","","","","4","","7","","24.1","","98.84","","","","-33","","NA"
"-77.70","53.63","LA GRANDE RIVIERE A","7093716","2019-03-06 06:00","2019","03","06","06:00","","-27.1","","-29.8","","78","","","","4","","9","","24.1","","98.84","","","","-35","","NA"
"-77.70","53.63","LA GRANDE RIVIERE A","7093716","2019-03-06 07:00","2019","03","06","07:00","","-27.5","","-30.4","","77","","","","5","","8","","24.1","","98.87","","","","-35","","Clear"
"-77.70","53.63","LA GRANDE RIVIERE A","7093716","2019-03-06 08:00","2019","03","06","08:00","","-26.3","","-29.0","","78","","","","3","","7","","24.1","","98.89","","","","-33","","NA"
"-77.70","53.63","LA GRANDE RIVIERE A","7093716","2019-03-06 09:00","2019","03","06","09:00","","-23.4","","-26.3","","78","","","","5","","6","","24.1","","98.93","","","","-29","","NA"
"-77.70","53.63","LA GRANDE RIVIERE A","7093716","2019-03-06 10:00","2019","03","06","10:00","","-21.7","","-25.2","","74","","","","11","","3","","24.1","","98.92","","","","-24","","Mainly Clear"
"-77.70","53.63","LA GRANDE RIVIERE A","7093716","2019-03-06 11:00","2019","03","06","11:00","","-19.6","","-24.3","","67","","","","5","","5","","24.1","","98.95","","","","-24","","NA"
"-77.70","53.63","LA GRANDE RIVIERE A","7093716","2019-03-06 12:00","2019","03","06","12:00","","-18.3","","-24.3","","60","","","","","","0","","24.1","","98.94","","","","","","NA"
"-77.70","53.63","LA GRANDE RIVIERE A","7093716","2019-03-06 13:00","2019","03","06","13:00","","-16.5","","-24.1","","52","","","","31","","3","","24.1","","98.94","","","","-19","","Mainly Clear"
"-77.70","53.63","LA GRANDE RIVIERE A","7093716","2019-03-06 14:00","2019","03","06","14:00","","-16.2","","-25.6","","45","","","","28","","8","","24.1","","98.92","","","","-22","","NA"
"-77.70","53.63","LA GRANDE RIVIERE A","7093716","2019-03-06 15:00","2019","03","06","15:00","","-15.7","","-25.7","","43","","","","25","","8","","24.1","","98.94","","","","-21","","NA"
"-77.70","53.63","LA GRANDE RIVIERE A","7093716","2019-03-06 16:00","2019","03","06","16:00","","-15.8","","-26.1","","42","","","","27","","11","","24.1","","98.94","","","","-23","","Mainly Clear"
"-77.70","53.63","LA GRANDE RIVIERE A","7093716","2019-03-06 17:00","2019","03","06","17:00","","-16.9","","-26.8","","43","","","","25","","12","","24.1","","98.95","","","","-24","","NA"
"-77.70","53.63","LA GRANDE RIVIERE A","7093716","2019-03-06 18:00","2019","03","06","18:00","","-18.1","","-27.2","","45","","","","24","","8","","24.1","","98.95","","","","-24","","NA"
"-77.70","53.63","LA GRANDE RIVIERE A","7093716","2019-03-06 19:00","2019","03","06","19:00","","-20.7","","-27.8","","54","","","","27","","10","","24.1","","99.00","","","","-28","","Mostly Cloudy"
"-77.70","53.63","LA GRANDE RIVIERE A","7093716","2019-03-06 20:00","2019","03","06","20:00","","-21.2","","-26.9","","61","","","","23","","8","","24.1","","98.99","","","","-28","","NA"
"-77.70","53.63","LA GRANDE RIVIERE A","7093716","2019-03-06 21:00","2019","03","06","21:00","","-22.3","","-25.7","","74","","","","23","","10","","24.1","","98.96","","","","-30","","NA"
"-77.70","53.63","LA GRANDE RIVIERE A","7093716","2019-03-06 22:00","2019","03","06","22:00","","-23.3","","-26.1","","79","","","","21","","9","","24.1","","98.94","","","","-31","","Mainly Clear"
"-77.70","53.63","LA GRANDE RIVIERE A","7093716","2019-03-06 23:00","2019","03","06","23:00","","-23.2","","-25.9","","79","","","","22","","10","","24.1","","98.91","","","","-31","","NA"
"-77.70","53.63","LA GRANDE RIVIERE A","7093716","2019-03-07 00:00","2019","03","07","00:00","","-24.5","","-26.9","","81","","","","20","","9","","24.1","","98.88","","","","-32","","Snow"
"-77.70","53.63","LA GRANDE RIVIERE A","7093716","2019-03-07 01:00","2019","03","07","01:00","","-24.3","","-26.7","","81","","","","19","","14","","24.1","","98.82","","","","-34","","Snow"
"-77.70","53.63","LA GRANDE RIVIERE A","7093716","2019-03-07 02:00","2019","03","07","02:00","","-24.3","","-26.7","","81","","","","19","","14","","24.1","","98.76","","","","-34","","Snow"
"-77.70","53.63","LA GRANDE RIVIERE A","7093716","2019-03-07 03:00","2019","03","07","03:00","","-24.4","","-27.1","","79","","","","18","","15","","24.1","","98.70","","","","-35","","Snow"
"-77.70","53.63","LA GRANDE RIVIERE A","7093716","2019-03-07 04:00","2019","03","07","04:00","","-24.7","","-27.5","","78","","","","18","","15","","24.1","","98.65","","","","-35","","Snow"
"-77.70","53.63","LA GRANDE RIVIERE A","7093716","2019-03-07 05:00","2019","03","07","05:00","","-24.8","","-27.7","","77","","","","21","","12","","11.3","","98.63","","","","-34","","Snow"
"-77.70","53.63","LA GRANDE RIVIERE A","7093716","2019-03-07 06:00","2019","03","07","06:00","","-24.9","","-27.9","","77","","","","22","","14","","24.1","","98.63","","","","-35","","Snow"
"-77.70","53.63","LA GRANDE RIVIERE A","7093716","2019-03-07 07:00","2019","03","07","07:00","","-24.4","","-27.3","","78","","","","25","","12","","24.1","","98.65","","","","-33","","Snow"
"-77.70","53.63","LA GRANDE RIVIERE A","7093716","2019-03-07 08:00","2019","03","07","08:00","","-25.1","","-28.1","","77","","","","25","","9","","24.1","","98.66","","","","-33","","Ice Crystals"
"-77.70","53.63","LA GRANDE RIVIERE A","7093716","2019-03-07 09:00","2019","03","07","09:00","","-22.8","","-25.7","","77","","","","24","","16","","24.1","","98.64","","","","-33","","Ice Crystals"
"-77.70","53.63","LA GRANDE RIVIERE A","7093716","2019-03-07 10:00","2019","03","07","10:00","","-22.1","","-25.4","","75","","","","25","","25","","11.3","","98.61","","","","-34","","Ice Crystals,Blowing Snow"
"-77.70","53.63","LA GRANDE RIVIERE A","7093716","2019-03-07 11:00","2019","03","07","11:00","","-20.9","","-25.0","","70","","","","26","","21","","16.1","","98.57","","","","-32","","Ice Crystals,Blowing Snow"
"-77.70","53.63","LA GRANDE RIVIERE A","7093716","2019-03-07 12:00","2019","03","07","12:00","","-19.6","","-24.7","","64","","","","21","","24","","4.8","","98.54","","","","-31","","Snow,Blowing Snow"
"-77.70","53.63","LA GRANDE RIVIERE A","7093716","2019-03-07 13:00","2019","03","07","13:00","","-19.0","","-24.5","","63","","","","23","","24","","6.4","","98.48","","","","-30","","Snow,Blowing Snow"
"-77.70","53.63","LA GRANDE RIVIERE A","7093716","2019-03-07 14:00","2019","03","07","14:00","","-18.3","","-23.9","","62","","","","21","","23","","8.1","","98.45","","","","-29","","Snow,Blowing Snow"
"-77.70","53.63","LA GRANDE RIVIERE A","7093716","2019-03-07 15:00","2019","03","07","15:00","","-18.0","","-23.4","","63","","","","21","","25","","11.3","","98.43","","","","-29","","Ice Crystals"
"-77.70","53.63","LA GRANDE RIVIERE A","7093716","2019-03-07 16:00","2019","03","07","16:00","","-18.3","","-23.2","","66","","","","21","","23","","6.4","","98.41","","","","-29","","Snow"
"-77.70","53.63","LA GRANDE RIVIERE A","7093716","2019-03-07 17:00","2019","03","07","17:00","","-18.6","","-22.7","","71","","","","22","","21","","6.4","","98.43","","","","-29","","Snow,Blowing Snow"
"-77.70","53.63","LA GRANDE RIVIERE A","7093716","2019-03-07 18:00","2019","03","07","18:00","","-19.3","","-22.9","","74","","","","21","","19","","6.4","","98.44","","","","-29","","Snow,Blowing Snow"
"-77.70","53.63","LA GRANDE RIVIERE A","7093716","2019-03-07 19:00","2019","03","07","19:00","","-19.8","","-22.8","","77","","","","21","","12","","19.3","","98.41","","","","-28","","Snow"
"-77.70","53.63","LA GRANDE RIVIERE A","7093716","2019-03-07 20:00","2019","03","07","20:00","","-20.2","","-22.8","","80","","","","20","","12","","19.3","","98.38","","","","-28","","Snow"
"-77.70","53.63","LA GRANDE RIVIERE A","7093716","2019-03-07 21:00","2019","03","07","21:00","","-20.2","","-22.8","","80","","","","21","","12","","24.1","","98.32","","","","-28","","Snow"
"-77.70","53.63","LA GRANDE RIVIERE A","7093716","2019-03-07 22:00","2019","03","07","22:00","","-20.6","","-23.1","","81","","","","21","","11","","24.1","","98.27","","","","-28","","Snow"
"-77.70","53.63","LA GRANDE RIVIERE A","7093716","2019-03-07 23:00","2019","03","07","23:00","","-20.6","","-23.1","","81","","","","21","","11","","24.1","","98.24","","","","-28","","Snow"
"-77.70","53.63","LA GRANDE RIVIERE A","7093716","2019-03-08 00:00","2019","03","08","00:00","","-20.6","","-23.1","","81","","","","20","","10","","24.1","","98.21","","","","-28","","Snow"
"-77.70","53.63","LA GRANDE RIVIERE A","7093716","2019-03-08 01:00","2019","03","08","01:00","","-19.9","","-22.5","","81","","","","18","","13","","8.1","","98.19","","","","-28","","Snow"
"-77.70","53.63","LA GRANDE RIVIERE A","7093716","2019-03-08 02:00","2019","03","08","02:00","","-19.3","","-21.9","","80","","","","18","","13","","8.1","","98.13","","","","-28","","Snow"
"-77.70","53.63","LA GRANDE RIVIERE A","7093716","2019-03-08 03:00","2019","03","08","03:00","","-19.5","","-22.0","","81","","","","23","","8","","19.3","","98.14","","","","-26","","Snow"
"-77.70","53.63","LA GRANDE RIVIERE A","7093716","2019-03-08 04:00","2019","03","08","04:00","","-19.3","","-21.6","","82","","","","21","","9","","24.1","","98.12","","","","-26","","Snow"
"-77.70","53.63","LA GRANDE RIVIERE A","7093716","2019-03-08 05:00","2019","03","08","05:00","","-20.0","","-22.3","","82","","","","27","","10","","11.3","","98.13","","","","-27","","Snow"
"-77.70","53.63","LA GRANDE RIVIERE A","7093716","2019-03-08 06:00","2019","03","08","06:00","","-19.8","","-22.2","","82","","","","26","","10","","11.3","","98.20","","","","-27","","Snow"
"-77.70","53.63","LA GRANDE RIVIERE A","7093716","2019-03-08 07:00","2019","03","08","07:00","","-20.5","","-23.1","","80","","","","26","","9","","9.7","","98.22","","","","-27","","Snow"
"-77.70","53.63","LA GRANDE RIVIERE A","7093716","2019-03-08 08:00","2019","03","08","08:00","","-20.3","","-22.7","","81","","","","29","","8","","8.1","","98.27","","","","-27","","Snow"
"-77.70","53.63","LA GRANDE RIVIERE A","7093716","2019-03-08 09:00","2019","03","08","09:00","","-19.5","","-22.2","","79","","","","28","","11","","6.4","","98.31","","","","-27","","Snow"
"-77.70","53.63","LA GRANDE RIVIERE A","7093716","2019-03-08 10:00","2019","03","08","10:00","","-18.9","","-21.9","","78","","","","28","","9","","8.1","","98.33","","","","-25","","Ice Crystals"
"-77.70","53.63","LA GRANDE RIVIERE A","7093716","2019-03-08 11:00","2019","03","08","11:00","","-18.3","","-21.7","","75","","","","31","","9","","4.8","","98.37","","","","-25","","Snow"
"-77.70","53.63","LA GRANDE RIVIERE A","7093716","2019-03-08 12:00","2019","03","08","12:00","","-17.9","","-22.8","","66","","","","28","","13","","8.1","","98.44","","","","-26","","Snow"
"-77.70","53.63","LA GRANDE RIVIERE A","7093716","2019-03-08 13:00","2019","03","08","13:00","","-17.6","","-23.1","","63","","","","28","","20","","6.4","","98.49","","","","-27","","Snow"
"-77.70","53.63","LA GRANDE RIVIERE A","7093716","2019-03-08 14:00","2019","03","08","14:00","","-17.9","","-23.4","","63","","","","31","","14","","11.3","","98.59","","","","-26","","Snow"
"-77.70","53.63","LA GRANDE RIVIERE A","7093716","2019-03-08 15:00","2019","03","08","15:00","","-18.5","","-24.6","","59","","","","32","","14","","11.3","","98.71","","","","-27","","Snow,Blowing Snow"
"-77.70","53.63","LA GRANDE RIVIERE A","7093716","2019-03-08 16:00","2019","03","08","16:00","","-19.0","","-25.4","","58","","","","33","","15","","16.1","","98.84","","","","-28","","Blowing Snow"
"-77.70","53.63","LA GRANDE RIVIERE A","7093716","2019-03-08 17:00","2019","03","08","17:00","","-19.9","","-25.7","","61","","","","32","","16","","24.1","","98.99","","","","-29","","Blowing Snow"
"-77.70","53.63","LA GRANDE RIVIERE A","7093716","2019-03-08 18:00","2019","03","08","18:00","","-21.4","","-26.7","","63","","","","33","","9","","24.1","","99.12","","","","-28","","NA"
"-77.70","53.63","LA GRANDE RIVIERE A","7093716","2019-03-08 19:00","2019","03","08","19:00","","-23.1","","-27.5","","68","","","","32","","10","","24.1","","99.25","","","","-31","","Clear"
"-77.70","53.63","LA GRANDE RIVIERE A","7093716","2019-03-08 20:00","2019","03","08","20:00","","-24.4","","-28.2","","71","","","","30","","11","","24.1","","99.38","","","","-33","","NA"
"-77.70","53.63","LA GRANDE RIVIERE A","7093716","2019-03-08 21:00","2019","03","08","21:00","","-25.8","","-29.3","","74","","","","32","","6","","24.1","","99.49","","","","-32","","NA"
"-77.70","53.63","LA GRANDE RIVIERE A","7093716","2019-03-08 22:00","2019","03","08","22:00","","-27.0","","-30.0","","76","","","","30","","5","","24.1","","99.58","","","","-32","","Clear"
"-77.70","53.63","LA GRANDE RIVIERE A","7093716","2019-03-08 23:00","2019","03","08","23:00","","-28.1","","-31.1","","76","","","","28","","6","","24.1","","99.69","","","","-34","","NA"
"-77.70","53.63","LA GRANDE RIVIERE A","7093716","2019-03-09 00:00","2019","03","09","00:00","","-28.9","","-31.7","","77","","","","28","","5","","24.1","","99.79","","","","-34","","NA"
"-77.70","53.63","LA GRANDE RIVIERE A","7093716","2019-03-09 01:00","2019","03","09","01:00","","-28.5","","-31.1","","79","","","","4","","5","","24.1","","99.86","","","","-34","","Clear"
"-77.70","53.63","LA GRANDE RIVIERE A","7093716","2019-03-09 02:00","2019","03","09","02:00","","-29.1","","-31.8","","78","","","","31","","4","","24.1","","99.97","","","","-34","","NA"
"-77.70","53.63","LA GRANDE RIVIERE A","7093716","2019-03-09 03:00","2019","03","09","03:00","","-29.8","","-32.7","","76","","","","4","","4","","24.1","","100.01","","","","-34","","NA"
"-77.70","53.63","LA GRANDE RIVIERE A","7093716","2019-03-09 04:00","2019","03","09","04:00","","-31.1","","-34.2","","75","","","","11","","5","","24.1","","100.13","","","","-37","","Clear"
"-77.70","53.63","LA GRANDE RIVIERE A","7093716","2019-03-09 05:00","2019","03","09","05:00","","-29.0","","-31.8","","77","","","","10","","9","","24.1","","100.20","","","","-37","","NA"
"-77.70","53.63","LA GRANDE RIVIERE A","7093716","2019-03-09 06:00","2019","03","09","06:00","","-30.5","","-33.3","","77","","","","11","","12","","24.1","","100.28","","","","-41","","Ice Crystals"
"-77.70","53.63","LA GRANDE RIVIERE A","7093716","2019-03-09 07:00","2019","03","09","07:00","","-30.2","","-33.2","","76","","","","15","","5","","24.1","","100.45","","","","-36","","Ice Crystals"
"-77.70","53.63","LA GRANDE RIVIERE A","7093716","2019-03-09 08:00","2019","03","09","08:00","","-28.9","","-31.9","","76","","","","12","","9","","24.1","","100.55","","","","-37","","NA"
"-77.70","53.63","LA GRANDE RIVIERE A","7093716","2019-03-09 09:00","2019","03","09","09:00","","-25.9","","-29.0","","76","","","","11","","10","","24.1","","100.60","","","","-34","","NA"
"-77.70","53.63","LA GRANDE RIVIERE A","7093716","2019-03-09 10:00","2019","03","09","10:00","","-23.2","","-26.6","","74","","","","10","","10","","24.1","","100.58","","","","-31","","Cloudy"
"-77.70","53.63","LA GRANDE RIVIERE A","7093716","2019-03-09 11:00","2019","03","09","11:00","","-20.3","","-25.9","","62","","","","20","","15","","24.1","","100.60","","","","-29","","NA"
"-77.70","53.63","LA GRANDE RIVIERE A","7093716","2019-03-09 12:00","2019","03","09","12:00","","-18.5","","-26.7","","49","","","","16","","12","","24.1","","100.56","","","","-26","","NA"
"-77.70","53.63","LA GRANDE RIVIERE A","7093716","2019-03-09 13:00","2019","03","09","13:00","","-17.3","","-27.1","","43","","","","18","","19","","24.1","","100.56","","","","-27","","Cloudy"
"-77.70","53.63","LA GRANDE RIVIERE A","7093716","2019-03-09 14:00","2019","03","09","14:00","","-15.9","","-26.4","","41","","","","15","","17","","24.1","","100.46","","","","-25","","NA"
"-77.70","53.63","LA GRANDE RIVIERE A","7093716","2019-03-09 15:00","2019","03","09","15:00","","-14.8","","-25.6","","40","","","","12","","23","","24.1","","100.40","","","","-25","","NA"
"-77.70","53.63","LA GRANDE RIVIERE A","7093716","2019-03-09 16:00","2019","03","09","16:00","","-14.2","","-25.1","","40","","","","13","","23","","24.1","","100.32","","","","-24","","Mostly Cloudy"
"-77.70","53.63","LA GRANDE RIVIERE A","7093716","2019-03-09 17:00","2019","03","09","17:00","","-14.1","","-25.2","","39","","","","14","","19","","24.1","","100.29","","","","-23","","NA"
"-77.70","53.63","LA GRANDE RIVIERE A","7093716","2019-03-09 18:00","2019","03","09","18:00","","-16.2","","-24.9","","48","","","","12","","17","","24.1","","100.25","","","","-25","","NA"
"-77.70","53.63","LA GRANDE RIVIERE A","7093716","2019-03-09 19:00","2019","03","09","19:00","","-17.8","","-25.4","","52","","","","12","","16","","24.1","","100.33","","","","-27","","Mainly Clear"
"-77.70","53.63","LA GRANDE RIVIERE A","7093716","2019-03-09 20:00","2019","03","09","20:00","","-18.2","","-24.9","","56","","","","12","","23","","24.1","","100.14","","","","-29","","NA"
"-77.70","53.63","LA GRANDE RIVIERE A","7093716","2019-03-09 21:00","2019","03","09","21:00","","-17.1","","-23.9","","56","","","","13","","20","","24.1","","100.14","","","","-27","","NA"
"-77.70","53.63","LA GRANDE RIVIERE A","7093716","2019-03-09 22:00","2019","03","09","22:00","","-16.3","","-23.0","","57","","","","13","","24","","24.1","","100.00","","","","-27","","Mostly Cloudy"
"-77.70","53.63","LA GRANDE RIVIERE A","7093716","2019-03-09 23:00","2019","03","09","23:00","","-15.3","","-22.1","","57","","","","13","","22","","24.1","","99.82","","","","-25","","NA"
"-77.70","53.63","LA GRANDE RIVIERE A","7093716","2019-03-10 00:00","2019","03","10","00:00","","-15.1","","-22.0","","56","","","","14","","22","","24.1","","99.77","","","","-25","","NA"
"-77.70","53.63","LA GRANDE RIVIERE A","7093716","2019-03-10 01:00","2019","03","10","01:00","","-14.4","","-21.5","","56","","","","15","","26","","24.1","","99.72","","","","-25","","Mostly Cloudy"
"-77.70","53.63","LA GRANDE RIVIERE A","7093716","2019-03-10 02:00","2019","03","10","02:00","","-14.5","","-21.4","","57","","","","14","","22","","24.1","","99.71","","","","-24","","NA"
"-77.70","53.63","LA GRANDE RIVIERE A","7093716","2019-03-10 03:00","2019","03","10","03:00","","-15.4","","-22.0","","58","","","","13","","18","","24.1","","99.59","","","","-24","","NA"
"-77.70","53.63","LA GRANDE RIVIERE A","7093716","2019-03-10 04:00","2019","03","10","04:00","","-15.8","","-22.2","","58","","","","12","","16","","24.1","","99.49","","","","-24","","Mainly Clear"
"-77.70","53.63","LA GRANDE RIVIERE A","7093716","2019-03-10 05:00","2019","03","10","05:00","","-15.4","","-22.0","","58","","","","12","","20","","24.1","","99.40","","","","-25","","NA"
"-77.70","53.63","LA GRANDE RIVIERE A","7093716","2019-03-10 06:00","2019","03","10","06:00","","-15.1","","-21.6","","58","","","","12","","23","","24.1","","99.30","","","","-25","","NA"
"-77.70","53.63","LA GRANDE RIVIERE A","7093716","2019-03-10 07:00","2019","03","10","07:00","","-13.7","","-21.6","","52","","","","13","","21","","24.1","","99.26","","","","-23","","Cloudy"
"-77.70","53.63","LA GRANDE RIVIERE A","7093716","2019-03-10 08:00","2019","03","10","08:00","","-14.0","","-21.4","","54","","","","12","","12","","24.1","","99.20","","","","-21","","NA"
"-77.70","53.63","LA GRANDE RIVIERE A","7093716","2019-03-10 09:00","2019","03","10","09:00","","-11.4","","-20.6","","47","","","","12","","18","","24.1","","99.07","","","","-19","","NA"
"-77.70","53.63","LA GRANDE RIVIERE A","7093716","2019-03-10 10:00","2019","03","10","10:00","","-10.4","","-19.2","","49","","","","11","","28","","24.1","","98.90","","","","-20","","Cloudy"
"-77.70","53.63","LA GRANDE RIVIERE A","7093716","2019-03-10 11:00","2019","03","10","11:00","","-9.5","","-19.4","","45","","","","10","","27","","24.1","","98.74","","","","-18","","NA"
"-77.70","53.63","LA GRANDE RIVIERE A","7093716","2019-03-10 12:00","2019","03","10","12:00","","-8.7","","-18.4","","46","","","","10","","24","","24.1","","98.61","","","","-17","","NA"
"-77.70","53.63","LA GRANDE RIVIERE A","7093716","2019-03-10 13:00","2019","03","10","13:00","","-7.6","","-17.4","","46","","","","10","","28","","24.1","","98.45","","","","-16","","Cloudy"
"-77.70","53.63","LA GRANDE RIVIERE A","7093716","2019-03-10 14:00","2019","03","10","14:00","","-7.1","","-16.6","","47","","","","10","","24","","24.1","","98.34","","","","-15","","NA"
"-77.70","53.63","LA GRANDE RIVIERE A","7093716","2019-03-10 15:00","2019","03","10","15:00","","-5.7","","-15.3","","47","","","","10","","22","","24.1","","98.21","","","","-13","","NA"
"-77.70","53.63","LA GRANDE RIVIERE A","7093716","2019-03-10 16:00","2019","03","10","16:00","","-5.7","","-15.2","","47","","","","10","","18","","24.1","","98.14","","","","-12","","Cloudy"
"-77.70","53.63","LA GRANDE RIVIERE A","7093716","2019-03-10 17:00","2019","03","10","17:00","","-5.5","","-15.1","","47","","","","12","","19","","24.1","","98.09","","","","-12","","NA"
"-77.70","53.63","LA GRANDE RIVIERE A","7093716","2019-03-10 18:00","2019","03","10","18:00","","-5.5","","-14.8","","48","","","","13","","17","","24.1","","98.03","","","","-12","","NA"
"-77.70","53.63","LA GRANDE RIVIERE A","7093716","2019-03-10 19:00","2019","03","10","19:00","","-7.3","","-14.1","","59","","","","6","","9","","24.1","","97.99","","","","-12","","Cloudy"
"-77.70","53.63","LA GRANDE RIVIERE A","7093716","2019-03-10 20:00","2019","03","10","20:00","","-8.0","","-14.3","","61","","","","8","","6","","24.1","","97.93","","","","-11","","NA"
"-77.70","53.63","LA GRANDE RIVIERE A","7093716","2019-03-10 21:00","2019","03","10","21:00","","-8.1","","-14.3","","61","","","","8","","5","","24.1","","97.89","","","","-11","","NA"
"-77.70","53.63","LA GRANDE RIVIERE A","7093716","2019-03-10 22:00","2019","03","10","22:00","","-8.0","","-14.3","","61","","","","3","","7","","24.1","","97.81","","","","-12","","Cloudy"
"-77.70","53.63","LA GRANDE RIVIERE A","7093716","2019-03-10 23:00","2019","03","10","23:00","","-8.2","","-13.5","","66","","","","4","","7","","24.1","","97.75","","","","-12","","Snow"
"-77.70","53.63","LA GRANDE RIVIERE A","7093716","2019-03-11 00:00","2019","03","11","00:00","","-8.4","","-10.3","","86","","","","2","","8","","11.3","","97.72","","","","-13","","Snow"
"-77.70","53.63","LA GRANDE RIVIERE A","7093716","2019-03-11 01:00","2019","03","11","01:00","","-8.1","","-10.0","","86","","","","2","","5","","24.1","","97.70","","","","-11","","Snow"
"-77.70","53.63","LA GRANDE RIVIERE A","7093716","2019-03-11 02:00","2019","03","11","02:00","","-7.8","","-9.9","","85","","","","2","","4","","12.9","","97.67","","","","-10","","Snow"
"-77.70","53.63","LA GRANDE RIVIERE A","7093716","2019-03-11 03:00","2019","03","11","03:00","","-7.8","","-10.4","","82","","","","1","","4","","24.1","","97.65","","","","-10","","Snow"
"-77.70","53.63","LA GRANDE RIVIERE A","7093716","2019-03-11 04:00","2019","03","11","04:00","","-8.2","","-10.7","","83","","","","","","0","","24.1","","97.66","","","","","","Snow"
"-77.70","53.63","LA GRANDE RIVIERE A","7093716","2019-03-11 05:00","2019","03","11","05:00","","-8.4","","-12.1","","75","","","","32","","5","","24.1","","97.70","","","","-11","","Snow"
"-77.70","53.63","LA GRANDE RIVIERE A","7093716","2019-03-11 06:00","2019","03","11","06:00","","-9.4","","-13.4","","73","","","","31","","9","","24.1","","97.74","","","","-14","","NA"
"-77.70","53.63","LA GRANDE RIVIERE A","7093716","2019-03-11 07:00","2019","03","11","07:00","","-11.3","","-16.3","","67","","","","30","","8","","24.1","","97.80","","","","-16","","Mostly Cloudy"
"-77.70","53.63","LA GRANDE RIVIERE A","7093716","2019-03-11 08:00","2019","03","11","08:00","","-11.0","","-17.3","","60","","","","30","","11","","24.1","","97.89","","","","-17","","NA"
"-77.70","53.63","LA GRANDE RIVIERE A","7093716","2019-03-11 09:00","2019","03","11","09:00","","-10.1","","-17.1","","57","","","","30","","16","","24.1","","97.95","","","","-17","","NA"
"-77.70","53.63","LA GRANDE RIVIERE A","7093716","2019-03-11 10:00","2019","03","11","10:00","","-8.8","","-16.2","","56","","","","31","","16","","24.1","","98.01","","","","-16","","Cloudy"
"-77.70","53.63","LA GRANDE RIVIERE A","7093716","2019-03-11 11:00","2019","03","11","11:00","","-8.9","","-15.3","","60","","","","30","","18","","24.1","","98.06","","","","-16","","NA"
"-77.70","53.63","LA GRANDE RIVIERE A","7093716","2019-03-11 12:00","2019","03","11","12:00","","-8.7","","-15.4","","59","","","","30","","23","","24.1","","98.13","","","","-17","","NA"
"-77.70","53.63","LA GRANDE RIVIERE A","7093716","2019-03-11 13:00","2019","03","11","13:00","","-8.7","","-15.4","","59","","","","30","","21","","24.1","","98.19","","","","-16","","Cloudy"
"-77.70","53.63","LA GRANDE RIVIERE A","7093716","2019-03-11 14:00","2019","03","11","14:00","","-8.7","","-15.6","","58","","","","32","","21","","24.1","","98.25","","","","-16","","NA"
"-77.70","53.63","LA GRANDE RIVIERE A","7093716","2019-03-11 15:00","2019","03","11","15:00","","-9.6","","-15.1","","65","","","","29","","26","","24.1","","98.35","","","","-18","","NA"
"-77.70","53.63","LA GRANDE RIVIERE A","7093716","2019-03-11 16:00","2019","03","11","16:00","","-9.7","","-15.2","","64","","","","29","","19","","24.1","","98.44","","","","-17","","Cloudy"
"-77.70","53.63","LA GRANDE RIVIERE A","7093716","2019-03-11 17:00","2019","03","11","17:00","","-11.3","","-16.2","","68","","","","30","","23","","24.1","","98.57","","","","-20","","NA"
"-77.70","53.63","LA GRANDE RIVIERE A","7093716","2019-03-11 18:00","2019","03","11","18:00","","-13.1","","-16.7","","74","","","","29","","16","","24.1","","98.66","","","","-21","","Snow"
"-77.70","53.63","LA GRANDE RIVIERE A","7093716","2019-03-11 19:00","2019","03","11","19:00","","-15.3","","-18.1","","80","","","","29","","25","","24.1","","98.74","","","","-26","","Snow"
"-77.70","53.63","LA GRANDE RIVIERE A","7093716","2019-03-11 20:00","2019","03","11","20:00","","-16.9","","-19.0","","84","","","","27","","16","","24.1","","98.84","","","","-26","","Ice Crystals"
"-77.70","53.63","LA GRANDE RIVIERE A","7093716","2019-03-11 21:00","2019","03","11","21:00","","-16.6","","-18.7","","84","","","","29","","15","","11.3","","98.88","","","","-25","","Ice Crystals"
"-77.70","53.63","LA GRANDE RIVIERE A","7093716","2019-03-11 22:00","2019","03","11","22:00","","-16.9","","-19.1","","83","","","","30","","24","","11.3","","98.95","","","","-27","","Ice Crystals"
"-77.70","53.63","LA GRANDE RIVIERE A","7093716","2019-03-11 23:00","2019","03","11","23:00","","-17.0","","-19.1","","84","","","","29","","18","","24.1","","98.98","","","","-26","","Ice Crystals"
"-77.70","53.63","LA GRANDE RIVIERE A","7093716","2019-03-12 00:00","2019","03","12","00:00","","-17.6","","-19.6","","84","","","","29","","19","","19.3","","99.02","","","","-27","","Ice Crystals"
"-77.70","53.63","LA GRANDE RIVIERE A","7093716","2019-03-12 01:00","2019","03","12","01:00","","-17.9","","-20.1","","83","","","","27","","19","","24.1","","99.06","","","","-28","","Ice Crystals"
"-77.70","53.63","LA GRANDE RIVIERE A","7093716","2019-03-12 02:00","2019","03","12","02:00","","-18.4","","-20.7","","83","","","","26","","13","","11.3","","99.04","","","","-26","","Ice Crystals"
"-77.70","53.63","LA GRANDE RIVIERE A","7093716","2019-03-12 03:00","2019","03","12","03:00","","-18.9","","-21.2","","82","","","","25","","14","","12.9","","99.07","","","","-27","","Ice Crystals"
"-77.70","53.63","LA GRANDE RIVIERE A","7093716","2019-03-12 04:00","2019","03","12","04:00","","-19.5","","-21.9","","81","","","","25","","13","","12.9","","99.13","","","","-28","","Ice Crystals"
"-77.70","53.63","LA GRANDE RIVIERE A","7093716","2019-03-12 05:00","2019","03","12","05:00","","-20.0","","-22.6","","81","","","","24","","15","","12.9","","99.12","","","","-29","","Ice Crystals"
"-77.70","53.63","LA GRANDE RIVIERE A","7093716","2019-03-12 06:00","2019","03","12","06:00","","-19.6","","-22.1","","81","","","","24","","15","","6.4","","99.12","","","","-29","","Fog"
"-77.70","53.63","LA GRANDE RIVIERE A","7093716","2019-03-12 07:00","2019","03","12","07:00","","-19.4","","-21.9","","81","","","","22","","15","","4.8","","99.12","","","","-28","","Fog"
"-77.70","53.63","LA GRANDE RIVIERE A","7093716","2019-03-12 08:00","2019","03","12","08:00","","-19.0","","-21.6","","81","","","","18","","17","","4.8","","99.11","","","","-28","","Fog"
"-77.70","53.63","LA GRANDE RIVIERE A","7093716","2019-03-12 09:00","2019","03","12","09:00","","-17.9","","-20.4","","81","","","","20","","12","","16.1","","99.12","","","","-25","","NA"
"-77.70","53.63","LA GRANDE RIVIERE A","7093716","2019-03-12 10:00","2019","03","12","10:00","","-16.9","","-19.3","","82","","","","18","","16","","24.1","","99.08","","","","-26","","Cloudy"
"-77.70","53.63","LA GRANDE RIVIERE A","7093716","2019-03-12 11:00","2019","03","12","11:00","","-15.4","","-17.6","","83","","","","18","","22","","24.1","","98.97","","","","-25","","NA"
"-77.70","53.63","LA GRANDE RIVIERE A","7093716","2019-03-12 12:00","2019","03","12","12:00","","-14.3","","-16.4","","84","","","","17","","23","","24.1","","98.91","","","","-24","","NA"
"-77.70","53.63","LA GRANDE RIVIERE A","7093716","2019-03-12 13:00","2019","03","12","13:00","","-12.7","","-14.6","","86","","","","17","","22","","24.1","","98.78","","","","-22","","Cloudy"
"-77.70","53.63","LA GRANDE RIVIERE A","7093716","2019-03-12 14:00","2019","03","12","14:00","","-11.7","","-13.8","","84","","","","17","","25","","24.1","","98.73","","","","-21","","NA"
"-77.70","53.63","LA GRANDE RIVIERE A","7093716","2019-03-12 15:00","2019","03","12","15:00","","-9.2","","-15.9","","59","","","","18","","25","","24.1","","98.63","","","","-18","","NA"
"-77.70","53.63","LA GRANDE RIVIERE A","7093716","2019-03-12 16:00","2019","03","12","16:00","","-8.4","","-15.5","","57","","","","18","","23","","24.1","","98.62","","","","-16","","Mostly Cloudy"
"-77.70","53.63","LA GRANDE RIVIERE A","7093716","2019-03-12 17:00","2019","03","12","17:00","","-8.8","","-15.5","","59","","","","18","","22","","24.1","","98.58","","","","-17","","NA"
"-77.70","53.63","LA GRANDE RIVIERE A","7093716","2019-03-12 18:00","2019","03","12","18:00","","-9.7","","-15.4","","64","","","","17","","16","","24.1","","98.56","","","","-17","","NA"
"-77.70","53.63","LA GRANDE RIVIERE A","7093716","2019-03-12 19:00","2019","03","12","19:00","","-9.7","","-15.0","","65","","","","15","","19","","24.1","","98.56","","","","-17","","Mostly Cloudy"
"-77.70","53.63","LA GRANDE RIVIERE A","7093716","2019-03-12 20:00","2019","03","12","20:00","","-10.3","","-15.2","","68","","","","14","","17","","24.1","","98.50","","","","-18","","NA"
"-77.70","53.63","LA GRANDE RIVIERE A","7093716","2019-03-12 21:00","2019","03","12","21:00","","-10.4","","-14.9","","69","","","","14","","18","","24.1","","98.42","","","","-18","","NA"
"-77.70","53.63","LA GRANDE RIVIERE A","7093716","2019-03-12 22:00","2019","03","12","22:00","","-11.2","","-15.2","","73","","","","13","","18","","24.1","","98.37","","","","-19","","Mainly Clear"
"-77.70","53.63","LA GRANDE RIVIERE A","7093716","2019-03-12 23:00","2019","03","12","23:00","","-9.4","","-13.5","","72","","","","16","","17","","24.1","","98.33","","","","-16","","NA"
"-77.70","53.63","LA GRANDE RIVIERE A","7093716","2019-03-13 00:00","2019","03","13","00:00","","-8.8","","-13.1","","72","","","","15","","18","","24.1","","98.31","","","","-16","","NA"
"-77.70","53.63","LA GRANDE RIVIERE A","7093716","2019-03-13 01:00","2019","03","13","01:00","","-7.8","","-12.1","","72","","","","15","","18","","24.1","","98.32","","","","-15","","Cloudy"
"-77.70","53.63","LA GRANDE RIVIERE A","7093716","2019-03-13 02:00","2019","03","13","02:00","","-7.5","","-11.5","","73","","","","16","","17","","24.1","","98.32","","","","-14","","NA"
"-77.70","53.63","LA GRANDE RIVIERE A","7093716","2019-03-13 03:00","2019","03","13","03:00","","-7.2","","-11.0","","75","","","","16","","13","","24.1","","98.28","","","","-13","","NA"
"-77.70","53.63","LA GRANDE RIVIERE A","7093716","2019-03-13 04:00","2019","03","13","04:00","","-6.9","","-10.5","","76","","","","14","","13","","24.1","","98.27","","","","-12","","Cloudy"
"-77.70","53.63","LA GRANDE RIVIERE A","7093716","2019-03-13 05:00","2019","03","13","05:00","","-9.2","","-11.9","","81","","","","6","","7","","24.1","","98.29","","","","-13","","NA"
"-77.70","53.63","LA GRANDE RIVIERE A","7093716","2019-03-13 06:00","2019","03","13","06:00","","-8.3","","-11.1","","81","","","","13","","15","","24.1","","98.30","","","","-15","","NA"
"-77.70","53.63","LA GRANDE RIVIERE A","7093716","2019-03-13 07:00","2019","03","13","07:00","","-8.7","","-11.3","","82","","","","11","","12","","24.1","","98.32","","","","-14","","Cloudy"
"-77.70","53.63","LA GRANDE RIVIERE A","7093716","2019-03-13 08:00","2019","03","13","08:00","","-7.0","","-9.9","","79","","","","14","","5","","24.1","","98.36","","","","-10","","NA"
"-77.70","53.63","LA GRANDE RIVIERE A","7093716","2019-03-13 09:00","2019","03","13","09:00","","-1.8","","-5.8","","74","","","","19","","12","","24.1","","98.38","","","","-6","","NA"
"-77.70","53.63","LA GRANDE RIVIERE A","7093716","2019-03-13 10:00","2019","03","13","10:00","","0.0","","-4.7","","71","","","","22","","18","","24.1","","98.45","","","","-5","","Cloudy"
"-77.70","53.63","LA GRANDE RIVIERE A","7093716","2019-03-13 11:00","2019","03","13","11:00","","1.0","","-3.0","","75","","","","20","","16","","24.1","","98.46","","","","","","NA"
"-77.70","53.63","LA GRANDE RIVIERE A","7093716","2019-03-13 12:00","2019","03","13","12:00","","1.9","","-3.1","","70","","","","21","","16","","24.1","","98.46","","","","","","NA"
"-77.70","53.63","LA GRANDE RIVIERE A","7093716","2019-03-13 13:00","2019","03","13","13:00","","2.8","","-3.6","","63","","","","20","","17","","24.1","","98.49","","","","","","Cloudy"
"-77.70","53.63","LA GRANDE RIVIERE A","7093716","2019-03-13 14:00","2019","03","13","14:00","","3.3","","-3.9","","59","","","","20","","17","","24.1","","98.54","","","","","","NA"
"-77.70","53.63","LA GRANDE RIVIERE A","7093716","2019-03-13 15:00","2019","03","13","15:00","","3.4","","-3.7","","60","","","","19","","13","","24.1","","98.60","","","","","","NA"
"-77.70","53.63","LA GRANDE RIVIERE A","7093716","2019-03-13 16:00","2019","03","13","16:00","","3.3","","-3.6","","60","","","","19","","14","","24.1","","98.64","","","","","","Cloudy"
"-77.70","53.63","LA GRANDE RIVIERE A","7093716","2019-03-13 17:00","2019","03","13","17:00","","3.3","","-3.4","","61","","","","21","","8","","24.1","","98.74","","","","","","NA"
"-77.70","53.63","LA GRANDE RIVIERE A","7093716","2019-03-13 18:00","2019","03","13","18:00","","3.0","","-3.4","","63","","","","20","","5","","24.1","","98.86","","","","","","NA"
"-77.70","53.63","LA GRANDE RIVIERE A","7093716","2019-03-13 19:00","2019","03","13","19:00","","0.8","","-2.7","","78","","","","14","","5","","24.1","","98.92","","","","","","Mostly Cloudy"
"-77.70","53.63","LA GRANDE RIVIERE A","7093716","2019-03-13 20:00","2019","03","13","20:00","","0.9","","-3.3","","74","","","","13","","8","","24.1","","98.92","","","","","","NA"
"-77.70","53.63","LA GRANDE RIVIERE A","7093716","2019-03-13 21:00","2019","03","13","21:00","","1.0","","-2.8","","76","","","","18","","11","","24.1","","98.96","","","","","","NA"
"-77.70","53.63","LA GRANDE RIVIERE A","7093716","2019-03-13 22:00","2019","03","13","22:00","","1.0","","-2.3","","79","","","","17","","9","","24.1","","98.99","","","","","","Cloudy"
"-77.70","53.63","LA GRANDE RIVIERE A","7093716","2019-03-13 23:00","2019","03","13","23:00","","0.9","","-1.9","","82","","","","18","","10","","24.1","","99.04","","","","","","NA"
"-77.70","53.63","LA GRANDE RIVIERE A","7093716","2019-03-14 00:00","2019","03","14","00:00","","0.8","","-1.5","","85","","","","15","","9","","24.1","","99.05","","","","","","NA"
"-77.70","53.63","LA GRANDE RIVIERE A","7093716","2019-03-14 01:00","2019","03","14","01:00","","0.8","","-1.3","","86","","","","16","","12","","24.1","","99.05","","","","","","Cloudy"
"-77.70","53.63","LA GRANDE RIVIERE A","7093716","2019-03-14 02:00","2019","03","14","02:00","","0.6","","-1.3","","88","","","","13","","9","","24.1","","99.06","","","","","","NA"
"-77.70","53.63","LA GRANDE RIVIERE A","7093716","2019-03-14 03:00","2019","03","14","03:00","","0.8","","-0.9","","88","","","","16","","10","","24.1","","99.06","","","","","","NA"
"-77.70","53.63","LA GRANDE RIVIERE A","7093716","2019-03-14 04:00","2019","03","14","04:00","","0.7","","-0.9","","89","","","","13","","12","","24.1","","99.00","","","","","","Cloudy"
"-77.70","53.63","LA GRANDE RIVIERE A","7093716","2019-03-14 05:00","2019","03","14","05:00","","0.8","","-0.6","","91","","","","15","","11","","24.1","","99.02","","","","","","NA"
"-77.70","53.63","LA GRANDE RIVIERE A","7093716","2019-03-14 06:00","2019","03","14","06:00","","0.8","","-0.6","","90","","","","13","","11","","24.1","","99.04","","","","","","NA"
"-77.70","53.63","LA GRANDE RIVIERE A","7093716","2019-03-14 07:00","2019","03","14","07:00","","0.8","","-0.4","","91","","","","13","","13","","19.3","","99.01","","","","","","Cloudy"
"-77.70","53.63","LA GRANDE RIVIERE A","7093716","2019-03-14 08:00","2019","03","14","08:00","","1.1","","-0.1","","92","","","","13","","14","","16.1","","98.96","","","","","","NA"
"-77.70","53.63","LA GRANDE RIVIERE A","7093716","2019-03-14 09:00","2019","03","14","09:00","","1.5","","0.1","","90","","","","13","","17","","12.9","","98.91","","","","","","NA"
"-77.70","53.63","LA GRANDE RIVIERE A","7093716","2019-03-14 10:00","2019","03","14","10:00","","1.4","","0.3","","92","","","","13","","18","","16.1","","98.83","","","","","","Cloudy"
"-77.70","53.63","LA GRANDE RIVIERE A","7093716","2019-03-14 11:00","2019","03","14","11:00","","1.6","","0.4","","92","","","","13","","21","","12.9","","98.76","","","","","","NA"
"-77.70","53.63","LA GRANDE RIVIERE A","7093716","2019-03-14 12:00","2019","03","14","12:00","","1.6","","0.5","","92","","","","12","","21","","12.9","","98.63","","","","","","NA"
"-77.70","53.63","LA GRANDE RIVIERE A","7093716","2019-03-14 13:00","2019","03","14","13:00","","1.5","","0.5","","93","","","","12","","17","","8.1","","98.52","","","","","","Rain"
"-77.70","53.63","LA GRANDE RIVIERE A","7093716","2019-03-14 14:00","2019","03","14","14:00","","1.4","","0.2","","92","","","","11","","24","","6.4","","98.37","","","","","","Rain"
"-77.70","53.63","LA GRANDE RIVIERE A","7093716","2019-03-14 15:00","2019","03","14","15:00","","0.5","","-0.3","","95","","","","9","","16","","2.0","","98.26","","","","","","Rain,Snow"
"-77.70","53.63","LA GRANDE RIVIERE A","7093716","2019-03-14 16:00","2019","03","14","16:00","","0.3","","-0.3","","95","","","","9","","23","","2.0","","98.03","","","","","","Snow"
"-77.70","53.63","LA GRANDE RIVIERE A","7093716","2019-03-14 17:00","2019","03","14","17:00","","0.2","","-0.4","","96","","","","9","","28","","2.0","","97.84","","","","","","Snow"
"-77.70","53.63","LA GRANDE RIVIERE A","7093716","2019-03-14 18:00","2019","03","14","18:00","","0.3","","-0.3","","96","","","","10","","31","","2.8","","97.67","","","","","","Snow"
"-77.70","53.63","LA GRANDE RIVIERE A","7093716","2019-03-14 19:00","2019","03","14","19:00","","0.6","","-0.2","","95","","","","12","","25","","11.3","","97.57","","","","","","Moderate Rain"
"-77.70","53.63","LA GRANDE RIVIERE A","7093716","2019-03-14 20:00","2019","03","14","20:00","","0.7","","-0.1","","94","","","","12","","28","","4.8","","97.41","","","","","","Rain,Snow"
"-77.70","53.63","LA GRANDE RIVIERE A","7093716","2019-03-14 21:00","2019","03","14","21:00","","1.0","","0.3","","95","","","","13","","23","","4.8","","97.31","","","","","","Drizzle,Fog"
"-77.70","53.63","LA GRANDE RIVIERE A","7093716","2019-03-14 22:00","2019","03","14","22:00","","1.4","","0.8","","96","","","","14","","21","","6.4","","97.15","","","","","","Drizzle,Fog"
"-77.70","53.63","LA GRANDE RIVIERE A","7093716","2019-03-14 23:00","2019","03","14","23:00","","1.7","","1.1","","96","","","","14","","25","","4.8","","97.01","","","","","","Drizzle,Fog"
"-77.70","53.63","LA GRANDE RIVIERE A","7093716","2019-03-15 00:00","2019","03","15","00:00","","1.8","","1.2","","96","","","","14","","18","","4.8","","96.89","","","","","","Drizzle,Fog"
"-77.70","53.63","LA GRANDE RIVIERE A","7093716","2019-03-15 01:00","2019","03","15","01:00","","2.0","","1.4","","96","","","","14","","20","","4.8","","96.78","","","","","","Drizzle,Fog"
"-77.70","53.63","LA GRANDE RIVIERE A","7093716","2019-03-15 02:00","2019","03","15","02:00","","2.0","","1.4","","96","","","","14","","21","","11.3","","96.68","","","","","","Moderate Rain"
"-77.70","53.63","LA GRANDE RIVIERE A","7093716","2019-03-15 03:00","2019","03","15","03:00","","2.0","","1.4","","96","","","","14","","16","","4.8","","96.54","","","","","","Rain,Fog"
"-77.70","53.63","LA GRANDE RIVIERE A","7093716","2019-03-15 04:00","2019","03","15","04:00","","2.0","","1.5","","97","","","","13","","12","","3.2","","96.42","","","","","","Rain,Fog"
"-77.70","53.63","LA GRANDE RIVIERE A","7093716","2019-03-15 05:00","2019","03","15","05:00","","1.9","","1.4","","97","","","","12","","10","","4.8","","96.34","","","","","","Moderate Rain,Fog"
"-77.70","53.63","LA GRANDE RIVIERE A","7093716","2019-03-15 06:00","2019","03","15","06:00","","1.7","","1.2","","97","","","","13","","10","","6.4","","96.24","","","","","","Rain,Fog"
"-77.70","53.63","LA GRANDE RIVIERE A","7093716","2019-03-15 07:00","2019","03","15","07:00","","1.2","","0.8","","97","","","","11","","6","","0.8","","96.17","","","","","","Drizzle,Fog"
"-77.70","53.63","LA GRANDE RIVIERE A","7093716","2019-03-15 08:00","2019","03","15","08:00","","1.1","","0.7","","97","","","","11","","8","","0.6","","96.11","","","","","","Drizzle,Fog"
"-77.70","53.63","LA GRANDE RIVIERE A","7093716","2019-03-15 09:00","2019","03","15","09:00","","1.3","","0.9","","97","","","","9","","4","","1.6","","96.05","","","","","","Drizzle,Fog"
"-77.70","53.63","LA GRANDE RIVIERE A","7093716","2019-03-15 10:00","2019","03","15","10:00","","1.7","","1.2","","97","","","","27","","4","","1.6","","96.02","","","","","","Rain,Fog"
"-77.70","53.63","LA GRANDE RIVIERE A","7093716","2019-03-15 11:00","2019","03","15","11:00","","1.9","","1.5","","97","","","","29","","11","","4.0","","96.00","","","","","","Rain,Fog"
"-77.70","53.63","LA GRANDE RIVIERE A","7093716","2019-03-15 12:00","2019","03","15","12:00","","2.1","","1.6","","96","","","","31","","17","","8.1","","96.03","","","","","","Rain,Fog"
"-77.70","53.63","LA GRANDE RIVIERE A","7093716","2019-03-15 13:00","2019","03","15","13:00","","0.0","","-0.8","","94","","","","31","","24","","2.4","","96.10","","","","-6","","Rain,Snow"
"-77.70","53.63","LA GRANDE RIVIERE A","7093716","2019-03-15 14:00","2019","03","15","14:00","","-3.5","","-4.8","","90","","","","30","","28","","3.2","","96.26","","","","-11","","Snow"
"-77.70","53.63","LA GRANDE RIVIERE A","7093716","2019-03-15 15:00","2019","03","15","15:00","","-5.7","","-7.7","","86","","","","31","","30","","2.4","","96.44","","","","-14","","Snow"
"-77.70","53.63","LA GRANDE RIVIERE A","7093716","2019-03-15 16:00","2019","03","15","16:00","","-6.9","","-9.2","","83","","","","31","","25","","6.4","","96.58","","","","-15","","Snow"
"-77.70","53.63","LA GRANDE RIVIERE A","7093716","2019-03-15 17:00","2019","03","15","17:00","","-8.4","","-10.9","","83","","","","31","","27","","4.8","","96.80","","","","-17","","Snow"
"-77.70","53.63","LA GRANDE RIVIERE A","7093716","2019-03-15 18:00","2019","03","15","18:00","","-10.0","","-12.4","","82","","","","32","","24","","2.4","","96.96","","","","-19","","Snow"
"-77.70","53.63","LA GRANDE RIVIERE A","7093716","2019-03-15 19:00","2019","03","15","19:00","","-10.7","","-13.5","","80","","","","31","","28","","2.4","","97.11","","","","-20","","Snow,Blowing Snow"
"-77.70","53.63","LA GRANDE RIVIERE A","7093716","2019-03-15 20:00","2019","03","15","20:00","","-11.5","","-13.8","","83","","","","30","","32","","1.6","","97.28","","","","-22","","Snow,Blowing Snow"
"-77.70","53.63","LA GRANDE RIVIERE A","7093716","2019-03-15 21:00","2019","03","15","21:00","","-12.0","","-14.6","","81","","","","30","","25","","2.0","","97.36","","","","-21","","Snow,Blowing Snow"
"-77.70","53.63","LA GRANDE RIVIERE A","7093716","2019-03-15 22:00","2019","03","15","22:00","","-13.4","","-15.8","","83","","","","30","","28","","2.4","","97.46","","","","-24","","Snow,Blowing Snow"
"-77.70","53.63","LA GRANDE RIVIERE A","7093716","2019-03-15 23:00","2019","03","15","23:00","","-14.3","","-16.6","","83","","","","30","","21","","9.7","","97.53","","","","-24","","Snow,Blowing Snow"
"-77.70","53.63","LA GRANDE RIVIERE A","7093716","2019-03-16 00:00","2019","03","16","00:00","","-14.9","","-17.1","","83","","","","30","","30","","11.3","","97.59","","","","-26","","Snow,Blowing Snow"
"-77.70","53.63","LA GRANDE RIVIERE A","7093716","2019-03-16 01:00","2019","03","16","01:00","","-15.5","","-17.8","","83","","","","30","","20","","12.9","","97.69","","","","-25","","Snow,Blowing Snow"
"-77.70","53.63","LA GRANDE RIVIERE A","7093716","2019-03-16 02:00","2019","03","16","02:00","","-16.0","","-18.4","","82","","","","28","","35","","9.7","","97.75","","","","-28","","Snow,Blowing Snow"
"-77.70","53.63","LA GRANDE RIVIERE A","7093716","2019-03-16 03:00","2019","03","16","03:00","","-16.6","","-19.1","","81","","","","29","","28","","9.7","","97.78","","","","-28","","Snow,Blowing Snow"
"-77.70","53.63","LA GRANDE RIVIERE A","7093716","2019-03-16 04:00","2019","03","16","04:00","","-16.9","","-19.3","","82","","","","29","","30","","9.7","","97.86","","","","-29","","Snow,Blowing Snow"
"-77.70","53.63","LA GRANDE RIVIERE A","7093716","2019-03-16 05:00","2019","03","16","05:00","","-17.2","","-19.6","","82","","","","29","","27","","16.1","","97.92","","","","-28","","Snow,Blowing Snow"
"-77.70","53.63","LA GRANDE RIVIERE A","7093716","2019-03-16 06:00","2019","03","16","06:00","","-17.4","","-19.8","","82","","","","28","","31","","9.7","","97.99","","","","-29","","Snow,Blowing Snow"
"-77.70","53.63","LA GRANDE RIVIERE A","7093716","2019-03-16 07:00","2019","03","16","07:00","","-18.0","","-20.6","","81","","","","29","","34","","4.8","","98.03","","","","-31","","Snow,Blowing Snow"
"-77.70","53.63","LA GRANDE RIVIERE A","7093716","2019-03-16 08:00","2019","03","16","08:00","","-18.1","","-20.9","","79","","","","28","","36","","3.2","","98.08","","","","-31","","Snow,Blowing Snow"
"-77.70","53.63","LA GRANDE RIVIERE A","7093716","2019-03-16 09:00","2019","03","16","09:00","","-18.0","","-21.0","","78","","","","28","","36","","2.4","","98.13","","","","-31","","Snow,Blowing Snow"
"-77.70","53.63","LA GRANDE RIVIERE A","7093716","2019-03-16 10:00","2019","03","16","10:00","","-18.0","","-21.2","","77","","","","28","","32","","4.0","","98.17","","","","-30","","Snow,Blowing Snow"
"-77.70","53.63","LA GRANDE RIVIERE A","7093716","2019-03-16 11:00","2019","03","16","11:00","","-17.2","","-20.7","","75","","","","27","","36","","4.0","","98.19","","","","-30","","Snow,Blowing Snow"
"-77.70","53.63","LA GRANDE RIVIERE A","7093716","2019-03-16 12:00","2019","03","16","12:00","","-16.8","","-20.5","","74","","","","26","","34","","4.0","","98.24","","","","-29","","Snow,Blowing Snow"
"-77.70","53.63","LA GRANDE RIVIERE A","7093716","2019-03-16 13:00","2019","03","16","13:00","","-17.1","","-20.8","","73","","","","27","","37","","4.0","","98.28","","","","-30","","Snow,Blowing Snow"
"-77.70","53.63","LA GRANDE RIVIERE A","7093716","2019-03-16 14:00","2019","03","16","14:00","","-16.9","","-20.7","","73","","","","27","","34","","4.8","","98.31","","","","-29","","Snow,Blowing Snow"
"-77.70","53.63","LA GRANDE RIVIERE A","7093716","2019-03-16 15:00","2019","03","16","15:00","","-17.1","","-20.9","","73","","","","27","","36","","4.8","","98.34","","","","-30","","Snow,Blowing Snow"
"-77.70","53.63","LA GRANDE RIVIERE A","7093716","2019-03-16 16:00","2019","03","16","16:00","","-17.7","","-21.4","","73","","","","27","","41","","4.0","","98.39","","","","-31","","Snow,Blowing Snow"
"-77.70","53.63","LA GRANDE RIVIERE A","7093716","2019-03-16 17:00","2019","03","16","17:00","","-18.1","","-21.9","","73","","","","27","","37","","6.4","","98.45","","","","-31","","Snow,Blowing Snow"
"-77.70","53.63","LA GRANDE RIVIERE A","7093716","2019-03-16 18:00","2019","03","16","18:00","","-18.5","","-21.7","","76","","","","28","","35","","4.8","","98.50","","","","-31","","Snow,Blowing Snow"
"-77.70","53.63","LA GRANDE RIVIERE A","7093716","2019-03-16 19:00","2019","03","16","19:00","","-19.0","","-22.3","","76","","","","28","","31","","9.7","","98.55","","","","-31","","Snow,Blowing Snow"
"-77.70","53.63","LA GRANDE RIVIERE A","7093716","2019-03-16 20:00","2019","03","16","20:00","","-19.2","","-22.4","","76","","","","27","","28","","9.7","","98.55","","","","-31","","Snow,Blowing Snow"
"-77.70","53.63","LA GRANDE RIVIERE A","7093716","2019-03-16 21:00","2019","03","16","21:00","","-19.9","","-23.0","","77","","","","27","","23","","24.1","","98.53","","","","-31","","Snow"
"-77.70","53.63","LA GRANDE RIVIERE A","7093716","2019-03-16 22:00","2019","03","16","22:00","","-19.7","","-22.7","","77","","","","26","","22","","24.1","","98.48","","","","-31","","Snow"
"-77.70","53.63","LA GRANDE RIVIERE A","7093716","2019-03-16 23:00","2019","03","16","23:00","","-19.5","","-22.4","","78","","","","26","","23","","16.1","","98.43","","","","-31","","Snow"
"-77.70","53.63","LA GRANDE RIVIERE A","7093716","2019-03-17 00:00","2019","03","17","00:00","","-19.1","","-22.0","","78","","","","27","","23","","9.7","","98.42","","","","-30","","Snow"
"-77.70","53.63","LA GRANDE RIVIERE A","7093716","2019-03-17 01:00","2019","03","17","01:00","","-18.5","","-21.4","","78","","","","27","","28","","3.2","","98.41","","","","-30","","Snow"
"-77.70","53.63","LA GRANDE RIVIERE A","7093716","2019-03-17 02:00","2019","03","17","02:00","","-18.7","","-21.8","","77","","","","27","","29","","9.7","","98.41","","","","-31","","Snow"
"-77.70","53.63","LA GRANDE RIVIERE A","7093716","2019-03-17 03:00","2019","03","17","03:00","","-18.6","","-21.6","","78","","","","28","","32","","4.8","","98.38","","","","-31","","Snow"
"-77.70","53.63","LA GRANDE RIVIERE A","7093716","2019-03-17 04:00","2019","03","17","04:00","","-18.6","","-21.3","","79","","","","28","","30","","2.0","","98.38","","","","-31","","Snow"
"-77.70","53.63","LA GRANDE RIVIERE A","7093716","2019-03-17 05:00","2019","03","17","05:00","","-18.6","","-21.5","","78","","","","28","","31","","1.6","","98.42","","","","-31","","Snow,Blowing Snow"
"-77.70","53.63","LA GRANDE RIVIERE A","7093716","2019-03-17 06:00","2019","03","17","06:00","","-18.7","","-21.5","","79","","","","28","","31","","2.0","","98.45","","","","-31","","Snow,Blowing Snow"
"-77.70","53.63","LA GRANDE RIVIERE A","7093716","2019-03-17 07:00","2019","03","17","07:00","","-18.7","","-21.6","","78","","","","28","","26","","2.0","","98.49","","","","-30","","Snow,Blowing Snow"
"-77.70","53.63","LA GRANDE RIVIERE A","7093716","2019-03-17 08:00","2019","03","17","08:00","","-18.5","","-21.5","","78","","","","28","","33","","2.0","","98.55","","","","-31","","Snow,Blowing Snow"
"-77.70","53.63","LA GRANDE RIVIERE A","7093716","2019-03-17 09:00","2019","03","17","09:00","","-17.9","","-21.3","","75","","","","28","","31","","2.4","","98.60","","","","-30","","Snow,Blowing Snow"
"-77.70","53.63","LA GRANDE RIVIERE A","7093716","2019-03-17 10:00","2019","03","17","10:00","","-17.3","","-20.8","","75","","","","28","","34","","3.2","","98.64","","","","-30","","Snow,Blowing Snow"
"-77.70","53.63","LA GRANDE RIVIERE A","7093716","2019-03-17 11:00","2019","03","17","11:00","","-16.3","","-20.1","","73","","","","29","","33","","2.4","","98.68","","","","-28","","Snow,Blowing Snow"
"-77.70","53.63","LA GRANDE RIVIERE A","7093716","2019-03-17 12:00","2019","03","17","12:00","","-15.3","","-19.1","","73","","","","29","","27","","6.4","","98.75","","","","-26","","Snow,Blowing Snow"
"-77.70","53.63","LA GRANDE RIVIERE A","7093716","2019-03-17 13:00","2019","03","17","13:00","","-14.9","","-19.2","","71","","","","29","","30","","4.8","","98.81","","","","-26","","Snow,Blowing Snow"
"-77.70","53.63","LA GRANDE RIVIERE A","7093716","2019-03-17 14:00","2019","03","17","14:00","","-14.4","","-18.5","","71","","","","29","","31","","4.8","","98.87","","","","-25","","Snow,Blowing Snow"
"-77.70","53.63","LA GRANDE RIVIERE A","7093716","2019-03-17 15:00","2019","03","17","15:00","","-14.4","","-18.4","","72","","","","29","","31","","4.0","","98.93","","","","-25","","Snow,Blowing Snow"
"-77.70","53.63","LA GRANDE RIVIERE A","7093716","2019-03-17 16:00","2019","03","17","16:00","","-14.7","","-18.4","","74","","","","29","","24","","4.0","","99.01","","","","-25","","Snow,Blowing Snow"
"-77.70","53.63","LA GRANDE RIVIERE A","7093716","2019-03-17 17:00","2019","03","17","17:00","","-15.3","","-18.9","","74","","","","29","","25","","4.8","","99.09","","","","-26","","Snow,Blowing Snow"
"-77.70","53.63","LA GRANDE RIVIERE A","7093716","2019-03-17 18:00","2019","03","17","18:00","","-16.2","","-19.1","","79","","","","30","","22","","12.9","","99.20","","","","-26","","Snow,Blowing Snow"
"-77.70","53.63","LA GRANDE RIVIERE A","7093716","2019-03-17 19:00","2019","03","17","19:00","","-16.6","","-19.1","","81","","","","30","","21","","24.1","","99.27","","","","-26","","Snow,Blowing Snow"
"-77.70","53.63","LA GRANDE RIVIERE A","7093716","2019-03-17 20:00","2019","03","17","20:00","","-16.9","","-19.3","","82","","","","30","","17","","16.1","","99.32","","","","-26","","Snow,Blowing Snow"
"-77.70","53.63","LA GRANDE RIVIERE A","7093716","2019-03-17 21:00","2019","03","17","21:00","","-17.4","","-19.7","","83","","","","30","","19","","16.1","","99.35","","","","-27","","Snow,Blowing Snow"
"-77.70","53.63","LA GRANDE RIVIERE A","7093716","2019-03-17 22:00","2019","03","17","22:00","","-17.8","","-20.0","","83","","","","30","","19","","19.3","","99.36","","","","-27","","Snow,Blowing Snow"
"-77.70","53.63","LA GRANDE RIVIERE A","7093716","2019-03-17 23:00","2019","03","17","23:00","","-18.3","","-20.6","","83","","","","30","","18","","24.1","","99.37","","","","-28","","Snow,Blowing Snow"
"-77.70","53.63","LA GRANDE RIVIERE A","7093716","2019-03-18 00:00","2019","03","18","00:00","","-18.4","","-20.7","","83","","","","29","","15","","24.1","","99.42","","","","-27","","Snow"
"-77.70","53.63","LA GRANDE RIVIERE A","7093716","2019-03-18 01:00","2019","03","18","01:00","","-18.2","","-20.5","","83","","","","29","","13","","24.1","","99.45","","","","-26","","Snow"
"-77.70","53.63","LA GRANDE RIVIERE A","7093716","2019-03-18 02:00","2019","03","18","02:00","","-18.1","","-20.4","","83","","","","31","","16","","24.1","","99.48","","","","-27","","Snow"
"-77.70","53.63","LA GRANDE RIVIERE A","7093716","2019-03-18 03:00","2019","03","18","03:00","","-18.6","","-20.8","","83","","","","30","","10","","19.3","","99.50","","","","-26","","Snow"
"-77.70","53.63","LA GRANDE RIVIERE A","7093716","2019-03-18 04:00","2019","03","18","04:00","","-19.0","","-21.2","","83","","","","31","","14","","19.3","","99.54","","","","-28","","Snow"
"-77.70","53.63","LA GRANDE RIVIERE A","7093716","2019-03-18 05:00","2019","03","18","05:00","","-19.2","","-21.5","","82","","","","31","","11","","24.1","","99.58","","","","-27","","Snow"
"-77.70","53.63","LA GRANDE RIVIERE A","7093716","2019-03-18 06:00","2019","03","18","06:00","","-19.9","","-22.3","","81","","","","32","","10","","24.1","","99.63","","","","-27","","Snow"
"-77.70","53.63","LA GRANDE RIVIERE A","7093716","2019-03-18 07:00","2019","03","18","07:00","","-20.3","","-22.7","","81","","","","30","","9","","24.1","","99.69","","","","-27","","Snow"
"-77.70","53.63","LA GRANDE RIVIERE A","7093716","2019-03-18 08:00","2019","03","18","08:00","","-20.2","","-22.8","","81","","","","29","","8","","6.4","","99.74","","","","-26","","Snow"
"-77.70","53.63","LA GRANDE RIVIERE A","7093716","2019-03-18 09:00","2019","03","18","09:00","","-19.9","","-22.5","","80","","","","25","","12","","6.4","","99.78","","","","-28","","Snow"
"-77.70","53.63","LA GRANDE RIVIERE A","7093716","2019-03-18 10:00","2019","03","18","10:00","","-19.2","","-22.0","","79","","","","26","","11","","12.9","","99.82","","","","-27","","Snow"
"-77.70","53.63","LA GRANDE RIVIERE A","7093716","2019-03-18 11:00","2019","03","18","11:00","","-18.2","","-21.3","","77","","","","27","","9","","24.1","","99.85","","","","-25","","Ice Crystals"
"-77.70","53.63","LA GRANDE RIVIERE A","7093716","2019-03-18 12:00","2019","03","18","12:00","","-16.6","","-21.4","","67","","","","26","","10","","24.1","","99.88","","","","-23","","NA"
"-77.70","53.63","LA GRANDE RIVIERE A","7093716","2019-03-18 13:00","2019","03","18","13:00","","-15.2","","-20.8","","63","","","","24","","12","","24.1","","99.89","","","","-22","","Mainly Clear"
"-77.70","53.63","LA GRANDE RIVIERE A","7093716","2019-03-18 14:00","2019","03","18","14:00","","-14.1","","-20.1","","61","","","","24","","14","","24.1","","99.89","","","","-22","","NA"
"-77.70","53.63","LA GRANDE RIVIERE A","7093716","2019-03-18 15:00","2019","03","18","15:00","","-13.3","","-19.6","","59","","","","25","","15","","24.1","","99.92","","","","-21","","NA"
"-77.70","53.63","LA GRANDE RIVIERE A","7093716","2019-03-18 16:00","2019","03","18","16:00","","-12.9","","-19.4","","58","","","","25","","13","","24.1","","99.93","","","","-20","","Mainly Clear"
"-77.70","53.63","LA GRANDE RIVIERE A","7093716","2019-03-18 17:00","2019","03","18","17:00","","-13.1","","-19.3","","60","","","","26","","11","","24.1","","99.96","","","","-19","","NA"
"-77.70","53.63","LA GRANDE RIVIERE A","7093716","2019-03-18 18:00","2019","03","18","18:00","","-14.1","","-19.3","","65","","","","25","","12","","24.1","","100.00","","","","-21","","NA"
"-77.70","53.63","LA GRANDE RIVIERE A","7093716","2019-03-18 19:00","2019","03","18","19:00","","-16.1","","-20.1","","72","","","","27","","8","","24.1","","100.06","","","","-22","","Mainly Clear"
"-77.70","53.63","LA GRANDE RIVIERE A","7093716","2019-03-18 20:00","2019","03","18","20:00","","-18.2","","-21.5","","76","","","","25","","10","","24.1","","100.08","","","","-25","","NA"
"-77.70","53.63","LA GRANDE RIVIERE A","7093716","2019-03-18 21:00","2019","03","18","21:00","","-19.0","","-21.5","","81","","","","26","","7","","24.1","","100.11","","","","-24","","NA"
"-77.70","53.63","LA GRANDE RIVIERE A","7093716","2019-03-18 22:00","2019","03","18","22:00","","-21.0","","-23.3","","82","","","","26","","8","","24.1","","100.10","","","","-27","","Mainly Clear"
"-77.70","53.63","LA GRANDE RIVIERE A","7093716","2019-03-18 23:00","2019","03","18","23:00","","-20.9","","-23.1","","83","","","","24","","5","","24.1","","100.08","","","","-25","","NA"
"-77.70","53.63","LA GRANDE RIVIERE A","7093716","2019-03-19 00:00","2019","03","19","00:00","","-21.8","","-24.1","","82","","","","21","","5","","24.1","","100.05","","","","-26","","NA"
"-77.70","53.63","LA GRANDE RIVIERE A","7093716","2019-03-19 01:00","2019","03","19","01:00","","-23.1","","-25.6","","80","","","","19","","6","","24.1","","100.06","","","","-29","","Mainly Clear"
"-77.70","53.63","LA GRANDE RIVIERE A","7093716","2019-03-19 02:00","2019","03","19","02:00","","-22.7","","-24.9","","82","","","","17","","5","","24.1","","100.01","","","","-27","","NA"
"-77.70","53.63","LA GRANDE RIVIERE A","7093716","2019-03-19 03:00","2019","03","19","03:00","","-21.9","","-24.0","","83","","","","18","","9","","11.3","","99.96","","","","-29","","Ice Crystals"
"-77.70","53.63","LA GRANDE RIVIERE A","7093716","2019-03-19 04:00","2019","03","19","04:00","","-22.0","","-24.2","","83","","","","18","","11","","12.9","","99.94","","","","-30","","Ice Crystals"
"-77.70","53.63","LA GRANDE RIVIERE A","7093716","2019-03-19 05:00","2019","03","19","05:00","","-22.5","","-24.9","","81","","","","18","","12","","24.1","","99.93","","","","-31","","NA"
"-77.70","53.63","LA GRANDE RIVIERE A","7093716","2019-03-19 06:00","2019","03","19","06:00","","-22.6","","-25.1","","80","","","","18","","15","","24.1","","99.91","","","","-32","","NA"
"-77.70","53.63","LA GRANDE RIVIERE A","7093716","2019-03-19 07:00","2019","03","19","07:00","","-22.4","","-25.1","","79","","","","18","","18","","24.1","","99.86","","","","-33","","Mainly Clear"
"-77.70","53.63","LA GRANDE RIVIERE A","7093716","2019-03-19 08:00","2019","03","19","08:00","","-20.2","","-22.8","","80","","","","18","","18","","24.1","","99.78","","","","-30","","NA"
"-77.70","53.63","LA GRANDE RIVIERE A","7093716","2019-03-19 09:00","2019","03","19","09:00","","-17.8","","-20.3","","80","","","","18","","14","","24.1","","99.74","","","","-26","","NA"
"-77.70","53.63","LA GRANDE RIVIERE A","7093716","2019-03-19 10:00","2019","03","19","10:00","","-15.1","","-18.0","","79","","","","18","","19","","24.1","","99.66","","","","-24","","Mostly Cloudy"
"-77.70","53.63","LA GRANDE RIVIERE A","7093716","2019-03-19 11:00","2019","03","19","11:00","","-12.0","","-19.1","","56","","","","18","","16","","24.1","","99.55","","","","-19","","NA"
"-77.70","53.63","LA GRANDE RIVIERE A","7093716","2019-03-19 12:00","2019","03","19","12:00","","-9.3","","-18.7","","47","","","","19","","26","","24.1","","99.44","","","","-18","","NA"
"-77.70","53.63","LA GRANDE RIVIERE A","7093716","2019-03-19 13:00","2019","03","19","13:00","","-7.4","","-17.7","","44","","","","20","","25","","24.1","","99.36","","","","-15","","Mostly Cloudy"
"-77.70","53.63","LA GRANDE RIVIERE A","7093716","2019-03-19 14:00","2019","03","19","14:00","","-6.7","","-16.9","","45","","","","18","","21","","24.1","","99.26","","","","-14","","NA"
"-77.70","53.63","LA GRANDE RIVIERE A","7093716","2019-03-19 15:00","2019","03","19","15:00","","-6.2","","-16.1","","46","","","","19","","22","","24.1","","99.16","","","","-13","","NA"
"-77.70","53.63","LA GRANDE RIVIERE A","7093716","2019-03-19 16:00","2019","03","19","16:00","","-5.4","","-14.5","","49","","","","18","","21","","24.1","","99.05","","","","-12","","Snow"
"-77.70","53.63","LA GRANDE RIVIERE A","7093716","2019-03-19 17:00","2019","03","19","17:00","","-5.1","","-12.5","","57","","","","18","","19","","24.1","","98.90","","","","-12","","NA"
"-77.70","53.63","LA GRANDE RIVIERE A","7093716","2019-03-19 18:00","2019","03","19","18:00","","-4.8","","-9.5","","70","","","","19","","22","","24.1","","98.83","","","","-12","","Snow"
"-77.70","53.63","LA GRANDE RIVIERE A","7093716","2019-03-19 19:00","2019","03","19","19:00","","-4.4","","-8.2","","75","","","","19","","24","","16.1","","98.76","","","","-11","","Snow"
"-77.70","53.63","LA GRANDE RIVIERE A","7093716","2019-03-19 20:00","2019","03","19","20:00","","-4.1","","-8.7","","71","","","","19","","25","","24.1","","98.69","","","","-11","","Snow"
"-77.70","53.63","LA GRANDE RIVIERE A","7093716","2019-03-19 21:00","2019","03","19","21:00","","-4.0","","-8.3","","72","","","","21","","22","","24.1","","98.63","","","","-11","","Snow"
"-77.70","53.63","LA GRANDE RIVIERE A","7093716","2019-03-19 22:00","2019","03","19","22:00","","-4.1","","-7.8","","75","","","","21","","22","","24.1","","98.57","","","","-11","","Snow"
"-77.70","53.63","LA GRANDE RIVIERE A","7093716","2019-03-19 23:00","2019","03","19","23:00","","-3.2","","-7.3","","73","","","","21","","24","","24.1","","98.53","","","","-10","","Snow"
"-77.70","53.63","LA GRANDE RIVIERE A","7093716","2019-03-20 00:00","2019","03","20","00:00","","-2.6","","-7.3","","70","","","","22","","22","","24.1","","98.49","","","","-9","","Snow"
"-77.70","53.63","LA GRANDE RIVIERE A","7093716","2019-03-20 01:00","2019","03","20","01:00","","-2.2","","-7.0","","70","","","","22","","20","","24.1","","98.46","","","","-8","","Snow"
"-77.70","53.63","LA GRANDE RIVIERE A","7093716","2019-03-20 02:00","2019","03","20","02:00","","-2.7","","-7.5","","69","","","","23","","21","","24.1","","98.45","","","","-9","","Snow"
"-77.70","53.63","LA GRANDE RIVIERE A","7093716","2019-03-20 03:00","2019","03","20","03:00","","-3.2","","-7.2","","74","","","","24","","16","","24.1","","98.48","","","","-9","","Snow"
"-77.70","53.63","LA GRANDE RIVIERE A","7093716","2019-03-20 04:00","2019","03","20","04:00","","-3.1","","-5.7","","83","","","","29","","18","","9.7","","98.54","","","","-9","","Snow"
"-77.70","53.63","LA GRANDE RIVIERE A","7093716","2019-03-20 05:00","2019","03","20","05:00","","-3.8","","-5.2","","90","","","","33","","13","","6.4","","98.63","","","","-9","","Snow"
"-77.70","53.63","LA GRANDE RIVIERE A","7093716","2019-03-20 06:00","2019","03","20","06:00","","-6.6","","-8.4","","88","","","","36","","10","","24.1","","98.71","","","","-11","","Snow"
"-77.70","53.63","LA GRANDE RIVIERE A","7093716","2019-03-20 07:00","2019","03","20","07:00","","-9.0","","-11.1","","85","","","","2","","14","","24.1","","98.84","","","","-15","","Mostly Cloudy"
"-77.70","53.63","LA GRANDE RIVIERE A","7093716","2019-03-20 08:00","2019","03","20","08:00","","-9.8","","-13.7","","73","","","","4","","13","","24.1","","98.98","","","","-16","","NA"
"-77.70","53.63","LA GRANDE RIVIERE A","7093716","2019-03-20 09:00","2019","03","20","09:00","","-9.8","","-14.2","","70","","","","6","","13","","24.1","","99.08","","","","-16","","NA"
"-77.70","53.63","LA GRANDE RIVIERE A","7093716","2019-03-20 10:00","2019","03","20","10:00","","-9.0","","-15.8","","59","","","","6","","23","","24.1","","99.16","","","","-17","","Mostly Cloudy"
"-77.70","53.63","LA GRANDE RIVIERE A","7093716","2019-03-20 11:00","2019","03","20","11:00","","-8.9","","-15.6","","58","","","","5","","18","","24.1","","99.20","","","","-16","","NA"
"-77.70","53.63","LA GRANDE RIVIERE A","7093716","2019-03-20 12:00","2019","03","20","12:00","","-7.5","","-15.8","","52","","","","7","","21","","24.1","","99.23","","","","-15","","NA"
"-77.70","53.63","LA GRANDE RIVIERE A","7093716","2019-03-20 13:00","2019","03","20","13:00","","-6.9","","-15.8","","50","","","","5","","19","","24.1","","99.27","","","","-14","","Mostly Cloudy"
"-77.70","53.63","LA GRANDE RIVIERE A","7093716","2019-03-20 14:00","2019","03","20","14:00","","-5.8","","-15.3","","47","","","","8","","20","","24.1","","99.25","","","","-13","","NA"
"-77.70","53.63","LA GRANDE RIVIERE A","7093716","2019-03-20 15:00","2019","03","20","15:00","","-5.7","","-15.6","","46","","","","7","","20","","24.1","","99.22","","","","-12","","NA"
"-77.70","53.63","LA GRANDE RIVIERE A","7093716","2019-03-20 16:00","2019","03","20","16:00","","-5.6","","-16.6","","42","","","","5","","19","","24.1","","99.21","","","","-12","","Mainly Clear"
"-77.70","53.63","LA GRANDE RIVIERE A","7093716","2019-03-20 17:00","2019","03","20","17:00","","-6.0","","-16.6","","43","","","","8","","16","","24.1","","99.19","","","","-12","","NA"
"-77.70","53.63","LA GRANDE RIVIERE A","7093716","2019-03-20 18:00","2019","03","20","18:00","","-7.1","","-17.4","","44","","","","8","","11","","24.1","","99.18","","","","-12","","NA"
"-77.70","53.63","LA GRANDE RIVIERE A","7093716","2019-03-20 19:00","2019","03","20","19:00","","-9.1","","-18.0","","49","","","","9","","13","","24.1","","99.11","","","","-15","","Mainly Clear"
"-77.70","53.63","LA GRANDE RIVIERE A","7093716","2019-03-20 20:00","2019","03","20","20:00","","-11.2","","-18.6","","55","","","","9","","12","","24.1","","99.08","","","","-17","","NA"
"-77.70","53.63","LA GRANDE RIVIERE A","7093716","2019-03-20 21:00","2019","03","20","21:00","","-12.2","","-19.4","","56","","","","10","","12","","24.1","","99.01","","","","-19","","NA"
"-77.70","53.63","LA GRANDE RIVIERE A","7093716","2019-03-20 22:00","2019","03","20","22:00","","-12.7","","-19.2","","59","","","","11","","16","","24.1","","98.91","","","","-20","","Mainly Clear"
"-77.70","53.63","LA GRANDE RIVIERE A","7093716","2019-03-20 23:00","2019","03","20","23:00","","-12.7","","-18.2","","64","","","","13","","14","","32.2","","98.80","","","","-20","","NA"
"-77.70","53.63","LA GRANDE RIVIERE A","7093716","2019-03-21 00:00","2019","03","21","00:00","","-10.7","","-17.1","","60","","","","16","","14","","24.1","","98.70","","","","-17","","NA"
"-77.70","53.63","LA GRANDE RIVIERE A","7093716","2019-03-21 01:00","2019","03","21","01:00","","-10.8","","-16.6","","63","","","","18","","16","","24.1","","98.61","","","","-18","","Mainly Clear"
"-77.70","53.63","LA GRANDE RIVIERE A","7093716","2019-03-21 02:00","2019","03","21","02:00","","-11.3","","-16.2","","68","","","","19","","17","","24.1","","98.53","","","","-19","","NA"
"-77.70","53.63","LA GRANDE RIVIERE A","7093716","2019-03-21 03:00","2019","03","21","03:00","","-11.6","","-15.4","","73","","","","21","","14","","24.1","","98.42","","","","-18","","NA"
"-77.70","53.63","LA GRANDE RIVIERE A","7093716","2019-03-21 04:00","2019","03","21","04:00","","-12.8","","-16.1","","76","","","","21","","15","","24.1","","98.30","","","","-20","","Mainly Clear"
"-77.70","53.63","LA GRANDE RIVIERE A","7093716","2019-03-21 05:00","2019","03","21","05:00","","-13.1","","-15.8","","80","","","","19","","16","","24.1","","98.16","","","","-21","","NA"
"-77.70","53.63","LA GRANDE RIVIERE A","7093716","2019-03-21 06:00","2019","03","21","06:00","","-11.7","","-14.7","","79","","","","19","","22","","24.1","","98.04","","","","-20","","NA"
"-77.70","53.63","LA GRANDE RIVIERE A","7093716","2019-03-21 07:00","2019","03","21","07:00","","-9.7","","-12.2","","82","","","","18","","27","","24.1","","97.93","","","","-19","","Mostly Cloudy"
"-77.70","53.63","LA GRANDE RIVIERE A","7093716","2019-03-21 08:00","2019","03","21","08:00","","-7.9","","-9.8","","86","","","","18","","25","","24.1","","97.82","","","","-16","","NA"
"-77.70","53.63","LA GRANDE RIVIERE A","7093716","2019-03-21 09:00","2019","03","21","09:00","","-6.0","","-7.8","","87","","","","19","","28","","4.8","","97.75","","","","-14","","Snow,Blowing Snow"
"-77.70","53.63","LA GRANDE RIVIERE A","7093716","2019-03-21 10:00","2019","03","21","10:00","","-4.3","","-6.3","","86","","","","19","","30","","24.1","","97.61","","","","-12","","Snow,Blowing Snow"
"-77.70","53.63","LA GRANDE RIVIERE A","7093716","2019-03-21 11:00","2019","03","21","11:00","","-3.0","","-5.5","","83","","","","20","","25","","4.8","","97.50","","","","-10","","Snow,Blowing Snow"
"-77.70","53.63","LA GRANDE RIVIERE A","7093716","2019-03-21 12:00","2019","03","21","12:00","","-1.2","","-4.0","","81","","","","19","","25","","2.4","","97.40","","","","-7","","Snow"
"-77.70","53.63","LA GRANDE RIVIERE A","7093716","2019-03-21 13:00","2019","03","21","13:00","","-1.1","","-3.0","","87","","","","21","","27","","1.6","","97.36","","","","-8","","Snow"
"-77.70","53.63","LA GRANDE RIVIERE A","7093716","2019-03-21 14:00","2019","03","21","14:00","","-1.2","","-2.9","","88","","","","22","","28","","2.4","","97.34","","","","-8","","Snow"
"-77.70","53.63","LA GRANDE RIVIERE A","7093716","2019-03-21 15:00","2019","03","21","15:00","","-0.9","","-2.6","","88","","","","22","","26","","2.4","","97.32","","","","-7","","Snow"
"-77.70","53.63","LA GRANDE RIVIERE A","7093716","2019-03-21 16:00","2019","03","21","16:00","","-0.6","","-2.3","","88","","","","23","","27","","2.4","","97.35","","","","-7","","Snow"
"-77.70","53.63","LA GRANDE RIVIERE A","7093716","2019-03-21 17:00","2019","03","21","17:00","","-0.9","","-2.3","","90","","","","24","","22","","4.0","","97.39","","","","-7","","Snow"
"-77.70","53.63","LA GRANDE RIVIERE A","7093716","2019-03-21 18:00","2019","03","21","18:00","","-1.8","","-3.1","","91","","","","27","","24","","3.2","","97.47","","","","-8","","Snow"
"-77.70","53.63","LA GRANDE RIVIERE A","7093716","2019-03-21 19:00","2019","03","21","19:00","","-4.3","","-5.8","","89","","","","30","","24","","2.4","","97.60","","","","-11","","Snow"
"-77.70","53.63","LA GRANDE RIVIERE A","7093716","2019-03-21 20:00","2019","03","21","20:00","","-5.9","","-7.5","","88","","","","32","","16","","24.1","","97.71","","","","-12","","Snow"
"-77.70","53.63","LA GRANDE RIVIERE A","7093716","2019-03-21 21:00","2019","03","21","21:00","","-7.0","","-8.2","","92","","","","32","","16","","12.9","","97.83","","","","-13","","Freezing Drizzle,Snow"
"-77.70","53.63","LA GRANDE RIVIERE A","7093716","2019-03-21 22:00","2019","03","21","22:00","","-7.6","","-9.2","","88","","","","33","","16","","16.1","","97.93","","","","-14","","Freezing Drizzle,Snow"
"-77.70","53.63","LA GRANDE RIVIERE A","7093716","2019-03-21 23:00","2019","03","21","23:00","","-8.4","","-10.3","","87","","","","32","","16","","16.1","","98.04","","","","-15","","Snow"
"-77.70","53.63","LA GRANDE RIVIERE A","7093716","2019-03-22 00:00","2019","03","22","00:00","","-10.2","","-12.5","","84","","","","34","","22","","16.1","","98.20","","","","-18","","Snow"
"-77.70","53.63","LA GRANDE RIVIERE A","7093716","2019-03-22 01:00","2019","03","22","01:00","","-13.0","","-15.5","","81","","","","34","","18","","16.1","","98.36","","","","-21","","Snow"
"-77.70","53.63","LA GRANDE RIVIERE A","7093716","2019-03-22 02:00","2019","03","22","02:00","","-15.5","","-18.0","","81","","","","34","","21","","24.1","","98.51","","","","-25","","Snow"
"-77.70","53.63","LA GRANDE RIVIERE A","7093716","2019-03-22 03:00","2019","03","22","03:00","","-16.2","","-18.8","","81","","","","34","","18","","24.1","","98.60","","","","-25","","NA"
"-77.70","53.63","LA GRANDE RIVIERE A","7093716","2019-03-22 04:00","2019","03","22","04:00","","-17.1","","-19.8","","80","","","","33","","16","","24.1","","98.73","","","","-26","","Mainly Clear"
"-77.70","53.63","LA GRANDE RIVIERE A","7093716","2019-03-22 05:00","2019","03","22","05:00","","-17.7","","-20.4","","80","","","","34","","13","","24.1","","98.89","","","","-26","","NA"
"-77.70","53.63","LA GRANDE RIVIERE A","7093716","2019-03-22 06:00","2019","03","22","06:00","","-18.1","","-20.7","","80","","","","34","","13","","24.1","","99.04","","","","-26","","NA"
"-77.70","53.63","LA GRANDE RIVIERE A","7093716","2019-03-22 07:00","2019","03","22","07:00","","-17.7","","-20.7","","77","","","","33","","21","","24.1","","99.19","","","","-28","","Mainly Clear"
"-77.70","53.63","LA GRANDE RIVIERE A","7093716","2019-03-22 08:00","2019","03","22","08:00","","-16.7","","-20.7","","72","","","","34","","14","","24.1","","99.32","","","","-25","","NA"
"-77.70","53.63","LA GRANDE RIVIERE A","7093716","2019-03-22 09:00","2019","03","22","09:00","","-15.6","","-20.4","","67","","","","35","","17","","24.1","","99.39","","","","-24","","NA"
"-77.70","53.63","LA GRANDE RIVIERE A","7093716","2019-03-22 10:00","2019","03","22","10:00","","-14.5","","-19.6","","66","","","","34","","10","","24.1","","99.47","","","","-21","","Mainly Clear"
"-77.70","53.63","LA GRANDE RIVIERE A","7093716","2019-03-22 11:00","2019","03","22","11:00","","-14.0","","-19.1","","66","","","","34","","12","","24.1","","99.52","","","","-21","","NA"
"-77.70","53.63","LA GRANDE RIVIERE A","7093716","2019-03-22 12:00","2019","03","22","12:00","","-13.3","","-19.4","","61","","","","32","","19","","24.1","","99.56","","","","-22","","NA"
"-77.70","53.63","LA GRANDE RIVIERE A","7093716","2019-03-22 13:00","2019","03","22","13:00","","-12.3","","-19.8","","54","","","","34","","18","","24.1","","99.59","","","","-20","","Mainly Clear"
"-77.70","53.63","LA GRANDE RIVIERE A","7093716","2019-03-22 14:00","2019","03","22","14:00","","-11.9","","-20.0","","52","","","","34","","14","","24.1","","99.60","","","","-19","","NA"
"-77.70","53.63","LA GRANDE RIVIERE A","7093716","2019-03-22 15:00","2019","03","22","15:00","","-11.7","","-19.6","","52","","","","36","","14","","24.1","","99.61","","","","-19","","NA"
"-77.70","53.63","LA GRANDE RIVIERE A","7093716","2019-03-22 16:00","2019","03","22","16:00","","-11.8","","-20.0","","51","","","","33","","16","","24.1","","99.61","","","","-19","","Clear"
"-77.70","53.63","LA GRANDE RIVIERE A","7093716","2019-03-22 17:00","2019","03","22","17:00","","-12.4","","-20.5","","52","","","","33","","14","","24.1","","99.63","","","","-19","","NA"
"-77.70","53.63","LA GRANDE RIVIERE A","7093716","2019-03-22 18:00","2019","03","22","18:00","","-13.5","","-21.2","","53","","","","33","","14","","24.1","","99.61","","","","-21","","NA"
"-77.70","53.63","LA GRANDE RIVIERE A","7093716","2019-03-22 19:00","2019","03","22","19:00","","-15.5","","-21.8","","59","","","","31","","5","","24.1","","99.62","","","","-19","","Mainly Clear"
"-77.70","53.63","LA GRANDE RIVIERE A","7093716","2019-03-22 20:00","2019","03","22","20:00","","-16.8","","-22.0","","64","","","","32","","8","","24.1","","99.59","","","","-22","","NA"
"-77.70","53.63","LA GRANDE RIVIERE A","7093716","2019-03-22 21:00","2019","03","22","21:00","","-18.4","","-22.9","","68","","","","29","","9","","24.1","","99.58","","","","-25","","NA"
"-77.70","53.63","LA GRANDE RIVIERE A","7093716","2019-03-22 22:00","2019","03","22","22:00","","-18.7","","-22.6","","71","","","","31","","5","","24.1","","99.53","","","","-23","","Clear"
"-77.70","53.63","LA GRANDE RIVIERE A","7093716","2019-03-22 23:00","2019","03","22","23:00","","-20.9","","-24.5","","73","","","","22","","4","","24.1","","99.48","","","","-24","","NA"
"-77.70","53.63","LA GRANDE RIVIERE A","7093716","2019-03-23 00:00","2019","03","23","00:00","","-19.6","","-22.7","","77","","","","33","","5","","24.1","","99.41","","","","-24","","NA"
"-77.70","53.63","LA GRANDE RIVIERE A","7093716","2019-03-23 01:00","2019","03","23","01:00","","-21.7","","-24.7","","77","","","","26","","3","","24.1","","99.39","","","","-24","","Clear"
"-77.70","53.63","LA GRANDE RIVIERE A","7093716","2019-03-23 02:00","2019","03","23","02:00","","-22.3","","-25.2","","78","","","","17","","4","","24.1","","99.31","","","","-26","","NA"
"-77.70","53.63","LA GRANDE RIVIERE A","7093716","2019-03-23 03:00","2019","03","23","03:00","","-21.1","","-24.1","","78","","","","19","","14","","24.1","","99.23","","","","-30","","NA"
"-77.70","53.63","LA GRANDE RIVIERE A","7093716","2019-03-23 04:00","2019","03","23","04:00","","-20.3","","-23.2","","78","","","","19","","12","","24.1","","99.09","","","","-28","","Clear"
"-77.70","53.63","LA GRANDE RIVIERE A","7093716","2019-03-23 05:00","2019","03","23","05:00","","-20.5","","-23.6","","77","","","","19","","14","","24.1","","98.99","","","","-29","","NA"
"-77.70","53.63","LA GRANDE RIVIERE A","7093716","2019-03-23 06:00","2019","03","23","06:00","","-21.2","","-24.0","","79","","","","19","","19","","24.1","","98.87","","","","-32","","NA"
"-77.70","53.63","LA GRANDE RIVIERE A","7093716","2019-03-23 07:00","2019","03","23","07:00","","-21.1","","-24.1","","77","","","","18","","23","","24.1","","98.72","","","","-33","","Mostly Cloudy"
"-77.70","53.63","LA GRANDE RIVIERE A","7093716","2019-03-23 08:00","2019","03","23","08:00","","-18.5","","-22.1","","74","","","","20","","16","","24.1","","98.71","","","","-28","","NA"
"-77.70","53.63","LA GRANDE RIVIERE A","7093716","2019-03-23 09:00","2019","03","23","09:00","","-15.4","","-20.7","","64","","","","19","","25","","24.1","","98.55","","","","-26","","NA"
"-77.70","53.63","LA GRANDE RIVIERE A","7093716","2019-03-23 10:00","2019","03","23","10:00","","-12.6","","-19.2","","58","","","","20","","21","","24.1","","98.41","","","","-21","","Mainly Clear"
"-77.70","53.63","LA GRANDE RIVIERE A","7093716","2019-03-23 11:00","2019","03","23","11:00","","-10.7","","-18.4","","54","","","","19","","29","","24.1","","98.26","","","","-20","","NA"
"-77.70","53.63","LA GRANDE RIVIERE A","7093716","2019-03-23 12:00","2019","03","23","12:00","","-9.0","","-17.0","","53","","","","20","","29","","24.1","","98.11","","","","-18","","NA"
"-77.70","53.63","LA GRANDE RIVIERE A","7093716","2019-03-23 13:00","2019","03","23","13:00","","-7.1","","-15.4","","52","","","","19","","28","","24.1","","97.97","","","","-15","","Mainly Clear"
"-77.70","53.63","LA GRANDE RIVIERE A","7093716","2019-03-23 14:00","2019","03","23","14:00","","-5.5","","-14.1","","51","","","","20","","23","","24.1","","97.89","","","","-13","","NA"
"-77.70","53.63","LA GRANDE RIVIERE A","7093716","2019-03-23 15:00","2019","03","23","15:00","","-3.7","","-12.5","","51","","","","22","","32","","24.1","","97.78","","","","-12","","NA"
"-77.70","53.63","LA GRANDE RIVIERE A","7093716","2019-03-23 16:00","2019","03","23","16:00","","-5.7","","-11.9","","62","","","","25","","33","","24.1","","97.83","","","","-14","","Mostly Cloudy"
"-77.70","53.63","LA GRANDE RIVIERE A","7093716","2019-03-23 17:00","2019","03","23","17:00","","-7.1","","-11.4","","71","","","","26","","30","","24.1","","97.86","","","","-16","","NA"
"-77.70","53.63","LA GRANDE RIVIERE A","7093716","2019-03-23 18:00","2019","03","23","18:00","","-7.8","","-9.6","","87","","","","26","","23","","4.8","","97.88","","","","-16","","Freezing Drizzle,Snow"
"-77.70","53.63","LA GRANDE RIVIERE A","7093716","2019-03-23 19:00","2019","03","23","19:00","","-8.0","","-9.6","","89","","","","30","","27","","4.8","","97.91","","","","-16","","Freezing Drizzle,Snow"
"-77.70","53.63","LA GRANDE RIVIERE A","7093716","2019-03-23 20:00","2019","03","23","20:00","","-11.6","","-13.9","","83","","","","31","","23","","9.7","","98.05","","","","-20","","Snow,Blowing Snow"
"-77.70","53.63","LA GRANDE RIVIERE A","7093716","2019-03-23 21:00","2019","03","23","21:00","","-12.6","","-15.1","","82","","","","31","","24","","4.8","","98.14","","","","-22","","Snow,Blowing Snow"
"-77.70","53.63","LA GRANDE RIVIERE A","7093716","2019-03-23 22:00","2019","03","23","22:00","","-14.8","","-17.4","","81","","","","30","","31","","2.4","","98.24","","","","-26","","Snow,Blowing Snow"
"-77.70","53.63","LA GRANDE RIVIERE A","7093716","2019-03-23 23:00","2019","03","23","23:00","","-16.6","","-19.7","","77","","","","30","","31","","9.7","","98.31","","","","-28","","Snow,Blowing Snow"
"-77.70","53.63","LA GRANDE RIVIERE A","7093716","2019-03-24 00:00","2019","03","24","00:00","","-18.6","","-22.1","","74","","","","30","","32","","4.8","","98.41","","","","-31","","Snow,Blowing Snow"
"-77.70","53.63","LA GRANDE RIVIERE A","7093716","2019-03-24 01:00","2019","03","24","01:00","","-20.2","","-25.1","","66","","","","30","","31","","9.7","","98.51","","","","-33","","Snow,Blowing Snow"
"-77.70","53.63","LA GRANDE RIVIERE A","7093716","2019-03-24 02:00","2019","03","24","02:00","","-22.3","","-27.0","","66","","","","30","","45","","9.7","","98.69","","","","-38","","Snow,Blowing Snow"
"-77.70","53.63","LA GRANDE RIVIERE A","7093716","2019-03-24 03:00","2019","03","24","03:00","","-23.8","","-29.0","","63","","","","29","","28","","9.7","","98.84","","","","-37","","Snow,Blowing Snow"
"-77.70","53.63","LA GRANDE RIVIERE A","7093716","2019-03-24 04:00","2019","03","24","04:00","","-24.6","","-29.7","","64","","","","29","","24","","24.1","","98.94","","","","-37","","Snow"
"-77.70","53.63","LA GRANDE RIVIERE A","7093716","2019-03-24 05:00","2019","03","24","05:00","","-24.8","","-28.9","","70","","","","26","","25","","24.1","","98.96","","","","-38","","NA"
"-77.70","53.63","LA GRANDE RIVIERE A","7093716","2019-03-24 06:00","2019","03","24","06:00","","-24.0","","-27.7","","72","","","","29","","32","","8.1","","99.02","","","","-38","","Snow,Blowing Snow"
"-77.70","53.63","LA GRANDE RIVIERE A","7093716","2019-03-24 07:00","2019","03","24","07:00","","-24.3","","-28.4","","69","","","","28","","27","","12.9","","99.04","","","","-38","","Snow"
"-77.70","53.63","LA GRANDE RIVIERE A","7093716","2019-03-24 08:00","2019","03","24","08:00","","-23.3","","-27.5","","69","","","","28","","40","","12.9","","99.07","","","","-39","","Snow"
"-77.70","53.63","LA GRANDE RIVIERE A","7093716","2019-03-24 09:00","2019","03","24","09:00","","-22.0","","-27.4","","63","","","","27","","36","","6.4","","99.08","","","","-36","","Snow,Blowing Snow"
"-77.70","53.63","LA GRANDE RIVIERE A","7093716","2019-03-24 10:00","2019","03","24","10:00","","-21.1","","-26.2","","64","","","","27","","44","","2.4","","99.05","","","","-36","","Snow,Blowing Snow"
"-77.70","53.63","LA GRANDE RIVIERE A","7093716","2019-03-24 11:00","2019","03","24","11:00","","-20.3","","-25.2","","66","","","","26","","37","","2.4","","99.00","","","","-34","","Snow,Blowing Snow"
"-77.70","53.63","LA GRANDE RIVIERE A","7093716","2019-03-24 12:00","2019","03","24","12:00","","-20.3","","-25.6","","63","","","","26","","41","","4.0","","98.96","","","","-35","","Snow,Blowing Snow"
"-77.70","53.63","LA GRANDE RIVIERE A","7093716","2019-03-24 13:00","2019","03","24","13:00","","-19.8","","-24.6","","66","","","","26","","37","","3.2","","98.92","","","","-33","","Snow,Blowing Snow"
"-77.70","53.63","LA GRANDE RIVIERE A","7093716","2019-03-24 14:00","2019","03","24","14:00","","-19.3","","-24.1","","66","","","","26","","40","","3.2","","98.85","","","","-33","","Snow,Blowing Snow"
"-77.70","53.63","LA GRANDE RIVIERE A","7093716","2019-03-24 15:00","2019","03","24","15:00","","-19.4","","-23.7","","69","","","","26","","40","","1.2","","98.84","","","","-33","","Snow,Blowing Snow"
"-77.70","53.63","LA GRANDE RIVIERE A","7093716","2019-03-24 16:00","2019","03","24","16:00","","-19.5","","-23.2","","73","","","","26","","40","","1.2","","98.81","","","","-33","","Snow,Blowing Snow"
"-77.70","53.63","LA GRANDE RIVIERE A","7093716","2019-03-24 17:00","2019","03","24","17:00","","-19.6","","-22.8","","76","","","","28","","35","","1.0","","98.81","","","","-33","","Snow,Blowing Snow"
"-77.70","53.63","LA GRANDE RIVIERE A","7093716","2019-03-24 18:00","2019","03","24","18:00","","-20.2","","-23.7","","74","","","","28","","42","","2.4","","98.81","","","","-35","","Snow,Blowing Snow"
"-77.70","53.63","LA GRANDE RIVIERE A","7093716","2019-03-24 19:00","2019","03","24","19:00","","-21.0","","-25.0","","71","","","","28","","36","","3.2","","98.79","","","","-35","","Snow,Blowing Snow"
"-77.70","53.63","LA GRANDE RIVIERE A","7093716","2019-03-24 20:00","2019","03","24","20:00","","-22.3","","-27.3","","65","","","","29","","34","","4.8","","98.83","","","","-36","","Snow,Blowing Snow"
"-77.70","53.63","LA GRANDE RIVIERE A","7093716","2019-03-24 21:00","2019","03","24","21:00","","-23.2","","-27.4","","69","","","","29","","23","","16.1","","98.84","","","","-35","","Snow,Blowing Snow"
"-77.70","53.63","LA GRANDE RIVIERE A","7093716","2019-03-24 22:00","2019","03","24","22:00","","-23.7","","-27.6","","71","","","","29","","24","","12.9","","98.80","","","","-36","","Snow,Blowing Snow"
"-77.70","53.63","LA GRANDE RIVIERE A","7093716","2019-03-24 23:00","2019","03","24","23:00","","-24.2","","-27.7","","74","","","","27","","26","","16.1","","98.75","","","","-37","","Snow"
"-77.70","53.63","LA GRANDE RIVIERE A","7093716","2019-03-25 00:00","2019","03","25","00:00","","-24.9","","-28.5","","72","","","","26","","21","","24.1","","98.70","","","","-37","","Snow"
"-77.70","53.63","LA GRANDE RIVIERE A","7093716","2019-03-25 01:00","2019","03","25","01:00","","-24.8","","-28.1","","74","","","","26","","25","","16.1","","98.67","","","","-38","","Snow"
"-77.70","53.63","LA GRANDE RIVIERE A","7093716","2019-03-25 02:00","2019","03","25","02:00","","-25.4","","-28.6","","75","","","","25","","20","","24.1","","98.61","","","","-37","","Snow"
"-77.70","53.63","LA GRANDE RIVIERE A","7093716","2019-03-25 03:00","2019","03","25","03:00","","-24.9","","-28.0","","76","","","","24","","19","","24.1","","98.54","","","","-36","","Snow"
"-77.70","53.63","LA GRANDE RIVIERE A","7093716","2019-03-25 04:00","2019","03","25","04:00","","-24.3","","-27.6","","75","","","","24","","21","","4.8","","98.47","","","","-36","","Snow"
"-77.70","53.63","LA GRANDE RIVIERE A","7093716","2019-03-25 05:00","2019","03","25","05:00","","-23.8","","-27.1","","75","","","","24","","23","","4.8","","98.38","","","","-36","","Snow"
"-77.70","53.63","LA GRANDE RIVIERE A","7093716","2019-03-25 06:00","2019","03","25","06:00","","-23.4","","-26.6","","75","","","","25","","24","","4.8","","98.33","","","","-36","","Snow,Blowing Snow"
"-77.70","53.63","LA GRANDE RIVIERE A","7093716","2019-03-25 07:00","2019","03","25","07:00","","-22.8","","-26.1","","75","","","","25","","22","","3.2","","98.29","","","","-35","","Snow,Blowing Snow"
"-77.70","53.63","LA GRANDE RIVIERE A","7093716","2019-03-25 08:00","2019","03","25","08:00","","-21.9","","-25.3","","75","","","","26","","22","","2.4","","98.26","","","","-33","","Snow,Blowing Snow"
"-77.70","53.63","LA GRANDE RIVIERE A","7093716","2019-03-25 09:00","2019","03","25","09:00","","-20.9","","-24.6","","73","","","","27","","21","","2.4","","98.26","","","","-32","","Snow,Blowing Snow"
"-77.70","53.63","LA GRANDE RIVIERE A","7093716","2019-03-25 10:00","2019","03","25","10:00","","-20.3","","-25.1","","66","","","","29","","37","","4.0","","98.28","","","","-34","","Snow,Blowing Snow"
"-77.70","53.63","LA GRANDE RIVIERE A","7093716","2019-03-25 11:00","2019","03","25","11:00","","-19.8","","-25.9","","59","","","","28","","31","","4.8","","98.31","","","","-32","","Snow,Blowing Snow"
"-77.70","53.63","LA GRANDE RIVIERE A","7093716","2019-03-25 12:00","2019","03","25","12:00","","-20.3","","-26.5","","58","","","","27","","37","","4.8","","98.42","","","","-34","","Snow,Blowing Snow"
"-77.70","53.63","LA GRANDE RIVIERE A","7093716","2019-03-25 13:00","2019","03","25","13:00","","-20.2","","-26.8","","56","","","","29","","40","","3.2","","98.54","","","","-34","","Snow,Blowing Snow"
"-77.70","53.63","LA GRANDE RIVIERE A","7093716","2019-03-25 14:00","2019","03","25","14:00","","-20.1","","-24.8","","67","","","","28","","36","","2.4","","98.63","","","","-34","","Snow,Blowing Snow"
"-77.70","53.63","LA GRANDE RIVIERE A","7093716","2019-03-25 15:00","2019","03","25","15:00","","-20.2","","-25.7","","62","","","","28","","45","","4.8","","98.75","","","","-35","","Snow,Blowing Snow"
"-77.70","53.63","LA GRANDE RIVIERE A","7093716","2019-03-25 16:00","2019","03","25","16:00","","-20.2","","-25.5","","63","","","","28","","43","","6.4","","98.84","","","","-35","","Snow,Blowing Snow"
"-77.70","53.63","LA GRANDE RIVIERE A","7093716","2019-03-25 17:00","2019","03","25","17:00","","-20.6","","-25.3","","67","","","","28","","40","","4.8","","98.99","","","","-35","","Snow,Blowing Snow"
"-77.70","53.63","LA GRANDE RIVIERE A","7093716","2019-03-25 18:00","2019","03","25","18:00","","-20.9","","-25.7","","66","","","","27","","26","","19.3","","98.99","","","","-33","","Snow,Blowing Snow"
"-77.70","53.63","LA GRANDE RIVIERE A","7093716","2019-03-25 19:00","2019","03","25","19:00","","-20.9","","-24.6","","73","","","","26","","27","","9.7","","99.04","","","","-33","","Snow,Blowing Snow"
"-77.70","53.63","LA GRANDE RIVIERE A","7093716","2019-03-25 20:00","2019","03","25","20:00","","-20.6","","-23.9","","75","","","","26","","28","","6.4","","99.02","","","","-33","","Snow,Blowing Snow"
"-77.70","53.63","LA GRANDE RIVIERE A","7093716","2019-03-25 21:00","2019","03","25","21:00","","-20.5","","-23.7","","76","","","","25","","25","","6.4","","99.01","","","","-32","","Snow,Blowing Snow"
"-77.70","53.63","LA GRANDE RIVIERE A","7093716","2019-03-25 22:00","2019","03","25","22:00","","-20.4","","-23.4","","77","","","","26","","24","","6.4","","98.98","","","","-32","","Snow,Blowing Snow"
"-77.70","53.63","LA GRANDE RIVIERE A","7093716","2019-03-25 23:00","2019","03","25","23:00","","-19.7","","-22.6","","78","","","","26","","23","","4.8","","98.93","","","","-31","","Snow,Blowing Snow"
"-77.70","53.63","LA GRANDE RIVIERE A","7093716","2019-03-26 00:00","2019","03","26","00:00","","-19.7","","-22.5","","78","","","","26","","27","","3.2","","98.88","","","","-32","","Snow,Blowing Snow"
"-77.70","53.63","LA GRANDE RIVIERE A","7093716","2019-03-26 01:00","2019","03","26","01:00","","-20.0","","-22.9","","78","","","","26","","25","","9.7","","98.85","","","","-32","","Snow,Blowing Snow"
"-77.70","53.63","LA GRANDE RIVIERE A","7093716","2019-03-26 02:00","2019","03","26","02:00","","-20.5","","-23.2","","79","","","","26","","25","","4.8","","98.84","","","","-32","","Snow,Blowing Snow"
"-77.70","53.63","LA GRANDE RIVIERE A","7093716","2019-03-26 03:00","2019","03","26","03:00","","-20.7","","-23.4","","80","","","","26","","28","","6.4","","98.84","","","","-33","","Snow,Blowing Snow"
"-77.70","53.63","LA GRANDE RIVIERE A","7093716","2019-03-26 04:00","2019","03","26","04:00","","-21.1","","-23.9","","79","","","","26","","25","","9.7","","98.85","","","","-33","","Snow,Blowing Snow"
"-77.70","53.63","LA GRANDE RIVIERE A","7093716","2019-03-26 05:00","2019","03","26","05:00","","-21.6","","-24.3","","79","","","","26","","22","","16.1","","98.91","","","","-33","","Snow,Blowing Snow"
"-77.70","53.63","LA GRANDE RIVIERE A","7093716","2019-03-26 06:00","2019","03","26","06:00","","-21.5","","-24.3","","79","","","","27","","25","","19.3","","98.96","","","","-34","","Ice Crystals"
"-77.70","53.63","LA GRANDE RIVIERE A","7093716","2019-03-26 07:00","2019","03","26","07:00","","-20.4","","-23.0","","79","","","","27","","25","","6.4","","99.03","","","","-32","","Ice Crystals,Blowing Snow"
"-77.70","53.63","LA GRANDE RIVIERE A","7093716","2019-03-26 08:00","2019","03","26","08:00","","-18.9","","-21.8","","78","","","","28","","32","","6.4","","99.13","","","","-31","","Ice Crystals,Blowing Snow"
"-77.70","53.63","LA GRANDE RIVIERE A","7093716","2019-03-26 09:00","2019","03","26","09:00","","-17.6","","-21.0","","75","","","","28","","28","","4.8","","99.24","","","","-29","","Snow,Blowing Snow"
"-77.70","53.63","LA GRANDE RIVIERE A","7093716","2019-03-26 10:00","2019","03","26","10:00","","-15.9","","-19.9","","72","","","","27","","25","","24.1","","99.32","","","","-26","","Snow,Blowing Snow"
"-77.70","53.63","LA GRANDE RIVIERE A","7093716","2019-03-26 11:00","2019","03","26","11:00","","-14.4","","-19.1","","67","","","M","27","","23","","24.1","","99.38","","","","-24","","Snow"
"-77.70","53.63","LA GRANDE RIVIERE A","7093716","2019-03-26 12:00","2019","03","26","12:00","","-13.2","","-18.6","","64","","","M","25","","21","","24.1","","99.42","","","","-22","","NA"
"-77.70","53.63","LA GRANDE RIVIERE A","7093716","2019-03-26 13:00","2019","03","26","13:00","","-12.1","","-18.7","","59","","","M","25","","21","","24.1","","99.47","","","","-21","","Mainly Clear"
"-77.70","53.63","LA GRANDE RIVIERE A","7093716","2019-03-26 14:00","2019","03","26","14:00","","-10.9","","-19.2","","51","","","M","26","","21","","24.1","","99.47","","","","-19","","NA"
"-77.70","53.63","LA GRANDE RIVIERE A","7093716","2019-03-26 15:00","2019","03","26","15:00","","-9.9","","-18.8","","49","","","M","25","","21","","24.1","","99.46","","","","-18","","NA"
"-77.70","53.63","LA GRANDE RIVIERE A","7093716","2019-03-26 16:00","2019","03","26","16:00","","-9.8","","-19.5","","46","","","M","25","","23","","24.1","","99.47","","","","-18","","Mostly Cloudy"
"-77.70","53.63","LA GRANDE RIVIERE A","7093716","2019-03-26 17:00","2019","03","26","17:00","","-9.6","","-21.1","","39","","","M","21","","20","","","M","99.45","","","","-17","","NA"
"-77.70","53.63","LA GRANDE RIVIERE A","7093716","2019-03-26 18:00","2019","03","26","18:00","","-10.0","","-19.5","","46","","","M","20","","18","","24.1","","99.44","","","","-17","","NA"
"-77.70","53.63","LA GRANDE RIVIERE A","7093716","2019-03-26 19:00","2019","03","26","19:00","","-10.1","","-19.2","","48","","","M","18","","16","","24.1","","99.37","","","","-17","","Cloudy"
"-77.70","53.63","LA GRANDE RIVIERE A","7093716","2019-03-26 20:00","2019","03","26","20:00","","-10.4","","-17.5","","56","","","M","17","","15","","8.1","","99.34","","","","-17","","Snow"
"-77.70","53.63","LA GRANDE RIVIERE A","7093716","2019-03-26 21:00","2019","03","26","21:00","","-10.3","","-14.1","","74","","","M","17","","17","","9.7","","99.23","","","","-18","","Snow"
"-77.70","53.63","LA GRANDE RIVIERE A","7093716","2019-03-26 22:00","2019","03","26","22:00","","-9.7","","-12.8","","78","","","M","17","","19","","2.4","","99.13","","","","-17","","Snow"
"-77.70","53.63","LA GRANDE RIVIERE A","7093716","2019-03-26 23:00","2019","03","26","23:00","","-8.5","","-10.3","","87","","","M","18","","17","","2.4","","99.03","","","","-15","","Snow"
"-77.70","53.63","LA GRANDE RIVIERE A","7093716","2019-03-27 00:00","2019","03","27","00:00","","-7.4","","-9.0","","89","","","M","17","","21","","2.4","","98.90","","","","-15","","Snow"
"-77.70","53.63","LA GRANDE RIVIERE A","7093716","2019-03-27 01:00","2019","03","27","01:00","","-6.6","","-8.1","","90","","","M","17","","25","","16.1","","98.68","","","","-14","","Snow"
"-77.70","53.63","LA GRANDE RIVIERE A","7093716","2019-03-27 02:00","2019","03","27","02:00","","-6.5","","-8.1","","88","","","M","17","","24","","24.1","","98.60","","","","-14","","Snow"
"-77.70","53.63","LA GRANDE RIVIERE A","7093716","2019-03-27 03:00","2019","03","27","03:00","","-5.6","","-10.2","","70","","","M","18","","22","","24.1","","98.51","","","","-13","","Snow"
"-77.70","53.63","LA GRANDE RIVIERE A","7093716","2019-03-27 04:00","2019","03","27","04:00","","-4.9","","-11.3","","61","","","M","19","","20","","24.1","","98.44","","","","-11","","Cloudy"
"-77.70","53.63","LA GRANDE RIVIERE A","7093716","2019-03-27 05:00","2019","03","27","05:00","","-3.8","","-9.4","","65","","","M","21","","21","","24.1","","98.42","","","","-10","","NA"
"-77.70","53.63","LA GRANDE RIVIERE A","7093716","2019-03-27 06:00","2019","03","27","06:00","","-4.2","","-6.5","","84","","","M","20","","21","","2.4","","98.42","","","","-11","","Snow"
"-77.70","53.63","LA GRANDE RIVIERE A","7093716","2019-03-27 07:00","2019","03","27","07:00","","-3.9","","-5.2","","90","","","M","20","","23","","2.4","","98.40","","","","-11","","Snow"
"-77.70","53.63","LA GRANDE RIVIERE A","7093716","2019-03-27 08:00","2019","03","27","08:00","","-3.5","","-4.8","","90","","","M","21","","26","","2.4","","98.41","","","","-11","","Snow"
"-77.70","53.63","LA GRANDE RIVIERE A","7093716","2019-03-27 09:00","2019","03","27","09:00","","-3.1","","-4.7","","89","","","M","21","","26","","24.1","","98.42","","","","-10","","Snow"
"-77.70","53.63","LA GRANDE RIVIERE A","7093716","2019-03-27 10:00","2019","03","27","10:00","","-2.8","","-4.4","","89","","","M","22","","28","","24.1","","98.42","","","","-10","","Snow"
"-77.70","53.63","LA GRANDE RIVIERE A","7093716","2019-03-27 11:00","2019","03","27","11:00","","-1.6","","-4.1","","83","","","M","21","","26","","24.1","","98.40","","","","-8","","Snow"
"-77.70","53.63","LA GRANDE RIVIERE A","7093716","2019-03-27 12:00","2019","03","27","12:00","","-0.9","","-4.3","","77","","","","21","","25","","24.1","","98.38","","","","-7","","Snow"
"-77.70","53.63","LA GRANDE RIVIERE A","7093716","2019-03-27 13:00","2019","03","27","13:00","","-0.9","","-4.1","","79","","","","20","","27","","24.1","","98.36","","","","-7","","Snow"
"-77.70","53.63","LA GRANDE RIVIERE A","7093716","2019-03-27 14:00","2019","03","27","14:00","","-0.5","","-3.6","","79","","","","20","","19","","24.1","","98.33","","","","-6","","NA"
"-77.70","53.63","LA GRANDE RIVIERE A","7093716","2019-03-27 15:00","2019","03","27","15:00","","-1.4","","-3.3","","87","","","","19","","23","","2.4","","98.30","","","","-7","","Snow"
"-77.70","53.63","LA GRANDE RIVIERE A","7093716","2019-03-27 16:00","2019","03","27","16:00","","-1.7","","-3.7","","86","","","","19","","19","","4.0","","98.28","","","","-7","","Snow"
"-77.70","53.63","LA GRANDE RIVIERE A","7093716","2019-03-27 17:00","2019","03","27","17:00","","-1.6","","-3.9","","84","","","","19","","22","","6.4","","98.22","","","","-8","","Snow"
"-77.70","53.63","LA GRANDE RIVIERE A","7093716","2019-03-27 18:00","2019","03","27","18:00","","-1.5","","-2.5","","93","","","","18","","22","","3.2","","98.14","","","","-7","","Freezing Drizzle,Snow"
"-77.70","53.63","LA GRANDE RIVIERE A","7093716","2019-03-27 19:00","2019","03","27","19:00","","-0.9","","-1.9","","93","","","","18","","18","","9.7","","98.07","","","","-6","","Freezing Drizzle,Snow"
"-77.70","53.63","LA GRANDE RIVIERE A","7093716","2019-03-27 20:00","2019","03","27","20:00","","-0.8","","-1.7","","94","","","","18","","20","","4.8","","97.99","","","","-6","","Snow"
"-77.70","53.63","LA GRANDE RIVIERE A","7093716","2019-03-27 21:00","2019","03","27","21:00","","-0.4","","-1.2","","95","","","","18","","16","","3.2","","97.86","","","","-5","","Snow"
"-77.70","53.63","LA GRANDE RIVIERE A","7093716","2019-03-27 22:00","2019","03","27","22:00","","0.0","","-0.7","","95","","","","18","","19","","2.4","","97.74","","","","-5","","Snow"
"-77.70","53.63","LA GRANDE RIVIERE A","7093716","2019-03-27 23:00","2019","03","27","23:00","","0.2","","-0.5","","95","","","","19","","19","","1.6","","97.60","","","","","","Snow,Blowing Snow"
"-77.70","53.63","LA GRANDE RIVIERE A","7093716","2019-03-28 00:00","2019","03","28","00:00","","0.3","","-0.5","","95","","","","19","","28","","2.4","","97.47","","","","","","Snow,Blowing Snow"
"-77.70","53.63","LA GRANDE RIVIERE A","7093716","2019-03-28 01:00","2019","03","28","01:00","","0.2","","-0.6","","94","","","","19","","27","","2.4","","97.34","","","","","","Snow,Blowing Snow"
"-77.70","53.63","LA GRANDE RIVIERE A","7093716","2019-03-28 02:00","2019","03","28","02:00","","0.1","","-0.7","","94","","","","18","","25","","3.2","","97.17","","","","","","Snow,Blowing Snow"
"-77.70","53.63","LA GRANDE RIVIERE A","7093716","2019-03-28 03:00","2019","03","28","03:00","","0.1","","-0.7","","94","","","","18","","19","","2.4","","97.00","","","","","","Snow,Blowing Snow"
"-77.70","53.63","LA GRANDE RIVIERE A","7093716","2019-03-28 04:00","2019","03","28","04:00","","0.2","","-0.7","","94","","","","18","","25","","9.7","","96.84","","","","","","Snow,Blowing Snow"
"-77.70","53.63","LA GRANDE RIVIERE A","7093716","2019-03-28 05:00","2019","03","28","05:00","","-0.1","","-1.0","","94","","","","19","","23","","1.6","","96.72","","","","-6","","Snow,Blowing Snow"
"-77.70","53.63","LA GRANDE RIVIERE A","7093716","2019-03-28 06:00","2019","03","28","06:00","","-0.2","","-0.9","","95","","","","19","","22","","1.2","","96.68","","","","-6","","Snow,Blowing Snow"
"-77.70","53.63","LA GRANDE RIVIERE A","7093716","2019-03-28 07:00","2019","03","28","07:00","","-0.2","","-1.0","","94","","","","22","","18","","3.2","","96.67","","","","-5","","Snow"
"-77.70","53.63","LA GRANDE RIVIERE A","7093716","2019-03-28 08:00","2019","03","28","08:00","","-0.9","","-1.8","","93","","","","27","","35","","1.6","","96.70","","","","-8","","Snow"
"-77.70","53.63","LA GRANDE RIVIERE A","7093716","2019-03-28 09:00","2019","03","28","09:00","","-7.1","","-9.2","","85","","","","30","","28","","4.0","","96.98","","","","-15","","Snow,Blowing Snow"
"-77.70","53.63","LA GRANDE RIVIERE A","7093716","2019-03-28 10:00","2019","03","28","10:00","","-9.0","","-11.7","","81","","","","30","","28","","4.0","","97.21","","","","-18","","Snow,Blowing Snow"
"-77.70","53.63","LA GRANDE RIVIERE A","7093716","2019-03-28 11:00","2019","03","28","11:00","","-10.3","","-13.5","","78","","","","29","","42","","2.4","","97.46","","","","-21","","Snow,Blowing Snow"
"-77.70","53.63","LA GRANDE RIVIERE A","7093716","2019-03-28 12:00","2019","03","28","12:00","","-10.9","","-13.9","","79","","","","28","","37","","2.4","","97.68","","","","-22","","Snow,Blowing Snow"
"-77.70","53.63","LA GRANDE RIVIERE A","7093716","2019-03-28 13:00","2019","03","28","13:00","","-13.0","","-16.1","","78","","","","27","","49","","2.4","","97.90","","","","-26","","Snow,Blowing Snow"
"-77.70","53.63","LA GRANDE RIVIERE A","7093716","2019-03-28 14:00","2019","03","28","14:00","","-14.2","","-17.3","","78","","","","27","","46","","3.2","","98.08","","","","-27","","Snow,Blowing Snow"
"-77.70","53.63","LA GRANDE RIVIERE A","7093716","2019-03-28 15:00","2019","03","28","15:00","","-14.6","","-17.9","","76","","","","28","","37","","3.2","","98.26","","","","-27","","Snow,Blowing Snow"
"-77.70","53.63","LA GRANDE RIVIERE A","7093716","2019-03-28 16:00","2019","03","28","16:00","","-15.2","","-18.8","","74","","","","28","","38","","4.0","","98.42","","","","-27","","Snow,Blowing Snow"
"-77.70","53.63","LA GRANDE RIVIERE A","7093716","2019-03-28 17:00","2019","03","28","17:00","","-16.7","","-20.4","","74","","","","28","","37","","4.0","","98.59","","","","-29","","Snow,Blowing Snow"
"-77.70","53.63","LA GRANDE RIVIERE A","7093716","2019-03-28 18:00","2019","03","28","18:00","","-17.4","","-21.1","","74","","","","28","","26","","12.9","","98.74","","","","-28","","Snow,Blowing Snow"
"-77.70","53.63","LA GRANDE RIVIERE A","7093716","2019-03-28 19:00","2019","03","28","19:00","","-18.2","","-21.5","","76","","","","27","","21","","24.1","","98.82","","","","-28","","Blowing Snow"
"-77.70","53.63","LA GRANDE RIVIERE A","7093716","2019-03-28 20:00","2019","03","28","20:00","","-19.4","","-22.0","","80","","","","24","","13","","24.1","","98.93","","","","-28","","Ice Crystals"
"-77.70","53.63","LA GRANDE RIVIERE A","7093716","2019-03-28 21:00","2019","03","28","21:00","","-20.4","","-22.9","","81","","","","24","","9","","24.1","","98.99","","","","-27","","Ice Crystals"
"-77.70","53.63","LA GRANDE RIVIERE A","7093716","2019-03-28 22:00","2019","03","28","22:00","","-20.4","","-22.8","","82","","","","24","","8","","16.1","","99.03","","","","-27","","Ice Crystals"
"-77.70","53.63","LA GRANDE RIVIERE A","7093716","2019-03-28 23:00","2019","03","28","23:00","","-20.1","","-22.4","","82","","","","23","","9","","8.1","","99.03","","","","-27","","Ice Crystals"
"-77.70","53.63","LA GRANDE RIVIERE A","7093716","2019-03-29 00:00","2019","03","29","00:00","","-20.8","","-23.2","","82","","","","24","","10","","24.1","","99.02","","","","-28","","Ice Crystals"
"-77.70","53.63","LA GRANDE RIVIERE A","7093716","2019-03-29 01:00","2019","03","29","01:00","","-21.5","","-23.9","","81","","","","20","","14","","24.1","","99.03","","","","-31","","Ice Crystals"
"-77.70","53.63","LA GRANDE RIVIERE A","7093716","2019-03-29 02:00","2019","03","29","02:00","","-21.3","","-23.7","","82","","","","20","","14","","24.1","","99.01","","","","-30","","Ice Crystals"
"-77.70","53.63","LA GRANDE RIVIERE A","7093716","2019-03-29 03:00","2019","03","29","03:00","","-21.3","","-23.7","","82","","","","20","","14","","24.1","","99.02","","","","-30","","Ice Crystals"
"-77.70","53.63","LA GRANDE RIVIERE A","7093716","2019-03-29 04:00","2019","03","29","04:00","","-20.2","","-22.7","","81","","","","21","","16","","24.1","","99.00","","","","-30","","Clear"
"-77.70","53.63","LA GRANDE RIVIERE A","7093716","2019-03-29 05:00","2019","03","29","05:00","","-20.8","","-23.4","","80","","","","22","","14","","24.1","","99.01","","","","-30","","NA"
"-77.70","53.63","LA GRANDE RIVIERE A","7093716","2019-03-29 06:00","2019","03","29","06:00","","-22.4","","-25.0","","80","","","","20","","11","","24.1","","99.01","","","","-31","","Ice Crystals"
"-77.70","53.63","LA GRANDE RIVIERE A","7093716","2019-03-29 07:00","2019","03","29","07:00","","-19.9","","-22.4","","81","","","","21","","13","","24.1","","99.04","","","","-28","","Ice Crystals"
"-77.70","53.63","LA GRANDE RIVIERE A","7093716","2019-03-29 08:00","2019","03","29","08:00","","-17.4","","-20.0","","80","","","","23","","15","","24.1","","99.04","","","","-26","","Ice Crystals"
"-77.70","53.63","LA GRANDE RIVIERE A","7093716","2019-03-29 09:00","2019","03","29","09:00","","-15.6","","-18.8","","76","","","","24","","23","","24.1","","99.04","","","","-26","","Ice Crystals"
"-77.70","53.63","LA GRANDE RIVIERE A","7093716","2019-03-29 10:00","2019","03","29","10:00","","-13.4","","-18.0","","69","","","","23","","20","","24.1","","99.00","","","","-22","","Ice Crystals"
"-77.70","53.63","LA GRANDE RIVIERE A","7093716","2019-03-29 11:00","2019","03","29","11:00","","-12.3","","-17.7","","65","","","","24","","31","","24.1","","99.00","","","","-23","","Ice Crystals"
"-77.70","53.63","LA GRANDE RIVIERE A","7093716","2019-03-29 12:00","2019","03","29","12:00","","-11.5","","-17.4","","62","","","","24","","36","","24.1","","99.00","","","","-22","","Ice Crystals,Blowing Snow"
"-77.70","53.63","LA GRANDE RIVIERE A","7093716","2019-03-29 13:00","2019","03","29","13:00","","-11.5","","-17.5","","62","","","","26","","33","","24.1","","99.03","","","","-22","","Ice Crystals"
"-77.70","53.63","LA GRANDE RIVIERE A","7093716","2019-03-29 14:00","2019","03","29","14:00","","-10.9","","-16.9","","62","","","","24","","29","","24.1","","99.03","","","","-21","","Snow Showers,Blowing Snow"
"-77.70","53.63","LA GRANDE RIVIERE A","7093716","2019-03-29 15:00","2019","03","29","15:00","","-10.1","","-16.0","","62","","","","25","","20","","24.1","","98.99","","","","-18","","Snow Showers,Blowing Snow"
"-77.70","53.63","LA GRANDE RIVIERE A","7093716","2019-03-29 16:00","2019","03","29","16:00","","-9.8","","-16.1","","61","","","","23","","32","","24.1","","98.97","","","","-20","","Blowing Snow"
"-77.70","53.63","LA GRANDE RIVIERE A","7093716","2019-03-29 17:00","2019","03","29","17:00","","-9.9","","-16.2","","60","","","","22","","27","","24.1","","98.96","","","","-19","","NA"
"-77.70","53.63","LA GRANDE RIVIERE A","7093716","2019-03-29 18:00","2019","03","29","18:00","","-10.5","","-16.4","","62","","","","20","","13","","24.1","","98.95","","","","-17","","NA"
"-77.70","53.63","LA GRANDE RIVIERE A","7093716","2019-03-29 19:00","2019","03","29","19:00","","-12.0","","-16.4","","70","","","","20","","13","","24.1","","98.92","","","","-19","","Mainly Clear"
"-77.70","53.63","LA GRANDE RIVIERE A","7093716","2019-03-29 20:00","2019","03","29","20:00","","-12.0","","-15.7","","75","","","","20","","18","","24.1","","98.93","","","","-20","","NA"
"-77.70","53.63","LA GRANDE RIVIERE A","7093716","2019-03-29 21:00","2019","03","29","21:00","","-10.2","","-13.5","","77","","","","24","","22","","24.1","","98.96","","","","-18","","Snow"
"-77.70","53.63","LA GRANDE RIVIERE A","7093716","2019-03-29 22:00","2019","03","29","22:00","","-10.3","","-12.3","","85","","","","25","","16","","8.1","","98.92","","","","-17","","Snow"
"-77.70","53.63","LA GRANDE RIVIERE A","7093716","2019-03-29 23:00","2019","03","29","23:00","","-10.3","","-12.4","","85","","","","25","","16","","4.8","","98.90","","","","-17","","Snow"
"-77.70","53.63","LA GRANDE RIVIERE A","7093716","2019-03-30 00:00","2019","03","30","00:00","","-14.4","","-16.8","","82","","","","32","","11","","4.0","","98.99","","","","-21","","Snow"
"-77.70","53.63","LA GRANDE RIVIERE A","7093716","2019-03-30 01:00","2019","03","30","01:00","","-15.1","","-17.5","","82","","","","31","","9","","4.8","","99.03","","","","-21","","Snow"
"-77.70","53.63","LA GRANDE RIVIERE A","7093716","2019-03-30 02:00","2019","03","30","02:00","","-16.1","","-18.6","","81","","","","30","","8","","8.1","","99.05","","","","-22","","Snow"
"-77.70","53.63","LA GRANDE RIVIERE A","7093716","2019-03-30 03:00","2019","03","30","03:00","","-17.4","","-20.1","","80","","","","31","","8","","11.3","","99.05","","","","-23","","Snow"
"-77.70","53.63","LA GRANDE RIVIERE A","7093716","2019-03-30 04:00","2019","03","30","04:00","","-18.3","","-21.0","","80","","","","33","","5","","24.1","","99.07","","","","-22","","Snow"
"-77.70","53.63","LA GRANDE RIVIERE A","7093716","2019-03-30 05:00","2019","03","30","05:00","","-18.4","","-21.6","","76","","","","34","","3","","24.1","","99.08","","","","-21","","Snow"
"-77.70","53.63","LA GRANDE RIVIERE A","7093716","2019-03-30 06:00","2019","03","30","06:00","","-18.4","","-21.6","","77","","","","36","","5","","24.1","","99.13","","","","-22","","Snow"
"-77.70","53.63","LA GRANDE RIVIERE A","7093716","2019-03-30 07:00","2019","03","30","07:00","","-18.6","","-22.1","","75","","","","6","","3","","24.1","","99.19","","","","-21","","Snow"
"-77.70","53.63","LA GRANDE RIVIERE A","7093716","2019-03-30 08:00","2019","03","30","08:00","","-17.8","","-21.7","","72","","","","1","","4","","24.1","","99.21","","","","-21","","NA"
"-77.70","53.63","LA GRANDE RIVIERE A","7093716","2019-03-30 09:00","2019","03","30","09:00","","-17.0","","-21.9","","66","","","","26","","8","","24.1","","99.24","","","","-23","","NA"
"-77.70","53.63","LA GRANDE RIVIERE A","7093716","2019-03-30 10:00","2019","03","30","10:00","","-15.8","","-20.9","","66","","","","26","","7","","24.1","","99.25","","","","-21","","Clear"
"-77.70","53.63","LA GRANDE RIVIERE A","7093716","2019-03-30 11:00","2019","03","30","11:00","","-14.4","","-20.4","","61","","","","24","","9","","24.1","","99.29","","","","-20","","NA"
"-77.70","53.63","LA GRANDE RIVIERE A","7093716","2019-03-30 12:00","2019","03","30","12:00","","-13.5","","-19.6","","61","","","","27","","12","","24.1","","99.28","","","","-20","","NA"
"-77.70","53.63","LA GRANDE RIVIERE A","7093716","2019-03-30 13:00","2019","03","30","13:00","","-12.9","","-19.3","","59","","","","27","","14","","24.1","","99.28","","","","-20","","Mainly Clear"
"-77.70","53.63","LA GRANDE RIVIERE A","7093716","2019-03-30 14:00","2019","03","30","14:00","","-12.5","","-18.9","","59","","","","27","","16","","24.1","","99.31","","","","-20","","NA"
"-77.70","53.63","LA GRANDE RIVIERE A","7093716","2019-03-30 15:00","2019","03","30","15:00","","-12.2","","-18.9","","58","","","","28","","17","","24.1","","99.29","","","","-20","","NA"
"-77.70","53.63","LA GRANDE RIVIERE A","7093716","2019-03-30 16:00","2019","03","30","16:00","","-12.3","","-18.7","","59","","","","28","","16","","24.1","","99.31","","","","-20","","Mainly Clear"
"-77.70","53.63","LA GRANDE RIVIERE A","7093716","2019-03-30 17:00","2019","03","30","17:00","","-13.0","","-18.8","","62","","","","27","","17","","24.1","","99.32","","","","-21","","NA"
"-77.70","53.63","LA GRANDE RIVIERE A","7093716","2019-03-30 18:00","2019","03","30","18:00","","-13.7","","-19.4","","63","","","","29","","12","","24.1","","99.38","","","","-20","","NA"
"-77.70","53.63","LA GRANDE RIVIERE A","7093716","2019-03-30 19:00","2019","03","30","19:00","","-15.6","","-20.2","","68","","","","30","","9","","24.1","","99.42","","","","-22","","Clear"
"-77.70","53.63","LA GRANDE RIVIERE A","7093716","2019-03-30 20:00","2019","03","30","20:00","","-18.5","","-22.2","","73","","","","26","","7","","24.1","","99.48","","","","-24","","NA"
"-77.70","53.63","LA GRANDE RIVIERE A","7093716","2019-03-30 21:00","2019","03","30","21:00","","-19.5","","-22.3","","78","","","","28","","9","","24.1","","99.47","","","","-26","","NA"
"-77.70","53.63","LA GRANDE RIVIERE A","7093716","2019-03-30 22:00","2019","03","30","22:00","","-20.9","","-23.2","","82","","","","27","","9","","24.1","","99.44","","","","-28","","Clear"
"-77.70","53.63","LA GRANDE RIVIERE A","7093716","2019-03-30 23:00","2019","03","30","23:00","","-21.7","","-24.0","","82","","","","28","","9","","24.1","","99.39","","","","-29","","NA"
"-77.70","53.63","LA GRANDE RIVIERE A","7093716","2019-03-31 00:00","2019","03","31","00:00","","-21.5","","-23.8","","82","","","","28","","6","","24.1","","99.37","","","","-27","","NA"
"-77.70","53.63","LA GRANDE RIVIERE A","7093716","2019-03-31 01:00","2019","03","31","01:00","","-22.3","","-24.9","","80","","","","30","","4","","24.1","","99.36","","","","-26","","Clear"
"-77.70","53.63","LA GRANDE RIVIERE A","7093716","2019-03-31 02:00","2019","03","31","02:00","","-21.9","","-24.2","","82","","","","","","0","","24.1","","99.37","","","","","","NA"
"-77.70","53.63","LA GRANDE RIVIERE A","7093716","2019-03-31 03:00","2019","03","31","03:00","","-23.5","","-26.3","","79","","","","31","","9","","24.1","","99.27","","","","-31","","Ice Crystals"
"-77.70","53.63","LA GRANDE RIVIERE A","7093716","2019-03-31 04:00","2019","03","31","04:00","","-21.3","","-23.7","","81","","","","6","","3","","24.1","","99.30","","","","-24","","Ice Crystals"
"-77.70","53.63","LA GRANDE RIVIERE A","7093716","2019-03-31 05:00","2019","03","31","05:00","","-23.1","","-25.6","","80","","","","","","0","","24.1","","99.33","","","","","","Ice Crystals"
"-77.70","53.63","LA GRANDE RIVIERE A","7093716","2019-03-31 06:00","2019","03","31","06:00","","-22.8","","-25.6","","78","","","","","","0","","24.1","","99.35","","","","","","Ice Crystals"
"-77.70","53.63","LA GRANDE RIVIERE A","7093716","2019-03-31 07:00","2019","03","31","07:00","","-19.4","","-21.8","","82","","","","","","0","","9.7","","99.32","","","","","","Ice Crystals"
"-77.70","53.63","LA GRANDE RIVIERE A","7093716","2019-03-31 08:00","2019","03","31","08:00","","-18.8","","-21.2","","82","","","","28","","7","","8.1","","99.32","","","","-24","","Snow"
"-77.70","53.63","LA GRANDE RIVIERE A","7093716","2019-03-31 09:00","2019","03","31","09:00","","-17.7","","-20.1","","82","","","","27","","9","","24.1","","99.28","","","","-24","","Snow"
"-77.70","53.63","LA GRANDE RIVIERE A","7093716","2019-03-31 10:00","2019","03","31","10:00","","-15.7","","-18.6","","79","","","","25","","7","","24.1","","99.26","","","","-21","","Mainly Clear"
"-77.70","53.63","LA GRANDE RIVIERE A","7093716","2019-03-31 11:00","2019","03","31","11:00","","-14.1","","-18.8","","68","","","","26","","9","","24.1","","99.20","","","","-20","","NA"
"-77.70","53.63","LA GRANDE RIVIERE A","7093716","2019-03-31 12:00","2019","03","31","12:00","","-12.7","","-18.5","","62","","","","26","","11","","24.1","","99.15","","","","-19","","NA"
"-77.70","53.63","LA GRANDE RIVIERE A","7093716","2019-03-31 13:00","2019","03","31","13:00","","-11.5","","-18.2","","58","","","","26","","18","","24.1","","99.08","","","","-19","","Clear"
"-77.70","53.63","LA GRANDE RIVIERE A","7093716","2019-03-31 14:00","2019","03","31","14:00","","-11.2","","-19.6","","50","","","","27","","13","","24.1","","99.09","","","","-18","","NA"
"-77.70","53.63","LA GRANDE RIVIERE A","7093716","2019-03-31 15:00","2019","03","31","15:00","","-11.1","","-20.2","","48","","","","27","","14","","24.1","","99.09","","","","-18","","NA"
"-77.70","53.63","LA GRANDE RIVIERE A","7093716","2019-03-31 16:00","2019","03","31","16:00","","-11.3","","-21.4","","44","","","","28","","18","","24.1","","99.08","","","","-19","","Clear"
"-77.70","53.63","LA GRANDE RIVIERE A","7093716","2019-03-31 17:00","2019","03","31","17:00","","-11.2","","-20.5","","47","","","","29","","12","","24.1","","99.07","","","","-17","","NA"
"-77.70","53.63","LA GRANDE RIVIERE A","7093716","2019-03-31 18:00","2019","03","31","18:00","","-11.5","","-19.2","","53","","","","29","","12","","24.1","","99.06","","","","-18","","NA"
"-77.70","53.63","LA GRANDE RIVIERE A","7093716","2019-03-31 19:00","2019","03","31","19:00","","-13.9","","-19.6","","63","","","","28","","11","","24.1","","99.08","","","","-20","","Clear"
"-77.70","53.63","LA GRANDE RIVIERE A","7093716","2019-03-31 20:00","2019","03","31","20:00","","-16.0","","-20.2","","71","","","","25","","7","","24.1","","99.07","","","","-21","","NA"
"-77.70","53.63","LA GRANDE RIVIERE A","7093716","2019-03-31 21:00","2019","03","31","21:00","","-18.4","","-22.6","","70","","","","25","","10","","24.1","","99.03","","","","-25","","NA"
"-77.70","53.63","LA GRANDE RIVIERE A","7093716","2019-03-31 22:00","2019","03","31","22:00","","-17.8","","-21.1","","76","","","","25","","10","","24.1","","99.00","","","","-25","","Clear"
"-77.70","53.63","LA GRANDE RIVIERE A","7093716","2019-03-31 23:00","2019","03","31","23:00","","-19.4","","-22.2","","79","","","","23","","7","","24.1","","98.94","","","","-25","","NA"
"-77.70","53.63","LA GRANDE RIVIERE A","7093716","2019-04-01 00:00","2019","04","01","00:00","","-17.9","","-20.7","","78","","","","21","","10","","24.1","","98.91","","","","-25","","NA"
"-77.70","53.63","LA GRANDE RIVIERE A","7093716","2019-04-01 01:00","2019","04","01","01:00","","-17.5","","-20.3","","79","","","","19","","9","","24.1","","98.87","","","","-24","","Cloudy"
"-77.70","53.63","LA GRANDE RIVIERE A","7093716","2019-04-01 02:00","2019","04","01","02:00","","-17.1","","-20.3","","76","","","","20","","14","","24.1","","98.79","","","","-25","","NA"
"-77.70","53.63","LA GRANDE RIVIERE A","7093716","2019-04-01 03:00","2019","04","01","03:00","","-16.9","","-20.0","","77","","","","19","","14","","24.1","","98.73","","","","-25","","NA"
"-77.70","53.63","LA GRANDE RIVIERE A","7093716","2019-04-01 04:00","2019","04","01","04:00","","-16.3","","-19.2","","79","","","","18","","13","","24.1","","98.67","","","","-24","","Snow"
"-77.70","53.63","LA GRANDE RIVIERE A","7093716","2019-04-01 05:00","2019","04","01","05:00","","-15.6","","-18.5","","79","","","","18","","20","","24.1","","98.60","","","","-25","","Snow"
"-77.70","53.63","LA GRANDE RIVIERE A","7093716","2019-04-01 06:00","2019","04","01","06:00","","-14.9","","-17.5","","80","","","","19","","18","","24.1","","98.55","","","","-24","","Snow"
"-77.70","53.63","LA GRANDE RIVIERE A","7093716","2019-04-01 07:00","2019","04","01","07:00","","-13.5","","-16.5","","78","","","","17","","13","","16.1","","98.53","","","","-20","","Snow"
"-77.70","53.63","LA GRANDE RIVIERE A","7093716","2019-04-01 08:00","2019","04","01","08:00","","-11.7","","-15.3","","75","","","","21","","14","","3.2","","98.50","","","","-19","","Snow Showers"
"-77.70","53.63","LA GRANDE RIVIERE A","7093716","2019-04-01 09:00","2019","04","01","09:00","","-9.9","","-14.0","","72","","","","23","","17","","2.4","","98.51","","","","-17","","Snow Showers"
"-77.70","53.63","LA GRANDE RIVIERE A","7093716","2019-04-01 10:00","2019","04","01","10:00","","-9.2","","-12.3","","78","","","","25","","16","","2.4","","98.50","","","","-16","","Snow Showers"
"-77.70","53.63","LA GRANDE RIVIERE A","7093716","2019-04-01 11:00","2019","04","01","11:00","","-9.6","","-12.7","","78","","","","27","","19","","3.2","","98.48","","","","-17","","Snow Showers"
"-77.70","53.63","LA GRANDE RIVIERE A","7093716","2019-04-01 12:00","2019","04","01","12:00","","-8.0","","-12.4","","71","","","","28","","20","","16.1","","98.46","","","","-15","","Snow Showers"
"-77.70","53.63","LA GRANDE RIVIERE A","7093716","2019-04-01 13:00","2019","04","01","13:00","","-7.6","","-12.3","","69","","","","29","","23","","16.1","","98.48","","","","-15","","Snow Showers"
"-77.70","53.63","LA GRANDE RIVIERE A","7093716","2019-04-01 14:00","2019","04","01","14:00","","-7.8","","-12.2","","71","","","","28","","20","","4.8","","98.51","","","","-15","","Snow Showers"
"-77.70","53.63","LA GRANDE RIVIERE A","7093716","2019-04-01 15:00","2019","04","01","15:00","","-8.4","","-12.3","","73","","","","26","","26","","12.9","","98.55","","","","-17","","Snow Showers"
"-77.70","53.63","LA GRANDE RIVIERE A","7093716","2019-04-01 16:00","2019","04","01","16:00","","-9.9","","-13.7","","74","","","","27","","29","","16.1","","98.60","","","","-19","","Snow Showers"
"-77.70","53.63","LA GRANDE RIVIERE A","7093716","2019-04-01 17:00","2019","04","01","17:00","","-10.0","","-13.5","","76","","","","27","","22","","9.7","","98.65","","","","-18","","Snow Showers"
"-77.70","53.63","LA GRANDE RIVIERE A","7093716","2019-04-01 18:00","2019","04","01","18:00","","-10.1","","-14.0","","73","","","","27","","21","","9.7","","98.68","","","","-18","","Snow Showers"
"-77.70","53.63","LA GRANDE RIVIERE A","7093716","2019-04-01 19:00","2019","04","01","19:00","","-10.5","","-14.7","","72","","","","26","","18","","24.1","","98.71","","","","-18","","Snow Showers"
"-77.70","53.63","LA GRANDE RIVIERE A","7093716","2019-04-01 20:00","2019","04","01","20:00","","-11.6","","-15.3","","74","","","","21","","9","","24.1","","98.72","","","","-17","","Snow"
"-77.70","53.63","LA GRANDE RIVIERE A","7093716","2019-04-01 21:00","2019","04","01","21:00","","-11.6","","-14.3","","81","","","","17","","8","","24.1","","98.67","","","","-16","","Snow"
"-77.70","53.63","LA GRANDE RIVIERE A","7093716","2019-04-01 22:00","2019","04","01","22:00","","-11.5","","-14.2","","81","","","","19","","14","","24.1","","98.63","","","","-18","","Snow"
"-77.70","53.63","LA GRANDE RIVIERE A","7093716","2019-04-01 23:00","2019","04","01","23:00","","-11.1","","-13.6","","82","","","","18","","20","","8.1","","98.57","","","","-19","","Snow"
"-77.70","53.63","LA GRANDE RIVIERE A","7093716","2019-04-02 00:00","2019","04","02","00:00","","-10.7","","-13.1","","82","","","","18","","17","","24.1","","98.54","","","","-18","","Snow"
"-77.70","53.63","LA GRANDE RIVIERE A","7093716","2019-04-02 01:00","2019","04","02","01:00","","-10.2","","-12.4","","84","","","","19","","21","","24.1","","98.54","","","","-18","","Snow"
"-77.70","53.63","LA GRANDE RIVIERE A","7093716","2019-04-02 02:00","2019","04","02","02:00","","-10.1","","-12.2","","85","","","","19","","19","","24.1","","98.49","","","","-18","","Snow"
"-77.70","53.63","LA GRANDE RIVIERE A","7093716","2019-04-02 03:00","2019","04","02","03:00","","-10.3","","-12.6","","83","","","","18","","17","","24.1","","98.47","","","","-18","","NA"
"-77.70","53.63","LA GRANDE RIVIERE A","7093716","2019-04-02 04:00","2019","04","02","04:00","","-11.5","","-13.8","","84","","","","18","","20","","24.1","","98.45","","","","-20","","Clear"
"-77.70","53.63","LA GRANDE RIVIERE A","7093716","2019-04-02 05:00","2019","04","02","05:00","","-12.1","","-14.7","","81","","","","17","","19","","24.1","","98.43","","","","-20","","NA"
"-77.70","53.63","LA GRANDE RIVIERE A","7093716","2019-04-02 06:00","2019","04","02","06:00","","-12.0","","-15.2","","77","","","","17","","18","","24.1","","98.39","","","","-20","","NA"
"-77.70","53.63","LA GRANDE RIVIERE A","7093716","2019-04-02 07:00","2019","04","02","07:00","","-10.1","","-14.8","","69","","","","17","","21","","24.1","","98.36","","","","-18","","Cloudy"
"-77.70","53.63","LA GRANDE RIVIERE A","7093716","2019-04-02 08:00","2019","04","02","08:00","","-7.8","","-14.1","","61","","","","16","","21","","24.1","","98.32","","","","-15","","NA"
"-77.70","53.63","LA GRANDE RIVIERE A","7093716","2019-04-02 09:00","2019","04","02","09:00","","-5.6","","-13.2","","55","","","","17","","25","","24.1","","98.23","","","","-13","","NA"
"-77.70","53.63","LA GRANDE RIVIERE A","7093716","2019-04-02 10:00","2019","04","02","10:00","","-3.8","","-9.4","","65","","","","16","","28","","24.1","","98.16","","","","-11","","Cloudy"
"-77.70","53.63","LA GRANDE RIVIERE A","7093716","2019-04-02 11:00","2019","04","02","11:00","","-2.8","","-8.4","","65","","","","18","","24","","24.1","","98.09","","","","-9","","NA"
"-77.70","53.63","LA GRANDE RIVIERE A","7093716","2019-04-02 12:00","2019","04","02","12:00","","-1.4","","-8.0","","61","","","","18","","26","","24.1","","98.01","","","","-8","","NA"
"-77.70","53.63","LA GRANDE RIVIERE A","7093716","2019-04-02 13:00","2019","04","02","13:00","","-0.7","","-7.1","","62","","","","16","","27","","24.1","","97.93","","","","-7","","Snow Showers"
"-77.70","53.63","LA GRANDE RIVIERE A","7093716","2019-04-02 14:00","2019","04","02","14:00","","-1.2","","-4.9","","76","","","","18","","35","","2.4","","97.92","","","","-9","","Snow Showers"
"-77.70","53.63","LA GRANDE RIVIERE A","7093716","2019-04-02 15:00","2019","04","02","15:00","","-1.5","","-3.5","","87","","","","19","","25","","2.0","","97.91","","","","-8","","Snow Showers,Blowing Snow"
"-77.70","53.63","LA GRANDE RIVIERE A","7093716","2019-04-02 16:00","2019","04","02","16:00","","-0.3","","-2.8","","83","","","","20","","19","","9.7","","97.90","","","","-5","","Snow Showers,Blowing Snow"
"-77.70","53.63","LA GRANDE RIVIERE A","7093716","2019-04-02 17:00","2019","04","02","17:00","","1.0","","-4.6","","66","","","","21","","22","","16.1","","97.92","","","","","","Snow Showers,Blowing Snow"
"-77.70","53.63","LA GRANDE RIVIERE A","7093716","2019-04-02 18:00","2019","04","02","18:00","","1.2","","-4.8","","64","","","","21","","22","","24.1","","97.95","","","","","","Snow Showers"
"-77.70","53.63","LA GRANDE RIVIERE A","7093716","2019-04-02 19:00","2019","04","02","19:00","","0.0","","-5.2","","68","","","","18","","12","","24.1","","97.96","","","","-4","","Snow Showers"
"-77.70","53.63","LA GRANDE RIVIERE A","7093716","2019-04-02 20:00","2019","04","02","20:00","","-0.2","","-5.5","","67","","","","16","","16","","24.1","","97.95","","","","-5","","Snow"
"-77.70","53.63","LA GRANDE RIVIERE A","7093716","2019-04-02 21:00","2019","04","02","21:00","","-0.1","","-6.1","","64","","","","15","","19","","24.1","","97.91","","","","-5","","NA"
"-77.70","53.63","LA GRANDE RIVIERE A","7093716","2019-04-02 22:00","2019","04","02","22:00","","0.0","","-6.2","","63","","","","16","","30","","24.1","","97.85","","","","-6","","Cloudy"
"-77.70","53.63","LA GRANDE RIVIERE A","7093716","2019-04-02 23:00","2019","04","02","23:00","","-0.4","","-5.4","","69","","","","16","","26","","24.1","","97.81","","","","-7","","NA"
"-77.70","53.63","LA GRANDE RIVIERE A","7093716","2019-04-03 00:00","2019","04","03","00:00","","-0.9","","-5.3","","72","","","","17","","22","","24.1","","97.77","","","","-7","","NA"
"-77.70","53.63","LA GRANDE RIVIERE A","7093716","2019-04-03 01:00","2019","04","03","01:00","","-1.0","","-5.2","","74","","","","17","","22","","24.1","","97.72","","","","-7","","Mainly Clear"
"-77.70","53.63","LA GRANDE RIVIERE A","7093716","2019-04-03 02:00","2019","04","03","02:00","","-1.4","","-5.0","","77","","","","17","","19","","24.1","","97.68","","","","-7","","NA"
"-77.70","53.63","LA GRANDE RIVIERE A","7093716","2019-04-03 03:00","2019","04","03","03:00","","-1.7","","-4.8","","79","","","","17","","19","","24.1","","97.65","","","","-7","","NA"
"-77.70","53.63","LA GRANDE RIVIERE A","7093716","2019-04-03 04:00","2019","04","03","04:00","","-1.6","","-4.2","","83","","","","16","","19","","24.1","","97.63","","","","-7","","Snow"
"-77.70","53.63","LA GRANDE RIVIERE A","7093716","2019-04-03 05:00","2019","04","03","05:00","","-1.5","","-3.4","","87","","","","15","","20","","11.3","","97.59","","","","-7","","Snow"
"-77.70","53.63","LA GRANDE RIVIERE A","7093716","2019-04-03 06:00","2019","04","03","06:00","","-1.5","","-3.2","","88","","","","14","","17","","4.8","","97.57","","","","-7","","Snow"
"-77.70","53.63","LA GRANDE RIVIERE A","7093716","2019-04-03 07:00","2019","04","03","07:00","","-0.9","","-2.6","","88","","","","15","","20","","4.0","","97.53","","","","-6","","Snow"
"-77.70","53.63","LA GRANDE RIVIERE A","7093716","2019-04-03 08:00","2019","04","03","08:00","","-0.2","","-2.0","","87","","","","15","","16","","4.0","","97.47","","","","-5","","Snow"
"-77.70","53.63","LA GRANDE RIVIERE A","7093716","2019-04-03 09:00","2019","04","03","09:00","","0.7","","-1.9","","83","","","","16","","13","","9.7","","97.42","","","","","","Snow"
"-77.70","53.63","LA GRANDE RIVIERE A","7093716","2019-04-03 10:00","2019","04","03","10:00","","1.2","","-1.9","","80","","","","16","","17","","9.7","","97.37","","","","","","Snow"
"-77.70","53.63","LA GRANDE RIVIERE A","7093716","2019-04-03 11:00","2019","04","03","11:00","","1.5","","-1.5","","80","","","","17","","9","","6.4","","97.34","","","","","","Snow"
"-77.70","53.63","LA GRANDE RIVIERE A","7093716","2019-04-03 12:00","2019","04","03","12:00","","1.1","","-0.7","","88","","","","18","","7","","2.4","","97.31","","","","","","Snow,Fog"
"-77.70","53.63","LA GRANDE RIVIERE A","7093716","2019-04-03 13:00","2019","04","03","13:00","","1.4","","-0.4","","88","","","","18","","8","","2.4","","97.29","","","","","","Snow,Fog"
"-77.70","53.63","LA GRANDE RIVIERE A","7093716","2019-04-03 14:00","2019","04","03","14:00","","1.6","","-0.8","","84","","","","11","","6","","6.4","","97.28","","","","","","Snow,Fog"
"-77.70","53.63","LA GRANDE RIVIERE A","7093716","2019-04-03 15:00","2019","04","03","15:00","","1.2","","0.1","","92","","","","1","","3","","2.4","","97.29","","","","","","Snow,Fog"
"-77.70","53.63","LA GRANDE RIVIERE A","7093716","2019-04-03 16:00","2019","04","03","16:00","","0.7","","-0.1","","94","","","","","","0","","1.6","","97.32","","","","","","Snow,Fog"
"-77.70","53.63","LA GRANDE RIVIERE A","7093716","2019-04-03 17:00","2019","04","03","17:00","","-4.7","","-6.0","","91","","","","30","","23","","1.2","","97.47","","","","-12","","Snow"
"-77.70","53.63","LA GRANDE RIVIERE A","7093716","2019-04-03 18:00","2019","04","03","18:00","","-8.0","","-9.9","","86","","","","31","","23","","1.2","","97.61","","","","-16","","Snow"
"-77.70","53.63","LA GRANDE RIVIERE A","7093716","2019-04-03 19:00","2019","04","03","19:00","","-9.7","","-11.7","","86","","","","31","","29","","1.0","","97.76","","","","-19","","Snow"
"-77.70","53.63","LA GRANDE RIVIERE A","7093716","2019-04-03 20:00","2019","04","03","20:00","","-11.3","","-13.6","","84","","","","31","","33","","2.0","","97.93","","","","-22","","Snow"
"-77.70","53.63","LA GRANDE RIVIERE A","7093716","2019-04-03 21:00","2019","04","03","21:00","","-12.1","","-14.5","","83","","","","31","","35","","2.0","","98.10","","","","-23","","Snow"
"-77.70","53.63","LA GRANDE RIVIERE A","7093716","2019-04-03 22:00","2019","04","03","22:00","","-12.8","","-15.4","","81","","","","31","","40","","2.4","","98.18","","","","-25","","Snow,Blowing Snow"
"-77.70","53.63","LA GRANDE RIVIERE A","7093716","2019-04-03 23:00","2019","04","03","23:00","","-13.6","","-16.1","","81","","","","31","","36","","1.6","","98.30","","","","-25","","Snow,Blowing Snow"
"-77.70","53.63","LA GRANDE RIVIERE A","7093716","2019-04-04 00:00","2019","04","04","00:00","","-14.1","","-16.6","","81","","","","30","","35","","1.2","","98.41","","","","-26","","Snow,Blowing Snow"
"-77.70","53.63","LA GRANDE RIVIERE A","7093716","2019-04-04 01:00","2019","04","04","01:00","","-14.5","","-16.9","","82","","","","30","","32","","1.2","","98.55","","","","-26","","Snow,Blowing Snow"
"-77.70","53.63","LA GRANDE RIVIERE A","7093716","2019-04-04 02:00","2019","04","04","02:00","","-14.8","","-17.6","","80","","","","31","","42","","1.6","","98.68","","","","-27","","Snow,Blowing Snow"
"-77.70","53.63","LA GRANDE RIVIERE A","7093716","2019-04-04 03:00","2019","04","04","03:00","","-15.4","","-18.1","","80","","","","30","","30","","1.2","","98.83","","","","-27","","Snow,Blowing Snow"
"-77.70","53.63","LA GRANDE RIVIERE A","7093716","2019-04-04 04:00","2019","04","04","04:00","","-15.7","","-18.6","","79","","","","31","","27","","2.4","","98.97","","","","-26","","Snow,Blowing Snow"
"-77.70","53.63","LA GRANDE RIVIERE A","7093716","2019-04-04 05:00","2019","04","04","05:00","","-16.3","","-19.2","","79","","","","30","","30","","4.0","","99.13","","","","-28","","Snow,Blowing Snow"
"-77.70","53.63","LA GRANDE RIVIERE A","7093716","2019-04-04 06:00","2019","04","04","06:00","","-16.7","","-19.7","","78","","","","30","","25","","6.4","","99.29","","","","-27","","Snow"
"-77.70","53.63","LA GRANDE RIVIERE A","7093716","2019-04-04 07:00","2019","04","04","07:00","","-16.3","","-19.3","","78","","","","31","","25","","4.8","","99.42","","","","-27","","Snow,Blowing Snow"
"-77.70","53.63","LA GRANDE RIVIERE A","7093716","2019-04-04 08:00","2019","04","04","08:00","","-14.8","","-18.2","","76","","","","31","","31","","8.1","","99.54","","","","-26","","Snow,Blowing Snow"
"-77.70","53.63","LA GRANDE RIVIERE A","7093716","2019-04-04 09:00","2019","04","04","09:00","","-14.6","","-18.4","","73","","","","31","","26","","8.1","","99.65","","","","-25","","Snow,Blowing Snow"
"-77.70","53.63","LA GRANDE RIVIERE A","7093716","2019-04-04 10:00","2019","04","04","10:00","","-13.3","","-17.3","","72","","","","30","","34","","12.9","","99.75","","","","-24","","Snow,Blowing Snow"
"-77.70","53.63","LA GRANDE RIVIERE A","7093716","2019-04-04 11:00","2019","04","04","11:00","","-12.2","","-16.9","","68","","","","31","","28","","24.1","","99.86","","","","-22","","Blowing Snow"
"-77.70","53.63","LA GRANDE RIVIERE A","7093716","2019-04-04 12:00","2019","04","04","12:00","","-11.7","","-16.7","","67","","","","30","","27","","24.1","","99.95","","","","-21","","Blowing Snow"
"-77.70","53.63","LA GRANDE RIVIERE A","7093716","2019-04-04 13:00","2019","04","04","13:00","","-11.3","","-16.6","","65","","","","30","","23","","24.1","","100.08","","","","-20","","Blowing Snow"
"-77.70","53.63","LA GRANDE RIVIERE A","7093716","2019-04-04 14:00","2019","04","04","14:00","","-10.9","","-15.5","","69","","","","28","","31","","24.1","","100.16","","","","-21","","Blowing Snow"
"-77.70","53.63","LA GRANDE RIVIERE A","7093716","2019-04-04 15:00","2019","04","04","15:00","","-12.0","","-15.9","","73","","","","28","","30","","24.1","","100.24","","","","-22","","Blowing Snow"
"-77.70","53.63","LA GRANDE RIVIERE A","7093716","2019-04-04 16:00","2019","04","04","16:00","","-13.0","","-16.5","","76","","","","28","","24","","24.1","","100.30","","","","-22","","Snow,Blowing Snow"
"-77.70","53.63","LA GRANDE RIVIERE A","7093716","2019-04-04 17:00","2019","04","04","17:00","","-14.0","","-17.4","","76","","","","27","","30","","19.3","","100.35","","","","-25","","Snow,Blowing Snow"
"-77.70","53.63","LA GRANDE RIVIERE A","7093716","2019-04-04 18:00","2019","04","04","18:00","","-14.7","","-18.0","","76","","","","28","","27","","19.3","","100.39","","","","-25","","Snow,Blowing Snow"
"-77.70","53.63","LA GRANDE RIVIERE A","7093716","2019-04-04 19:00","2019","04","04","19:00","","-15.2","","-18.3","","77","","","","28","","24","","24.1","","100.38","","","","-25","","Snow"
"-77.70","53.63","LA GRANDE RIVIERE A","7093716","2019-04-04 20:00","2019","04","04","20:00","","-16.1","","-19.1","","78","","","","27","","13","","24.1","","100.36","","","","-24","","Snow"
"-77.70","53.63","LA GRANDE RIVIERE A","7093716","2019-04-04 21:00","2019","04","04","21:00","","-16.5","","-19.2","","80","","","","23","","7","","24.1","","100.35","","","","-22","","Snow"
"-77.70","53.63","LA GRANDE RIVIERE A","7093716","2019-04-04 22:00","2019","04","04","22:00","","-17.9","","-20.2","","83","","","","20","","9","","24.1","","100.30","","","","-24","","Snow"
"-77.70","53.63","LA GRANDE RIVIERE A","7093716","2019-04-04 23:00","2019","04","04","23:00","","-18.5","","-20.6","","84","","","","20","","11","","24.1","","100.27","","","","-26","","NA"
"-77.70","53.63","LA GRANDE RIVIERE A","7093716","2019-04-05 00:00","2019","04","05","00:00","","-18.8","","-20.8","","84","","","","20","","12","","24.1","","100.21","","","","-27","","NA"
"-77.70","53.63","LA GRANDE RIVIERE A","7093716","2019-04-05 01:00","2019","04","05","01:00","","-18.1","","-20.1","","85","","","","19","","12","","24.1","","100.18","","","","-26","","Mainly Clear"
"-77.70","53.63","LA GRANDE RIVIERE A","7093716","2019-04-05 02:00","2019","04","05","02:00","","-17.5","","-19.6","","84","","","","17","","17","","24.1","","100.09","","","","-27","","NA"
"-77.70","53.63","LA GRANDE RIVIERE A","7093716","2019-04-05 03:00","2019","04","05","03:00","","-16.9","","-19.2","","83","","","","18","","14","","24.1","","100.02","","","","-25","","NA"
"-77.70","53.63","LA GRANDE RIVIERE A","7093716","2019-04-05 04:00","2019","04","05","04:00","","-16.1","","-18.5","","82","","","","17","","20","","24.1","","99.89","","","","-26","","Cloudy"
"-77.70","53.63","LA GRANDE RIVIERE A","7093716","2019-04-05 05:00","2019","04","05","05:00","","-15.3","","-17.8","","82","","","","17","","19","","4.8","","99.79","","","","-24","","Snow"
"-77.70","53.63","LA GRANDE RIVIERE A","7093716","2019-04-05 06:00","2019","04","05","06:00","","-14.5","","-17.3","","80","","","","15","","16","","24.1","","99.65","","","","-23","","NA"
"-77.70","53.63","LA GRANDE RIVIERE A","7093716","2019-04-05 07:00","2019","04","05","07:00","","-13.3","","-15.9","","81","","","","14","","21","","1.6","","99.49","","","","-22","","Snow"
"-77.70","53.63","LA GRANDE RIVIERE A","7093716","2019-04-05 08:00","2019","04","05","08:00","","-11.8","","-14.2","","83","","","","13","","24","","1.6","","99.29","","","","-21","","Snow"
"-77.70","53.63","LA GRANDE RIVIERE A","7093716","2019-04-05 09:00","2019","04","05","09:00","","-9.4","","-13.1","","75","","","","14","","23","","24.1","","99.07","","","","-18","","Snow,Blowing Snow"
"-77.70","53.63","LA GRANDE RIVIERE A","7093716","2019-04-05 10:00","2019","04","05","10:00","","-7.8","","-14.1","","61","","","","16","","28","","24.1","","98.95","","","","-16","","Snow,Blowing Snow"
"-77.70","53.63","LA GRANDE RIVIERE A","7093716","2019-04-05 11:00","2019","04","05","11:00","","-7.6","","-11.4","","74","","","","18","","18","","1.2","","98.85","","","","-14","","Snow Showers,Blowing Snow"
"-77.70","53.63","LA GRANDE RIVIERE A","7093716","2019-04-05 12:00","2019","04","05","12:00","","-6.8","","-10.3","","77","","","","17","","18","","16.1","","98.77","","","","-13","","Snow Showers,Blowing Snow"
"-77.70","53.63","LA GRANDE RIVIERE A","7093716","2019-04-05 13:00","2019","04","05","13:00","","-5.6","","-8.9","","78","","","","21","","20","","24.1","","98.68","","","","-12","","Snow Showers,Blowing Snow"
"-77.70","53.63","LA GRANDE RIVIERE A","7093716","2019-04-05 14:00","2019","04","05","14:00","","-5.1","","-8.0","","80","","","","23","","25","","24.1","","98.62","","","","-12","","Snow Showers,Blowing Snow"
"-77.70","53.63","LA GRANDE RIVIERE A","7093716","2019-04-05 15:00","2019","04","05","15:00","","-4.8","","-7.2","","84","","","","21","","23","","19.3","","98.56","","","","-12","","Snow Showers,Blowing Snow"
"-77.70","53.63","LA GRANDE RIVIERE A","7093716","2019-04-05 16:00","2019","04","05","16:00","","-4.5","","-6.4","","87","","","","22","","25","","16.1","","98.53","","","","-12","","Snow Showers,Blowing Snow"
"-77.70","53.63","LA GRANDE RIVIERE A","7093716","2019-04-05 17:00","2019","04","05","17:00","","-4.2","","-5.8","","88","","","","23","","18","","4.8","","98.54","","","","-10","","Snow Showers,Blowing Snow"
"-77.70","53.63","LA GRANDE RIVIERE A","7093716","2019-04-05 18:00","2019","04","05","18:00","","-3.8","","-5.3","","89","","","","22","","12","","3.2","","98.54","","","","-8","","Snow Showers,Blowing Snow"
"-77.70","53.63","LA GRANDE RIVIERE A","7093716","2019-04-05 19:00","2019","04","05","19:00","","-3.8","","-5.0","","91","","","","23","","12","","2.8","","98.54","","","","-8","","Snow"
"-77.70","53.63","LA GRANDE RIVIERE A","7093716","2019-04-05 20:00","2019","04","05","20:00","","-3.7","","-4.7","","92","","","","25","","16","","4.0","","98.56","","","","-9","","Snow"
"-77.70","53.63","LA GRANDE RIVIERE A","7093716","2019-04-05 21:00","2019","04","05","21:00","","-3.8","","-4.8","","93","","","","27","","21","","11.3","","98.57","","","","-10","","Snow"
"-77.70","53.63","LA GRANDE RIVIERE A","7093716","2019-04-05 22:00","2019","04","05","22:00","","-4.3","","-5.7","","90","","","","27","","22","","19.3","","98.58","","","","-11","","Snow"
"-77.70","53.63","LA GRANDE RIVIERE A","7093716","2019-04-05 23:00","2019","04","05","23:00","","-5.2","","-6.7","","89","","","","27","","19","","24.1","","98.62","","","","-12","","Snow"
"-77.70","53.63","LA GRANDE RIVIERE A","7093716","2019-04-06 00:00","2019","04","06","00:00","","-5.9","","-7.1","","91","","","","29","","17","","24.1","","98.67","","","","-12","","Snow"
"-77.70","53.63","LA GRANDE RIVIERE A","7093716","2019-04-06 01:00","2019","04","06","01:00","","-7.2","","-8.5","","91","","","","29","","18","","24.1","","98.74","","","","-14","","Snow"
"-77.70","53.63","LA GRANDE RIVIERE A","7093716","2019-04-06 02:00","2019","04","06","02:00","","-8.4","","-9.9","","89","","","","30","","18","","24.1","","98.79","","","","-15","","Snow"
"-77.70","53.63","LA GRANDE RIVIERE A","7093716","2019-04-06 03:00","2019","04","06","03:00","","-9.2","","-10.8","","88","","","","31","","13","","11.3","","98.86","","","","-15","","Snow"
"-77.70","53.63","LA GRANDE RIVIERE A","7093716","2019-04-06 04:00","2019","04","06","04:00","","-11.7","","-13.8","","84","","","","32","","17","","24.1","","98.97","","","","-19","","Snow"
"-77.70","53.63","LA GRANDE RIVIERE A","7093716","2019-04-06 05:00","2019","04","06","05:00","","-14.8","","-17.1","","83","","","","32","","13","","24.1","","99.06","","","","-22","","Snow"
"-77.70","53.63","LA GRANDE RIVIERE A","7093716","2019-04-06 06:00","2019","04","06","06:00","","-17.4","","-19.6","","84","","","","30","","9","","24.1","","99.16","","","","-24","","NA"
"-77.70","53.63","LA GRANDE RIVIERE A","7093716","2019-04-06 07:00","2019","04","06","07:00","","-17.3","","-20.1","","80","","","","30","","14","","24.1","","99.24","","","","-25","","Clear"
"-77.70","53.63","LA GRANDE RIVIERE A","7093716","2019-04-06 08:00","2019","04","06","08:00","","-15.8","","-19.9","","71","","","","31","","13","","24.1","","99.31","","","","-23","","NA"
"-77.70","53.63","LA GRANDE RIVIERE A","7093716","2019-04-06 09:00","2019","04","06","09:00","","-14.7","","-19.3","","68","","","","31","","11","","24.1","","99.37","","","","-21","","NA"
"-77.70","53.63","LA GRANDE RIVIERE A","7093716","2019-04-06 10:00","2019","04","06","10:00","","-13.6","","-19.2","","63","","","","30","","13","","24.1","","99.43","","","","-21","","Clear"
"-77.70","53.63","LA GRANDE RIVIERE A","7093716","2019-04-06 11:00","2019","04","06","11:00","","-12.5","","-18.7","","60","","","","29","","17","","24.1","","99.46","","","","-20","","NA"
"-77.70","53.63","LA GRANDE RIVIERE A","7093716","2019-04-06 12:00","2019","04","06","12:00","","-11.3","","-18.4","","56","","","","31","","14","","24.1","","99.52","","","","-18","","NA"
"-77.70","53.63","LA GRANDE RIVIERE A","7093716","2019-04-06 13:00","2019","04","06","13:00","","-11.1","","-17.9","","58","","","","27","","22","","24.1","","99.58","","","","-20","","Clear"
"-77.70","53.63","LA GRANDE RIVIERE A","7093716","2019-04-06 14:00","2019","04","06","14:00","","-10.9","","-18.3","","55","","","","27","","23","","24.1","","99.61","","","","-20","","NA"
"-77.70","53.63","LA GRANDE RIVIERE A","7093716","2019-04-06 15:00","2019","04","06","15:00","","-10.4","","-19.0","","50","","","","27","","15","","24.1","","99.64","","","","-17","","NA"
"-77.70","53.63","LA GRANDE RIVIERE A","7093716","2019-04-06 16:00","2019","04","06","16:00","","-9.8","","-19.7","","45","","","","30","","10","","24.1","","99.63","","","","-15","","Mainly Clear"
"-77.70","53.63","LA GRANDE RIVIERE A","7093716","2019-04-06 17:00","2019","04","06","17:00","","-10.2","","-18.3","","52","","","","27","","18","","24.1","","99.65","","","","-18","","NA"
"-77.70","53.63","LA GRANDE RIVIERE A","7093716","2019-04-06 18:00","2019","04","06","18:00","","-10.9","","-18.3","","55","","","","25","","17","","24.1","","99.67","","","","-18","","NA"
"-77.70","53.63","LA GRANDE RIVIERE A","7093716","2019-04-06 19:00","2019","04","06","19:00","","-13.4","","-19.5","","61","","","","25","","13","","24.1","","99.71","","","","-20","","Mainly Clear"
"-77.70","53.63","LA GRANDE RIVIERE A","7093716","2019-04-06 20:00","2019","04","06","20:00","","-14.4","","-19.9","","63","","","","25","","12","","24.1","","99.73","","","","-21","","NA"
"-77.70","53.63","LA GRANDE RIVIERE A","7093716","2019-04-06 21:00","2019","04","06","21:00","","-15.1","","-19.8","","68","","","","21","","12","","24.1","","99.72","","","","-22","","NA"
"-77.70","53.63","LA GRANDE RIVIERE A","7093716","2019-04-06 22:00","2019","04","06","22:00","","-14.7","","-17.3","","81","","","","22","","14","","24.1","","99.70","","","","-22","","Cloudy"
"-77.70","53.63","LA GRANDE RIVIERE A","7093716","2019-04-06 23:00","2019","04","06","23:00","","-15.5","","-17.5","","85","","","","20","","14","","4.8","","99.69","","","","-23","","Snow"
"-77.70","53.63","LA GRANDE RIVIERE A","7093716","2019-04-07 00:00","2019","04","07","00:00","","-15.0","","-17.1","","84","","","","21","","13","","8.1","","99.67","","","","-22","","Snow"
"-77.70","53.63","LA GRANDE RIVIERE A","7093716","2019-04-07 01:00","2019","04","07","01:00","","-14.1","","-16.4","","83","","","","22","","15","","2.4","","99.67","","","","-22","","Snow"
"-77.70","53.63","LA GRANDE RIVIERE A","7093716","2019-04-07 02:00","2019","04","07","02:00","","-13.8","","-16.0","","84","","","","25","","14","","2.4","","99.70","","","","-21","","Snow"
"-77.70","53.63","LA GRANDE RIVIERE A","7093716","2019-04-07 03:00","2019","04","07","03:00","","-13.8","","-15.9","","84","","","","28","","18","","2.4","","99.74","","","","-22","","Snow"
"-77.70","53.63","LA GRANDE RIVIERE A","7093716","2019-04-07 04:00","2019","04","07","04:00","","-15.2","","-17.6","","82","","","","31","","10","","24.1","","99.86","","","","-21","","Snow"
"-77.70","53.63","LA GRANDE RIVIERE A","7093716","2019-04-07 05:00","2019","04","07","05:00","","-17.1","","-19.3","","83","","","","32","","9","","24.1","","100.01","","","","-23","","Ice Crystals"
"-77.70","53.63","LA GRANDE RIVIERE A","7093716","2019-04-07 06:00","2019","04","07","06:00","","-18.6","","-20.9","","82","","","","29","","10","","24.1","","100.17","","","","-26","","Ice Crystals"
"-77.70","53.63","LA GRANDE RIVIERE A","7093716","2019-04-07 07:00","2019","04","07","07:00","","-18.2","","-20.7","","81","","","","32","","9","","24.1","","100.25","","","","-25","","Ice Crystals"
"-77.70","53.63","LA GRANDE RIVIERE A","7093716","2019-04-07 08:00","2019","04","07","08:00","","-17.1","","-20.8","","73","","","","32","","11","","24.1","","100.33","","","","-24","","Ice Crystals"
"-77.70","53.63","LA GRANDE RIVIERE A","7093716","2019-04-07 09:00","2019","04","07","09:00","","-15.8","","-21.6","","62","","","","34","","12","","24.1","","100.35","","","","-23","","Ice Crystals"
"-77.70","53.63","LA GRANDE RIVIERE A","7093716","2019-04-07 10:00","2019","04","07","10:00","","-14.9","","-21.4","","58","","","","31","","12","","24.1","","100.39","","","","-22","","Ice Crystals"
"-77.70","53.63","LA GRANDE RIVIERE A","7093716","2019-04-07 11:00","2019","04","07","11:00","","-14.3","","-21.0","","57","","","","32","","9","","24.1","","100.42","","","","-20","","NA"
"-77.70","53.63","LA GRANDE RIVIERE A","7093716","2019-04-07 12:00","2019","04","07","12:00","","-13.3","","-20.5","","55","","","","28","","15","","24.1","","100.43","","","","-21","","NA"
"-77.70","53.63","LA GRANDE RIVIERE A","7093716","2019-04-07 13:00","2019","04","07","13:00","","-12.2","","-20.3","","51","","","","27","","8","","24.1","","100.46","","","","-17","","Clear"
"-77.70","53.63","LA GRANDE RIVIERE A","7093716","2019-04-07 14:00","2019","04","07","14:00","","-11.7","","-19.7","","52","","","","27","","15","","24.1","","100.49","","","","-19","","NA"
"-77.70","53.63","LA GRANDE RIVIERE A","7093716","2019-04-07 15:00","2019","04","07","15:00","","-11.1","","-20.0","","48","","","","26","","14","","24.1","","100.49","","","","-18","","NA"
"-77.70","53.63","LA GRANDE RIVIERE A","7093716","2019-04-07 16:00","2019","04","07","16:00","","-10.9","","-20.1","","47","","","","28","","13","","24.1","","100.48","","","","-17","","Clear"
"-77.70","53.63","LA GRANDE RIVIERE A","7093716","2019-04-07 17:00","2019","04","07","17:00","","-11.2","","-20.4","","47","","","","27","","11","","24.1","","100.47","","","","-17","","NA"
"-77.70","53.63","LA GRANDE RIVIERE A","7093716","2019-04-07 18:00","2019","04","07","18:00","","-11.3","","-20.7","","46","","","","27","","8","","24.1","","100.45","","","","-16","","NA"
"-77.70","53.63","LA GRANDE RIVIERE A","7093716","2019-04-07 19:00","2019","04","07","19:00","","-12.4","","-20.3","","52","","","","31","","6","","24.1","","100.44","","","","-16","","Mainly Clear"
"-77.70","53.63","LA GRANDE RIVIERE A","7093716","2019-04-07 20:00","2019","04","07","20:00","","-14.7","","-20.6","","62","","","","34","","5","","24.1","","100.42","","","","-18","","NA"
"-77.70","53.63","LA GRANDE RIVIERE A","7093716","2019-04-07 21:00","2019","04","07","21:00","","-15.8","","-20.6","","67","","","","1","","4","","24.1","","100.43","","","","-19","","NA"
"-77.70","53.63","LA GRANDE RIVIERE A","7093716","2019-04-07 22:00","2019","04","07","22:00","","-16.7","","-20.8","","71","","","","5","","8","","24.1","","100.41","","","","-22","","Clear"
"-77.70","53.63","LA GRANDE RIVIERE A","7093716","2019-04-07 23:00","2019","04","07","23:00","","-17.2","","-21.1","","72","","","","5","","11","","24.1","","100.38","","","","-24","","NA"
"-77.70","53.63","LA GRANDE RIVIERE A","7093716","2019-04-08 00:00","2019","04","08","00:00","","-18.2","","-21.8","","74","","","","10","","7","","24.1","","100.36","","","","-24","","NA"
"-77.70","53.63","LA GRANDE RIVIERE A","7093716","2019-04-08 01:00","2019","04","08","01:00","","-19.1","","-22.0","","78","","","","11","","11","","24.1","","100.30","","","","-27","","Clear"
"-77.70","53.63","LA GRANDE RIVIERE A","7093716","2019-04-08 02:00","2019","04","08","02:00","","-19.4","","-22.5","","77","","","","11","","11","","24.1","","100.24","","","","-27","","NA"
"-77.70","53.63","LA GRANDE RIVIERE A","7093716","2019-04-08 03:00","2019","04","08","03:00","","-20.6","","-23.7","","77","","","","10","","13","","24.1","","100.21","","","","-29","","NA"
"-77.70","53.63","LA GRANDE RIVIERE A","7093716","2019-04-08 04:00","2019","04","08","04:00","","-21.6","","-25.1","","74","","","","10","","13","","24.1","","100.14","","","","-30","","Clear"
"-77.70","53.63","LA GRANDE RIVIERE A","7093716","2019-04-08 05:00","2019","04","08","05:00","","-21.2","","-24.4","","76","","","","7","","16","","24.1","","100.08","","","","-31","","NA"
"-77.70","53.63","LA GRANDE RIVIERE A","7093716","2019-04-08 06:00","2019","04","08","06:00","","-20.8","","-23.6","","79","","","","9","","13","","24.1","","100.04","","","","-29","","NA"
"-77.70","53.63","LA GRANDE RIVIERE A","7093716","2019-04-08 07:00","2019","04","08","07:00","","-18.8","","-22.6","","72","","","","8","","17","","24.1","","100.04","","","","-28","","Clear"
"-77.70","53.63","LA GRANDE RIVIERE A","7093716","2019-04-08 08:00","2019","04","08","08:00","","-16.2","","-21.7","","63","","","","7","","21","","24.1","","99.98","","","","-26","","NA"
"-77.70","53.63","LA GRANDE RIVIERE A","7093716","2019-04-08 09:00","2019","04","08","09:00","","-14.5","","-20.9","","59","","","","8","","21","","24.1","","99.93","","","","-24","","NA"
"-77.70","53.63","LA GRANDE RIVIERE A","7093716","2019-04-08 10:00","2019","04","08","10:00","","-12.2","","-19.7","","54","","","","7","","21","","24.1","","99.86","","","","-21","","Mainly Clear"
"-77.70","53.63","LA GRANDE RIVIERE A","7093716","2019-04-08 11:00","2019","04","08","11:00","","-10.4","","-18.5","","52","","","","6","","25","","24.1","","99.80","","","","-19","","NA"
"-77.70","53.63","LA GRANDE RIVIERE A","7093716","2019-04-08 12:00","2019","04","08","12:00","","-8.6","","-17.1","","51","","","","7","","20","","24.1","","99.72","","","","-16","","NA"
"-77.70","53.63","LA GRANDE RIVIERE A","7093716","2019-04-08 13:00","2019","04","08","13:00","","-7.3","","-15.9","","50","","","","7","","27","","24.1","","99.66","","","","-16","","Mainly Clear"
"-77.70","53.63","LA GRANDE RIVIERE A","7093716","2019-04-08 14:00","2019","04","08","14:00","","-6.4","","-15.1","","50","","","","6","","23","","24.1","","99.62","","","","-14","","NA"
"-77.70","53.63","LA GRANDE RIVIERE A","7093716","2019-04-08 15:00","2019","04","08","15:00","","-5.5","","-14.1","","51","","","","7","","28","","24.1","","99.59","","","","-13","","NA"
"-77.70","53.63","LA GRANDE RIVIERE A","7093716","2019-04-08 16:00","2019","04","08","16:00","","-5.1","","-13.8","","51","","","","7","","24","","24.1","","99.57","","","","-12","","Mostly Cloudy"
"-77.70","53.63","LA GRANDE RIVIERE A","7093716","2019-04-08 17:00","2019","04","08","17:00","","-5.2","","-14.0","","51","","","","7","","21","","24.1","","99.54","","","","-12","","NA"
"-77.70","53.63","LA GRANDE RIVIERE A","7093716","2019-04-08 18:00","2019","04","08","18:00","","-5.7","","-13.9","","53","","","","7","","19","","24.1","","99.55","","","","-12","","NA"
"-77.70","53.63","LA GRANDE RIVIERE A","7093716","2019-04-08 19:00","2019","04","08","19:00","","-7.4","","-13.9","","60","","","","6","","18","","24.1","","99.57","","","","-14","","Cloudy"
"-77.70","53.63","LA GRANDE RIVIERE A","7093716","2019-04-08 20:00","2019","04","08","20:00","","-7.2","","-14.4","","57","","","","6","","18","","24.1","","99.58","","","","-14","","NA"
"-77.70","53.63","LA GRANDE RIVIERE A","7093716","2019-04-08 21:00","2019","04","08","21:00","","-7.8","","-14.8","","57","","","","7","","18","","24.1","","99.61","","","","-15","","NA"
"-77.70","53.63","LA GRANDE RIVIERE A","7093716","2019-04-08 22:00","2019","04","08","22:00","","-10.1","","-15.7","","64","","","","6","","14","","24.1","","99.59","","","","-17","","Cloudy"
"-77.70","53.63","LA GRANDE RIVIERE A","7093716","2019-04-08 23:00","2019","04","08","23:00","","-9.2","","-15.2","","62","","","","7","","19","","24.1","","99.57","","","","-17","","NA"
"-77.70","53.63","LA GRANDE RIVIERE A","7093716","2019-04-09 00:00","2019","04","09","00:00","","-10.2","","-15.2","","67","","","","7","","18","","24.1","","99.58","","","","-18","","NA"
"-77.70","53.63","LA GRANDE RIVIERE A","7093716","2019-04-09 01:00","2019","04","09","01:00","","-11.2","","-15.2","","72","","","","7","","21","","24.1","","99.59","","","","-20","","Clear"
"-77.70","53.63","LA GRANDE RIVIERE A","7093716","2019-04-09 02:00","2019","04","09","02:00","","-12.0","","-15.6","","75","","","","7","","22","","24.1","","99.59","","","","-21","","NA"
"-77.70","53.63","LA GRANDE RIVIERE A","7093716","2019-04-09 03:00","2019","04","09","03:00","","-12.4","","-15.8","","76","","","","8","","24","","24.1","","99.56","","","","-22","","NA"
"-77.70","53.63","LA GRANDE RIVIERE A","7093716","2019-04-09 04:00","2019","04","09","04:00","","-13.6","","-16.7","","78","","","","7","","17","","24.1","","99.53","","","","-22","","Clear"
"-77.70","53.63","LA GRANDE RIVIERE A","7093716","2019-04-09 05:00","2019","04","09","05:00","","-13.4","","-16.3","","79","","","","7","","24","","24.1","","99.53","","","","-23","","NA"
"-77.70","53.63","LA GRANDE RIVIERE A","7093716","2019-04-09 06:00","2019","04","09","06:00","","-13.7","","-17.0","","76","","","","7","","20","","24.1","","99.56","","","","-23","","NA"
"-77.70","53.63","LA GRANDE RIVIERE A","7093716","2019-04-09 07:00","2019","04","09","07:00","","-12.8","","-17.1","","70","","","","6","","20","","24.1","","99.59","","","","-21","","Clear"
"-77.70","53.63","LA GRANDE RIVIERE A","7093716","2019-04-09 08:00","2019","04","09","08:00","","-12.1","","-17.3","","66","","","","8","","28","","24.1","","99.61","","","","-22","","NA"
"-77.70","53.63","LA GRANDE RIVIERE A","7093716","2019-04-09 09:00","2019","04","09","09:00","","-10.7","","-16.8","","61","","","","7","","29","","24.1","","99.61","","","","-20","","NA"
"-77.70","53.63","LA GRANDE RIVIERE A","7093716","2019-04-09 10:00","2019","04","09","10:00","","-9.6","","-16.4","","58","","","","6","","29","","24.1","","99.62","","","","-19","","Clear"
"-77.70","53.63","LA GRANDE RIVIERE A","7093716","2019-04-09 11:00","2019","04","09","11:00","","-8.1","","-15.9","","54","","","","6","","28","","24.1","","99.61","","","","-17","","NA"
"-77.70","53.63","LA GRANDE RIVIERE A","7093716","2019-04-09 12:00","2019","04","09","12:00","","-6.7","","-16.1","","48","","","","6","","25","","24.1","","99.60","","","","-15","","NA"
"-77.70","53.63","LA GRANDE RIVIERE A","7093716","2019-04-09 13:00","2019","04","09","13:00","","-5.5","","-16.4","","42","","","","7","","26","","24.1","","99.60","","","","-13","","Clear"
"-77.70","53.63","LA GRANDE RIVIERE A","7093716","2019-04-09 14:00","2019","04","09","14:00","","-4.9","","-15.2","","45","","","","6","","25","","24.1","","99.55","","","","-12","","NA"
"-77.70","53.63","LA GRANDE RIVIERE A","7093716","2019-04-09 15:00","2019","04","09","15:00","","-4.1","","-15.2","","42","","","","4","","18","","24.1","","99.55","","","","-10","","NA"
"-77.70","53.63","LA GRANDE RIVIERE A","7093716","2019-04-09 16:00","2019","04","09","16:00","","-3.6","","-15.0","","41","","","","5","","21","","24.1","","99.54","","","","-10","","Clear"
"-77.70","53.63","LA GRANDE RIVIERE A","7093716","2019-04-09 17:00","2019","04","09","17:00","","-3.2","","-14.1","","43","","","","4","","15","","24.1","","99.54","","","","-8","","NA"
"-77.70","53.63","LA GRANDE RIVIERE A","7093716","2019-04-09 18:00","2019","04","09","18:00","","-3.7","","-14.4","","43","","","","3","","15","","24.1","","99.56","","","","-9","","NA"
"-77.70","53.63","LA GRANDE RIVIERE A","7093716","2019-04-09 19:00","2019","04","09","19:00","","-4.4","","-14.6","","45","","","","3","","10","","24.1","","99.56","","","","-9","","Mostly Cloudy"
"-77.70","53.63","LA GRANDE RIVIERE A","7093716","2019-04-09 20:00","2019","04","09","20:00","","-5.4","","-14.3","","50","","","","2","","11","","24.1","","99.58","","","","-10","","NA"
"-77.70","53.63","LA GRANDE RIVIERE A","7093716","2019-04-09 21:00","2019","04","09","21:00","","-6.3","","-14.3","","53","","","","1","","9","","24.1","","99.57","","","","-11","","NA"
"-77.70","53.63","LA GRANDE RIVIERE A","7093716","2019-04-09 22:00","2019","04","09","22:00","","-5.3","","-12.6","","56","","","","2","","12","","24.1","","99.56","","","","-10","","Cloudy"
"-77.70","53.63","LA GRANDE RIVIERE A","7093716","2019-04-09 23:00","2019","04","09","23:00","","-5.9","","-11.3","","66","","","","2","","14","","24.1","","99.55","","","","-11","","Snow"
"-77.70","53.63","LA GRANDE RIVIERE A","7093716","2019-04-10 00:00","2019","04","10","00:00","","-6.3","","-8.9","","82","","","","2","","14","","8.1","","99.54","","","","-12","","Snow"
"-77.70","53.63","LA GRANDE RIVIERE A","7093716","2019-04-10 01:00","2019","04","10","01:00","","-6.6","","-8.5","","86","","","","2","","11","","4.8","","99.53","","","","-12","","Snow"
"-77.70","53.63","LA GRANDE RIVIERE A","7093716","2019-04-10 02:00","2019","04","10","02:00","","-6.9","","-8.8","","87","","","","2","","12","","2.4","","99.51","","","","-12","","Snow"
"-77.70","53.63","LA GRANDE RIVIERE A","7093716","2019-04-10 03:00","2019","04","10","03:00","","-7.4","","-9.2","","87","","","","3","","13","","2.4","","99.49","","","","-13","","Snow"
"-77.70","53.63","LA GRANDE RIVIERE A","7093716","2019-04-10 04:00","2019","04","10","04:00","","-7.8","","-9.6","","87","","","","3","","12","","2.4","","99.50","","","","-13","","Snow"
"-77.70","53.63","LA GRANDE RIVIERE A","7093716","2019-04-10 05:00","2019","04","10","05:00","","-8.3","","-10.2","","86","","","","2","","14","","4.8","","99.52","","","","-14","","Snow"
"-77.70","53.63","LA GRANDE RIVIERE A","7093716","2019-04-10 06:00","2019","04","10","06:00","","-8.7","","-10.7","","85","","","","3","","12","","4.8","","99.56","","","","-14","","Snow"
"-77.70","53.63","LA GRANDE RIVIERE A","7093716","2019-04-10 07:00","2019","04","10","07:00","","-8.3","","-10.7","","83","","","","3","","14","","4.0","","99.60","","","","-14","","Snow"
"-77.70","53.63","LA GRANDE RIVIERE A","7093716","2019-04-10 08:00","2019","04","10","08:00","","-7.9","","-10.4","","82","","","","4","","15","","3.2","","99.65","","","","-14","","Snow"
"-77.70","53.63","LA GRANDE RIVIERE A","7093716","2019-04-10 09:00","2019","04","10","09:00","","-7.3","","-10.1","","81","","","","3","","14","","2.8","","99.68","","","","-13","","Snow"
"-77.70","53.63","LA GRANDE RIVIERE A","7093716","2019-04-10 10:00","2019","04","10","10:00","","-6.7","","-10.0","","77","","","","3","","16","","3.2","","99.71","","","","-13","","Snow"
"-77.70","53.63","LA GRANDE RIVIERE A","7093716","2019-04-10 11:00","2019","04","10","11:00","","-5.5","","-9.9","","71","","","","2","","15","","8.1","","99.72","","","","-11","","Snow"
"-77.70","53.63","LA GRANDE RIVIERE A","7093716","2019-04-10 12:00","2019","04","10","12:00","","-4.7","","-9.6","","69","","","","5","","18","","8.1","","99.72","","","","-11","","Snow"
"-77.70","53.63","LA GRANDE RIVIERE A","7093716","2019-04-10 13:00","2019","04","10","13:00","","-4.1","","-8.2","","73","","","","4","","17","","4.8","","99.76","","","","-10","","Snow"
"-77.70","53.63","LA GRANDE RIVIERE A","7093716","2019-04-10 14:00","2019","04","10","14:00","","-3.8","","-6.5","","82","","","","1","","11","","1.6","","99.80","","","","-8","","Snow"
"-77.70","53.63","LA GRANDE RIVIERE A","7093716","2019-04-10 15:00","2019","04","10","15:00","","-1.5","","-9.4","","55","","","","3","","12","","24.1","","99.81","","","","-6","","NA"
"-77.70","53.63","LA GRANDE RIVIERE A","7093716","2019-04-10 16:00","2019","04","10","16:00","","1.3","","-9.9","","43","","","","1","","12","","24.1","","99.78","","","","","","Mostly Cloudy"
"-77.70","53.63","LA GRANDE RIVIERE A","7093716","2019-04-10 17:00","2019","04","10","17:00","","1.4","","-10.6","","41","","","","3","","17","","24.1","","99.81","","","","","","NA"
"-77.70","53.63","LA GRANDE RIVIERE A","7093716","2019-04-10 18:00","2019","04","10","18:00","","0.6","","-10.4","","44","","","","2","","14","","24.1","","99.86","","","","","","NA"
"-77.70","53.63","LA GRANDE RIVIERE A","7093716","2019-04-10 19:00","2019","04","10","19:00","","-1.0","","-11.2","","46","","","","1","","8","","24.1","","99.93","","","","-4","","Cloudy"
"-77.70","53.63","LA GRANDE RIVIERE A","7093716","2019-04-10 20:00","2019","04","10","20:00","","-2.1","","-11.4","","49","","","","1","","10","","24.1","","99.97","","","","-6","","NA"
"-77.70","53.63","LA GRANDE RIVIERE A","7093716","2019-04-10 21:00","2019","04","10","21:00","","-2.5","","-11.4","","51","","","","1","","9","","24.1","","100.03","","","","-6","","NA"
"-77.70","53.63","LA GRANDE RIVIERE A","7093716","2019-04-10 22:00","2019","04","10","22:00","","-3.8","","-12.2","","52","","","","1","","8","","24.1","","100.05","","","","-7","","Mainly Clear"
"-77.70","53.63","LA GRANDE RIVIERE A","7093716","2019-04-10 23:00","2019","04","10","23:00","","-4.5","","-13.0","","52","","","","2","","9","","24.1","","100.10","","","","-8","","NA"
"-77.70","53.63","LA GRANDE RIVIERE A","7093716","2019-04-11 00:00","2019","04","11","00:00","","-5.7","","-14.3","","51","","","","2","","12","","24.1","","100.16","","","","-11","","NA"
"-77.70","53.63","LA GRANDE RIVIERE A","7093716","2019-04-11 01:00","2019","04","11","01:00","","-6.5","","-15.2","","50","","","","3","","10","","24.1","","100.21","","","","-11","","Cloudy"
"-77.70","53.63","LA GRANDE RIVIERE A","7093716","2019-04-11 02:00","2019","04","11","02:00","","-7.8","","-16.1","","52","","","","2","","7","","24.1","","100.29","","","","-11","","NA"
"-77.70","53.63","LA GRANDE RIVIERE A","7093716","2019-04-11 03:00","2019","04","11","03:00","","-8.6","","-16.5","","53","","","","2","","7","","24.1","","100.33","","","","-12","","NA"
"-77.70","53.63","LA GRANDE RIVIERE A","7093716","2019-04-11 04:00","2019","04","11","04:00","","-9.7","","-17.1","","55","","","","5","","10","","24.1","","100.38","","","","-15","","Mainly Clear"
"-77.70","53.63","LA GRANDE RIVIERE A","7093716","2019-04-11 05:00","2019","04","11","05:00","","-10.6","","-17.7","","56","","","","4","","10","","24.1","","100.44","","","","-16","","NA"
"-77.70","53.63","LA GRANDE RIVIERE A","7093716","2019-04-11 06:00","2019","04","11","06:00","","-10.9","","-18.1","","56","","","","5","","10","","24.1","","100.51","","","","-16","","NA"
"-77.70","53.63","LA GRANDE RIVIERE A","7093716","2019-04-11 07:00","2019","04","11","07:00","","-10.0","","-18.7","","50","","","","4","","16","","24.1","","100.57","","","","-17","","Cloudy"
"-77.70","53.63","LA GRANDE RIVIERE A","7093716","2019-04-11 08:00","2019","04","11","08:00","","-9.0","","-18.4","","47","","","","5","","14","","24.1","","100.61","","","","-15","","NA"
"-77.70","53.63","LA GRANDE RIVIERE A","7093716","2019-04-11 09:00","2019","04","11","09:00","","-7.4","","-18.1","","43","","","","5","","16","","24.1","","100.66","","","","-14","","NA"
"-77.70","53.63","LA GRANDE RIVIERE A","7093716","2019-04-11 10:00","2019","04","11","10:00","","-5.3","","-17.8","","37","","","","5","","15","","24.1","","100.65","","","","-11","","Cloudy"
"-77.70","53.63","LA GRANDE RIVIERE A","7093716","2019-04-11 11:00","2019","04","11","11:00","","-3.5","","-17.9","","32","","","","8","","13","","24.1","","100.69","","","","-8","","NA"
"-77.70","53.63","LA GRANDE RIVIERE A","7093716","2019-04-11 12:00","2019","04","11","12:00","","-1.8","","-18.5","","27","","","","7","","11","","24.1","","100.69","","","","-6","","NA"
"-77.70","53.63","LA GRANDE RIVIERE A","7093716","2019-04-11 13:00","2019","04","11","13:00","","0.2","","-19.8","","21","","","","4","","13","","24.1","","100.68","","","","","","Cloudy"
"-77.70","53.63","LA GRANDE RIVIERE A","7093716","2019-04-11 14:00","2019","04","11","14:00","","0.8","","-21.0","","18","","","","4","","16","","24.1","","100.68","","","","","","NA"
"-77.70","53.63","LA GRANDE RIVIERE A","7093716","2019-04-11 15:00","2019","04","11","15:00","","1.0","","-21.7","","17","","","","5","","13","","24.1","","100.64","","","","","","NA"
"-77.70","53.63","LA GRANDE RIVIERE A","7093716","2019-04-11 16:00","2019","04","11","16:00","","1.1","","-20.7","","18","","","","5","","14","","24.1","","100.59","","","","","","Cloudy"
"-77.70","53.63","LA GRANDE RIVIERE A","7093716","2019-04-11 17:00","2019","04","11","17:00","","0.7","","-21.0","","18","","","","7","","14","","24.1","","100.58","","","","","","NA"
"-77.70","53.63","LA GRANDE RIVIERE A","7093716","2019-04-11 18:00","2019","04","11","18:00","","0.2","","-19.3","","22","","","","5","","11","","24.1","","100.55","","","","","","NA"
"-77.70","53.63","LA GRANDE RIVIERE A","7093716","2019-04-11 19:00","2019","04","11","19:00","","-1.2","","-19.9","","23","","","","","","0","","24.1","","100.65","","","","","","Mainly Clear"
"-77.70","53.63","LA GRANDE RIVIERE A","7093716","2019-04-11 20:00","2019","04","11","20:00","","-3.8","","-20.7","","26","","","","3","","8","","24.1","","100.60","","","","-7","","NA"
"-77.70","53.63","LA GRANDE RIVIERE A","7093716","2019-04-11 21:00","2019","04","11","21:00","","-5.0","","-20.5","","29","","","","4","","6","","24.1","","100.61","","","","-8","","NA"
"-77.70","53.63","LA GRANDE RIVIERE A","7093716","2019-04-11 22:00","2019","04","11","22:00","","-6.3","","-17.5","","41","","","","4","","9","","24.1","","100.57","","","","-11","","Clear"
"-77.70","53.63","LA GRANDE RIVIERE A","7093716","2019-04-11 23:00","2019","04","11","23:00","","-7.2","","-16.6","","48","","","","6","","10","","24.1","","100.51","","","","-12","","NA"
"-77.70","53.63","LA GRANDE RIVIERE A","7093716","2019-04-12 00:00","2019","04","12","00:00","","-8.1","","-16.3","","52","","","","6","","12","","24.1","","100.53","","","","-14","","NA"
"-77.70","53.63","LA GRANDE RIVIERE A","7093716","2019-04-12 01:00","2019","04","12","01:00","","-10.0","","-16.6","","59","","","","9","","9","","24.1","","100.53","","","","-15","","Clear"
"-77.70","53.63","LA GRANDE RIVIERE A","7093716","2019-04-12 02:00","2019","04","12","02:00","","-9.5","","-17.3","","54","","","","8","","13","","24.1","","100.50","","","","-16","","NA"
"-77.70","53.63","LA GRANDE RIVIERE A","7093716","2019-04-12 03:00","2019","04","12","03:00","","-10.3","","-17.5","","56","","","","8","","12","","24.1","","100.46","","","","-16","","NA"
"-77.70","53.63","LA GRANDE RIVIERE A","7093716","2019-04-12 04:00","2019","04","12","04:00","","-10.5","","-17.9","","55","","","","7","","14","","24.1","","100.40","","","","-17","","Clear"
"-77.70","53.63","LA GRANDE RIVIERE A","7093716","2019-04-12 05:00","2019","04","12","05:00","","-10.4","","-18.1","","54","","","","8","","16","","24.1","","100.40","","","","-17","","NA"
"-77.70","53.63","LA GRANDE RIVIERE A","7093716","2019-04-12 06:00","2019","04","12","06:00","","-10.4","","-17.9","","55","","","","7","","20","","24.1","","100.36","","","","-18","","NA"
"-77.70","53.63","LA GRANDE RIVIERE A","7093716","2019-04-12 07:00","2019","04","12","07:00","","-10.3","","-17.3","","57","","","","8","","17","","24.1","","100.36","","","","-18","","Cloudy"
"-77.70","53.63","LA GRANDE RIVIERE A","7093716","2019-04-12 08:00","2019","04","12","08:00","","-9.5","","-16.3","","58","","","","7","","18","","24.1","","100.21","","","","-17","","NA"
"-77.70","53.63","LA GRANDE RIVIERE A","7093716","2019-04-12 09:00","2019","04","12","09:00","","-8.1","","-15.3","","56","","","","7","","16","","24.1","","100.22","","","","-15","","NA"
"-77.70","53.63","LA GRANDE RIVIERE A","7093716","2019-04-12 10:00","2019","04","12","10:00","","-4.9","","-14.4","","48","","","","7","","21","","24.1","","100.18","","","","-12","","Cloudy"
"-77.70","53.63","LA GRANDE RIVIERE A","7093716","2019-04-12 11:00","2019","04","12","11:00","","-4.0","","-12.9","","50","","","","7","","20","","24.1","","100.04","","","","-10","","NA"
"-77.70","53.63","LA GRANDE RIVIERE A","7093716","2019-04-12 12:00","2019","04","12","12:00","","-3.2","","-13.8","","44","","","","7","","27","","24.1","","99.84","","","","-10","","NA"
"-77.70","53.63","LA GRANDE RIVIERE A","7093716","2019-04-12 13:00","2019","04","12","13:00","","-2.2","","-12.6","","45","","","","7","","26","","24.1","","99.69","","","","-9","","Cloudy"
"-77.70","53.63","LA GRANDE RIVIERE A","7093716","2019-04-12 14:00","2019","04","12","14:00","","-1.2","","-11.6","","45","","","","7","","24","","24.1","","99.53","","","","-7","","NA"
"-77.70","53.63","LA GRANDE RIVIERE A","7093716","2019-04-12 15:00","2019","04","12","15:00","","-0.8","","-11.3","","45","","","","8","","32","","24.1","","99.34","","","","-8","","NA"
"-77.70","53.63","LA GRANDE RIVIERE A","7093716","2019-04-12 16:00","2019","04","12","16:00","","-1.1","","-10.7","","48","","","","7","","28","","24.1","","99.19","","","","-8","","Cloudy"
"-77.70","53.63","LA GRANDE RIVIERE A","7093716","2019-04-12 17:00","2019","04","12","17:00","","-1.2","","-11.0","","47","","","","7","","31","","24.1","","98.99","","","","-8","","Blowing Snow"
"-77.70","53.63","LA GRANDE RIVIERE A","7093716","2019-04-12 18:00","2019","04","12","18:00","","-1.2","","-10.0","","51","","","","7","","28","","24.1","","98.90","","","","-8","","NA"
"-77.70","53.63","LA GRANDE RIVIERE A","7093716","2019-04-12 19:00","2019","04","12","19:00","","-1.1","","-9.2","","54","","","","7","","22","","24.1","","98.80","","","","-7","","Cloudy"
"-77.70","53.63","LA GRANDE RIVIERE A","7093716","2019-04-12 20:00","2019","04","12","20:00","","-0.7","","-6.6","","64","","","","9","","33","","4.8","","98.71","","","","-8","","Snow"
"-77.70","53.63","LA GRANDE RIVIERE A","7093716","2019-04-12 21:00","2019","04","12","21:00","","-2.4","","-3.6","","91","","","","7","","31","","1.6","","98.42","","","","-10","","Snow"
"-77.70","53.63","LA GRANDE RIVIERE A","7093716","2019-04-12 22:00","2019","04","12","22:00","","-2.2","","-3.2","","93","","","","7","","24","","1.6","","98.21","","","","-9","","Snow"
"-77.70","53.63","LA GRANDE RIVIERE A","7093716","2019-04-12 23:00","2019","04","12","23:00","","-2.2","","-3.2","","93","","","","7","","28","","2.4","","97.99","","","","-9","","Snow"
"-77.70","53.63","LA GRANDE RIVIERE A","7093716","2019-04-13 00:00","2019","04","13","00:00","","-2.0","","-3.0","","93","","","","8","","28","","4.8","","97.82","","","","-9","","Snow"
"-77.70","53.63","LA GRANDE RIVIERE A","7093716","2019-04-13 01:00","2019","04","13","01:00","","-1.5","","-2.5","","93","","","","8","","24","","4.8","","97.64","","","","-8","","Snow"
"-77.70","53.63","LA GRANDE RIVIERE A","7093716","2019-04-13 02:00","2019","04","13","02:00","","-1.6","","-2.5","","93","","","","7","","23","","4.8","","97.46","","","","-8","","Snow"
"-77.70","53.63","LA GRANDE RIVIERE A","7093716","2019-04-13 03:00","2019","04","13","03:00","","-1.4","","-2.2","","94","","","","7","","24","","3.2","","97.35","","","","-8","","Snow"
"-77.70","53.63","LA GRANDE RIVIERE A","7093716","2019-04-13 04:00","2019","04","13","04:00","","-0.8","","-1.5","","95","","","","8","","17","","2.4","","97.27","","","","-6","","Snow"
"-77.70","53.63","LA GRANDE RIVIERE A","7093716","2019-04-13 05:00","2019","04","13","05:00","","-0.3","","-0.9","","96","","","","12","","13","","2.8","","97.22","","","","-4","","Snow"
"-77.70","53.63","LA GRANDE RIVIERE A","7093716","2019-04-13 06:00","2019","04","13","06:00","","0.4","","-0.1","","96","","","","16","","14","","3.2","","97.19","","","","","","Snow"
"-77.70","53.63","LA GRANDE RIVIERE A","7093716","2019-04-13 07:00","2019","04","13","07:00","","0.4","","-0.2","","96","","","","19","","18","","3.2","","97.18","","","","","","Drizzle,Snow"
"-77.70","53.63","LA GRANDE RIVIERE A","7093716","2019-04-13 08:00","2019","04","13","08:00","","0.4","","-0.2","","96","","","","18","","15","","3.2","","97.18","","","","","","Drizzle,Snow"
"-77.70","53.63","LA GRANDE RIVIERE A","7093716","2019-04-13 09:00","2019","04","13","09:00","","0.7","","0.0","","95","","","","19","","13","","3.2","","97.16","","","","","","Snow"
"-77.70","53.63","LA GRANDE RIVIERE A","7093716","2019-04-13 10:00","2019","04","13","10:00","","1.0","","0.1","","94","","","","19","","19","","4.8","","97.15","","","","","","Snow"
"-77.70","53.63","LA GRANDE RIVIERE A","7093716","2019-04-13 11:00","2019","04","13","11:00","","1.4","","0.3","","92","","","","20","","16","","4.8","","97.16","","","","","","Snow"
"-77.70","53.63","LA GRANDE RIVIERE A","7093716","2019-04-13 12:00","2019","04","13","12:00","","1.3","","0.0","","91","","","","20","","21","","6.4","","97.20","","","","","","Snow"
"-77.70","53.63","LA GRANDE RIVIERE A","7093716","2019-04-13 13:00","2019","04","13","13:00","","1.8","","0.4","","91","","","","19","","17","","6.4","","97.22","","","","","","Drizzle,Snow"
"-77.70","53.63","LA GRANDE RIVIERE A","7093716","2019-04-13 14:00","2019","04","13","14:00","","1.0","","-0.5","","90","","","","20","","22","","6.4","","97.28","","","","","","Drizzle,Snow"
"-77.70","53.63","LA GRANDE RIVIERE A","7093716","2019-04-13 15:00","2019","04","13","15:00","","0.7","","-0.8","","90","","","","21","","22","","3.2","","97.32","","","","","","Drizzle,Snow"
"-77.70","53.63","LA GRANDE RIVIERE A","7093716","2019-04-13 16:00","2019","04","13","16:00","","0.2","","-1.3","","90","","","","21","","20","","4.8","","97.39","","","","","","Drizzle,Snow"
"-77.70","53.63","LA GRANDE RIVIERE A","7093716","2019-04-13 17:00","2019","04","13","17:00","","-0.1","","-1.4","","91","","","","21","","17","","3.2","","97.46","","","","-5","","Snow"
"-77.70","53.63","LA GRANDE RIVIERE A","7093716","2019-04-13 18:00","2019","04","13","18:00","","-0.6","","-1.7","","92","","","","22","","19","","2.0","","97.53","","","","-6","","Snow"
"-77.70","53.63","LA GRANDE RIVIERE A","7093716","2019-04-13 19:00","2019","04","13","19:00","","-1.3","","-2.3","","93","","","","22","","15","","2.4","","97.60","","","","-6","","Snow"
"-77.70","53.63","LA GRANDE RIVIERE A","7093716","2019-04-13 20:00","2019","04","13","20:00","","-1.8","","-2.7","","94","","","","21","","17","","2.4","","97.68","","","","-7","","Snow"
"-77.70","53.63","LA GRANDE RIVIERE A","7093716","2019-04-13 21:00","2019","04","13","21:00","","-2.3","","-3.2","","94","","","","23","","19","","2.4","","97.77","","","","-8","","Snow"
"-77.70","53.63","LA GRANDE RIVIERE A","7093716","2019-04-13 22:00","2019","04","13","22:00","","-2.8","","-3.7","","93","","","","26","","25","","2.4","","97.84","","","","-10","","Snow"
"-77.70","53.63","LA GRANDE RIVIERE A","7093716","2019-04-13 23:00","2019","04","13","23:00","","-3.3","","-4.3","","93","","","","27","","18","","2.4","","97.90","","","","-9","","Snow"
"-77.70","53.63","LA GRANDE RIVIERE A","7093716","2019-04-14 00:00","2019","04","14","00:00","","-4.4","","-5.5","","92","","","","28","","19","","4.8","","97.96","","","","-11","","Snow"
"-77.70","53.63","LA GRANDE RIVIERE A","7093716","2019-04-14 01:00","2019","04","14","01:00","","-5.0","","-6.3","","91","","","","28","","24","","11.3","","98.05","","","","-12","","Snow"
"-77.70","53.63","LA GRANDE RIVIERE A","7093716","2019-04-14 02:00","2019","04","14","02:00","","-5.4","","-6.7","","91","","","","28","","23","","2.4","","98.12","","","","-13","","Snow"
"-77.70","53.63","LA GRANDE RIVIERE A","7093716","2019-04-14 03:00","2019","04","14","03:00","","-6.4","","-7.8","","90","","","","28","","28","","4.8","","98.22","","","","-15","","Snow"
"-77.70","53.63","LA GRANDE RIVIERE A","7093716","2019-04-14 04:00","2019","04","14","04:00","","-7.4","","-8.9","","89","","","","28","","24","","4.8","","98.32","","","","-15","","Snow"
"-77.70","53.63","LA GRANDE RIVIERE A","7093716","2019-04-14 05:00","2019","04","14","05:00","","-7.9","","-9.3","","89","","","","28","","26","","8.1","","98.43","","","","-16","","Snow"
"-77.70","53.63","LA GRANDE RIVIERE A","7093716","2019-04-14 06:00","2019","04","14","06:00","","-8.2","","-9.6","","90","","","","27","","28","","4.8","","98.56","","","","-17","","Snow"
"-77.70","53.63","LA GRANDE RIVIERE A","7093716","2019-04-14 07:00","2019","04","14","07:00","","-8.5","","-10.0","","89","","","","29","","21","","24.1","","98.56","","","","-16","","Snow"
"-77.70","53.63","LA GRANDE RIVIERE A","7093716","2019-04-14 08:00","2019","04","14","08:00","","-8.3","","-10.1","","88","","","","28","","20","","24.1","","98.67","","","","-16","","NA"
"-77.70","53.63","LA GRANDE RIVIERE A","7093716","2019-04-14 09:00","2019","04","14","09:00","","-7.6","","-9.7","","85","","","","29","","22","","24.1","","98.75","","","","-15","","NA"
"-77.70","53.63","LA GRANDE RIVIERE A","7093716","2019-04-14 10:00","2019","04","14","10:00","","-5.9","","-8.8","","81","","","","28","","21","","24.1","","98.81","","","","-13","","Mostly Cloudy"
"-77.70","53.63","LA GRANDE RIVIERE A","7093716","2019-04-14 11:00","2019","04","14","11:00","","-4.5","","-7.8","","78","","","","29","","18","","24.1","","98.87","","","","-11","","NA"
"-77.70","53.63","LA GRANDE RIVIERE A","7093716","2019-04-14 12:00","2019","04","14","12:00","","-4.0","","-7.9","","74","","","","28","","22","","24.1","","98.91","","","","-11","","NA"
"-77.70","53.63","LA GRANDE RIVIERE A","7093716","2019-04-14 13:00","2019","04","14","13:00","","-1.8","","-7.0","","68","","","","30","","16","","24.1","","98.90","","","","-7","","Mainly Clear"
"-77.70","53.63","LA GRANDE RIVIERE A","7093716","2019-04-14 14:00","2019","04","14","14:00","","-0.7","","-6.7","","64","","","","32","","12","","24.1","","98.90","","","","-5","","NA"
"-77.70","53.63","LA GRANDE RIVIERE A","7093716","2019-04-14 15:00","2019","04","14","15:00","","-0.5","","-6.3","","65","","","","30","","18","","24.1","","98.95","","","","-6","","NA"
"-77.70","53.63","LA GRANDE RIVIERE A","7093716","2019-04-14 16:00","2019","04","14","16:00","","-0.2","","-7.0","","60","","","","32","","16","","24.1","","98.96","","","","-5","","Mainly Clear"
"-77.70","53.63","LA GRANDE RIVIERE A","7093716","2019-04-14 17:00","2019","04","14","17:00","","-0.5","","-7.8","","58","","","","31","","16","","24.1","","99.00","","","","-5","","NA"
"-77.70","53.63","LA GRANDE RIVIERE A","7093716","2019-04-14 18:00","2019","04","14","18:00","","-1.4","","-8.8","","57","","","","30","","14","","24.1","","99.00","","","","-6","","NA"
"-77.70","53.63","LA GRANDE RIVIERE A","7093716","2019-04-14 19:00","2019","04","14","19:00","","-2.8","","-9.4","","61","","","","31","","8","","24.1","","99.02","","","","-6","","Clear"
"-77.70","53.63","LA GRANDE RIVIERE A","7093716","2019-04-14 20:00","2019","04","14","20:00","","-4.5","","-9.7","","67","","","","31","","7","","24.1","","99.02","","","","-8","","NA"
"-77.70","53.63","LA GRANDE RIVIERE A","7093716","2019-04-14 21:00","2019","04","14","21:00","","-5.7","","-10.2","","71","","","","31","","7","","24.1","","99.00","","","","-9","","NA"
"-77.70","53.63","LA GRANDE RIVIERE A","7093716","2019-04-14 22:00","2019","04","14","22:00","","-7.8","","-11.1","","78","","","","28","","3","","24.1","","98.99","","","","-9","","Clear"
"-77.70","53.63","LA GRANDE RIVIERE A","7093716","2019-04-14 23:00","2019","04","14","23:00","","-6.8","","-10.5","","75","","","","33","","6","","24.1","","98.99","","","","-10","","NA"
"-77.70","53.63","LA GRANDE RIVIERE A","7093716","2019-04-15 00:00","2019","04","15","00:00","","-7.2","","-10.8","","76","","","","2","","8","","24.1","","98.97","","","","-11","","NA"
"-77.70","53.63","LA GRANDE RIVIERE A","7093716","2019-04-15 01:00","2019","04","15","01:00","","-7.7","","-11.0","","77","","","","3","","3","","24.1","","98.96","","","","-9","","Mostly Cloudy"
"-77.70","53.63","LA GRANDE RIVIERE A","7093716","2019-04-15 02:00","2019","04","15","02:00","","-8.6","","-11.3","","81","","","","3","","9","","24.1","","98.93","","","","-13","","NA"
"-77.70","53.63","LA GRANDE RIVIERE A","7093716","2019-04-15 03:00","2019","04","15","03:00","","-9.1","","-11.4","","84","","","","5","","9","","24.1","","98.81","","","","-14","","NA"
"-77.70","53.63","LA GRANDE RIVIERE A","7093716","2019-04-15 04:00","2019","04","15","04:00","","-9.8","","-11.8","","86","","","","1","","9","","24.1","","98.78","","","","-15","","Mainly Clear"
"-77.70","53.63","LA GRANDE RIVIERE A","7093716","2019-04-15 05:00","2019","04","15","05:00","","-10.0","","-11.8","","87","","","","2","","7","","24.1","","98.85","","","","-14","","NA"
"-77.70","53.63","LA GRANDE RIVIERE A","7093716","2019-04-15 06:00","2019","04","15","06:00","","-9.0","","-11.0","","86","","","","3","","12","","24.1","","98.85","","","","-15","","NA"
"-77.70","53.63","LA GRANDE RIVIERE A","7093716","2019-04-15 07:00","2019","04","15","07:00","","-6.8","","-10.2","","77","","","","3","","8","","24.1","","98.91","","","","-11","","Mainly Clear"
"-77.70","53.63","LA GRANDE RIVIERE A","7093716","2019-04-15 08:00","2019","04","15","08:00","","-4.2","","-9.4","","67","","","","5","","10","","24.1","","98.95","","","","-8","","NA"
"-77.70","53.63","LA GRANDE RIVIERE A","7093716","2019-04-15 09:00","2019","04","15","09:00","","-1.5","","-8.9","","57","","","","2","","11","","24.1","","98.90","","","","-5","","NA"
"-77.70","53.63","LA GRANDE RIVIERE A","7093716","2019-04-15 10:00","2019","04","15","10:00","","1.5","","-8.1","","49","","","","36","","12","","24.1","","98.81","","","","","","Mostly Cloudy"
"-77.70","53.63","LA GRANDE RIVIERE A","7093716","2019-04-15 11:00","2019","04","15","11:00","","1.4","","-8.3","","49","","","","6","","20","","24.1","","98.78","","","","","","NA"
"-77.70","53.63","LA GRANDE RIVIERE A","7093716","2019-04-15 12:00","2019","04","15","12:00","","1.7","","-7.2","","52","","","","5","","19","","24.1","","98.73","","","","","","NA"
"-77.70","53.63","LA GRANDE RIVIERE A","7093716","2019-04-15 13:00","2019","04","15","13:00","","2.8","","-6.4","","51","","","","6","","15","","24.1","","98.72","","","","","","Cloudy"
"-77.70","53.63","LA GRANDE RIVIERE A","7093716","2019-04-15 14:00","2019","04","15","14:00","","3.1","","-6.3","","50","","","","7","","18","","24.1","","98.73","","","","","","NA"
"-77.70","53.63","LA GRANDE RIVIERE A","7093716","2019-04-15 15:00","2019","04","15","15:00","","3.6","","-7.2","","45","","","","7","","19","","24.1","","98.74","","","","","","NA"
"-77.70","53.63","LA GRANDE RIVIERE A","7093716","2019-04-15 16:00","2019","04","15","16:00","","3.9","","-7.9","","42","","","","6","","20","","24.1","","98.77","","","","","","Cloudy"
"-77.70","53.63","LA GRANDE RIVIERE A","7093716","2019-04-15 17:00","2019","04","15","17:00","","4.3","","-7.9","","41","","","","4","","13","","24.1","","98.79","","","","","","NA"
"-77.70","53.63","LA GRANDE RIVIERE A","7093716","2019-04-15 18:00","2019","04","15","18:00","","4.1","","-7.2","","44","","","","3","","12","","24.1","","98.82","","","","","","NA"
"-77.70","53.63","LA GRANDE RIVIERE A","7093716","2019-04-15 19:00","2019","04","15","19:00","","3.2","","-7.0","","47","","","","1","","9","","24.1","","98.83","","","","","","Mostly Cloudy"
"-77.70","53.63","LA GRANDE RIVIERE A","7093716","2019-04-15 20:00","2019","04","15","20:00","","1.2","","-7.2","","54","","","","1","","5","","24.1","","98.85","","","","","","NA"
"-77.70","53.63","LA GRANDE RIVIERE A","7093716","2019-04-15 21:00","2019","04","15","21:00","","0.2","","-7.5","","56","","","","2","","5","","24.1","","98.88","","","","","","NA"
"-77.70","53.63","LA GRANDE RIVIERE A","7093716","2019-04-15 22:00","2019","04","15","22:00","","-0.6","","-7.5","","60","","","","3","","7","","24.1","","98.91","","","","-3","","Mainly Clear"
"-77.70","53.63","LA GRANDE RIVIERE A","7093716","2019-04-15 23:00","2019","04","15","23:00","","-1.8","","-7.7","","64","","","","2","","6","","24.1","","98.93","","","","-4","","NA"
"-77.70","53.63","LA GRANDE RIVIERE A","7093716","2019-04-16 00:00","2019","04","16","00:00","","-1.8","","-7.8","","63","","","","3","","8","","24.1","","98.98","","","","-5","","NA"
"-77.70","53.63","LA GRANDE RIVIERE A","7093716","2019-04-16 01:00","2019","04","16","01:00","","-2.7","","-8.3","","66","","","","3","","8","","24.1","","99.03","","","","-6","","Mainly Clear"
"-77.70","53.63","LA GRANDE RIVIERE A","7093716","2019-04-16 02:00","2019","04","16","02:00","","-3.2","","-8.6","","66","","","","3","","9","","24.1","","99.07","","","","-7","","NA"
"-77.70","53.63","LA GRANDE RIVIERE A","7093716","2019-04-16 03:00","2019","04","16","03:00","","-3.9","","-8.8","","69","","","","4","","9","","24.1","","99.11","","","","-8","","NA"
"-77.70","53.63","LA GRANDE RIVIERE A","7093716","2019-04-16 04:00","2019","04","16","04:00","","-5.4","","-9.4","","74","","","","","","0","","24.1","","99.17","","","","","","Clear"
"-77.70","53.63","LA GRANDE RIVIERE A","7093716","2019-04-16 05:00","2019","04","16","05:00","","-6.0","","-9.2","","78","","","","2","","4","","24.1","","99.25","","","","-8","","NA"
"-77.70","53.63","LA GRANDE RIVIERE A","7093716","2019-04-16 06:00","2019","04","16","06:00","","-4.7","","-9.1","","71","","","","2","","3","","24.1","","99.31","","","","-6","","NA"
"-77.70","53.63","LA GRANDE RIVIERE A","7093716","2019-04-16 07:00","2019","04","16","07:00","","-2.6","","-8.8","","63","","","","5","","5","","24.1","","99.37","","","","-5","","Clear"
"-77.70","53.63","LA GRANDE RIVIERE A","7093716","2019-04-16 08:00","2019","04","16","08:00","","-0.5","","-8.9","","53","","","","6","","11","","24.1","","99.38","","","","-4","","NA"
"-77.70","53.63","LA GRANDE RIVIERE A","7093716","2019-04-16 09:00","2019","04","16","09:00","","1.4","","-8.5","","48","","","","6","","8","","24.1","","99.39","","","","","","NA"
"-77.70","53.63","LA GRANDE RIVIERE A","7093716","2019-04-16 10:00","2019","04","16","10:00","","2.5","","-8.1","","46","","","","6","","9","","24.1","","99.40","","","","","","Clear"
"-77.70","53.63","LA GRANDE RIVIERE A","7093716","2019-04-16 11:00","2019","04","16","11:00","","3.8","","-8.3","","41","","","","7","","7","","24.1","","99.43","","","","","","NA"
"-77.70","53.63","LA GRANDE RIVIERE A","7093716","2019-04-16 12:00","2019","04","16","12:00","","4.7","","-9.4","","35","","","","5","","14","","24.1","","99.41","","","","","","NA"
"-77.70","53.63","LA GRANDE RIVIERE A","7093716","2019-04-16 13:00","2019","04","16","13:00","","5.2","","-9.5","","34","","","","7","","10","","24.1","","99.42","","","","","","Clear"
"-77.70","53.63","LA GRANDE RIVIERE A","7093716","2019-04-16 14:00","2019","04","16","14:00","","5.7","","-9.8","","32","","","","5","","11","","24.1","","99.43","","","","","","NA"
"-77.70","53.63","LA GRANDE RIVIERE A","7093716","2019-04-16 15:00","2019","04","16","15:00","","6.1","","-9.2","","33","","","","6","","7","","24.1","","99.43","","","","","","NA"
"-77.70","53.63","LA GRANDE RIVIERE A","7093716","2019-04-16 16:00","2019","04","16","16:00","","6.3","","-9.3","","32","","","","6","","9","","24.1","","99.47","","","","","","Clear"
"-77.70","53.63","LA GRANDE RIVIERE A","7093716","2019-04-16 17:00","2019","04","16","17:00","","6.2","","-9.0","","33","","","","6","","12","","24.1","","99.47","","","","","","NA"
"-77.70","53.63","LA GRANDE RIVIERE A","7093716","2019-04-16 18:00","2019","04","16","18:00","","5.9","","-8.2","","36","","","","6","","8","","24.1","","99.49","","","","","","NA"
"-77.70","53.63","LA GRANDE RIVIERE A","7093716","2019-04-16 19:00","2019","04","16","19:00","","4.9","","-8.8","","36","","","","7","","5","","24.1","","99.51","","","","","","Mainly Clear"
"-77.70","53.63","LA GRANDE RIVIERE A","7093716","2019-04-16 20:00","2019","04","16","20:00","","1.4","","-8.9","","46","","","","10","","5","","24.1","","99.53","","","","","","NA"
"-77.70","53.63","LA GRANDE RIVIERE A","7093716","2019-04-16 21:00","2019","04","16","21:00","","-0.5","","-8.4","","55","","","","","","0","","24.1","","99.54","","","","","","NA"
"-77.70","53.63","LA GRANDE RIVIERE A","7093716","2019-04-16 22:00","2019","04","16","22:00","","-0.5","","-9.2","","52","","","","","","0","","24.1","","99.54","","","","","","Clear"
"-77.70","53.63","LA GRANDE RIVIERE A","7093716","2019-04-16 23:00","2019","04","16","23:00","","-2.8","","-9.3","","61","","","","24","","5","","24.1","","99.56","","","","-5","","NA"
"-77.70","53.63","LA GRANDE RIVIERE A","7093716","2019-04-17 00:00","2019","04","17","00:00","","-1.2","","-9.2","","55","","","","21","","4","","24.1","","99.59","","","","-3","","NA"
"-77.70","53.63","LA GRANDE RIVIERE A","7093716","2019-04-17 01:00","2019","04","17","01:00","","-0.2","","-9.3","","51","","","","","","0","","24.1","","99.59","","","","","","Clear"
"-77.70","53.63","LA GRANDE RIVIERE A","7093716","2019-04-17 02:00","2019","04","17","02:00","","-2.5","","-9.0","","61","","","","13","","4","","24.1","","99.59","","","","-4","","NA"
"-77.70","53.63","LA GRANDE RIVIERE A","7093716","2019-04-17 03:00","2019","04","17","03:00","","-3.5","","-9.8","","62","","","","13","","7","","24.1","","99.60","","","","-6","","NA"
"-77.70","53.63","LA GRANDE RIVIERE A","7093716","2019-04-17 04:00","2019","04","17","04:00","","-4.5","","-9.7","","67","","","","13","","10","","24.1","","99.59","","","","-9","","Mainly Clear"
"-77.70","53.63","LA GRANDE RIVIERE A","7093716","2019-04-17 05:00","2019","04","17","05:00","","-4.7","","-9.5","","69","","","","12","","14","","24.1","","99.60","","","","-10","","NA"
"-77.70","53.63","LA GRANDE RIVIERE A","7093716","2019-04-17 06:00","2019","04","17","06:00","","-4.0","","-9.1","","68","","","","15","","13","","24.1","","99.62","","","","-9","","NA"
"-77.70","53.63","LA GRANDE RIVIERE A","7093716","2019-04-17 07:00","2019","04","17","07:00","","-2.0","","-8.5","","61","","","","14","","12","","24.1","","99.62","","","","-6","","Mostly Cloudy"
"-77.70","53.63","LA GRANDE RIVIERE A","7093716","2019-04-17 08:00","2019","04","17","08:00","","2.0","","-7.7","","49","","","","14","","12","","24.1","","99.60","","","","","","NA"
"-77.70","53.63","LA GRANDE RIVIERE A","7093716","2019-04-17 09:00","2019","04","17","09:00","","4.7","","-7.8","","40","","","","16","","17","","24.1","","99.54","","","","","","NA"
"-77.70","53.63","LA GRANDE RIVIERE A","7093716","2019-04-17 10:00","2019","04","17","10:00","","5.1","","-7.6","","40","","","","18","","21","","24.1","","99.49","","","","","","Cloudy"
"-77.70","53.63","LA GRANDE RIVIERE A","7093716","2019-04-17 11:00","2019","04","17","11:00","","6.0","","-7.9","","36","","","","17","","25","","24.1","","99.47","","","","","","NA"
"-77.70","53.63","LA GRANDE RIVIERE A","7093716","2019-04-17 12:00","2019","04","17","12:00","","6.2","","-7.1","","38","","","","16","","22","","24.1","","99.45","","","","","","NA"
"-77.70","53.63","LA GRANDE RIVIERE A","7093716","2019-04-17 13:00","2019","04","17","13:00","","6.5","","-7.8","","35","","","","16","","25","","24.1","","99.39","","","","","","Mostly Cloudy"
"-77.70","53.63","LA GRANDE RIVIERE A","7093716","2019-04-17 14:00","2019","04","17","14:00","","6.8","","-7.3","","36","","","","15","","28","","24.1","","99.33","","","","","","NA"
"-77.70","53.63","LA GRANDE RIVIERE A","7093716","2019-04-17 15:00","2019","04","17","15:00","","7.0","","-7.8","","34","","","","16","","30","","24.1","","99.23","","","","","","NA"
"-77.70","53.63","LA GRANDE RIVIERE A","7093716","2019-04-17 16:00","2019","04","17","16:00","","7.3","","-6.9","","36","","","","16","","21","","24.1","","99.17","","","","","","Mainly Clear"
"-77.70","53.63","LA GRANDE RIVIERE A","7093716","2019-04-17 17:00","2019","04","17","17:00","","6.8","","-6.2","","39","","","","16","","24","","24.1","","99.13","","","","","","NA"
"-77.70","53.63","LA GRANDE RIVIERE A","7093716","2019-04-17 18:00","2019","04","17","18:00","","6.0","","-6.0","","42","","","","15","","23","","24.1","","99.10","","","","","","NA"
"-77.70","53.63","LA GRANDE RIVIERE A","7093716","2019-04-17 19:00","2019","04","17","19:00","","5.6","","-6.2","","43","","","","16","","18","","19.3","","99.10","","","","","","Cloudy"
"-77.70","53.63","LA GRANDE RIVIERE A","7093716","2019-04-17 20:00","2019","04","17","20:00","","5.1","","-5.7","","46","","","","15","","19","","24.1","","99.03","","","","","","NA"
"-77.70","53.63","LA GRANDE RIVIERE A","7093716","2019-04-17 21:00","2019","04","17","21:00","","5.0","","-5.5","","46","","","","15","","20","","24.1","","98.94","","","","","","NA"
"-77.70","53.63","LA GRANDE RIVIERE A","7093716","2019-04-17 22:00","2019","04","17","22:00","","5.2","","-6.0","","44","","","","15","","19","","24.1","","98.86","","","","","","Mostly Cloudy"
"-77.70","53.63","LA GRANDE RIVIERE A","7093716","2019-04-17 23:00","2019","04","17","23:00","","5.0","","-5.6","","46","","","","17","","19","","24.1","","98.84","","","","","","NA"
"-77.70","53.63","LA GRANDE RIVIERE A","7093716","2019-04-18 00:00","2019","04","18","00:00","","3.7","","-4.9","","54","","","","21","","9","","24.1","","98.82","","","","","","NA"
"-77.70","53.63","LA GRANDE RIVIERE A","7093716","2019-04-18 01:00","2019","04","18","01:00","","3.2","","-5.2","","54","","","","20","","5","","24.1","","98.77","","","","","","Mostly Cloudy"
"-77.70","53.63","LA GRANDE RIVIERE A","7093716","2019-04-18 02:00","2019","04","18","02:00","","2.1","","-5.1","","59","","","","23","","7","","24.1","","98.76","","","","","","NA"
"-77.70","53.63","LA GRANDE RIVIERE A","7093716","2019-04-18 03:00","2019","04","18","03:00","","1.2","","-4.6","","65","","","","22","","5","","24.1","","98.73","","","","","","NA"
"-77.70","53.63","LA GRANDE RIVIERE A","7093716","2019-04-18 04:00","2019","04","18","04:00","","-0.5","","-5.2","","71","","","","23","","5","","24.1","","98.69","","","","-2","","Mostly Cloudy"
"-77.70","53.63","LA GRANDE RIVIERE A","7093716","2019-04-18 05:00","2019","04","18","05:00","","-1.2","","-5.2","","74","","","","27","","5","","24.1","","98.69","","","","-3","","NA"
"-77.70","53.63","LA GRANDE RIVIERE A","7093716","2019-04-18 06:00","2019","04","18","06:00","","-1.5","","-5.2","","76","","","","28","","6","","24.1","","98.68","","","","-4","","NA"
"-77.70","53.63","LA GRANDE RIVIERE A","7093716","2019-04-18 07:00","2019","04","18","07:00","","-0.2","","-4.3","","74","","","","30","","3","","24.1","","98.66","","","","-1","","Cloudy"
"-77.70","53.63","LA GRANDE RIVIERE A","7093716","2019-04-18 08:00","2019","04","18","08:00","","1.7","","-3.5","","68","","","","27","","5","","24.1","","98.68","","","","","","NA"
"-77.70","53.63","LA GRANDE RIVIERE A","7093716","2019-04-18 09:00","2019","04","18","09:00","","4.1","","-1.4","","67","","","","27","","4","","24.1","","98.63","","","","","","NA"
"-77.70","53.63","LA GRANDE RIVIERE A","7093716","2019-04-18 10:00","2019","04","18","10:00","","4.3","","-0.9","","69","","","","28","","13","","24.1","","98.60","","","","","","Cloudy"
"-77.70","53.63","LA GRANDE RIVIERE A","7093716","2019-04-18 11:00","2019","04","18","11:00","","4.5","","-0.9","","68","","","","27","","12","","24.1","","98.59","","","","","","NA"
"-77.70","53.63","LA GRANDE RIVIERE A","7093716","2019-04-18 12:00","2019","04","18","12:00","","4.9","","-1.3","","64","","","","27","","13","","24.1","","98.56","","","","","","NA"
"-77.70","53.63","LA GRANDE RIVIERE A","7093716","2019-04-18 13:00","2019","04","18","13:00","","5.1","","-1.6","","62","","","","29","","11","","24.1","","98.56","","","","","","Cloudy"
"-77.70","53.63","LA GRANDE RIVIERE A","7093716","2019-04-18 14:00","2019","04","18","14:00","","5.2","","-1.8","","61","","","","31","","15","","24.1","","98.54","","","","","","NA"
"-77.70","53.63","LA GRANDE RIVIERE A","7093716","2019-04-18 15:00","2019","04","18","15:00","","4.6","","-2.8","","59","","","","32","","10","","24.1","","98.49","","","","","","NA"
"-77.70","53.63","LA GRANDE RIVIERE A","7093716","2019-04-18 16:00","2019","04","18","16:00","","4.3","","-3.2","","58","","","","35","","15","","24.1","","98.45","","","","","","Cloudy"
"-77.70","53.63","LA GRANDE RIVIERE A","7093716","2019-04-18 17:00","2019","04","18","17:00","","4.3","","-2.9","","59","","","","34","","12","","24.1","","98.44","","","","","","NA"
"-77.70","53.63","LA GRANDE RIVIERE A","7093716","2019-04-18 18:00","2019","04","18","18:00","","3.5","","-3.4","","61","","","","36","","11","","24.1","","98.44","","","","","","NA"
"-77.70","53.63","LA GRANDE RIVIERE A","7093716","2019-04-18 19:00","2019","04","18","19:00","","2.1","","-2.7","","70","","","","34","","10","","24.1","","98.45","","","","","","Mainly Clear"
"-77.70","53.63","LA GRANDE RIVIERE A","7093716","2019-04-18 20:00","2019","04","18","20:00","","-0.1","","-3.0","","81","","","","34","","9","","24.1","","98.46","","","","-3","","NA"
"-77.70","53.63","LA GRANDE RIVIERE A","7093716","2019-04-18 21:00","2019","04","18","21:00","","-1.4","","-3.5","","86","","","","35","","7","","24.1","","98.44","","","","-4","","NA"
"-77.70","53.63","LA GRANDE RIVIERE A","7093716","2019-04-18 22:00","2019","04","18","22:00","","-2.3","","-4.1","","88","","","","34","","7","","24.1","","98.41","","","","-5","","Mainly Clear"
"-77.70","53.63","LA GRANDE RIVIERE A","7093716","2019-04-18 23:00","2019","04","18","23:00","","-3.0","","-4.4","","90","","","","32","","10","","24.1","","98.40","","","","-7","","NA"
"-77.70","53.63","LA GRANDE RIVIERE A","7093716","2019-04-19 00:00","2019","04","19","00:00","","-3.3","","-4.3","","93","","","","31","","11","","1.2","","98.41","","","","-8","","Fog"
"-77.70","53.63","LA GRANDE RIVIERE A","7093716","2019-04-19 01:00","2019","04","19","01:00","","-3.4","","-4.1","","95","","","","32","","12","","1.2","","98.43","","","","-8","","Fog"
"-77.70","53.63","LA GRANDE RIVIERE A","7093716","2019-04-19 02:00","2019","04","19","02:00","","-3.4","","-4.0","","95","","","","32","","12","","1.0","","98.42","","","","-8","","Snow,Fog"
"-77.70","53.63","LA GRANDE RIVIERE A","7093716","2019-04-19 03:00","2019","04","19","03:00","","-3.3","","-4.0","","95","","","","32","","9","","2.0","","98.40","","","","-7","","Snow,Fog"
"-77.70","53.63","LA GRANDE RIVIERE A","7093716","2019-04-19 04:00","2019","04","19","04:00","","-3.5","","-4.3","","95","","","","30","","9","","2.4","","98.43","","","","-7","","Snow,Fog"
"-77.70","53.63","LA GRANDE RIVIERE A","7093716","2019-04-19 05:00","2019","04","19","05:00","","-3.5","","-4.2","","95","","","","28","","14","","3.2","","98.48","","","","-9","","Snow,Fog"
"-77.70","53.63","LA GRANDE RIVIERE A","7093716","2019-04-19 06:00","2019","04","19","06:00","","-3.5","","-4.2","","95","","","","27","","10","","4.0","","98.52","","","","-7","","Snow"
"-77.70","53.63","LA GRANDE RIVIERE A","7093716","2019-04-19 07:00","2019","04","19","07:00","","-3.8","","-4.6","","94","","","","23","","8","","16.1","","98.58","","","","-7","","Snow"
"-77.70","53.63","LA GRANDE RIVIERE A","7093716","2019-04-19 08:00","2019","04","19","08:00","","-3.1","","-3.9","","94","","","","22","","10","","24.1","","98.59","","","","-7","","NA"
"-77.70","53.63","LA GRANDE RIVIERE A","7093716","2019-04-19 09:00","2019","04","19","09:00","","-2.2","","-3.5","","91","","","","20","","18","","24.1","","98.60","","","","-8","","NA"
"-77.70","53.63","LA GRANDE RIVIERE A","7093716","2019-04-19 10:00","2019","04","19","10:00","","-1.0","","-4.0","","80","","","","20","","20","","24.1","","98.60","","","","-7","","Mostly Cloudy"
"-77.70","53.63","LA GRANDE RIVIERE A","7093716","2019-04-19 11:00","2019","04","19","11:00","","-0.2","","-3.6","","78","","","","20","","23","","24.1","","98.61","","","","-6","","NA"
"-77.70","53.63","LA GRANDE RIVIERE A","7093716","2019-04-19 12:00","2019","04","19","12:00","","1.4","","-3.2","","71","","","","21","","24","","24.1","","98.61","","","","","","NA"
"-77.70","53.63","LA GRANDE RIVIERE A","7093716","2019-04-19 13:00","2019","04","19","13:00","","2.9","","-2.9","","66","","","","23","","20","","24.1","","98.63","","","","","","Mostly Cloudy"
"-77.70","53.63","LA GRANDE RIVIERE A","7093716","2019-04-19 14:00","2019","04","19","14:00","","3.4","","-3.2","","62","","","","24","","26","","24.1","","98.62","","","","","","NA"
"-77.70","53.63","LA GRANDE RIVIERE A","7093716","2019-04-19 15:00","2019","04","19","15:00","","4.0","","-3.6","","58","","","","25","","26","","24.1","","98.65","","","","","","NA"
"-77.70","53.63","LA GRANDE RIVIERE A","7093716","2019-04-19 16:00","2019","04","19","16:00","","3.9","","-3.8","","57","","","","23","","32","","24.1","","98.66","","","","","","Mainly Clear"
"-77.70","53.63","LA GRANDE RIVIERE A","7093716","2019-04-19 17:00","2019","04","19","17:00","","2.0","","-2.5","","72","","","","26","","20","","24.1","","98.70","","","","","","NA"
"-77.70","53.63","LA GRANDE RIVIERE A","7093716","2019-04-19 18:00","2019","04","19","18:00","","1.6","","-2.7","","73","","","","26","","18","","24.1","","98.75","","","","","","NA"
"-77.70","53.63","LA GRANDE RIVIERE A","7093716","2019-04-19 19:00","2019","04","19","19:00","","0.9","","-2.8","","76","","","","25","","13","","24.1","","98.80","","","","","","Mainly Clear"
"-77.70","53.63","LA GRANDE RIVIERE A","7093716","2019-04-19 20:00","2019","04","19","20:00","","-0.3","","-3.4","","79","","","","24","","5","","24.1","","98.85","","","","-2","","NA"
"-77.70","53.63","LA GRANDE RIVIERE A","7093716","2019-04-19 21:00","2019","04","19","21:00","","-1.7","","-3.7","","86","","","","29","","5","","24.1","","98.91","","","","-4","","NA"
"-77.70","53.63","LA GRANDE RIVIERE A","7093716","2019-04-19 22:00","2019","04","19","22:00","","-3.0","","-4.3","","91","","","","","","0","","24.1","","98.88","","","","","","Mainly Clear"
"-77.70","53.63","LA GRANDE RIVIERE A","7093716","2019-04-19 23:00","2019","04","19","23:00","","-3.6","","-4.4","","94","","","","32","","5","","0.4","","98.88","","","","-6","","Freezing Fog"
"-77.70","53.63","LA GRANDE RIVIERE A","7093716","2019-04-20 00:00","2019","04","20","00:00","","-4.3","","-5.1","","94","","","","","","0","","0.4","","98.87","","","","","","Freezing Fog"
"-77.70","53.63","LA GRANDE RIVIERE A","7093716","2019-04-20 01:00","2019","04","20","01:00","","-5.1","","-6.0","","94","","","","8","","6","","2.4","","98.86","","","","-8","","Fog"
"-77.70","53.63","LA GRANDE RIVIERE A","7093716","2019-04-20 02:00","2019","04","20","02:00","","-5.9","","-6.9","","93","","","","10","","11","","0.8","","98.86","","","","-11","","Freezing Fog"
"-77.70","53.63","LA GRANDE RIVIERE A","7093716","2019-04-20 03:00","2019","04","20","03:00","","-6.3","","-7.3","","92","","","","11","","10","","0.8","","98.89","","","","-11","","Freezing Fog"
"-77.70","53.63","LA GRANDE RIVIERE A","7093716","2019-04-20 04:00","2019","04","20","04:00","","-6.3","","-7.4","","92","","","","11","","10","","24.1","","98.83","","","","-11","","Clear"
"-77.70","53.63","LA GRANDE RIVIERE A","7093716","2019-04-20 05:00","2019","04","20","05:00","","-5.9","","-6.9","","93","","","","12","","17","","24.1","","98.80","","","","-12","","NA"
"-77.70","53.63","LA GRANDE RIVIERE A","7093716","2019-04-20 06:00","2019","04","20","06:00","","-3.2","","-4.0","","94","","","","15","","14","","24.1","","98.79","","","","-8","","NA"
"-77.70","53.63","LA GRANDE RIVIERE A","7093716","2019-04-20 07:00","2019","04","20","07:00","","0.8","","-4.0","","70","","","","16","","20","","24.1","","98.77","","","","","","Mainly Clear"
"-77.70","53.63","LA GRANDE RIVIERE A","7093716","2019-04-20 08:00","2019","04","20","08:00","","3.5","","-4.6","","56","","","","17","","22","","24.1","","98.72","","","","","","NA"
"-77.70","53.63","LA GRANDE RIVIERE A","7093716","2019-04-20 09:00","2019","04","20","09:00","","6.1","","-4.7","","46","","","","17","","24","","24.1","","98.68","","","","","","NA"
"-77.70","53.63","LA GRANDE RIVIERE A","7093716","2019-04-20 10:00","2019","04","20","10:00","","7.1","","-4.4","","44","","","","17","","26","","24.1","","98.64","","","","","","Mostly Cloudy"
"-77.70","53.63","LA GRANDE RIVIERE A","7093716","2019-04-20 11:00","2019","04","20","11:00","","7.8","","-4.3","","42","","","","17","","28","","24.1","","98.62","","","","","","NA"
"-77.70","53.63","LA GRANDE RIVIERE A","7093716","2019-04-20 12:00","2019","04","20","12:00","","8.4","","-4.2","","40","","","","17","","24","","24.1","","98.57","","","","","","NA"
"-77.70","53.63","LA GRANDE RIVIERE A","7093716","2019-04-20 13:00","2019","04","20","13:00","","8.7","","-4.3","","39","","","","17","","28","","24.1","","98.55","","","","","","Cloudy"
"-77.70","53.63","LA GRANDE RIVIERE A","7093716","2019-04-20 14:00","2019","04","20","14:00","","8.7","","-4.7","","38","","","","17","","27","","24.1","","98.54","","","","","","NA"
"-77.70","53.63","LA GRANDE RIVIERE A","7093716","2019-04-20 15:00","2019","04","20","15:00","","8.6","","-4.9","","38","","","","17","","31","","24.1","","98.47","","","","","","NA"
"-77.70","53.63","LA GRANDE RIVIERE A","7093716","2019-04-20 16:00","2019","04","20","16:00","","7.8","","-4.1","","43","","","","17","","22","","24.1","","98.41","","","","","","Mostly Cloudy"
"-77.70","53.63","LA GRANDE RIVIERE A","7093716","2019-04-20 17:00","2019","04","20","17:00","","7.8","","-4.3","","42","","","","17","","19","","24.1","","98.38","","","","","","NA"
"-77.70","53.63","LA GRANDE RIVIERE A","7093716","2019-04-20 18:00","2019","04","20","18:00","","7.3","","-3.9","","45","","","","17","","19","","24.1","","98.41","","","","","","NA"
"-77.70","53.63","LA GRANDE RIVIERE A","7093716","2019-04-20 19:00","2019","04","20","19:00","","6.7","","-3.8","","47","","","","19","","13","","24.1","","98.43","","","","","","Mostly Cloudy"
"-77.70","53.63","LA GRANDE RIVIERE A","7093716","2019-04-20 20:00","2019","04","20","20:00","","6.8","","-2.9","","50","","","","17","","25","","24.1","","98.38","","","","","","NA"
"-77.70","53.63","LA GRANDE RIVIERE A","7093716","2019-04-20 21:00","2019","04","20","21:00","","5.9","","-0.1","","65","","","","22","","28","","24.1","","98.43","","","","","","Rain"
"-77.70","53.63","LA GRANDE RIVIERE A","7093716","2019-04-20 22:00","2019","04","20","22:00","","4.5","","0.4","","74","","","","21","","23","","24.1","","98.40","","","","","","Rain"
"-77.70","53.63","LA GRANDE RIVIERE A","7093716","2019-04-20 23:00","2019","04","20","23:00","","2.4","","1.1","","91","","","","19","","15","","19.3","","98.38","","","","","","Moderate Rain"
"-77.70","53.63","LA GRANDE RIVIERE A","7093716","2019-04-21 00:00","2019","04","21","00:00","","2.4","","1.6","","94","","","","19","","16","","24.1","","98.31","","","","","","Rain"
"-77.70","53.63","LA GRANDE RIVIERE A","7093716","2019-04-21 01:00","2019","04","21","01:00","","2.7","","2.0","","96","","","","22","","18","","24.1","","98.23","","","","","","Rain"
"-77.70","53.63","LA GRANDE RIVIERE A","7093716","2019-04-21 02:00","2019","04","21","02:00","","2.3","","1.8","","96","","","","21","","14","","1.2","","98.18","","","","","","Fog"
"-77.70","53.63","LA GRANDE RIVIERE A","7093716","2019-04-21 03:00","2019","04","21","03:00","","1.7","","1.3","","97","","","","25","","21","","0.6","","98.22","","","","","","Fog"
"-77.70","53.63","LA GRANDE RIVIERE A","7093716","2019-04-21 04:00","2019","04","21","04:00","","-0.3","","-0.7","","97","","","","29","","21","","0.6","","98.28","","","","-6","","Freezing Fog"
"-77.70","53.63","LA GRANDE RIVIERE A","7093716","2019-04-21 05:00","2019","04","21","05:00","","-2.3","","-3.0","","96","","","","30","","21","","3.2","","98.39","","","","-8","","Snow"
"-77.70","53.63","LA GRANDE RIVIERE A","7093716","2019-04-21 06:00","2019","04","21","06:00","","-4.7","","-5.8","","92","","","","29","","28","","24.1","","98.54","","","","-12","","Snow"
"-77.70","53.63","LA GRANDE RIVIERE A","7093716","2019-04-21 07:00","2019","04","21","07:00","","-5.5","","-7.0","","89","","","","29","","25","","24.1","","98.68","","","","-13","","Snow"
"-77.70","53.63","LA GRANDE RIVIERE A","7093716","2019-04-21 08:00","2019","04","21","08:00","","-5.6","","-7.3","","88","","","","27","","30","","24.1","","98.77","","","","-14","","NA"
"-77.70","53.63","LA GRANDE RIVIERE A","7093716","2019-04-21 09:00","2019","04","21","09:00","","-5.9","","-7.8","","86","","","","29","","27","","19.3","","98.86","","","","-14","","NA"
"-77.70","53.63","LA GRANDE RIVIERE A","7093716","2019-04-21 10:00","2019","04","21","10:00","","-6.0","","-7.5","","89","","","","27","","35","","8.1","","98.98","","","","-15","","Snow"
"-77.70","53.63","LA GRANDE RIVIERE A","7093716","2019-04-21 11:00","2019","04","21","11:00","","-6.1","","-7.8","","88","","","","27","","34","","19.3","","99.12","","","","-15","","Snow"
"-77.70","53.63","LA GRANDE RIVIERE A","7093716","2019-04-21 12:00","2019","04","21","12:00","","-5.8","","-8.2","","83","","","","29","","30","","19.3","","99.25","","","","-14","","Snow"
"-77.70","53.63","LA GRANDE RIVIERE A","7093716","2019-04-21 13:00","2019","04","21","13:00","","-5.1","","-7.8","","82","","","","28","","34","","19.3","","99.39","","","","-14","","Snow"
"-77.70","53.63","LA GRANDE RIVIERE A","7093716","2019-04-21 14:00","2019","04","21","14:00","","-5.1","","-7.8","","81","","","","29","","27","","24.1","","99.51","","","","-13","","Snow"
"-77.70","53.63","LA GRANDE RIVIERE A","7093716","2019-04-21 15:00","2019","04","21","15:00","","-4.8","","-8.5","","76","","","","29","","26","","24.1","","99.62","","","","-12","","Snow"
"-77.70","53.63","LA GRANDE RIVIERE A","7093716","2019-04-21 16:00","2019","04","21","16:00","","-4.8","","-8.7","","74","","","","28","","28","","24.1","","99.72","","","","-12","","Snow"
"-77.70","53.63","LA GRANDE RIVIERE A","7093716","2019-04-21 17:00","2019","04","21","17:00","","-4.8","","-9.4","","70","","","","28","","26","","24.1","","99.83","","","","-12","","Snow"
"-77.70","53.63","LA GRANDE RIVIERE A","7093716","2019-04-21 18:00","2019","04","21","18:00","","-5.0","","-10.6","","65","","","","29","","18","","24.1","","99.92","","","","-11","","Snow"
"-77.70","53.63","LA GRANDE RIVIERE A","7093716","2019-04-21 19:00","2019","04","21","19:00","","-6.2","","-12.0","","64","","","","30","","22","","24.1","","100.03","","","","-13","","Mostly Cloudy"
"-77.70","53.63","LA GRANDE RIVIERE A","7093716","2019-04-21 20:00","2019","04","21","20:00","","-7.1","","-11.5","","71","","","","29","","13","","24.1","","100.17","","","","-13","","NA"
"-77.70","53.63","LA GRANDE RIVIERE A","7093716","2019-04-21 21:00","2019","04","21","21:00","","-8.4","","-12.3","","74","","","","29","","11","","24.1","","100.26","","","","-14","","NA"
"-77.70","53.63","LA GRANDE RIVIERE A","7093716","2019-04-21 22:00","2019","04","21","22:00","","-9.8","","-12.9","","78","","","","29","","9","","24.1","","100.33","","","","-15","","Mainly Clear"
"-77.70","53.63","LA GRANDE RIVIERE A","7093716","2019-04-21 23:00","2019","04","21","23:00","","-10.5","","-13.3","","80","","","","29","","12","","24.1","","100.38","","","","-17","","NA"
"-77.70","53.63","LA GRANDE RIVIERE A","7093716","2019-04-22 00:00","2019","04","22","00:00","","-12.2","","-14.1","","86","","","","28","","7","","24.1","","100.44","","","","-17","","NA"
"-77.70","53.63","LA GRANDE RIVIERE A","7093716","2019-04-22 01:00","2019","04","22","01:00","","-12.5","","-14.4","","86","","","","28","","7","","24.1","","100.49","","","","-17","","Snow"
"-77.70","53.63","LA GRANDE RIVIERE A","7093716","2019-04-22 02:00","2019","04","22","02:00","","-13.3","","-15.3","","85","","","","26","","8","","24.1","","100.54","","","","-18","","NA"
"-77.70","53.63","LA GRANDE RIVIERE A","7093716","2019-04-22 03:00","2019","04","22","03:00","","-13.7","","-15.6","","86","","","","26","","7","","24.1","","100.58","","","","-18","","NA"
"-77.70","53.63","LA GRANDE RIVIERE A","7093716","2019-04-22 04:00","2019","04","22","04:00","","-13.0","","-14.8","","86","","","","27","","7","","24.1","","100.64","","","","-18","","Snow"
"-77.70","53.63","LA GRANDE RIVIERE A","7093716","2019-04-22 05:00","2019","04","22","05:00","","-12.4","","-14.3","","86","","","","32","","7","","24.1","","100.69","","","","-17","","Snow"
"-77.70","53.63","LA GRANDE RIVIERE A","7093716","2019-04-22 06:00","2019","04","22","06:00","","-12.2","","-14.4","","84","","","","33","","8","","24.1","","100.74","","","","-17","","Snow"
"-77.70","53.63","LA GRANDE RIVIERE A","7093716","2019-04-22 07:00","2019","04","22","07:00","","-11.3","","-13.9","","82","","","","36","","5","","24.1","","100.81","","","","-14","","Snow"
"-77.70","53.63","LA GRANDE RIVIERE A","7093716","2019-04-22 08:00","2019","04","22","08:00","","-10.5","","-13.7","","77","","","","24","","4","","24.1","","100.86","","","","-13","","NA"
"-77.70","53.63","LA GRANDE RIVIERE A","7093716","2019-04-22 09:00","2019","04","22","09:00","","-8.6","","-14.4","","63","","","","1","","5","","24.1","","100.84","","","","-11","","NA"
"-77.70","53.63","LA GRANDE RIVIERE A","7093716","2019-04-22 10:00","2019","04","22","10:00","","-7.4","","-14.2","","58","","","","21","","4","","24.1","","100.85","","","","-9","","Mainly Clear"
"-77.70","53.63","LA GRANDE RIVIERE A","7093716","2019-04-22 11:00","2019","04","22","11:00","","-5.4","","-14.1","","51","","","","","","0","","24.1","","100.85","","","","","","NA"
"-77.70","53.63","LA GRANDE RIVIERE A","7093716","2019-04-22 12:00","2019","04","22","12:00","","-4.7","","-14.5","","47","","","","","","0","","24.1","","100.85","","","","","","NA"
"-77.70","53.63","LA GRANDE RIVIERE A","7093716","2019-04-22 13:00","2019","04","22","13:00","","-3.5","","-14.9","","41","","","","27","","8","","24.1","","100.83","","","","-7","","Clear"
"-77.70","53.63","LA GRANDE RIVIERE A","7093716","2019-04-22 14:00","2019","04","22","14:00","","-2.6","","-15.8","","36","","","","22","","3","","24.1","","100.78","","","","-4","","NA"
"-77.70","53.63","LA GRANDE RIVIERE A","7093716","2019-04-22 15:00","2019","04","22","15:00","","-1.8","","-15.0","","36","","","","","","0","","24.1","","100.71","","","","","","NA"
"-77.70","53.63","LA GRANDE RIVIERE A","7093716","2019-04-22 16:00","2019","04","22","16:00","","-1.5","","-13.8","","39","","","","","","0","","24.1","","100.70","","","","","","Clear"
"-77.70","53.63","LA GRANDE RIVIERE A","7093716","2019-04-22 17:00","2019","04","22","17:00","","-1.3","","-12.5","","43","","","","15","","7","","24.1","","100.68","","","","-4","","NA"
"-77.70","53.63","LA GRANDE RIVIERE A","7093716","2019-04-22 18:00","2019","04","22","18:00","","-2.2","","-11.3","","50","","","","12","","15","","24.1","","100.60","","","","-7","","NA"
"-77.70","53.63","LA GRANDE RIVIERE A","7093716","2019-04-22 19:00","2019","04","22","19:00","","-3.6","","-11.4","","55","","","","11","","13","","24.1","","100.61","","","","-8","","Clear"
"-77.70","53.63","LA GRANDE RIVIERE A","7093716","2019-04-22 20:00","2019","04","22","20:00","","-4.2","","-13.2","","50","","","","8","","8","","24.1","","100.60","","","","-8","","NA"
"-77.70","53.63","LA GRANDE RIVIERE A","7093716","2019-04-22 21:00","2019","04","22","21:00","","-5.2","","-13.1","","54","","","","7","","7","","24.1","","100.57","","","","-8","","NA"
"-77.70","53.63","LA GRANDE RIVIERE A","7093716","2019-04-22 22:00","2019","04","22","22:00","","-6.9","","-13.0","","62","","","","12","","10","","24.1","","100.57","","","","-12","","Clear"
"-77.70","53.63","LA GRANDE RIVIERE A","7093716","2019-04-22 23:00","2019","04","22","23:00","","-7.2","","-13.7","","60","","","","10","","9","","24.1","","100.55","","","","-12","","NA"
"-77.70","53.63","LA GRANDE RIVIERE A","7093716","2019-04-23 00:00","2019","04","23","00:00","","-8.8","","-14.3","","65","","","","10","","9","","24.1","","100.52","","","","-13","","NA"
"-77.70","53.63","LA GRANDE RIVIERE A","7093716","2019-04-23 01:00","2019","04","23","01:00","","-7.3","","-14.5","","56","","","","6","","10","","24.1","","100.45","","","","-12","","Clear"
"-77.70","53.63","LA GRANDE RIVIERE A","7093716","2019-04-23 02:00","2019","04","23","02:00","","-7.8","","-13.6","","64","","","","7","","12","","24.1","","100.40","","","","-13","","NA"
"-77.70","53.63","LA GRANDE RIVIERE A","7093716","2019-04-23 03:00","2019","04","23","03:00","","-8.2","","-12.8","","70","","","","9","","12","","24.1","","100.39","","","","-14","","NA"
"-77.70","53.63","LA GRANDE RIVIERE A","7093716","2019-04-23 04:00","2019","04","23","04:00","","-8.8","","-13.9","","67","","","","7","","9","","24.1","","100.36","","","","-13","","Mainly Clear"
"-77.70","53.63","LA GRANDE RIVIERE A","7093716","2019-04-23 05:00","2019","04","23","05:00","","-9.2","","-13.6","","71","","","","7","","11","","24.1","","100.36","","","","-15","","NA"
"-77.70","53.63","LA GRANDE RIVIERE A","7093716","2019-04-23 06:00","2019","04","23","06:00","","-8.9","","-13.7","","69","","","","5","","12","","24.1","","100.33","","","","-15","","NA"
"-77.70","53.63","LA GRANDE RIVIERE A","7093716","2019-04-23 07:00","2019","04","23","07:00","","-6.2","","-13.4","","57","","","","6","","12","","24.1","","100.30","","","","-11","","Mainly Clear"
"-77.70","53.63","LA GRANDE RIVIERE A","7093716","2019-04-23 08:00","2019","04","23","08:00","","-4.3","","-13.0","","51","","","","6","","19","","24.1","","100.27","","","","-10","","NA"
"-77.70","53.63","LA GRANDE RIVIERE A","7093716","2019-04-23 09:00","2019","04","23","09:00","","-2.3","","-12.5","","46","","","","8","","22","","24.1","","100.25","","","","-8","","NA"
"-77.70","53.63","LA GRANDE RIVIERE A","7093716","2019-04-23 10:00","2019","04","23","10:00","","-1.3","","-12.3","","43","","","","7","","24","","24.1","","100.20","","","","-7","","Mainly Clear"
"-77.70","53.63","LA GRANDE RIVIERE A","7093716","2019-04-23 11:00","2019","04","23","11:00","","-0.1","","-11.0","","44","","","","8","","23","","24.1","","100.14","","","","-6","","NA"
"-77.70","53.63","LA GRANDE RIVIERE A","7093716","2019-04-23 12:00","2019","04","23","12:00","","0.3","","-9.8","","47","","","","5","","19","","24.1","","100.03","","","","","","NA"
"-77.70","53.63","LA GRANDE RIVIERE A","7093716","2019-04-23 13:00","2019","04","23","13:00","","1.1","","-9.6","","45","","","","6","","23","","24.1","","99.95","","","","","","Mainly Clear"
"-77.70","53.63","LA GRANDE RIVIERE A","7093716","2019-04-23 14:00","2019","04","23","14:00","","1.8","","-10.3","","41","","","","5","","22","","24.1","","99.90","","","","","","NA"
"-77.70","53.63","LA GRANDE RIVIERE A","7093716","2019-04-23 15:00","2019","04","23","15:00","","2.0","","-11.1","","37","","","","6","","22","","24.1","","99.83","","","","","","NA"
"-77.70","53.63","LA GRANDE RIVIERE A","7093716","2019-04-23 16:00","2019","04","23","16:00","","2.6","","-12.0","","34","","","","6","","21","","24.1","","99.77","","","","","","Mainly Clear"
"-77.70","53.63","LA GRANDE RIVIERE A","7093716","2019-04-23 17:00","2019","04","23","17:00","","2.8","","-11.1","","36","","","","6","","16","","24.1","","99.75","","","","","","NA"
"-77.70","53.63","LA GRANDE RIVIERE A","7093716","2019-04-23 18:00","2019","04","23","18:00","","2.4","","-10.1","","39","","","","5","","17","","24.1","","99.69","","","","","","NA"
"-77.70","53.63","LA GRANDE RIVIERE A","7093716","2019-04-23 19:00","2019","04","23","19:00","","1.2","","-8.6","","48","","","","5","","10","","24.1","","99.68","","","","","","Mainly Clear"
"-77.70","53.63","LA GRANDE RIVIERE A","7093716","2019-04-23 20:00","2019","04","23","20:00","","-1.5","","-8.1","","61","","","","5","","9","","24.1","","99.67","","","","-5","","NA"
"-77.70","53.63","LA GRANDE RIVIERE A","7093716","2019-04-23 21:00","2019","04","23","21:00","","-2.1","","-8.8","","60","","","","5","","10","","24.1","","99.61","","","","-6","","NA"
"-77.70","53.63","LA GRANDE RIVIERE A","7093716","2019-04-23 22:00","2019","04","23","22:00","","-2.7","","-9.6","","59","","","","6","","12","","24.1","","99.57","","","","-7","","Clear"
"-77.70","53.63","LA GRANDE RIVIERE A","7093716","2019-04-23 23:00","2019","04","23","23:00","","-4.0","","-10.0","","63","","","","5","","11","","24.1","","99.52","","","","-8","","NA"
"-77.70","53.63","LA GRANDE RIVIERE A","7093716","2019-04-24 00:00","2019","04","24","00:00","","-3.4","","-10.7","","57","","","","7","","13","","24.1","","99.48","","","","-8","","NA"
"-77.70","53.63","LA GRANDE RIVIERE A","7093716","2019-04-24 01:00","2019","04","24","01:00","","-4.3","","-10.8","","61","","","","6","","17","","24.1","","99.44","","","","-10","","Clear"
"-77.70","53.63","LA GRANDE RIVIERE A","7093716","2019-04-24 02:00","2019","04","24","02:00","","-4.5","","-10.8","","62","","","","7","","13","","24.1","","99.39","","","","-10","","NA"
"-77.70","53.63","LA GRANDE RIVIERE A","7093716","2019-04-24 03:00","2019","04","24","03:00","","-5.3","","-11.0","","65","","","","7","","10","","24.1","","99.35","","","","-10","","NA"
"-77.70","53.63","LA GRANDE RIVIERE A","7093716","2019-04-24 04:00","2019","04","24","04:00","","-6.5","","-11.6","","67","","","","6","","11","","24.1","","99.33","","","","-11","","Mainly Clear"
"-77.70","53.63","LA GRANDE RIVIERE A","7093716","2019-04-24 05:00","2019","04","24","05:00","","-6.0","","-11.7","","64","","","","6","","14","","24.1","","99.32","","","","-12","","NA"
"-77.70","53.63","LA GRANDE RIVIERE A","7093716","2019-04-24 06:00","2019","04","24","06:00","","-5.4","","-11.5","","62","","","","8","","14","","24.1","","99.30","","","","-11","","NA"
"-77.70","53.63","LA GRANDE RIVIERE A","7093716","2019-04-24 07:00","2019","04","24","07:00","","-4.5","","-11.2","","60","","","","8","","15","","24.1","","99.30","","","","-10","","Cloudy"
"-77.70","53.63","LA GRANDE RIVIERE A","7093716","2019-04-24 08:00","2019","04","24","08:00","","-2.9","","-10.3","","57","","","","5","","13","","24.1","","99.27","","","","-8","","NA"
"-77.70","53.63","LA GRANDE RIVIERE A","7093716","2019-04-24 09:00","2019","04","24","09:00","","-1.0","","-9.1","","54","","","","6","","13","","24.1","","99.22","","","","-5","","NA"
"-77.70","53.63","LA GRANDE RIVIERE A","7093716","2019-04-24 10:00","2019","04","24","10:00","","1.1","","-7.9","","51","","","","5","","10","","24.1","","99.18","","","","","","Mostly Cloudy"
"-77.70","53.63","LA GRANDE RIVIERE A","7093716","2019-04-24 11:00","2019","04","24","11:00","","3.0","","-7.2","","47","","","","11","","17","","24.1","","99.12","","","","","","NA"
"-77.70","53.63","LA GRANDE RIVIERE A","7093716","2019-04-24 12:00","2019","04","24","12:00","","4.3","","-7.3","","43","","","","10","","16","","24.1","","99.03","","","","","","NA"
"-77.70","53.63","LA GRANDE RIVIERE A","7093716","2019-04-24 13:00","2019","04","24","13:00","","6.1","","-7.7","","37","","","","10","","16","","24.1","","98.98","","","","","","Cloudy"
"-77.70","53.63","LA GRANDE RIVIERE A","7093716","2019-04-24 14:00","2019","04","24","14:00","","6.6","","-8.0","","35","","","","11","","16","","24.1","","98.92","","","","","","NA"
"-77.70","53.63","LA GRANDE RIVIERE A","7093716","2019-04-24 15:00","2019","04","24","15:00","","8.0","","-9.1","","29","","","","16","","13","","24.1","","98.85","","","","","","NA"
"-77.70","53.63","LA GRANDE RIVIERE A","7093716","2019-04-24 16:00","2019","04","24","16:00","","8.1","","-9.8","","27","","","","17","","19","","24.1","","98.81","","","","","","Mostly Cloudy"
"-77.70","53.63","LA GRANDE RIVIERE A","7093716","2019-04-24 17:00","2019","04","24","17:00","","8.0","","-8.9","","29","","","","15","","16","","24.1","","98.77","","","","","","NA"
"-77.70","53.63","LA GRANDE RIVIERE A","7093716","2019-04-24 18:00","2019","04","24","18:00","","7.9","","-8.1","","31","","","","17","","11","","24.1","","98.72","","","","","","NA"
"-77.70","53.63","LA GRANDE RIVIERE A","7093716","2019-04-24 19:00","2019","04","24","19:00","","6.9","","-8.3","","33","","","","15","","10","","24.1","","98.70","","","","","","Mostly Cloudy"
"-77.70","53.63","LA GRANDE RIVIERE A","7093716","2019-04-24 20:00","2019","04","24","20:00","","5.3","","-8.7","","36","","","","15","","12","","24.1","","98.70","","","","","","NA"
"-77.70","53.63","LA GRANDE RIVIERE A","7093716","2019-04-24 21:00","2019","04","24","21:00","","4.4","","-7.7","","41","","","","15","","16","","24.1","","98.67","","","","","","NA"
"-77.70","53.63","LA GRANDE RIVIERE A","7093716","2019-04-24 22:00","2019","04","24","22:00","","3.5","","-6.0","","50","","","","14","","18","","24.1","","98.58","","","","","","Mainly Clear"
"-77.70","53.63","LA GRANDE RIVIERE A","7093716","2019-04-24 23:00","2019","04","24","23:00","","3.4","","-4.6","","56","","","","15","","18","","24.1","","98.54","","","","","","NA"
"-77.70","53.63","LA GRANDE RIVIERE A","7093716","2019-04-25 00:00","2019","04","25","00:00","","2.9","","-3.5","","63","","","","15","","22","","24.1","","98.47","","","","","","NA"
"-77.70","53.63","LA GRANDE RIVIERE A","7093716","2019-04-25 01:00","2019","04","25","01:00","","2.7","","-2.6","","68","","","","15","","21","","24.1","","98.41","","","","","","Mainly Clear"
"-77.70","53.63","LA GRANDE RIVIERE A","7093716","2019-04-25 02:00","2019","04","25","02:00","","2.4","","-2.0","","73","","","","16","","18","","24.1","","98.36","","","","","","NA"
"-77.70","53.63","LA GRANDE RIVIERE A","7093716","2019-04-25 03:00","2019","04","25","03:00","","2.4","","-1.5","","75","","","","15","","22","","24.1","","98.32","","","","","","NA"
"-77.70","53.63","LA GRANDE RIVIERE A","7093716","2019-04-25 04:00","2019","04","25","04:00","","2.1","","-1.6","","77","","","","15","","23","","24.1","","98.24","","","","","","Mostly Cloudy"
"-77.70","53.63","LA GRANDE RIVIERE A","7093716","2019-04-25 05:00","2019","04","25","05:00","","1.9","","-1.3","","79","","","","15","","21","","24.1","","98.18","","","","","","NA"
"-77.70","53.63","LA GRANDE RIVIERE A","7093716","2019-04-25 06:00","2019","04","25","06:00","","2.2","","-1.0","","79","","","","15","","24","","24.1","","98.12","","","","","","NA"
"-77.70","53.63","LA GRANDE RIVIERE A","7093716","2019-04-25 07:00","2019","04","25","07:00","","2.6","","-0.8","","79","","","","15","","28","","24.1","","98.07","","","","","","Mostly Cloudy"
"-77.70","53.63","LA GRANDE RIVIERE A","7093716","2019-04-25 08:00","2019","04","25","08:00","","0.8","","-0.4","","91","","","","14","","21","","3.2","","98.03","","","","","","Snow"
"-77.70","53.63","LA GRANDE RIVIERE A","7093716","2019-04-25 09:00","2019","04","25","09:00","","1.1","","0.2","","93","","","","14","","23","","6.4","","97.94","","","","","","Snow"
"-77.70","53.63","LA GRANDE RIVIERE A","7093716","2019-04-25 10:00","2019","04","25","10:00","","1.4","","0.3","","93","","","","15","","31","","19.3","","97.87","","","","","","Rain,Snow"
"-77.70","53.63","LA GRANDE RIVIERE A","7093716","2019-04-25 11:00","2019","04","25","11:00","","1.7","","0.5","","92","","","","15","","26","","24.1","","97.84","","","","","","NA"
"-77.70","53.63","LA GRANDE RIVIERE A","7093716","2019-04-25 12:00","2019","04","25","12:00","","2.3","","0.7","","89","","","","15","","26","","24.1","","97.79","","","","","","NA"
"-77.70","53.63","LA GRANDE RIVIERE A","7093716","2019-04-25 13:00","2019","04","25","13:00","","2.8","","0.6","","85","","","","16","","23","","24.1","","97.83","","","","","","Cloudy"
"-77.70","53.63","LA GRANDE RIVIERE A","7093716","2019-04-25 14:00","2019","04","25","14:00","","2.6","","0.5","","86","","","","17","","25","","12.9","","97.83","","","","","","Snow"
"-77.70","53.63","LA GRANDE RIVIERE A","7093716","2019-04-25 15:00","2019","04","25","15:00","","2.4","","0.7","","89","","","","16","","21","","19.3","","97.86","","","","","","Drizzle"
"-77.70","53.63","LA GRANDE RIVIERE A","7093716","2019-04-25 16:00","2019","04","25","16:00","","2.5","","0.5","","87","","","","17","","18","","24.1","","97.89","","","","","","Cloudy"
"-77.70","53.63","LA GRANDE RIVIERE A","7093716","2019-04-25 17:00","2019","04","25","17:00","","2.3","","0.7","","89","","","","16","","15","","24.1","","97.93","","","","","","Rain"
"-77.70","53.63","LA GRANDE RIVIERE A","7093716","2019-04-25 18:00","2019","04","25","18:00","","2.4","","0.9","","89","","","","17","","11","","24.1","","97.97","","","","","","NA"
"-77.70","53.63","LA GRANDE RIVIERE A","7093716","2019-04-25 19:00","2019","04","25","19:00","","2.4","","0.8","","90","","","","19","","12","","16.1","","98.00","","","","","","Cloudy"
"-77.70","53.63","LA GRANDE RIVIERE A","7093716","2019-04-25 20:00","2019","04","25","20:00","","1.9","","1.1","","95","","","","21","","10","","1.6","","98.06","","","","","","Drizzle,Fog"
"-77.70","53.63","LA GRANDE RIVIERE A","7093716","2019-04-25 21:00","2019","04","25","21:00","","1.2","","0.6","","96","","","","26","","19","","1.6","","98.13","","","","","","Drizzle,Fog"
"-77.70","53.63","LA GRANDE RIVIERE A","7093716","2019-04-25 22:00","2019","04","25","22:00","","0.3","","-0.2","","97","","","","27","","19","","1.6","","98.21","","","","","","Drizzle,Fog"
"-77.70","53.63","LA GRANDE RIVIERE A","7093716","2019-04-25 23:00","2019","04","25","23:00","","0.0","","-0.5","","97","","","","28","","14","","4.8","","98.25","","","","-4","","Drizzle,Fog"
"-77.70","53.63","LA GRANDE RIVIERE A","7093716","2019-04-26 00:00","2019","04","26","00:00","","-0.4","","-1.1","","95","","","","28","","20","","24.1","","98.36","","","","-6","","NA"
"-77.70","53.63","LA GRANDE RIVIERE A","7093716","2019-04-26 01:00","2019","04","26","01:00","","-0.7","","-1.4","","95","","","","28","","14","","24.1","","98.33","","","","-5","","Cloudy"
"-77.70","53.63","LA GRANDE RIVIERE A","7093716","2019-04-26 02:00","2019","04","26","02:00","","-1.3","","-1.9","","95","","","","28","","16","","24.1","","98.35","","","","-6","","NA"
"-77.70","53.63","LA GRANDE RIVIERE A","7093716","2019-04-26 03:00","2019","04","26","03:00","","-1.7","","-2.9","","92","","","","28","","18","","24.1","","98.38","","","","-7","","Snow"
"-77.70","53.63","LA GRANDE RIVIERE A","7093716","2019-04-26 04:00","2019","04","26","04:00","","-2.1","","-3.4","","91","","","","27","","21","","24.1","","98.43","","","","-8","","Snow"
"-77.70","53.63","LA GRANDE RIVIERE A","7093716","2019-04-26 05:00","2019","04","26","05:00","","-2.2","","-3.3","","92","","","","25","","11","","24.1","","98.48","","","","-6","","Snow"
"-77.70","53.63","LA GRANDE RIVIERE A","7093716","2019-04-26 06:00","2019","04","26","06:00","","-2.5","","-3.3","","94","","","","27","","18","","9.7","","98.56","","","","-8","","Freezing Drizzle,Fog"
"-77.70","53.63","LA GRANDE RIVIERE A","7093716","2019-04-26 07:00","2019","04","26","07:00","","-3.0","","-4.2","","91","","","","27","","22","","9.7","","98.64","","","","-9","","Fog"
"-77.70","53.63","LA GRANDE RIVIERE A","7093716","2019-04-26 08:00","2019","04","26","08:00","","-3.2","","-4.4","","92","","","","28","","18","","9.7","","98.66","","","","-9","","Fog"
"-77.70","53.63","LA GRANDE RIVIERE A","7093716","2019-04-26 09:00","2019","04","26","09:00","","-3.2","","-4.8","","88","","","","29","","15","","24.1","","98.67","","","","-8","","NA"
"-77.70","53.63","LA GRANDE RIVIERE A","7093716","2019-04-26 10:00","2019","04","26","10:00","","-2.1","","-4.7","","83","","","","26","","13","","24.1","","98.69","","","","-7","","Mostly Cloudy"
"-77.70","53.63","LA GRANDE RIVIERE A","7093716","2019-04-26 11:00","2019","04","26","11:00","","-1.9","","-5.2","","79","","","","28","","12","","24.1","","98.69","","","","-6","","NA"
"-77.70","53.63","LA GRANDE RIVIERE A","7093716","2019-04-26 12:00","2019","04","26","12:00","","-1.3","","-4.7","","78","","","","27","","16","","24.1","","98.69","","","","-6","","NA"
"-77.70","53.63","LA GRANDE RIVIERE A","7093716","2019-04-26 13:00","2019","04","26","13:00","","-1.1","","-4.8","","76","","","","26","","12","","24.1","","98.67","","","","-5","","Cloudy"
"-77.70","53.63","LA GRANDE RIVIERE A","7093716","2019-04-26 14:00","2019","04","26","14:00","","-0.4","","-5.2","","70","","","","33","","4","","24.1","","98.68","","","","-2","","NA"
"-77.70","53.63","LA GRANDE RIVIERE A","7093716","2019-04-26 15:00","2019","04","26","15:00","","-0.5","","-5.2","","70","","","","36","","10","","24.1","","98.67","","","","-4","","NA"
"-77.70","53.63","LA GRANDE RIVIERE A","7093716","2019-04-26 16:00","2019","04","26","16:00","","-0.4","","-4.7","","73","","","","36","","8","","24.1","","98.67","","","","-3","","Cloudy"
"-77.70","53.63","LA GRANDE RIVIERE A","7093716","2019-04-26 17:00","2019","04","26","17:00","","-0.6","","-4.8","","73","","","","35","","8","","24.1","","98.68","","","","-3","","NA"
"-77.70","53.63","LA GRANDE RIVIERE A","7093716","2019-04-26 18:00","2019","04","26","18:00","","-1.1","","-5.0","","75","","","","35","","10","","24.1","","98.71","","","","-5","","NA"
"-77.70","53.63","LA GRANDE RIVIERE A","7093716","2019-04-26 19:00","2019","04","26","19:00","","-1.6","","-4.8","","79","","","","34","","11","","24.1","","98.70","","","","-5","","Cloudy"
"-77.70","53.63","LA GRANDE RIVIERE A","7093716","2019-04-26 20:00","2019","04","26","20:00","","-2.1","","-4.9","","81","","","","35","","15","","24.1","","98.68","","","","-7","","NA"
"-77.70","53.63","LA GRANDE RIVIERE A","7093716","2019-04-26 21:00","2019","04","26","21:00","","-2.7","","-5.2","","83","","","","1","","13","","24.1","","98.66","","","","-7","","NA"
"-77.70","53.63","LA GRANDE RIVIERE A","7093716","2019-04-26 22:00","2019","04","26","22:00","","-3.3","","-5.4","","85","","","","1","","16","","24.1","","98.63","","","","-9","","Cloudy"
"-77.70","53.63","LA GRANDE RIVIERE A","7093716","2019-04-26 23:00","2019","04","26","23:00","","-3.9","","-5.6","","88","","","","2","","16","","24.1","","98.58","","","","-9","","NA"
"-77.70","53.63","LA GRANDE RIVIERE A","7093716","2019-04-27 00:00","2019","04","27","00:00","","-4.5","","-6.4","","86","","","","1","","16","","24.1","","98.49","","","","-10","","NA"
"-77.70","53.63","LA GRANDE RIVIERE A","7093716","2019-04-27 01:00","2019","04","27","01:00","","-5.1","","-7.1","","86","","","","36","","18","","24.1","","98.41","","","","-11","","Cloudy"
"-77.70","53.63","LA GRANDE RIVIERE A","7093716","2019-04-27 02:00","2019","04","27","02:00","","-5.3","","-7.3","","85","","","","1","","13","","24.1","","98.33","","","","-10","","NA"
"-77.70","53.63","LA GRANDE RIVIERE A","7093716","2019-04-27 03:00","2019","04","27","03:00","","-5.1","","-7.0","","86","","","","36","","14","","24.1","","98.33","","","","-10","","NA"
"-77.70","53.63","LA GRANDE RIVIERE A","7093716","2019-04-27 04:00","2019","04","27","04:00","","-5.0","","-6.8","","87","","","","1","","14","","24.1","","98.24","","","","-10","","Cloudy"
"-77.70","53.63","LA GRANDE RIVIERE A","7093716","2019-04-27 05:00","2019","04","27","05:00","","-5.1","","-6.7","","88","","","","36","","13","","24.1","","98.13","","","","-10","","NA"
"-77.70","53.63","LA GRANDE RIVIERE A","7093716","2019-04-27 06:00","2019","04","27","06:00","","-5.1","","-6.8","","87","","","","36","","15","","24.1","","98.09","","","","-11","","NA"
"-77.70","53.63","LA GRANDE RIVIERE A","7093716","2019-04-27 07:00","2019","04","27","07:00","","-4.9","","-6.9","","86","","","","36","","17","","19.3","","98.00","","","","-11","","Snow"
"-77.70","53.63","LA GRANDE RIVIERE A","7093716","2019-04-27 08:00","2019","04","27","08:00","","-4.8","","-6.5","","88","","","","35","","16","","2.4","","97.91","","","","-11","","Snow,Blowing Snow"
"-77.70","53.63","LA GRANDE RIVIERE A","7093716","2019-04-27 09:00","2019","04","27","09:00","","-4.6","","-6.2","","89","","","","35","","16","","1.6","","97.82","","","","-10","","Snow"
"-77.70","53.63","LA GRANDE RIVIERE A","7093716","2019-04-27 10:00","2019","04","27","10:00","","-4.4","","-6.0","","88","","","","34","","16","","1.2","","97.71","","","","-10","","Snow"
"-77.70","53.63","LA GRANDE RIVIERE A","7093716","2019-04-27 11:00","2019","04","27","11:00","","-3.8","","-5.7","","87","","","","35","","19","","1.2","","97.59","","","","-10","","Snow"
"-77.70","53.63","LA GRANDE RIVIERE A","7093716","2019-04-27 12:00","2019","04","27","12:00","","-3.6","","-5.5","","87","","","","33","","13","","1.2","","97.49","","","","-8","","Snow"
"-77.70","53.63","LA GRANDE RIVIERE A","7093716","2019-04-27 13:00","2019","04","27","13:00","","-4.1","","-6.1","","86","","","","33","","20","","1.2","","97.45","","","","-10","","Snow"
"-77.70","53.63","LA GRANDE RIVIERE A","7093716","2019-04-27 14:00","2019","04","27","14:00","","-4.8","","-6.8","","86","","","","32","","16","","1.2","","97.41","","","","-11","","Snow"
"-77.70","53.63","LA GRANDE RIVIERE A","7093716","2019-04-27 15:00","2019","04","27","15:00","","-5.6","","-7.8","","85","","","","32","","19","","1.2","","97.36","","","","-12","","Snow"
"-77.70","53.63","LA GRANDE RIVIERE A","7093716","2019-04-27 16:00","2019","04","27","16:00","","-5.9","","-8.0","","85","","","","32","","22","","1.2","","97.33","","","","-13","","Snow"
"-77.70","53.63","LA GRANDE RIVIERE A","7093716","2019-04-27 17:00","2019","04","27","17:00","","-6.4","","-8.5","","85","","","","31","","22","","1.2","","97.35","","","","-14","","Snow"
"-77.70","53.63","LA GRANDE RIVIERE A","7093716","2019-04-27 18:00","2019","04","27","18:00","","-6.9","","-8.7","","87","","","","30","","24","","1.2","","97.33","","","","-15","","Snow"
"-77.70","53.63","LA GRANDE RIVIERE A","7093716","2019-04-27 19:00","2019","04","27","19:00","","-7.7","","-9.4","","87","","","","30","","24","","1.2","","97.33","","","","-16","","Snow"
"-77.70","53.63","LA GRANDE RIVIERE A","7093716","2019-04-27 20:00","2019","04","27","20:00","","-8.2","","-10.1","","86","","","","30","","24","","1.2","","97.31","","","","-16","","Snow"
"-77.70","53.63","LA GRANDE RIVIERE A","7093716","2019-04-27 21:00","2019","04","27","21:00","","-8.8","","-10.7","","86","","","","28","","32","","1.6","","97.33","","","","-18","","Snow"
"-77.70","53.63","LA GRANDE RIVIERE A","7093716","2019-04-27 22:00","2019","04","27","22:00","","-9.2","","-11.1","","86","","","","28","","33","","1.2","","97.27","","","","-19","","Snow"
"-77.70","53.63","LA GRANDE RIVIERE A","7093716","2019-04-27 23:00","2019","04","27","23:00","","-9.7","","-11.5","","86","","","","27","","30","","1.2","","97.34","","","","-19","","Snow"
"-77.70","53.63","LA GRANDE RIVIERE A","7093716","2019-04-28 00:00","2019","04","28","00:00","","-9.8","","-11.6","","86","","","","27","","30","","1.2","","97.38","","","","-19","","Snow"
"-77.70","53.63","LA GRANDE RIVIERE A","7093716","2019-04-28 01:00","2019","04","28","01:00","","-9.9","","-11.9","","85","","","","27","","33","","1.2","","97.39","","","","-20","","Snow"
"-77.70","53.63","LA GRANDE RIVIERE A","7093716","2019-04-28 02:00","2019","04","28","02:00","","-10.2","","-12.3","","84","","","","26","","30","","2.4","","97.47","","","","-20","","Snow"
"-77.70","53.63","LA GRANDE RIVIERE A","7093716","2019-04-28 03:00","2019","04","28","03:00","","-10.3","","-12.5","","85","","","","26","","31","","2.4","","97.56","","","","-20","","Snow"
"-77.70","53.63","LA GRANDE RIVIERE A","7093716","2019-04-28 04:00","2019","04","28","04:00","","-10.5","","-12.6","","84","","","","25","","28","","1.6","","97.69","","","","-20","","Snow"
"-77.70","53.63","LA GRANDE RIVIERE A","7093716","2019-04-28 05:00","2019","04","28","05:00","","-10.7","","-12.7","","85","","","","25","","29","","1.2","","97.80","","","","-20","","Snow"
"-77.70","53.63","LA GRANDE RIVIERE A","7093716","2019-04-28 06:00","2019","04","28","06:00","","-10.5","","-12.6","","85","","","","25","","23","","1.6","","97.90","","","","-19","","Snow,Blowing Snow"
"-77.70","53.63","LA GRANDE RIVIERE A","7093716","2019-04-28 07:00","2019","04","28","07:00","","-10.4","","-12.7","","84","","","","25","","32","","1.6","","98.02","","","","-20","","Snow,Blowing Snow"
"-77.70","53.63","LA GRANDE RIVIERE A","7093716","2019-04-28 08:00","2019","04","28","08:00","","-10.0","","-13.0","","79","","","","27","","35","","3.2","","98.14","","","","-20","","Snow,Blowing Snow"
"-77.70","53.63","LA GRANDE RIVIERE A","7093716","2019-04-28 09:00","2019","04","28","09:00","","-9.7","","-13.0","","77","","","","27","","35","","2.4","","98.25","","","","-20","","Snow,Blowing Snow"
"-77.70","53.63","LA GRANDE RIVIERE A","7093716","2019-04-28 10:00","2019","04","28","10:00","","-9.4","","-12.6","","77","","","","27","","37","","2.4","","98.36","","","","-20","","Snow"
"-77.70","53.63","LA GRANDE RIVIERE A","7093716","2019-04-28 11:00","2019","04","28","11:00","","-8.5","","-12.1","","76","","","","26","","31","","3.2","","98.46","","","","-18","","Snow,Blowing Snow"
"-77.70","53.63","LA GRANDE RIVIERE A","7093716","2019-04-28 12:00","2019","04","28","12:00","","-8.7","","-12.5","","74","","","","28","","35","","6.4","","98.63","","","","-18","","Snow,Blowing Snow"
"-77.70","53.63","LA GRANDE RIVIERE A","7093716","2019-04-28 13:00","2019","04","28","13:00","","-8.5","","-12.5","","73","","","","28","","32","","4.8","","98.78","","","","-18","","Snow,Blowing Snow"
"-77.70","53.63","LA GRANDE RIVIERE A","7093716","2019-04-28 14:00","2019","04","28","14:00","","-8.5","","-12.2","","75","","","","27","","36","","4.8","","98.94","","","","-18","","Snow,Blowing Snow"
"-77.70","53.63","LA GRANDE RIVIERE A","7093716","2019-04-28 15:00","2019","04","28","15:00","","-8.4","","-12.1","","75","","","","28","","37","","4.8","","99.10","","","","-18","","Snow,Blowing Snow"
"-77.70","53.63","LA GRANDE RIVIERE A","7093716","2019-04-28 16:00","2019","04","28","16:00","","-8.3","","-11.2","","79","","","","28","","37","","2.0","","99.25","","","","-18","","Snow,Blowing Snow"
"-77.70","53.63","LA GRANDE RIVIERE A","7093716","2019-04-28 17:00","2019","04","28","17:00","","-8.7","","-11.8","","78","","","","28","","37","","1.6","","99.40","","","","-19","","Snow,Blowing Snow"
"-77.70","53.63","LA GRANDE RIVIERE A","7093716","2019-04-28 18:00","2019","04","28","18:00","","-9.1","","-12.0","","80","","","","29","","26","","2.4","","99.55","","","","-18","","Snow,Blowing Snow"
"-77.70","53.63","LA GRANDE RIVIERE A","7093716","2019-04-28 19:00","2019","04","28","19:00","","-9.4","","-12.4","","79","","","","28","","29","","8.1","","99.65","","","","-19","","Snow,Blowing Snow"
"-77.70","53.63","LA GRANDE RIVIERE A","7093716","2019-04-28 20:00","2019","04","28","20:00","","-9.9","","-13.0","","79","","","","29","","23","","16.1","","99.73","","","","-18","","Snow"
"-77.70","53.63","LA GRANDE RIVIERE A","7093716","2019-04-28 21:00","2019","04","28","21:00","","-10.1","","-13.2","","78","","","","28","","29","","16.1","","99.77","","","","-20","","Snow"
"-77.70","53.63","LA GRANDE RIVIERE A","7093716","2019-04-28 22:00","2019","04","28","22:00","","-10.5","","-13.8","","77","","","","29","","24","","16.1","","99.81","","","","-19","","Snow"
"-77.70","53.63","LA GRANDE RIVIERE A","7093716","2019-04-28 23:00","2019","04","28","23:00","","-10.6","","-13.7","","78","","","","29","","26","","16.1","","99.88","","","","-20","","Snow"
"-77.70","53.63","LA GRANDE RIVIERE A","7093716","2019-04-29 00:00","2019","04","29","00:00","","-10.8","","-13.9","","78","","","","29","","15","","24.1","","99.99","","","","-18","","Snow"
"-77.70","53.63","LA GRANDE RIVIERE A","7093716","2019-04-29 01:00","2019","04","29","01:00","","-10.8","","-14.0","","77","","","","30","","19","","24.1","","100.05","","","","-19","","Snow"
"-77.70","53.63","LA GRANDE RIVIERE A","7093716","2019-04-29 02:00","2019","04","29","02:00","","-10.8","","-14.2","","76","","","","30","","12","","24.1","","100.10","","","","-17","","Snow"
"-77.70","53.63","LA GRANDE RIVIERE A","7093716","2019-04-29 03:00","2019","04","29","03:00","","-10.8","","-13.9","","78","","","","29","","19","","24.1","","100.14","","","","-19","","Snow"
"-77.70","53.63","LA GRANDE RIVIERE A","7093716","2019-04-29 04:00","2019","04","29","04:00","","-10.9","","-13.7","","80","","","","29","","12","","24.1","","100.19","","","","-17","","Snow"
"-77.70","53.63","LA GRANDE RIVIERE A","7093716","2019-04-29 05:00","2019","04","29","05:00","","-11.1","","-14.0","","80","","","","30","","17","","16.1","","100.28","","","","-19","","Snow"
"-77.70","53.63","LA GRANDE RIVIERE A","7093716","2019-04-29 06:00","2019","04","29","06:00","","-11.9","","-14.9","","79","","","","31","","15","","24.1","","100.37","","","","-19","","Snow"
"-77.70","53.63","LA GRANDE RIVIERE A","7093716","2019-04-29 07:00","2019","04","29","07:00","","-12.3","","-15.4","","78","","","","30","","22","","19.3","","100.42","","","","-21","","Snow"
"-77.70","53.63","LA GRANDE RIVIERE A","7093716","2019-04-29 08:00","2019","04","29","08:00","","-12.0","","-15.2","","77","","","","31","","17","","12.9","","100.49","","","","-20","","Snow"
"-77.70","53.63","LA GRANDE RIVIERE A","7093716","2019-04-29 09:00","2019","04","29","09:00","","-11.7","","-15.4","","74","","","","28","","28","","8.1","","100.50","","","","-21","","Snow"
"-77.70","53.63","LA GRANDE RIVIERE A","7093716","2019-04-29 10:00","2019","04","29","10:00","","-10.4","","-15.1","","69","","","","30","","21","","11.3","","100.51","","","","-19","","Snow"
"-77.70","53.63","LA GRANDE RIVIERE A","7093716","2019-04-29 11:00","2019","04","29","11:00","","-9.4","","-14.7","","66","","","","32","","16","","19.3","","100.53","","","","-16","","Snow"
"-77.70","53.63","LA GRANDE RIVIERE A","7093716","2019-04-29 12:00","2019","04","29","12:00","","-8.6","","-14.1","","64","","","","29","","18","","24.1","","100.56","","","","-16","","Snow"
"-77.70","53.63","LA GRANDE RIVIERE A","7093716","2019-04-29 13:00","2019","04","29","13:00","","-7.7","","-14.3","","59","","","","30","","15","","24.1","","100.62","","","","-14","","Mostly Cloudy"
"-77.70","53.63","LA GRANDE RIVIERE A","7093716","2019-04-29 14:00","2019","04","29","14:00","","-7.4","","-13.5","","62","","","","27","","22","","24.1","","100.62","","","","-15","","NA"
"-77.70","53.63","LA GRANDE RIVIERE A","7093716","2019-04-29 15:00","2019","04","29","15:00","","-6.6","","-13.5","","59","","","","28","","22","","24.1","","100.61","","","","-14","","NA"
"-77.70","53.63","LA GRANDE RIVIERE A","7093716","2019-04-29 16:00","2019","04","29","16:00","","-5.9","","-13.2","","57","","","","32","","15","","24.1","","100.53","","","","-12","","Mainly Clear"
"-77.70","53.63","LA GRANDE RIVIERE A","7093716","2019-04-29 17:00","2019","04","29","17:00","","-6.4","","-13.5","","58","","","","32","","16","","24.1","","100.58","","","","-13","","NA"
"-77.70","53.63","LA GRANDE RIVIERE A","7093716","2019-04-29 18:00","2019","04","29","18:00","","-8.1","","-14.3","","61","","","","32","","18","","24.1","","100.59","","","","-15","","NA"
"-77.70","53.63","LA GRANDE RIVIERE A","7093716","2019-04-29 19:00","2019","04","29","19:00","","-9.3","","-14.7","","65","","","","31","","17","","24.1","","100.59","","","","-16","","Mainly Clear"
"-77.70","53.63","LA GRANDE RIVIERE A","7093716","2019-04-29 20:00","2019","04","29","20:00","","-10.4","","-14.8","","70","","","","32","","11","","24.1","","100.60","","","","-16","","NA"
"-77.70","53.63","LA GRANDE RIVIERE A","7093716","2019-04-29 21:00","2019","04","29","21:00","","-10.2","","-14.4","","72","","","","34","","9","","24.1","","100.61","","","","-15","","Snow"
"-77.70","53.63","LA GRANDE RIVIERE A","7093716","2019-04-29 22:00","2019","04","29","22:00","","-10.5","","-14.3","","74","","","","32","","8","","24.1","","100.57","","","","-15","","Snow"
"-77.70","53.63","LA GRANDE RIVIERE A","7093716","2019-04-29 23:00","2019","04","29","23:00","","-10.9","","-14.8","","73","","","","32","","12","","24.1","","100.54","","","","-17","","Snow"
"-77.70","53.63","LA GRANDE RIVIERE A","7093716","2019-04-30 00:00","2019","04","30","00:00","","-10.8","","-14.4","","75","","","","31","","9","","24.1","","100.54","","","","-16","","Snow"
"-77.70","53.63","LA GRANDE RIVIERE A","7093716","2019-04-30 01:00","2019","04","30","01:00","","-10.8","","-14.2","","77","","","","31","","13","","24.1","","100.55","","","","-17","","Snow"
"-77.70","53.63","LA GRANDE RIVIERE A","7093716","2019-04-30 02:00","2019","04","30","02:00","","-11.6","","-14.8","","78","","","","30","","14","","24.1","","100.54","","","","-18","","Snow"
"-77.70","53.63","LA GRANDE RIVIERE A","7093716","2019-04-30 03:00","2019","04","30","03:00","","-12.2","","-15.2","","79","","","","32","","18","","24.1","","100.56","","","","-20","","Snow"
"-77.70","53.63","LA GRANDE RIVIERE A","7093716","2019-04-30 04:00","2019","04","30","04:00","","-12.8","","-15.6","","80","","","","30","","13","","24.1","","100.59","","","","-20","","Snow"
"-77.70","53.63","LA GRANDE RIVIERE A","7093716","2019-04-30 05:00","2019","04","30","05:00","","-13.3","","-15.8","","82","","","","33","","10","","24.1","","100.64","","","","-19","","Snow"
"-77.70","53.63","LA GRANDE RIVIERE A","7093716","2019-04-30 06:00","2019","04","30","06:00","","-13.6","","-16.1","","82","","","","33","","13","","24.1","","100.70","","","","-21","","NA"
"-77.70","53.63","LA GRANDE RIVIERE A","7093716","2019-04-30 07:00","2019","04","30","07:00","","-13.6","","-16.6","","79","","","","33","","19","","24.1","","100.72","","","","-22","","Snow"
"-77.70","53.63","LA GRANDE RIVIERE A","7093716","2019-04-30 08:00","2019","04","30","08:00","","-12.1","","-16.5","","70","","","","31","","11","","24.1","","100.75","","","","-18","","NA"
"-77.70","53.63","LA GRANDE RIVIERE A","7093716","2019-04-30 09:00","2019","04","30","09:00","","-10.7","","-16.1","","65","","","","30","","14","","24.1","","100.76","","","","-17","","NA"
"-77.70","53.63","LA GRANDE RIVIERE A","7093716","2019-04-30 10:00","2019","04","30","10:00","","-9.5","","-16.2","","59","","","","32","","16","","24.1","","100.78","","","","-16","","Mainly Clear"
"-77.70","53.63","LA GRANDE RIVIERE A","7093716","2019-04-30 11:00","2019","04","30","11:00","","-8.9","","-16.7","","54","","","","30","","13","","24.1","","100.81","","","","-15","","NA"
"-77.70","53.63","LA GRANDE RIVIERE A","7093716","2019-04-30 12:00","2019","04","30","12:00","","-8.0","","-16.7","","50","","","","29","","17","","24.1","","100.81","","","","-15","","NA"
"-77.70","53.63","LA GRANDE RIVIERE A","7093716","2019-04-30 13:00","2019","04","30","13:00","","-7.0","","-16.5","","47","","","","29","","17","","24.1","","100.85","","","","-13","","Mainly Clear"
"-77.70","53.63","LA GRANDE RIVIERE A","7093716","2019-04-30 14:00","2019","04","30","14:00","","-5.9","","-17.7","","39","","","","30","","22","","24.1","","100.87","","","","-13","","NA"
"-77.70","53.63","LA GRANDE RIVIERE A","7093716","2019-04-30 15:00","2019","04","30","15:00","","-5.3","","-17.5","","38","","","","32","","14","","24.1","","100.90","","","","-11","","NA"
"-77.70","53.63","LA GRANDE RIVIERE A","7093716","2019-04-30 16:00","2019","04","30","16:00","","-5.4","","-16.9","","40","","","","32","","17","","24.1","","100.93","","","","-11","","Mainly Clear"
"-77.70","53.63","LA GRANDE RIVIERE A","7093716","2019-04-30 17:00","2019","04","30","17:00","","-6.4","","-17.4","","42","","","","32","","18","","24.1","","100.96","","","","-13","","NA"
"-77.70","53.63","LA GRANDE RIVIERE A","7093716","2019-04-30 18:00","2019","04","30","18:00","","-7.5","","-16.5","","49","","","","30","","13","","24.1","","101.01","","","","-13","","NA"
"-77.70","53.63","LA GRANDE RIVIERE A","7093716","2019-04-30 19:00","2019","04","30","19:00","","-9.0","","-16.4","","56","","","","31","","10","","24.1","","101.08","","","","-14","","Mainly Clear"
"-77.70","53.63","LA GRANDE RIVIERE A","7093716","2019-04-30 20:00","2019","04","30","20:00","","-11.2","","-16.7","","64","","","","31","","8","","24.1","","101.11","","","","-16","","NA"
"-77.70","53.63","LA GRANDE RIVIERE A","7093716","2019-04-30 21:00","2019","04","30","21:00","","-12.8","","-17.5","","68","","","","31","","9","","24.1","","101.10","","","","-18","","NA"
"-77.70","53.63","LA GRANDE RIVIERE A","7093716","2019-04-30 22:00","2019","04","30","22:00","","-14.2","","-17.8","","74","","","","31","","6","","24.1","","101.09","","","","-18","","Clear"
"-77.70","53.63","LA GRANDE RIVIERE A","7093716","2019-04-30 23:00","2019","04","30","23:00","","-15.2","","-18.3","","78","","","","32","","4","","24.1","","101.06","","","","-18","","NA"
"-77.70","53.63","LA GRANDE RIVIERE A","7093716","2019-05-01 00:00","2019","05","01","00:00","","-16.1","","-18.6","","81","","","","33","","5","","24.1","","101.15","","","","-20","","NA"
"-77.70","53.63","LA GRANDE RIVIERE A","7093716","2019-05-01 01:00","2019","05","01","01:00","","-18.3","","-20.8","","81","","","","27","","5","","24.1","","101.17","","","","-22","","Clear"
"-77.70","53.63","LA GRANDE RIVIERE A","7093716","2019-05-01 02:00","2019","05","01","02:00","","-18.6","","-20.9","","82","","","","26","","5","","24.1","","101.18","","","","-23","","NA"
"-77.70","53.63","LA GRANDE RIVIERE A","7093716","2019-05-01 03:00","2019","05","01","03:00","","-18.4","","-20.4","","85","","","","35","","4","","24.1","","101.16","","","","-22","","NA"
"-77.70","53.63","LA GRANDE RIVIERE A","7093716","2019-05-01 04:00","2019","05","01","04:00","","-19.8","","-22.1","","82","","","","","","0","","24.1","","101.18","","","","","","Mainly Clear"
"-77.70","53.63","LA GRANDE RIVIERE A","7093716","2019-05-01 05:00","2019","05","01","05:00","","-21.7","","-24.5","","79","","","","36","","6","","9.7","","101.32","","","","-27","","Fog"
"-77.70","53.63","LA GRANDE RIVIERE A","7093716","2019-05-01 06:00","2019","05","01","06:00","","-20.6","","-22.9","","82","","","","5","","7","","2.4","","101.34","","","","-26","","Fog"
"-77.70","53.63","LA GRANDE RIVIERE A","7093716","2019-05-01 07:00","2019","05","01","07:00","","-18.2","","-20.6","","82","","","","4","","5","","6.4","","101.33","","","","-22","","Fog"
"-77.70","53.63","LA GRANDE RIVIERE A","7093716","2019-05-01 08:00","2019","05","01","08:00","","-15.3","","-17.6","","83","","","","","","0","","24.1","","101.34","","","","","","NA"
"-77.70","53.63","LA GRANDE RIVIERE A","7093716","2019-05-01 09:00","2019","05","01","09:00","","-12.1","","-15.9","","74","","","","2","","4","","24.1","","101.31","","","","-15","","NA"
"-77.70","53.63","LA GRANDE RIVIERE A","7093716","2019-05-01 10:00","2019","05","01","10:00","","-9.1","","-17.4","","52","","","","","","0","","24.1","","101.27","","","","","","Clear"
"-77.70","53.63","LA GRANDE RIVIERE A","7093716","2019-05-01 11:00","2019","05","01","11:00","","-6.8","","-16.7","","46","","","","21","","3","","24.1","","101.31","","","","-8","","NA"
"-77.70","53.63","LA GRANDE RIVIERE A","7093716","2019-05-01 12:00","2019","05","01","12:00","","-4.7","","-17.5","","36","","","","26","","5","","24.1","","101.26","","","","-7","","NA"
"-77.70","53.63","LA GRANDE RIVIERE A","7093716","2019-05-01 13:00","2019","05","01","13:00","","-3.6","","-18.5","","31","","","","","","0","","24.1","","101.20","","","","","","Mainly Clear"
"-77.70","53.63","LA GRANDE RIVIERE A","7093716","2019-05-01 14:00","2019","05","01","14:00","","-2.1","","-16.9","","32","","","","32","","4","","24.1","","101.10","","","","-4","","NA"
"-77.70","53.63","LA GRANDE RIVIERE A","7093716","2019-05-01 15:00","2019","05","01","15:00","","-2.7","","-15.8","","36","","","","5","","12","","24.1","","101.02","","","","-7","","NA"
"-77.70","53.63","LA GRANDE RIVIERE A","7093716","2019-05-01 16:00","2019","05","01","16:00","","-2.7","","-15.2","","38","","","","6","","9","","24.1","","100.97","","","","-6","","Mainly Clear"
"-77.70","53.63","LA GRANDE RIVIERE A","7093716","2019-05-01 17:00","2019","05","01","17:00","","-2.4","","-17.1","","32","","","","4","","7","","24.1","","100.98","","","","-5","","NA"
"-77.70","53.63","LA GRANDE RIVIERE A","7093716","2019-05-01 18:00","2019","05","01","18:00","","-2.7","","-18.1","","30","","","","5","","9","","24.1","","100.99","","","","-6","","NA"
"-77.70","53.63","LA GRANDE RIVIERE A","7093716","2019-05-01 19:00","2019","05","01","19:00","","-3.2","","-17.5","","32","","","","8","","9","","24.1","","100.98","","","","-7","","Mainly Clear"
"-77.70","53.63","LA GRANDE RIVIERE A","7093716","2019-05-01 20:00","2019","05","01","20:00","","-5.3","","-16.5","","41","","","","9","","3","","24.1","","101.00","","","","-7","","NA"
"-77.70","53.63","LA GRANDE RIVIERE A","7093716","2019-05-01 21:00","2019","05","01","21:00","","-7.5","","-16.8","","48","","","","36","","6","","24.1","","101.02","","","","-11","","NA"
"-77.70","53.63","LA GRANDE RIVIERE A","7093716","2019-05-01 22:00","2019","05","01","22:00","","-6.5","","-17.4","","42","","","","36","","4","","24.1","","101.00","","","","-8","","Clear"
"-77.70","53.63","LA GRANDE RIVIERE A","7093716","2019-05-01 23:00","2019","05","01","23:00","","-8.3","","-17.6","","47","","","","1","","5","","24.1","","100.96","","","","-11","","NA"
"-77.70","53.63","LA GRANDE RIVIERE A","7093716","2019-05-02 00:00","2019","05","02","00:00","","-10.0","","-17.2","","56","","","","5","","9","","24.1","","100.92","","","","-15","","NA"
"-77.70","53.63","LA GRANDE RIVIERE A","7093716","2019-05-02 01:00","2019","05","02","01:00","","-9.8","","-17.1","","56","","","","5","","11","","24.1","","100.90","","","","-15","","Clear"
"-77.70","53.63","LA GRANDE RIVIERE A","7093716","2019-05-02 02:00","2019","05","02","02:00","","-11.1","","-17.8","","58","","","","5","","12","","24.1","","100.88","","","","-17","","NA"
"-77.70","53.63","LA GRANDE RIVIERE A","7093716","2019-05-02 03:00","2019","05","02","03:00","","-11.6","","-18.0","","60","","","","5","","10","","24.1","","100.89","","","","-17","","NA"
"-77.70","53.63","LA GRANDE RIVIERE A","7093716","2019-05-02 04:00","2019","05","02","04:00","","-12.3","","-18.1","","62","","","","5","","10","","24.1","","100.89","","","","-18","","Mainly Clear"
"-77.70","53.63","LA GRANDE RIVIERE A","7093716","2019-05-02 05:00","2019","05","02","05:00","","-12.4","","-18.0","","63","","","","5","","12","","24.1","","100.89","","","","-19","","NA"
"-77.70","53.63","LA GRANDE RIVIERE A","7093716","2019-05-02 06:00","2019","05","02","06:00","","-10.2","","-17.2","","57","","","","8","","11","","24.1","","100.90","","","","-16","","NA"
"-77.70","53.63","LA GRANDE RIVIERE A","7093716","2019-05-02 07:00","2019","05","02","07:00","","-8.9","","-16.7","","53","","","","8","","12","","24.1","","100.90","","","","-15","","Mostly Cloudy"
"-77.70","53.63","LA GRANDE RIVIERE A","7093716","2019-05-02 08:00","2019","05","02","08:00","","-6.1","","-15.3","","48","","","","7","","7","","24.1","","100.87","","","","-9","","NA"
"-77.70","53.63","LA GRANDE RIVIERE A","7093716","2019-05-02 09:00","2019","05","02","09:00","","-4.2","","-14.4","","45","","","","7","","12","","24.1","","100.80","","","","-9","","NA"
"-77.70","53.63","LA GRANDE RIVIERE A","7093716","2019-05-02 10:00","2019","05","02","10:00","","-2.0","","-14.4","","38","","","","7","","9","","24.1","","100.76","","","","-5","","Mostly Cloudy"
"-77.70","53.63","LA GRANDE RIVIERE A","7093716","2019-05-02 11:00","2019","05","02","11:00","","-1.4","","-15.0","","35","","","","6","","19","","24.1","","100.69","","","","-7","","NA"
"-77.70","53.63","LA GRANDE RIVIERE A","7093716","2019-05-02 12:00","2019","05","02","12:00","","-0.8","","-15.1","","33","","","","4","","12","","24.1","","100.64","","","","-5","","NA"
"-77.70","53.63","LA GRANDE RIVIERE A","7093716","2019-05-02 13:00","2019","05","02","13:00","","0.2","","-14.1","","34","","","","7","","17","","24.1","","100.59","","","","","","Mostly Cloudy"
"-77.70","53.63","LA GRANDE RIVIERE A","7093716","2019-05-02 14:00","2019","05","02","14:00","","0.4","","-14.1","","33","","","","6","","13","","24.1","","100.49","","","","","","NA"
"-77.70","53.63","LA GRANDE RIVIERE A","7093716","2019-05-02 15:00","2019","05","02","15:00","","0.8","","-13.6","","34","","","","6","","17","","24.1","","100.44","","","","","","NA"
"-77.70","53.63","LA GRANDE RIVIERE A","7093716","2019-05-02 16:00","2019","05","02","16:00","","1.4","","-12.9","","34","","","","6","","13","","24.1","","100.34","","","","","","Cloudy"
"-77.70","53.63","LA GRANDE RIVIERE A","7093716","2019-05-02 17:00","2019","05","02","17:00","","1.4","","-12.5","","35","","","","5","","18","","24.1","","100.25","","","","","","NA"
"-77.70","53.63","LA GRANDE RIVIERE A","7093716","2019-05-02 18:00","2019","05","02","18:00","","1.1","","-12.8","","35","","","","6","","17","","24.1","","100.16","","","","","","NA"
"-77.70","53.63","LA GRANDE RIVIERE A","7093716","2019-05-02 19:00","2019","05","02","19:00","","0.7","","-10.7","","42","","","","7","","10","","24.1","","100.13","","","","","","Cloudy"
"-77.70","53.63","LA GRANDE RIVIERE A","7093716","2019-05-02 20:00","2019","05","02","20:00","","0.0","","-10.8","","44","","","","7","","13","","24.1","","100.07","","","","-4","","NA"
"-77.70","53.63","LA GRANDE RIVIERE A","7093716","2019-05-02 21:00","2019","05","02","21:00","","-0.5","","-9.7","","50","","","","7","","16","","24.1","","99.99","","","","-5","","NA"
"-77.70","53.63","LA GRANDE RIVIERE A","7093716","2019-05-02 22:00","2019","05","02","22:00","","-1.3","","-8.7","","57","","","","6","","13","","24.1","","99.90","","","","-6","","Cloudy"
"-77.70","53.63","LA GRANDE RIVIERE A","7093716","2019-05-02 23:00","2019","05","02","23:00","","-1.7","","-8.6","","60","","","","7","","7","","24.1","","99.86","","","","-4","","NA"
"-77.70","53.63","LA GRANDE RIVIERE A","7093716","2019-05-03 00:00","2019","05","03","00:00","","-1.7","","-8.1","","62","","","","7","","13","","24.1","","99.77","","","","-6","","NA"
"-77.70","53.63","LA GRANDE RIVIERE A","7093716","2019-05-03 01:00","2019","05","03","01:00","","-1.9","","-7.8","","64","","","","6","","14","","24.1","","99.71","","","","-7","","Mostly Cloudy"
"-77.70","53.63","LA GRANDE RIVIERE A","7093716","2019-05-03 02:00","2019","05","03","02:00","","-1.6","","-7.4","","65","","","","8","","14","","24.1","","99.64","","","","-6","","NA"
"-77.70","53.63","LA GRANDE RIVIERE A","7093716","2019-05-03 03:00","2019","05","03","03:00","","-1.9","","-7.2","","67","","","","9","","11","","24.1","","99.56","","","","-6","","NA"
"-77.70","53.63","LA GRANDE RIVIERE A","7093716","2019-05-03 04:00","2019","05","03","04:00","","-1.6","","-6.6","","69","","","","7","","13","","24.1","","99.48","","","","-6","","Cloudy"
"-77.70","53.63","LA GRANDE RIVIERE A","7093716","2019-05-03 05:00","2019","05","03","05:00","","-1.6","","-6.1","","72","","","","8","","17","","24.1","","99.43","","","","-7","","NA"
"-77.70","53.63","LA GRANDE RIVIERE A","7093716","2019-05-03 06:00","2019","05","03","06:00","","-1.4","","-5.8","","72","","","","8","","12","","24.1","","99.38","","","","-5","","NA"
"-77.70","53.63","LA GRANDE RIVIERE A","7093716","2019-05-03 07:00","2019","05","03","07:00","","-0.5","","-5.5","","69","","","","6","","5","","24.1","","99.37","","","","-2","","Mostly Cloudy"
"-77.70","53.63","LA GRANDE RIVIERE A","7093716","2019-05-03 08:00","2019","05","03","08:00","","0.5","","-4.9","","67","","","","6","","9","","24.1","","99.32","","","","","","NA"
"-77.70","53.63","LA GRANDE RIVIERE A","7093716","2019-05-03 09:00","2019","05","03","09:00","","2.7","","-4.6","","59","","","","","","0","","24.1","","99.26","","","","","","NA"
"-77.70","53.63","LA GRANDE RIVIERE A","7093716","2019-05-03 10:00","2019","05","03","10:00","","4.4","","-5.1","","50","","","","36","","4","","24.1","","99.21","","","","","","Mostly Cloudy"
"-77.70","53.63","LA GRANDE RIVIERE A","7093716","2019-05-03 11:00","2019","05","03","11:00","","5.4","","-5.3","","46","","","","4","","5","","24.1","","99.15","","","","","","NA"
"-77.70","53.63","LA GRANDE RIVIERE A","7093716","2019-05-03 12:00","2019","05","03","12:00","","6.0","","-6.9","","39","","","","22","","15","","24.1","","99.11","","","","","","NA"
"-77.70","53.63","LA GRANDE RIVIERE A","7093716","2019-05-03 13:00","2019","05","03","13:00","","5.5","","-5.3","","46","","","","26","","17","","24.1","","99.10","","","","","","Mostly Cloudy"
"-77.70","53.63","LA GRANDE RIVIERE A","7093716","2019-05-03 14:00","2019","05","03","14:00","","5.3","","-5.4","","46","","","","27","","23","","24.1","","99.12","","","","","","NA"
"-77.70","53.63","LA GRANDE RIVIERE A","7093716","2019-05-03 15:00","2019","05","03","15:00","","5.5","","-5.3","","46","","","","25","","19","","24.1","","99.09","","","","","","NA"
"-77.70","53.63","LA GRANDE RIVIERE A","7093716","2019-05-03 16:00","2019","05","03","16:00","","3.3","","-4.6","","56","","","","27","","23","","24.1","","99.14","","","","","","Mostly Cloudy"
"-77.70","53.63","LA GRANDE RIVIERE A","7093716","2019-05-03 17:00","2019","05","03","17:00","","1.4","","-4.7","","64","","","","27","","26","","24.1","","99.18","","","","","","NA"
"-77.70","53.63","LA GRANDE RIVIERE A","7093716","2019-05-03 18:00","2019","05","03","18:00","","0.5","","-4.7","","68","","","","26","","19","","24.1","","99.18","","","","","","NA"
"-77.70","53.63","LA GRANDE RIVIERE A","7093716","2019-05-03 19:00","2019","05","03","19:00","","-0.6","","-5.0","","72","","","","25","","22","","24.1","","99.21","","","","-6","","Cloudy"
"-77.70","53.63","LA GRANDE RIVIERE A","7093716","2019-05-03 20:00","2019","05","03","20:00","","-1.8","","-5.0","","79","","","","25","","19","","24.1","","99.22","","","","-7","","NA"
"-77.70","53.63","LA GRANDE RIVIERE A","7093716","2019-05-03 21:00","2019","05","03","21:00","","-3.2","","-5.7","","83","","","","27","","24","","24.1","","99.22","","","","-10","","NA"
"-77.70","53.63","LA GRANDE RIVIERE A","7093716","2019-05-03 22:00","2019","05","03","22:00","","-4.3","","-6.5","","85","","","","26","","21","","24.1","","99.21","","","","-11","","Cloudy"
"-77.70","53.63","LA GRANDE RIVIERE A","7093716","2019-05-03 23:00","2019","05","03","23:00","","-4.9","","-6.6","","88","","","","27","","23","","24.1","","99.20","","","","-12","","NA"
"-77.70","53.63","LA GRANDE RIVIERE A","7093716","2019-05-04 00:00","2019","05","04","00:00","","-6.2","","-7.7","","89","","","","29","","21","","24.1","","99.22","","","","-13","","NA"
"-77.70","53.63","LA GRANDE RIVIERE A","7093716","2019-05-04 01:00","2019","05","04","01:00","","-6.8","","-7.8","","92","","","","26","","19","","24.1","","99.22","","","","-14","","Cloudy"
"-77.70","53.63","LA GRANDE RIVIERE A","7093716","2019-05-04 02:00","2019","05","04","02:00","","-6.7","","-7.9","","91","","","","27","","21","","24.1","","99.23","","","","-14","","NA"
"-77.70","53.63","LA GRANDE RIVIERE A","7093716","2019-05-04 03:00","2019","05","04","03:00","","-6.5","","-7.9","","90","","","","27","","18","","24.1","","99.24","","","","-13","","NA"
"-77.70","53.63","LA GRANDE RIVIERE A","7093716","2019-05-04 04:00","2019","05","04","04:00","","-7.1","","-8.5","","89","","","","27","","16","","24.1","","99.26","","","","-13","","Cloudy"
"-77.70","53.63","LA GRANDE RIVIERE A","7093716","2019-05-04 05:00","2019","05","04","05:00","","-7.3","","-8.8","","89","","","","25","","14","","24.1","","99.27","","","","-13","","NA"
"-77.70","53.63","LA GRANDE RIVIERE A","7093716","2019-05-04 06:00","2019","05","04","06:00","","-7.6","","-9.1","","89","","","","29","","13","","24.1","","99.27","","","","-13","","NA"
"-77.70","53.63","LA GRANDE RIVIERE A","7093716","2019-05-04 07:00","2019","05","04","07:00","","-7.4","","-9.1","","87","","","","26","","13","","24.1","","99.30","","","","-13","","Cloudy"
"-77.70","53.63","LA GRANDE RIVIERE A","7093716","2019-05-04 08:00","2019","05","04","08:00","","-6.9","","-9.3","","83","","","","25","","17","","24.1","","99.34","","","","-13","","NA"
"-77.70","53.63","LA GRANDE RIVIERE A","7093716","2019-05-04 09:00","2019","05","04","09:00","","-6.0","","-8.8","","81","","","","28","","16","","24.1","","99.32","","","","-12","","NA"
"-77.70","53.63","LA GRANDE RIVIERE A","7093716","2019-05-04 10:00","2019","05","04","10:00","","-4.7","","-9.2","","71","","","","28","","20","","24.1","","99.32","","","","-11","","Mainly Clear"
"-77.70","53.63","LA GRANDE RIVIERE A","7093716","2019-05-04 11:00","2019","05","04","11:00","","-3.2","","-8.2","","68","","","","26","","21","","24.1","","99.33","","","","-9","","NA"
"-77.70","53.63","LA GRANDE RIVIERE A","7093716","2019-05-04 12:00","2019","05","04","12:00","","-2.2","","-9.1","","59","","","","27","","21","","24.1","","99.26","","","","-8","","NA"
"-77.70","53.63","LA GRANDE RIVIERE A","7093716","2019-05-04 13:00","2019","05","04","13:00","","-1.0","","-8.4","","58","","","","25","","16","","24.1","","99.23","","","","-6","","Clear"
"-77.70","53.63","LA GRANDE RIVIERE A","7093716","2019-05-04 14:00","2019","05","04","14:00","","0.1","","-8.1","","54","","","","27","","16","","24.1","","99.19","","","","","","NA"
"-77.70","53.63","LA GRANDE RIVIERE A","7093716","2019-05-04 15:00","2019","05","04","15:00","","0.5","","-7.7","","54","","","","29","","12","","24.1","","99.12","","","","","","NA"
"-77.70","53.63","LA GRANDE RIVIERE A","7093716","2019-05-04 16:00","2019","05","04","16:00","","1.7","","-7.2","","52","","","","23","","12","","24.1","","99.07","","","","","","Mainly Clear"
"-77.70","53.63","LA GRANDE RIVIERE A","7093716","2019-05-04 17:00","2019","05","04","17:00","","1.6","","-7.1","","52","","","","22","","13","","24.1","","99.04","","","","","","NA"
"-77.70","53.63","LA GRANDE RIVIERE A","7093716","2019-05-04 18:00","2019","05","04","18:00","","1.2","","-7.5","","52","","","","19","","13","","24.1","","99.04","","","","","","NA"
"-77.70","53.63","LA GRANDE RIVIERE A","7093716","2019-05-04 19:00","2019","05","04","19:00","","0.9","","-8.0","","51","","","","20","","11","","24.1","","99.04","","","","","","Mainly Clear"
"-77.70","53.63","LA GRANDE RIVIERE A","7093716","2019-05-04 20:00","2019","05","04","20:00","","-1.6","","-8.1","","61","","","","15","","7","","24.1","","99.02","","","","-4","","NA"
"-77.70","53.63","LA GRANDE RIVIERE A","7093716","2019-05-04 21:00","2019","05","04","21:00","","-2.4","","-7.7","","67","","","","14","","9","","24.1","","98.98","","","","-6","","NA"
"-77.70","53.63","LA GRANDE RIVIERE A","7093716","2019-05-04 22:00","2019","05","04","22:00","","-2.5","","-7.7","","68","","","","12","","10","","24.1","","98.94","","","","-6","","Mainly Clear"
"-77.70","53.63","LA GRANDE RIVIERE A","7093716","2019-05-04 23:00","2019","05","04","23:00","","-3.7","","-8.0","","73","","","","11","","12","","24.1","","98.89","","","","-8","","NA"
"-77.70","53.63","LA GRANDE RIVIERE A","7093716","2019-05-05 00:00","2019","05","05","00:00","","-4.3","","-7.7","","77","","","","11","","15","","24.1","","98.83","","","","-10","","NA"
"-77.70","53.63","LA GRANDE RIVIERE A","7093716","2019-05-05 01:00","2019","05","05","01:00","","-3.5","","-7.2","","76","","","","12","","12","","24.1","","98.78","","","","-8","","Cloudy"
"-77.70","53.63","LA GRANDE RIVIERE A","7093716","2019-05-05 02:00","2019","05","05","02:00","","-3.2","","-6.8","","76","","","","11","","15","","24.1","","98.69","","","","-8","","NA"
"-77.70","53.63","LA GRANDE RIVIERE A","7093716","2019-05-05 03:00","2019","05","05","03:00","","-2.7","","-6.5","","75","","","","11","","18","","24.1","","98.63","","","","-8","","NA"
"-77.70","53.63","LA GRANDE RIVIERE A","7093716","2019-05-05 04:00","2019","05","05","04:00","","-1.7","","-6.1","","72","","","","13","","17","","24.1","","98.56","","","","-7","","Mostly Cloudy"
"-77.70","53.63","LA GRANDE RIVIERE A","7093716","2019-05-05 05:00","2019","05","05","05:00","","-1.1","","-4.6","","77","","","","13","","21","","4.8","","98.51","","","","-7","","Snow"
"-77.70","53.63","LA GRANDE RIVIERE A","7093716","2019-05-05 06:00","2019","05","05","06:00","","-1.3","","-3.7","","84","","","","12","","22","","4.8","","98.46","","","","-7","","Snow"
"-77.70","53.63","LA GRANDE RIVIERE A","7093716","2019-05-05 07:00","2019","05","05","07:00","","-1.2","","-2.4","","91","","","","11","","18","","1.0","","98.40","","","","-6","","Snow"
"-77.70","53.63","LA GRANDE RIVIERE A","7093716","2019-05-05 08:00","2019","05","05","08:00","","-0.1","","-0.9","","94","","","","10","","24","","4.8","","98.29","","","","-6","","Freezing Rain"
"-77.70","53.63","LA GRANDE RIVIERE A","7093716","2019-05-05 09:00","2019","05","05","09:00","","1.0","","0.0","","93","","","","12","","25","","24.1","","98.24","","","","","","Rain"
"-77.70","53.63","LA GRANDE RIVIERE A","7093716","2019-05-05 10:00","2019","05","05","10:00","","2.4","","0.3","","86","","","","15","","23","","24.1","","98.23","","","","","","Cloudy"
"-77.70","53.63","LA GRANDE RIVIERE A","7093716","2019-05-05 11:00","2019","05","05","11:00","","3.0","","0.3","","83","","","","15","","21","","24.1","","98.19","","","","","","NA"
"-77.70","53.63","LA GRANDE RIVIERE A","7093716","2019-05-05 12:00","2019","05","05","12:00","","3.4","","0.2","","80","","","","17","","25","","24.1","","98.17","","","","","","NA"
"-77.70","53.63","LA GRANDE RIVIERE A","7093716","2019-05-05 13:00","2019","05","05","13:00","","3.4","","0.3","","80","","","","16","","24","","24.1","","98.17","","","","","","Cloudy"
"-77.70","53.63","LA GRANDE RIVIERE A","7093716","2019-05-05 14:00","2019","05","05","14:00","","3.8","","0.7","","80","","","","15","","17","","24.1","","98.13","","","","","","NA"
"-77.70","53.63","LA GRANDE RIVIERE A","7093716","2019-05-05 15:00","2019","05","05","15:00","","3.4","","1.1","","85","","","","16","","10","","24.1","","98.14","","","","","","NA"
"-77.70","53.63","LA GRANDE RIVIERE A","7093716","2019-05-05 16:00","2019","05","05","16:00","","3.0","","1.9","","92","","","","16","","4","","16.1","","98.15","","","","","","Rain"
"-77.70","53.63","LA GRANDE RIVIERE A","7093716","2019-05-05 17:00","2019","05","05","17:00","","2.9","","2.0","","94","","","","13","","6","","4.8","","98.14","","","","","","Rain,Fog"
"-77.70","53.63","LA GRANDE RIVIERE A","7093716","2019-05-05 18:00","2019","05","05","18:00","","2.9","","2.4","","96","","","","11","","6","","0.8","","98.13","","","","","","Rain,Fog"
"-77.70","53.63","LA GRANDE RIVIERE A","7093716","2019-05-05 19:00","2019","05","05","19:00","","3.0","","2.5","","97","","","","25","","3","","0.4","","98.18","","","","","","Rain,Fog"
"-77.70","53.63","LA GRANDE RIVIERE A","7093716","2019-05-05 20:00","2019","05","05","20:00","","2.4","","2.0","","97","","","","10","","4","","0.4","","98.15","","","","","","Fog"
"-77.70","53.63","LA GRANDE RIVIERE A","7093716","2019-05-05 21:00","2019","05","05","21:00","","2.4","","2.0","","97","","","","18","","6","","1.0","","98.19","","","","","","Fog"
"-77.70","53.63","LA GRANDE RIVIERE A","7093716","2019-05-05 22:00","2019","05","05","22:00","","2.1","","1.7","","97","","","","26","","5","","0.8","","98.17","","","","","","Drizzle,Fog"
"-77.70","53.63","LA GRANDE RIVIERE A","7093716","2019-05-05 23:00","2019","05","05","23:00","","2.1","","1.7","","97","","","","6","","7","","0.6","","98.13","","","","","","Fog"
"-77.70","53.63","LA GRANDE RIVIERE A","7093716","2019-05-06 00:00","2019","05","06","00:00","","1.8","","1.4","","97","","","","22","","9","","0.6","","98.18","","","","","","Fog"
"-77.70","53.63","LA GRANDE RIVIERE A","7093716","2019-05-06 01:00","2019","05","06","01:00","","0.9","","0.6","","97","","","","20","","13","","0.6","","98.19","","","","","","Fog"
"-77.70","53.63","LA GRANDE RIVIERE A","7093716","2019-05-06 02:00","2019","05","06","02:00","","0.8","","0.5","","98","","","","23","","8","","4.8","","98.23","","","","","","Fog"
"-77.70","53.63","LA GRANDE RIVIERE A","7093716","2019-05-06 03:00","2019","05","06","03:00","","0.3","","-0.1","","97","","","","21","","9","","24.1","","98.25","","","","","","NA"
"-77.70","53.63","LA GRANDE RIVIERE A","7093716","2019-05-06 04:00","2019","05","06","04:00","","-0.3","","-0.7","","97","","","","24","","22","","1.6","","98.34","","","","-6","","Fog"
"-77.70","53.63","LA GRANDE RIVIERE A","7093716","2019-05-06 05:00","2019","05","06","05:00","","-0.6","","-0.9","","98","","","","24","","18","","0.4","","98.43","","","","-6","","Freezing Fog"
"-77.70","53.63","LA GRANDE RIVIERE A","7093716","2019-05-06 06:00","2019","05","06","06:00","","-2.5","","-3.1","","96","","","","25","","22","","2.4","","98.55","","","","-9","","Snow,Fog"
"-77.70","53.63","LA GRANDE RIVIERE A","7093716","2019-05-06 07:00","2019","05","06","07:00","","-3.5","","-4.3","","94","","","","25","","25","","4.0","","98.67","","","","-10","","Snow,Fog"
"-77.70","53.63","LA GRANDE RIVIERE A","7093716","2019-05-06 08:00","2019","05","06","08:00","","-3.8","","-4.7","","94","","","","26","","26","","4.8","","98.75","","","","-11","","Freezing Drizzle,Fog"
"-77.70","53.63","LA GRANDE RIVIERE A","7093716","2019-05-06 09:00","2019","05","06","09:00","","-3.6","","-4.5","","93","","","","25","","27","","6.4","","98.84","","","","-11","","Freezing Drizzle,Fog"
"-77.70","53.63","LA GRANDE RIVIERE A","7093716","2019-05-06 10:00","2019","05","06","10:00","","-3.3","","-4.3","","93","","","","24","","25","","6.4","","98.91","","","","-10","","Fog"
"-77.70","53.63","LA GRANDE RIVIERE A","7093716","2019-05-06 11:00","2019","05","06","11:00","","-2.8","","-4.1","","91","","","","24","","22","","24.1","","98.97","","","","-9","","NA"
"-77.70","53.63","LA GRANDE RIVIERE A","7093716","2019-05-06 12:00","2019","05","06","12:00","","-2.4","","-4.4","","86","","","","24","","22","","24.1","","99.06","","","","-9","","NA"
"-77.70","53.63","LA GRANDE RIVIERE A","7093716","2019-05-06 13:00","2019","05","06","13:00","","-2.6","","-4.8","","84","","","","25","","30","","24.1","","99.15","","","","-10","","Cloudy"
"-77.70","53.63","LA GRANDE RIVIERE A","7093716","2019-05-06 14:00","2019","05","06","14:00","","-1.9","","-5.8","","75","","","","23","","23","","24.1","","99.19","","","","-8","","NA"
"-77.70","53.63","LA GRANDE RIVIERE A","7093716","2019-05-06 15:00","2019","05","06","15:00","","-2.0","","-5.8","","75","","","","26","","32","","24.1","","99.24","","","","-9","","NA"
"-77.70","53.63","LA GRANDE RIVIERE A","7093716","2019-05-06 16:00","2019","05","06","16:00","","-2.1","","-6.0","","74","","","","25","","25","","24.1","","99.28","","","","-9","","Cloudy"
"-77.70","53.63","LA GRANDE RIVIERE A","7093716","2019-05-06 17:00","2019","05","06","17:00","","-1.9","","-6.1","","73","","","","25","","25","","24.1","","99.31","","","","-8","","NA"
"-77.70","53.63","LA GRANDE RIVIERE A","7093716","2019-05-06 18:00","2019","05","06","18:00","","-2.0","","-6.1","","74","","","","25","","22","","24.1","","99.34","","","","-8","","NA"
"-77.70","53.63","LA GRANDE RIVIERE A","7093716","2019-05-06 19:00","2019","05","06","19:00","","-2.1","","-6.0","","75","","","","25","","17","","24.1","","99.37","","","","-7","","Cloudy"
"-77.70","53.63","LA GRANDE RIVIERE A","7093716","2019-05-06 20:00","2019","05","06","20:00","","-2.2","","-5.9","","76","","","","24","","17","","24.1","","99.41","","","","-8","","NA"
"-77.70","53.63","LA GRANDE RIVIERE A","7093716","2019-05-06 21:00","2019","05","06","21:00","","-2.3","","-5.4","","80","","","","24","","13","","24.1","","99.44","","","","-7","","Snow"
"-77.70","53.63","LA GRANDE RIVIERE A","7093716","2019-05-06 22:00","2019","05","06","22:00","","-2.5","","-4.6","","86","","","","23","","18","","16.1","","99.46","","","","-8","","Snow"
"-77.70","53.63","LA GRANDE RIVIERE A","7093716","2019-05-06 23:00","2019","05","06","23:00","","-2.7","","-4.1","","90","","","","25","","14","","24.1","","99.46","","","","-8","","Snow"
"-77.70","53.63","LA GRANDE RIVIERE A","7093716","2019-05-07 00:00","2019","05","07","00:00","","-3.4","","-4.6","","91","","","","28","","17","","24.1","","99.47","","","","-9","","Snow"
"-77.70","53.63","LA GRANDE RIVIERE A","7093716","2019-05-07 01:00","2019","05","07","01:00","","-3.4","","-5.0","","89","","","","27","","17","","24.1","","99.50","","","","-9","","Snow"
"-77.70","53.63","LA GRANDE RIVIERE A","7093716","2019-05-07 02:00","2019","05","07","02:00","","-3.6","","-5.3","","88","","","","26","","14","","24.1","","99.52","","","","-9","","Snow"
"-77.70","53.63","LA GRANDE RIVIERE A","7093716","2019-05-07 03:00","2019","05","07","03:00","","-3.7","","-5.3","","89","","","","24","","14","","24.1","","99.53","","","","-9","","Snow"
"-77.70","53.63","LA GRANDE RIVIERE A","7093716","2019-05-07 04:00","2019","05","07","04:00","","-3.6","","-5.3","","88","","","","25","","16","","24.1","","99.55","","","","-9","","Snow"
"-77.70","53.63","LA GRANDE RIVIERE A","7093716","2019-05-07 05:00","2019","05","07","05:00","","-3.8","","-5.6","","87","","","","25","","15","","24.1","","99.59","","","","-9","","Snow"
"-77.70","53.63","LA GRANDE RIVIERE A","7093716","2019-05-07 06:00","2019","05","07","06:00","","-3.7","","-5.8","","86","","","","26","","14","","24.1","","99.64","","","","-9","","Snow"
"-77.70","53.63","LA GRANDE RIVIERE A","7093716","2019-05-07 07:00","2019","05","07","07:00","","-3.4","","-5.8","","84","","","","26","","18","","24.1","","99.67","","","","-9","","Snow"
"-77.70","53.63","LA GRANDE RIVIERE A","7093716","2019-05-07 08:00","2019","05","07","08:00","","-3.0","","-5.7","","81","","","","25","","17","","24.1","","99.74","","","","-9","","NA"
"-77.70","53.63","LA GRANDE RIVIERE A","7093716","2019-05-07 09:00","2019","05","07","09:00","","-2.6","","-7.3","","70","","","","27","","23","","24.1","","99.77","","","","-9","","NA"
"-77.70","53.63","LA GRANDE RIVIERE A","7093716","2019-05-07 10:00","2019","05","07","10:00","","-2.2","","-8.2","","64","","","","26","","29","","24.1","","99.81","","","","-9","","Mostly Cloudy"
"-77.70","53.63","LA GRANDE RIVIERE A","7093716","2019-05-07 11:00","2019","05","07","11:00","","-1.7","","-7.6","","65","","","","26","","26","","24.1","","99.84","","","","-8","","NA"
"-77.70","53.63","LA GRANDE RIVIERE A","7093716","2019-05-07 12:00","2019","05","07","12:00","","-1.6","","-8.1","","61","","","","27","","23","","24.1","","99.89","","","","-8","","NA"
"-77.70","53.63","LA GRANDE RIVIERE A","7093716","2019-05-07 13:00","2019","05","07","13:00","","-1.4","","-7.6","","63","","","","26","","19","","24.1","","99.94","","","","-7","","Cloudy"
"-77.70","53.63","LA GRANDE RIVIERE A","7093716","2019-05-07 14:00","2019","05","07","14:00","","-1.5","","-7.2","","65","","","","27","","22","","24.1","","100.00","","","","-7","","Snow"
"-77.70","53.63","LA GRANDE RIVIERE A","7093716","2019-05-07 15:00","2019","05","07","15:00","","-1.6","","-7.5","","64","","","","25","","20","","24.1","","100.05","","","","-7","","Snow"
"-77.70","53.63","LA GRANDE RIVIERE A","7093716","2019-05-07 16:00","2019","05","07","16:00","","-1.7","","-8.0","","62","","","","28","","15","","24.1","","100.09","","","","-7","","Snow"
"-77.70","53.63","LA GRANDE RIVIERE A","7093716","2019-05-07 17:00","2019","05","07","17:00","","-1.6","","-7.4","","65","","","","26","","19","","24.1","","100.12","","","","-7","","Snow"
"-77.70","53.63","LA GRANDE RIVIERE A","7093716","2019-05-07 18:00","2019","05","07","18:00","","-2.1","","-7.8","","65","","","","29","","16","","24.1","","100.18","","","","-7","","Snow"
"-77.70","53.63","LA GRANDE RIVIERE A","7093716","2019-05-07 19:00","2019","05","07","19:00","","-2.6","","-6.3","","75","","","","28","","15","","24.1","","100.20","","","","-8","","Snow"
"-77.70","53.63","LA GRANDE RIVIERE A","7093716","2019-05-07 20:00","2019","05","07","20:00","","-2.7","","-7.1","","72","","","","28","","12","","24.1","","100.21","","","","-7","","Snow"
"-77.70","53.63","LA GRANDE RIVIERE A","7093716","2019-05-07 21:00","2019","05","07","21:00","","-2.8","","-6.5","","75","","","","28","","13","","24.1","","100.24","","","","-7","","Snow"
"-77.70","53.63","LA GRANDE RIVIERE A","7093716","2019-05-07 22:00","2019","05","07","22:00","","-2.9","","-6.2","","78","","","","27","","13","","24.1","","100.27","","","","-8","","Snow"
"-77.70","53.63","LA GRANDE RIVIERE A","7093716","2019-05-07 23:00","2019","05","07","23:00","","-3.0","","-6.1","","80","","","","25","","9","","24.1","","100.30","","","","-7","","Snow"
"-77.70","53.63","LA GRANDE RIVIERE A","7093716","2019-05-08 00:00","2019","05","08","00:00","","-3.1","","-6.3","","79","","","","23","","9","","24.1","","100.33","","","","-7","","Snow"
"-77.70","53.63","LA GRANDE RIVIERE A","7093716","2019-05-08 01:00","2019","05","08","01:00","","-3.2","","-5.8","","82","","","","24","","10","","24.1","","100.34","","","","-7","","Snow"
"-77.70","53.63","LA GRANDE RIVIERE A","7093716","2019-05-08 02:00","2019","05","08","02:00","","-3.2","","-5.4","","85","","","","24","","11","","24.1","","100.36","","","","-7","","Snow"
"-77.70","53.63","LA GRANDE RIVIERE A","7093716","2019-05-08 03:00","2019","05","08","03:00","","-3.1","","-5.2","","86","","","","25","","10","","24.1","","100.39","","","","-7","","Snow"
"-77.70","53.63","LA GRANDE RIVIERE A","7093716","2019-05-08 04:00","2019","05","08","04:00","","-3.0","","-4.8","","87","","","","25","","9","","24.1","","100.44","","","","-7","","Snow"
"-77.70","53.63","LA GRANDE RIVIERE A","7093716","2019-05-08 05:00","2019","05","08","05:00","","-3.0","","-4.6","","89","","","","25","","9","","24.1","","100.46","","","","-7","","Snow"
"-77.70","53.63","LA GRANDE RIVIERE A","7093716","2019-05-08 06:00","2019","05","08","06:00","","-2.7","","-4.2","","89","","","","27","","10","","24.1","","100.50","","","","-7","","Snow"
"-77.70","53.63","LA GRANDE RIVIERE A","7093716","2019-05-08 07:00","2019","05","08","07:00","","-2.1","","-3.8","","88","","","","26","","11","","19.3","","100.56","","","","-6","","Snow"
"-77.70","53.63","LA GRANDE RIVIERE A","7093716","2019-05-08 08:00","2019","05","08","08:00","","-1.1","","-4.5","","78","","","","27","","14","","24.1","","100.64","","","","-6","","Snow"
"-77.70","53.63","LA GRANDE RIVIERE A","7093716","2019-05-08 09:00","2019","05","08","09:00","","-0.1","","-6.0","","64","","","","27","","21","","24.1","","100.68","","","","-6","","NA"
"-77.70","53.63","LA GRANDE RIVIERE A","7093716","2019-05-08 10:00","2019","05","08","10:00","","1.3","","-7.7","","51","","","","32","","12","","24.1","","100.73","","","","","","Mostly Cloudy"
"-77.70","53.63","LA GRANDE RIVIERE A","7093716","2019-05-08 11:00","2019","05","08","11:00","","2.1","","-7.8","","48","","","","30","","15","","24.1","","100.75","","","","","","NA"
"-77.70","53.63","LA GRANDE RIVIERE A","7093716","2019-05-08 12:00","2019","05","08","12:00","","3.0","","-7.7","","45","","","","1","","10","","24.1","","100.73","","","","","","NA"
"-77.70","53.63","LA GRANDE RIVIERE A","7093716","2019-05-08 13:00","2019","05","08","13:00","","3.2","","-8.1","","43","","","","33","","11","","24.1","","100.77","","","","","","Mainly Clear"
"-77.70","53.63","LA GRANDE RIVIERE A","7093716","2019-05-08 14:00","2019","05","08","14:00","","3.2","","-6.8","","48","","","","27","","10","","24.1","","100.80","","","","","","NA"
"-77.70","53.63","LA GRANDE RIVIERE A","7093716","2019-05-08 15:00","2019","05","08","15:00","","3.4","","-7.7","","44","","","","12","","4","","24.1","","100.80","","","","","","NA"
"-77.70","53.63","LA GRANDE RIVIERE A","7093716","2019-05-08 16:00","2019","05","08","16:00","","4.2","","-6.5","","46","","","","25","","12","","24.1","","100.80","","","","","","Mainly Clear"
"-77.70","53.63","LA GRANDE RIVIERE A","7093716","2019-05-08 17:00","2019","05","08","17:00","","4.3","","-6.9","","44","","","","33","","4","","24.1","","100.78","","","","","","NA"
"-77.70","53.63","LA GRANDE RIVIERE A","7093716","2019-05-08 18:00","2019","05","08","18:00","","3.3","","-6.4","","49","","","","10","","12","","24.1","","100.81","","","","","","NA"
"-77.70","53.63","LA GRANDE RIVIERE A","7093716","2019-05-08 19:00","2019","05","08","19:00","","3.1","","-6.7","","49","","","","8","","13","","24.1","","100.82","","","","","","Clear"
"-77.70","53.63","LA GRANDE RIVIERE A","7093716","2019-05-08 20:00","2019","05","08","20:00","","1.3","","-6.3","","57","","","","10","","9","","24.1","","100.85","","","","","","NA"
"-77.70","53.63","LA GRANDE RIVIERE A","7093716","2019-05-08 21:00","2019","05","08","21:00","","0.0","","-7.3","","58","","","","10","","11","","24.1","","100.84","","","","-4","","NA"
"-77.70","53.63","LA GRANDE RIVIERE A","7093716","2019-05-08 22:00","2019","05","08","22:00","","-1.2","","-7.6","","62","","","","13","","10","","24.1","","100.85","","","","-5","","Clear"
"-77.70","53.63","LA GRANDE RIVIERE A","7093716","2019-05-08 23:00","2019","05","08","23:00","","-1.5","","-7.7","","63","","","","12","","10","","24.1","","100.81","","","","-5","","NA"
"-77.70","53.63","LA GRANDE RIVIERE A","7093716","2019-05-09 00:00","2019","05","09","00:00","","-2.1","","-7.9","","65","","","","10","","9","","24.1","","100.83","","","","-6","","NA"
"-77.70","53.63","LA GRANDE RIVIERE A","7093716","2019-05-09 01:00","2019","05","09","01:00","","-1.6","","-7.6","","64","","","","11","","9","","24.1","","100.87","","","","-5","","Clear"
"-77.70","53.63","LA GRANDE RIVIERE A","7093716","2019-05-09 02:00","2019","05","09","02:00","","-2.9","","-7.9","","69","","","","11","","10","","24.1","","100.87","","","","-7","","NA"
"-77.70","53.63","LA GRANDE RIVIERE A","7093716","2019-05-09 03:00","2019","05","09","03:00","","-3.9","","-8.3","","71","","","","11","","10","","24.1","","100.88","","","","-8","","NA"
"-77.70","53.63","LA GRANDE RIVIERE A","7093716","2019-05-09 04:00","2019","05","09","04:00","","-4.9","","-8.4","","76","","","","10","","11","","24.1","","100.84","","","","-9","","Mainly Clear"
"-77.70","53.63","LA GRANDE RIVIERE A","7093716","2019-05-09 05:00","2019","05","09","05:00","","-5.8","","-8.9","","79","","","","10","","15","","24.1","","100.81","","","","-12","","NA"
"-77.70","53.63","LA GRANDE RIVIERE A","7093716","2019-05-09 06:00","2019","05","09","06:00","","-3.4","","-7.1","","75","","","","10","","15","","24.1","","100.81","","","","-9","","NA"
"-77.70","53.63","LA GRANDE RIVIERE A","7093716","2019-05-09 07:00","2019","05","09","07:00","","-0.6","","-5.6","","69","","","","12","","14","","24.1","","100.80","","","","-5","","Mainly Clear"
"-77.70","53.63","LA GRANDE RIVIERE A","7093716","2019-05-09 08:00","2019","05","09","08:00","","2.0","","-4.7","","61","","","","11","","21","","24.1","","100.75","","","","","","NA"
"-77.70","53.63","LA GRANDE RIVIERE A","7093716","2019-05-09 09:00","2019","05","09","09:00","","2.8","","-4.7","","58","","","","9","","21","","24.1","","100.67","","","","","","NA"
"-77.70","53.63","LA GRANDE RIVIERE A","7093716","2019-05-09 10:00","2019","05","09","10:00","","2.7","","-4.4","","60","","","","12","","28","","24.1","","100.60","","","","","","Mostly Cloudy"
"-77.70","53.63","LA GRANDE RIVIERE A","7093716","2019-05-09 11:00","2019","05","09","11:00","","3.2","","-4.5","","57","","","","8","","22","","24.1","","100.50","","","","","","NA"
"-77.70","53.63","LA GRANDE RIVIERE A","7093716","2019-05-09 12:00","2019","05","09","12:00","","3.5","","-4.2","","57","","","","8","","21","","24.1","","100.39","","","","","","NA"
"-77.70","53.63","LA GRANDE RIVIERE A","7093716","2019-05-09 13:00","2019","05","09","13:00","","3.5","","-4.6","","56","","","","7","","30","","24.1","","100.26","","","","","","Cloudy"
"-77.70","53.63","LA GRANDE RIVIERE A","7093716","2019-05-09 14:00","2019","05","09","14:00","","4.2","","-4.5","","53","","","","7","","27","","24.1","","100.18","","","","","","NA"
"-77.70","53.63","LA GRANDE RIVIERE A","7093716","2019-05-09 15:00","2019","05","09","15:00","","4.4","","-4.0","","54","","","","8","","27","","24.1","","100.05","","","","","","NA"
"-77.70","53.63","LA GRANDE RIVIERE A","7093716","2019-05-09 16:00","2019","05","09","16:00","","4.5","","-3.9","","54","","","","7","","23","","24.1","","99.98","","","","","","Cloudy"
"-77.70","53.63","LA GRANDE RIVIERE A","7093716","2019-05-09 17:00","2019","05","09","17:00","","4.2","","-3.4","","58","","","","7","","22","","24.1","","99.86","","","","","","NA"
"-77.70","53.63","LA GRANDE RIVIERE A","7093716","2019-05-09 18:00","2019","05","09","18:00","","3.6","","-2.7","","63","","","","7","","19","","24.1","","99.76","","","","","","NA"
"-77.70","53.63","LA GRANDE RIVIERE A","7093716","2019-05-09 19:00","2019","05","09","19:00","","3.1","","-2.3","","67","","","","7","","18","","24.1","","99.68","","","","","","Cloudy"
"-77.70","53.63","LA GRANDE RIVIERE A","7093716","2019-05-09 20:00","2019","05","09","20:00","","2.6","","-2.1","","71","","","","7","","17","","24.1","","99.54","","","","","","NA"
"-77.70","53.63","LA GRANDE RIVIERE A","7093716","2019-05-09 21:00","2019","05","09","21:00","","2.3","","-2.1","","73","","","","6","","12","","24.1","","99.41","","","","","","NA"
"-77.70","53.63","LA GRANDE RIVIERE A","7093716","2019-05-09 22:00","2019","05","09","22:00","","3.0","","-2.2","","69","","","","6","","13","","24.1","","99.27","","","","","","Cloudy"
"-77.70","53.63","LA GRANDE RIVIERE A","7093716","2019-05-09 23:00","2019","05","09","23:00","","2.8","","-1.9","","72","","","","7","","14","","24.1","","99.15","","","","","","NA"
"-77.70","53.63","LA GRANDE RIVIERE A","7093716","2019-05-10 00:00","2019","05","10","00:00","","2.5","","-1.6","","74","","","","7","","18","","24.1","","99.00","","","","","","NA"
"-77.70","53.63","LA GRANDE RIVIERE A","7093716","2019-05-10 01:00","2019","05","10","01:00","","2.2","","-1.0","","79","","","","8","","13","","24.1","","98.85","","","","","","Rain"
"-77.70","53.63","LA GRANDE RIVIERE A","7093716","2019-05-10 02:00","2019","05","10","02:00","","2.5","","0.0","","84","","","","9","","18","","24.1","","98.72","","","","","","Rain"
"-77.70","53.63","LA GRANDE RIVIERE A","7093716","2019-05-10 03:00","2019","05","10","03:00","","2.0","","0.7","","91","","","","9","","20","","19.3","","98.59","","","","","","Rain"
"-77.70","53.63","LA GRANDE RIVIERE A","7093716","2019-05-10 04:00","2019","05","10","04:00","","0.9","","0.0","","94","","","","9","","19","","2.4","","98.48","","","","","","Snow"
"-77.70","53.63","LA GRANDE RIVIERE A","7093716","2019-05-10 05:00","2019","05","10","05:00","","1.7","","0.9","","95","","","","10","","20","","8.1","","98.34","","","","","","Rain,Fog"
"-77.70","53.63","LA GRANDE RIVIERE A","7093716","2019-05-10 06:00","2019","05","10","06:00","","1.6","","0.9","","95","","","","10","","16","","4.8","","98.25","","","","","","Rain,Fog"
"-77.70","53.63","LA GRANDE RIVIERE A","7093716","2019-05-10 07:00","2019","05","10","07:00","","1.6","","0.9","","95","","","","11","","12","","8.1","","98.18","","","","","","Drizzle,Fog"
"-77.70","53.63","LA GRANDE RIVIERE A","7093716","2019-05-10 08:00","2019","05","10","08:00","","1.9","","1.2","","95","","","","12","","13","","4.8","","98.11","","","","","","Drizzle,Fog"
"-77.70","53.63","LA GRANDE RIVIERE A","7093716","2019-05-10 09:00","2019","05","10","09:00","","2.4","","1.7","","95","","","","15","","9","","4.8","","98.09","","","","","","Drizzle,Fog"
"-77.70","53.63","LA GRANDE RIVIERE A","7093716","2019-05-10 10:00","2019","05","10","10:00","","2.8","","1.9","","94","","","","17","","11","","3.2","","98.02","","","","","","Drizzle,Fog"
"-77.70","53.63","LA GRANDE RIVIERE A","7093716","2019-05-10 11:00","2019","05","10","11:00","","3.0","","1.9","","92","","","","22","","9","","16.1","","98.00","","","","","","Drizzle"
"-77.70","53.63","LA GRANDE RIVIERE A","7093716","2019-05-10 12:00","2019","05","10","12:00","","2.7","","1.5","","92","","","","25","","10","","16.1","","98.00","","","","","","Drizzle"
"-77.70","53.63","LA GRANDE RIVIERE A","7093716","2019-05-10 13:00","2019","05","10","13:00","","2.5","","1.4","","92","","","","27","","14","","4.0","","97.99","","","","","","Drizzle,Fog"
"-77.70","53.63","LA GRANDE RIVIERE A","7093716","2019-05-10 14:00","2019","05","10","14:00","","2.5","","1.4","","93","","","","26","","13","","9.7","","98.03","","","","","","Drizzle,Fog"
"-77.70","53.63","LA GRANDE RIVIERE A","7093716","2019-05-10 15:00","2019","05","10","15:00","","2.3","","1.1","","92","","","","27","","16","","8.1","","98.08","","","","","","Drizzle,Fog"
"-77.70","53.63","LA GRANDE RIVIERE A","7093716","2019-05-10 16:00","2019","05","10","16:00","","1.8","","1.0","","95","","","","28","","18","","2.4","","98.14","","","","","","Drizzle,Fog"
"-77.70","53.63","LA GRANDE RIVIERE A","7093716","2019-05-10 17:00","2019","05","10","17:00","","1.4","","0.8","","96","","","","28","","20","","3.2","","98.20","","","","","","Drizzle,Fog"
"-77.70","53.63","LA GRANDE RIVIERE A","7093716","2019-05-10 18:00","2019","05","10","18:00","","0.5","","0.0","","96","","","","27","","23","","0.8","","98.25","","","","","","Drizzle,Fog"
"-77.70","53.63","LA GRANDE RIVIERE A","7093716","2019-05-10 19:00","2019","05","10","19:00","","0.1","","-0.3","","97","","","","28","","21","","2.0","","98.32","","","","","","Drizzle,Fog"
"-77.70","53.63","LA GRANDE RIVIERE A","7093716","2019-05-10 20:00","2019","05","10","20:00","","-0.1","","-0.5","","97","","","","28","","26","","2.4","","98.38","","","","-6","","Freezing Drizzle,Fog"
"-77.70","53.63","LA GRANDE RIVIERE A","7093716","2019-05-10 21:00","2019","05","10","21:00","","-0.2","","-0.6","","97","","","","28","","22","","2.0","","98.39","","","","-6","","Freezing Drizzle,Fog"
"-77.70","53.63","LA GRANDE RIVIERE A","7093716","2019-05-10 22:00","2019","05","10","22:00","","-0.4","","-0.8","","97","","","","29","","22","","2.4","","98.41","","","","-6","","Freezing Drizzle,Fog"
"-77.70","53.63","LA GRANDE RIVIERE A","7093716","2019-05-10 23:00","2019","05","10","23:00","","-0.7","","-1.2","","97","","","","29","","23","","4.8","","98.45","","","","-7","","Freezing Drizzle,Fog"
"-77.70","53.63","LA GRANDE RIVIERE A","7093716","2019-05-11 00:00","2019","05","11","00:00","","-1.0","","-1.8","","95","","","","29","","22","","24.1","","98.52","","","","-7","","NA"
"-77.70","53.63","LA GRANDE RIVIERE A","7093716","2019-05-11 01:00","2019","05","11","01:00","","-1.6","","-2.6","","93","","","","28","","27","","24.1","","98.58","","","","-8","","Cloudy"
"-77.70","53.63","LA GRANDE RIVIERE A","7093716","2019-05-11 02:00","2019","05","11","02:00","","-2.0","","-3.1","","92","","","","27","","22","","24.1","","98.64","","","","-8","","NA"
"-77.70","53.63","LA GRANDE RIVIERE A","7093716","2019-05-11 03:00","2019","05","11","03:00","","-2.3","","-3.2","","94","","","","27","","19","","24.1","","98.68","","","","-8","","NA"
"-77.70","53.63","LA GRANDE RIVIERE A","7093716","2019-05-11 04:00","2019","05","11","04:00","","-2.9","","-3.7","","94","","","","27","","23","","8.1","","98.70","","","","-9","","Fog"
"-77.70","53.63","LA GRANDE RIVIERE A","7093716","2019-05-11 05:00","2019","05","11","05:00","","-3.2","","-3.9","","95","","","","26","","22","","0.6","","98.73","","","","-10","","Snow,Blowing Snow,Freezing Fog"
"-77.70","53.63","LA GRANDE RIVIERE A","7093716","2019-05-11 06:00","2019","05","11","06:00","","-3.3","","-4.0","","95","","","","27","","23","","8.1","","98.76","","","","-10","","Snow"
"-77.70","53.63","LA GRANDE RIVIERE A","7093716","2019-05-11 07:00","2019","05","11","07:00","","-2.4","","-3.4","","93","","","","26","","18","","8.1","","98.80","","","","-8","","Snow"
"-77.70","53.63","LA GRANDE RIVIERE A","7093716","2019-05-11 08:00","2019","05","11","08:00","","-1.8","","-3.3","","90","","","","24","","18","","19.3","","98.82","","","","-7","","Snow"
"-77.70","53.63","LA GRANDE RIVIERE A","7093716","2019-05-11 09:00","2019","05","11","09:00","","-0.5","","-3.1","","83","","","","26","","15","","24.1","","98.85","","","","-5","","NA"
"-77.70","53.63","LA GRANDE RIVIERE A","7093716","2019-05-11 10:00","2019","05","11","10:00","","1.2","","-2.9","","74","","","","25","","16","","24.1","","98.86","","","","","","Mainly Clear"
"-77.70","53.63","LA GRANDE RIVIERE A","7093716","2019-05-11 11:00","2019","05","11","11:00","","2.7","","-3.6","","63","","","","28","","21","","24.1","","98.86","","","","","","NA"
"-77.70","53.63","LA GRANDE RIVIERE A","7093716","2019-05-11 12:00","2019","05","11","12:00","","4.1","","-3.5","","57","","","","25","","18","","24.1","","98.90","","","","","","NA"
"-77.70","53.63","LA GRANDE RIVIERE A","7093716","2019-05-11 13:00","2019","05","11","13:00","","5.0","","-4.7","","49","","","","26","","21","","24.1","","98.92","","","","","","Mainly Clear"
"-77.70","53.63","LA GRANDE RIVIERE A","7093716","2019-05-11 14:00","2019","05","11","14:00","","5.7","","-4.5","","48","","","","25","","20","","24.1","","98.95","","","","","","NA"
"-77.70","53.63","LA GRANDE RIVIERE A","7093716","2019-05-11 15:00","2019","05","11","15:00","","6.0","","-5.4","","44","","","","25","","18","","24.1","","99.00","","","","","","NA"
"-77.70","53.63","LA GRANDE RIVIERE A","7093716","2019-05-11 16:00","2019","05","11","16:00","","6.1","","-5.6","","43","","","","25","","13","","24.1","","99.02","","","","","","Mostly Cloudy"
"-77.70","53.63","LA GRANDE RIVIERE A","7093716","2019-05-11 17:00","2019","05","11","17:00","","6.9","","-5.3","","41","","","","24","","15","","24.1","","99.01","","","","","","NA"
"-77.70","53.63","LA GRANDE RIVIERE A","7093716","2019-05-11 18:00","2019","05","11","18:00","","6.6","","-4.7","","44","","","","20","","13","","24.1","","98.99","","","","","","NA"
"-77.70","53.63","LA GRANDE RIVIERE A","7093716","2019-05-11 19:00","2019","05","11","19:00","","6.2","","-4.4","","47","","","","20","","9","","24.1","","99.01","","","","","","Mostly Cloudy"
"-77.70","53.63","LA GRANDE RIVIERE A","7093716","2019-05-11 20:00","2019","05","11","20:00","","5.4","","-4.1","","50","","","","17","","14","","24.1","","98.96","","","","","","NA"
"-77.70","53.63","LA GRANDE RIVIERE A","7093716","2019-05-11 21:00","2019","05","11","21:00","","4.6","","-4.2","","53","","","","18","","16","","24.1","","98.96","","","","","","NA"
"-77.70","53.63","LA GRANDE RIVIERE A","7093716","2019-05-11 22:00","2019","05","11","22:00","","4.5","","-3.9","","55","","","","18","","20","","24.1","","98.96","","","","","","Mostly Cloudy"
"-77.70","53.63","LA GRANDE RIVIERE A","7093716","2019-05-11 23:00","2019","05","11","23:00","","4.4","","-3.5","","56","","","","18","","17","","24.1","","98.96","","","","","","NA"
"-77.70","53.63","LA GRANDE RIVIERE A","7093716","2019-05-12 00:00","2019","05","12","00:00","","4.1","","-3.2","","59","","","","19","","14","","24.1","","98.98","","","","","","NA"
"-77.70","53.63","LA GRANDE RIVIERE A","7093716","2019-05-12 01:00","2019","05","12","01:00","","4.1","","-3.2","","59","","","","19","","13","","24.1","","99.00","","","","","","Mostly Cloudy"
"-77.70","53.63","LA GRANDE RIVIERE A","7093716","2019-05-12 02:00","2019","05","12","02:00","","4.2","","-3.2","","59","","","","19","","16","","24.1","","99.02","","","","","","NA"
"-77.70","53.63","LA GRANDE RIVIERE A","7093716","2019-05-12 03:00","2019","05","12","03:00","","3.9","","-3.3","","59","","","","18","","13","","24.1","","99.04","","","","","","NA"
"-77.70","53.63","LA GRANDE RIVIERE A","7093716","2019-05-12 04:00","2019","05","12","04:00","","3.6","","-3.5","","60","","","","19","","17","","24.1","","99.07","","","","","","Mainly Clear"
"-77.70","53.63","LA GRANDE RIVIERE A","7093716","2019-05-12 05:00","2019","05","12","05:00","","3.8","","-3.5","","59","","","","19","","14","","24.1","","99.12","","","","","","NA"
"-77.70","53.63","LA GRANDE RIVIERE A","7093716","2019-05-12 06:00","2019","05","12","06:00","","5.4","","-3.4","","53","","","","19","","15","","24.1","","99.13","","","","","","NA"
"-77.70","53.63","LA GRANDE RIVIERE A","7093716","2019-05-12 07:00","2019","05","12","07:00","","7.7","","-3.0","","47","","","","19","","14","","24.1","","99.13","","","","","","Mainly Clear"
"-77.70","53.63","LA GRANDE RIVIERE A","7093716","2019-05-12 08:00","2019","05","12","08:00","","9.0","","-2.9","","43","","","","18","","17","","24.1","","99.13","","","","","","NA"
"-77.70","53.63","LA GRANDE RIVIERE A","7093716","2019-05-12 09:00","2019","05","12","09:00","","11.1","","-2.8","","38","","","","19","","16","","24.1","","99.14","","","","","","NA"
"-77.70","53.63","LA GRANDE RIVIERE A","7093716","2019-05-12 10:00","2019","05","12","10:00","","12.2","","-2.2","","37","","","","17","","16","","24.1","","99.15","","","","","","Mainly Clear"
"-77.70","53.63","LA GRANDE RIVIERE A","7093716","2019-05-12 11:00","2019","05","12","11:00","","13.0","","-2.0","","35","","","","19","","21","","24.1","","99.13","","","","","","NA"
"-77.70","53.63","LA GRANDE RIVIERE A","7093716","2019-05-12 12:00","2019","05","12","12:00","","12.7","","-1.9","","36","","","","19","","22","","24.1","","99.12","","","","","","NA"
"-77.70","53.63","LA GRANDE RIVIERE A","7093716","2019-05-12 13:00","2019","05","12","13:00","","13.2","","-2.0","","35","","","","21","","21","","24.1","","99.13","","","","","","Mainly Clear"
"-77.70","53.63","LA GRANDE RIVIERE A","7093716","2019-05-12 14:00","2019","05","12","14:00","","13.7","","-1.6","","35","","","","20","","17","","24.1","","99.13","","","","","","NA"
"-77.70","53.63","LA GRANDE RIVIERE A","7093716","2019-05-12 15:00","2019","05","12","15:00","","13.3","","-2.6","","33","","","","21","","18","","24.1","","99.11","","","","","","NA"
"-77.70","53.63","LA GRANDE RIVIERE A","7093716","2019-05-12 16:00","2019","05","12","16:00","","13.6","","-2.9","","32","","","","19","","19","","24.1","","99.09","","","","","","Mostly Cloudy"
"-77.70","53.63","LA GRANDE RIVIERE A","7093716","2019-05-12 17:00","2019","05","12","17:00","","13.1","","-3.2","","32","","","","20","","16","","24.1","","99.09","","","","","","NA"
"-77.70","53.63","LA GRANDE RIVIERE A","7093716","2019-05-12 18:00","2019","05","12","18:00","","12.9","","-3.7","","31","","","","18","","13","","24.1","","99.08","","","","","","NA"
"-77.70","53.63","LA GRANDE RIVIERE A","7093716","2019-05-12 19:00","2019","05","12","19:00","","11.5","","-3.2","","35","","","","16","","12","","24.1","","99.06","","","","","","Mostly Cloudy"
"-77.70","53.63","LA GRANDE RIVIERE A","7093716","2019-05-12 20:00","2019","05","12","20:00","","9.7","","-3.3","","40","","","","14","","14","","24.1","","99.05","","","","","","NA"
"-77.70","53.63","LA GRANDE RIVIERE A","7093716","2019-05-12 21:00","2019","05","12","21:00","","8.8","","-3.6","","42","","","","14","","16","","24.1","","99.05","","","","","","NA"
"-77.70","53.63","LA GRANDE RIVIERE A","7093716","2019-05-12 22:00","2019","05","12","22:00","","8.7","","-3.4","","42","","","","14","","16","","24.1","","99.02","","","","","","Mostly Cloudy"
"-77.70","53.63","LA GRANDE RIVIERE A","7093716","2019-05-12 23:00","2019","05","12","23:00","","8.6","","-3.2","","43","","","","15","","14","","24.1","","99.01","","","","","","NA"
"-77.70","53.63","LA GRANDE RIVIERE A","7093716","2019-05-13 00:00","2019","05","13","00:00","","7.9","","-3.3","","45","","","","16","","17","","24.1","","99.01","","","","","","NA"
"-77.70","53.63","LA GRANDE RIVIERE A","7093716","2019-05-13 01:00","2019","05","13","01:00","","6.7","","-3.5","","48","","","","17","","18","","24.1","","99.01","","","","","","Mainly Clear"
"-77.70","53.63","LA GRANDE RIVIERE A","7093716","2019-05-13 02:00","2019","05","13","02:00","","5.5","","-3.5","","52","","","","17","","17","","24.1","","99.01","","","","","","NA"
"-77.70","53.63","LA GRANDE RIVIERE A","7093716","2019-05-13 03:00","2019","05","13","03:00","","5.3","","-3.7","","52","","","","17","","18","","24.1","","98.99","","","","","","NA"
"-77.70","53.63","LA GRANDE RIVIERE A","7093716","2019-05-13 04:00","2019","05","13","04:00","","5.5","","-4.0","","50","","","","17","","16","","24.1","","99.00","","","","","","Mainly Clear"
"-77.70","53.63","LA GRANDE RIVIERE A","7093716","2019-05-13 05:00","2019","05","13","05:00","","5.1","","-4.1","","52","","","","17","","17","","24.1","","99.03","","","","","","NA"
"-77.70","53.63","LA GRANDE RIVIERE A","7093716","2019-05-13 06:00","2019","05","13","06:00","","7.1","","-4.0","","45","","","","18","","16","","24.1","","99.05","","","","","","NA"
"-77.70","53.63","LA GRANDE RIVIERE A","7093716","2019-05-13 07:00","2019","05","13","07:00","","8.9","","-3.3","","42","","","","18","","15","","24.1","","99.07","","","","","","Mainly Clear"
"-77.70","53.63","LA GRANDE RIVIERE A","7093716","2019-05-13 08:00","2019","05","13","08:00","","11.2","","-3.3","","36","","","","18","","16","","24.1","","99.08","","","","","","NA"
"-77.70","53.63","LA GRANDE RIVIERE A","7093716","2019-05-13 09:00","2019","05","13","09:00","","12.8","","-3.4","","32","","","","19","","16","","24.1","","99.08","","","","","","NA"
"-77.70","53.63","LA GRANDE RIVIERE A","7093716","2019-05-13 10:00","2019","05","13","10:00","","13.7","","-3.8","","29","","","","20","","23","","24.1","","99.07","","","","","","Mainly Clear"
"-77.70","53.63","LA GRANDE RIVIERE A","7093716","2019-05-13 11:00","2019","05","13","11:00","","14.4","","-3.8","","28","","","","20","","22","","24.1","","99.07","","","","","","NA"
"-77.70","53.63","LA GRANDE RIVIERE A","7093716","2019-05-13 12:00","2019","05","13","12:00","","15.2","","-3.9","","26","","","","18","","19","","24.1","","99.05","","","","","","NA"
"-77.70","53.63","LA GRANDE RIVIERE A","7093716","2019-05-13 13:00","2019","05","13","13:00","","15.5","","-3.2","","27","","","","17","","22","","24.1","","99.05","","","","","","Mainly Clear"
"-77.70","53.63","LA GRANDE RIVIERE A","7093716","2019-05-13 14:00","2019","05","13","14:00","","16.0","","-3.1","","27","","","","19","","19","","24.1","","99.03","","","","","","NA"
"-77.70","53.63","LA GRANDE RIVIERE A","7093716","2019-05-13 15:00","2019","05","13","15:00","","16.1","","-3.4","","26","","","","20","","22","","24.1","","99.01","","","","","","NA"
"-77.70","53.63","LA GRANDE RIVIERE A","7093716","2019-05-13 16:00","2019","05","13","16:00","","16.0","","-3.7","","26","","","","21","","18","","24.1","","99.00","","","","","","Mainly Clear"
"-77.70","53.63","LA GRANDE RIVIERE A","7093716","2019-05-13 17:00","2019","05","13","17:00","","15.9","","-3.8","","25","","","","20","","13","","24.1","","98.99","","","","","","NA"
"-77.70","53.63","LA GRANDE RIVIERE A","7093716","2019-05-13 18:00","2019","05","13","18:00","","15.5","","-2.7","","28","","","","25","","10","","24.1","","98.98","","","","","","NA"
"-77.70","53.63","LA GRANDE RIVIERE A","7093716","2019-05-13 19:00","2019","05","13","19:00","","14.7","","-3.0","","29","","","","","","0","","24.1","","99.00","","","","","","Mostly Cloudy"
"-77.70","53.63","LA GRANDE RIVIERE A","7093716","2019-05-13 20:00","2019","05","13","20:00","","11.6","","-3.4","","35","","","","17","","7","","24.1","","99.00","","","","","","NA"
"-77.70","53.63","LA GRANDE RIVIERE A","7093716","2019-05-13 21:00","2019","05","13","21:00","","9.7","","-3.2","","40","","","","14","","12","","24.1","","99.00","","","","","","NA"
"-77.70","53.63","LA GRANDE RIVIERE A","7093716","2019-05-13 22:00","2019","05","13","22:00","","10.3","","-3.0","","39","","","","15","","15","","24.1","","98.99","","","","","","Mainly Clear"
"-77.70","53.63","LA GRANDE RIVIERE A","7093716","2019-05-13 23:00","2019","05","13","23:00","","8.7","","-3.2","","43","","","","15","","15","","24.1","","98.99","","","","","","NA"
"-77.70","53.63","LA GRANDE RIVIERE A","7093716","2019-05-14 00:00","2019","05","14","00:00","","8.3","","-3.1","","44","","","","16","","16","","24.1","","98.96","","","","","","NA"
"-77.70","53.63","LA GRANDE RIVIERE A","7093716","2019-05-14 01:00","2019","05","14","01:00","","7.6","","-2.8","","48","","","","15","","15","","24.1","","98.92","","","","","","Clear"
"-77.70","53.63","LA GRANDE RIVIERE A","7093716","2019-05-14 02:00","2019","05","14","02:00","","7.4","","-2.7","","49","","","","16","","18","","24.1","","98.90","","","","","","NA"
"-77.70","53.63","LA GRANDE RIVIERE A","7093716","2019-05-14 03:00","2019","05","14","03:00","","6.8","","-2.7","","51","","","","16","","17","","24.1","","98.89","","","","","","NA"
"-77.70","53.63","LA GRANDE RIVIERE A","7093716","2019-05-14 04:00","2019","05","14","04:00","","6.4","","-2.6","","52","","","","16","","17","","24.1","","98.87","","","","","","Clear"
"-77.70","53.63","LA GRANDE RIVIERE A","7093716","2019-05-14 05:00","2019","05","14","05:00","","6.6","","-2.7","","51","","","","16","","18","","24.1","","98.88","","","","","","NA"
"-77.70","53.63","LA GRANDE RIVIERE A","7093716","2019-05-14 06:00","2019","05","14","06:00","","7.9","","-2.5","","48","","","","16","","18","","24.1","","98.88","","","","","","NA"
"-77.70","53.63","LA GRANDE RIVIERE A","7093716","2019-05-14 07:00","2019","05","14","07:00","","10.2","","-2.3","","42","","","","17","","16","","24.1","","98.85","","","","","","Clear"
"-77.70","53.63","LA GRANDE RIVIERE A","7093716","2019-05-14 08:00","2019","05","14","08:00","","12.3","","-2.6","","35","","","","17","","21","","24.1","","98.81","","","","","","NA"
"-77.70","53.63","LA GRANDE RIVIERE A","7093716","2019-05-14 09:00","2019","05","14","09:00","","14.3","","-2.6","","31","","","","18","","21","","24.1","","98.78","","","","","","NA"
"-77.70","53.63","LA GRANDE RIVIERE A","7093716","2019-05-14 10:00","2019","05","14","10:00","","15.5","","-2.8","","28","","","","18","","20","","24.1","","98.74","","","","","","Clear"
"-77.70","53.63","LA GRANDE RIVIERE A","7093716","2019-05-14 11:00","2019","05","14","11:00","","16.2","","-2.6","","27","","","","17","","25","","24.1","","98.72","","","","","","NA"
"-77.70","53.63","LA GRANDE RIVIERE A","7093716","2019-05-14 12:00","2019","05","14","12:00","","16.7","","-3.6","","25","","","","17","","29","","24.1","","98.69","","","","","","NA"
"-77.70","53.63","LA GRANDE RIVIERE A","7093716","2019-05-14 13:00","2019","05","14","13:00","","16.7","","-3.5","","25","","","","17","","25","","24.1","","98.65","","","","","","Mainly Clear"
"-77.70","53.63","LA GRANDE RIVIERE A","7093716","2019-05-14 14:00","2019","05","14","14:00","","17.1","","-4.2","","23","","","","17","","27","","24.1","","98.60","","","","","","NA"
"-77.70","53.63","LA GRANDE RIVIERE A","7093716","2019-05-14 15:00","2019","05","14","15:00","","17.4","","-3.1","","24","","","","16","","27","","24.1","","98.54","","","","","","NA"
"-77.70","53.63","LA GRANDE RIVIERE A","7093716","2019-05-14 16:00","2019","05","14","16:00","","16.6","","-3.4","","25","","","","16","","27","","24.1","","98.50","","","","","","Mainly Clear"
"-77.70","53.63","LA GRANDE RIVIERE A","7093716","2019-05-14 17:00","2019","05","14","17:00","","16.6","","-2.9","","26","","","","15","","25","","24.1","","98.47","","","","","","NA"
"-77.70","53.63","LA GRANDE RIVIERE A","7093716","2019-05-14 18:00","2019","05","14","18:00","","16.2","","-2.4","","28","","","","15","","18","","24.1","","98.44","","","","","","NA"
"-77.70","53.63","LA GRANDE RIVIERE A","7093716","2019-05-14 19:00","2019","05","14","19:00","","14.1","","-1.4","","34","","","","15","","17","","24.1","","98.43","","","","","","Cloudy"
"-77.70","53.63","LA GRANDE RIVIERE A","7093716","2019-05-14 20:00","2019","05","14","20:00","","11.8","","-1.1","","40","","","","13","","16","","24.1","","98.39","","","","","","NA"
"-77.70","53.63","LA GRANDE RIVIERE A","7093716","2019-05-14 21:00","2019","05","14","21:00","","11.1","","-1.1","","43","","","","14","","16","","24.1","","98.39","","","","","","NA"
"-77.70","53.63","LA GRANDE RIVIERE A","7093716","2019-05-14 22:00","2019","05","14","22:00","","9.2","","-0.3","","52","","","","26","","8","","24.1","","98.43","","","","","","Cloudy"
"-77.70","53.63","LA GRANDE RIVIERE A","7093716","2019-05-14 23:00","2019","05","14","23:00","","8.5","","-0.7","","52","","","","15","","8","","24.1","","98.42","","","","","","NA"
"-77.70","53.63","LA GRANDE RIVIERE A","7093716","2019-05-15 00:00","2019","05","15","00:00","","7.3","","-0.4","","58","","","","12","","17","","24.1","","98.38","","","","","","NA"
"-77.70","53.63","LA GRANDE RIVIERE A","7093716","2019-05-15 01:00","2019","05","15","01:00","","6.9","","-0.2","","60","","","","13","","21","","24.1","","98.33","","","","","","Cloudy"
"-77.70","53.63","LA GRANDE RIVIERE A","7093716","2019-05-15 02:00","2019","05","15","02:00","","6.5","","-0.3","","62","","","","13","","17","","24.1","","98.26","","","","","","NA"
"-77.70","53.63","LA GRANDE RIVIERE A","7093716","2019-05-15 03:00","2019","05","15","03:00","","6.2","","-0.1","","64","","","","24","","7","","24.1","","98.29","","","","","","NA"
"-77.70","53.63","LA GRANDE RIVIERE A","7093716","2019-05-15 04:00","2019","05","15","04:00","","3.0","","-0.9","","76","","","","27","","13","","24.1","","98.30","","","","","","Cloudy"
"-77.70","53.63","LA GRANDE RIVIERE A","7093716","2019-05-15 05:00","2019","05","15","05:00","","2.0","","-0.6","","83","","","","29","","14","","24.1","","98.36","","","","","","NA"
"-77.70","53.63","LA GRANDE RIVIERE A","7093716","2019-05-15 06:00","2019","05","15","06:00","","1.9","","-0.2","","85","","","","35","","9","","24.1","","98.40","","","","","","NA"
"-77.70","53.63","LA GRANDE RIVIERE A","7093716","2019-05-15 07:00","2019","05","15","07:00","","1.8","","-0.2","","87","","","","34","","9","","24.1","","98.44","","","","","","Cloudy"
"-77.70","53.63","LA GRANDE RIVIERE A","7093716","2019-05-15 08:00","2019","05","15","08:00","","1.8","","-0.5","","85","","","","33","","12","","24.1","","98.49","","","","","","NA"
"-77.70","53.63","LA GRANDE RIVIERE A","7093716","2019-05-15 09:00","2019","05","15","09:00","","2.0","","0.0","","86","","","","33","","13","","24.1","","98.52","","","","","","Rain"
"-77.70","53.63","LA GRANDE RIVIERE A","7093716","2019-05-15 10:00","2019","05","15","10:00","","2.6","","-0.4","","81","","","","34","","10","","24.1","","98.59","","","","","","Cloudy"
"-77.70","53.63","LA GRANDE RIVIERE A","7093716","2019-05-15 11:00","2019","05","15","11:00","","2.5","","-0.1","","83","","","","33","","14","","24.1","","98.63","","","","","","NA"
"-77.70","53.63","LA GRANDE RIVIERE A","7093716","2019-05-15 12:00","2019","05","15","12:00","","1.7","","-0.2","","87","","","","33","","16","","24.1","","98.66","","","","","","NA"
"-77.70","53.63","LA GRANDE RIVIERE A","7093716","2019-05-15 13:00","2019","05","15","13:00","","1.2","","0.0","","91","","","","32","","21","","8.1","","98.70","","","","","","Drizzle,Fog"
"-77.70","53.63","LA GRANDE RIVIERE A","7093716","2019-05-15 14:00","2019","05","15","14:00","","1.2","","-1.6","","81","","","","31","","21","","24.1","","98.74","","","","","","NA"
"-77.70","53.63","LA GRANDE RIVIERE A","7093716","2019-05-15 15:00","2019","05","15","15:00","","0.6","","-2.1","","82","","","","32","","20","","24.1","","98.78","","","","","","NA"
"-77.70","53.63","LA GRANDE RIVIERE A","7093716","2019-05-15 16:00","2019","05","15","16:00","","0.4","","-2.5","","81","","","","33","","14","","24.1","","98.82","","","","","","Mostly Cloudy"
"-77.70","53.63","LA GRANDE RIVIERE A","7093716","2019-05-15 17:00","2019","05","15","17:00","","0.3","","-1.8","","86","","","","32","","13","","24.1","","98.89","","","","","","NA"
"-77.70","53.63","LA GRANDE RIVIERE A","7093716","2019-05-15 18:00","2019","05","15","18:00","","-0.3","","-2.4","","86","","","","31","","17","","24.1","","98.95","","","","-5","","NA"
"-77.70","53.63","LA GRANDE RIVIERE A","7093716","2019-05-15 19:00","2019","05","15","19:00","","-0.4","","-2.7","","85","","","","33","","15","","24.1","","98.98","","","","-5","","Mostly Cloudy"
"-77.70","53.63","LA GRANDE RIVIERE A","7093716","2019-05-15 20:00","2019","05","15","20:00","","-0.7","","-2.4","","89","","","","33","","12","","24.1","","99.00","","","","-5","","NA"
"-77.70","53.63","LA GRANDE RIVIERE A","7093716","2019-05-15 21:00","2019","05","15","21:00","","-1.0","","-3.1","","86","","","","33","","16","","24.1","","99.04","","","","-6","","NA"
"-77.70","53.63","LA GRANDE RIVIERE A","7093716","2019-05-15 22:00","2019","05","15","22:00","","-1.2","","-3.3","","86","","","","34","","7","","24.1","","98.99","","","","-4","","Mostly Cloudy"
"-77.70","53.63","LA GRANDE RIVIERE A","7093716","2019-05-15 23:00","2019","05","15","23:00","","-1.3","","-3.2","","87","","","","36","","5","","24.1","","98.99","","","","-3","","NA"
"-77.70","53.63","LA GRANDE RIVIERE A","7093716","2019-05-16 00:00","2019","05","16","00:00","","-1.6","","-3.3","","88","","","","32","","5","","24.1","","98.99","","","","-3","","NA"
"-77.70","53.63","LA GRANDE RIVIERE A","7093716","2019-05-16 01:00","2019","05","16","01:00","","-2.3","","-3.5","","91","","","","31","","7","","24.1","","98.96","","","","-5","","Mainly Clear"
"-77.70","53.63","LA GRANDE RIVIERE A","7093716","2019-05-16 02:00","2019","05","16","02:00","","-2.5","","-3.5","","92","","","","3","","5","","24.1","","98.94","","","","-4","","NA"
"-77.70","53.63","LA GRANDE RIVIERE A","7093716","2019-05-16 03:00","2019","05","16","03:00","","-2.5","","-3.5","","94","","","","29","","7","","24.1","","98.99","","","","-5","","NA"
"-77.70","53.63","LA GRANDE RIVIERE A","7093716","2019-05-16 04:00","2019","05","16","04:00","","-2.6","","-3.5","","93","","","","30","","3","","24.1","","98.95","","","","-4","","Mostly Cloudy"
"-77.70","53.63","LA GRANDE RIVIERE A","7093716","2019-05-16 05:00","2019","05","16","05:00","","-1.9","","-3.3","","90","","","","5","","5","","24.1","","98.93","","","","-4","","NA"
"-77.70","53.63","LA GRANDE RIVIERE A","7093716","2019-05-16 06:00","2019","05","16","06:00","","-1.5","","-3.5","","86","","","","","","0","","24.1","","98.95","","","","","","NA"
"-77.70","53.63","LA GRANDE RIVIERE A","7093716","2019-05-16 07:00","2019","05","16","07:00","","-0.2","","-3.2","","80","","","","13","","8","","24.1","","98.92","","","","-3","","Mostly Cloudy"
"-77.70","53.63","LA GRANDE RIVIERE A","7093716","2019-05-16 08:00","2019","05","16","08:00","","1.6","","-2.4","","75","","","","21","","7","","24.1","","98.91","","","","","","NA"
"-77.70","53.63","LA GRANDE RIVIERE A","7093716","2019-05-16 09:00","2019","05","16","09:00","","3.1","","-2.0","","69","","","","13","","4","","24.1","","98.86","","","","","","NA"
"-77.70","53.63","LA GRANDE RIVIERE A","7093716","2019-05-16 10:00","2019","05","16","10:00","","5.8","","-0.5","","64","","","","23","","5","","24.1","","98.82","","","","","","Mostly Cloudy"
"-77.70","53.63","LA GRANDE RIVIERE A","7093716","2019-05-16 11:00","2019","05","16","11:00","","7.5","","-1.3","","54","","","","19","","5","","24.1","","98.80","","","","","","NA"
"-77.70","53.63","LA GRANDE RIVIERE A","7093716","2019-05-16 12:00","2019","05","16","12:00","","8.6","","-3.5","","42","","","","20","","9","","24.1","","98.77","","","","","","NA"
"-77.70","53.63","LA GRANDE RIVIERE A","7093716","2019-05-16 13:00","2019","05","16","13:00","","9.4","","-7.9","","29","","","","17","","11","","24.1","","98.77","","","","","","Mostly Cloudy"
"-77.70","53.63","LA GRANDE RIVIERE A","7093716","2019-05-16 14:00","2019","05","16","14:00","","10.8","","-6.4","","29","","","","27","","13","","24.1","","98.72","","","","","","NA"
"-77.70","53.63","LA GRANDE RIVIERE A","7093716","2019-05-16 15:00","2019","05","16","15:00","","9.7","","-2.6","","42","","","","5","","9","","24.1","","98.68","","","","","","NA"
"-77.70","53.63","LA GRANDE RIVIERE A","7093716","2019-05-16 16:00","2019","05","16","16:00","","10.0","","-3.3","","39","","","","6","","13","","24.1","","98.62","","","","","","Mostly Cloudy"
"-77.70","53.63","LA GRANDE RIVIERE A","7093716","2019-05-16 17:00","2019","05","16","17:00","","9.7","","-1.4","","46","","","","7","","9","","24.1","","98.61","","","","","","NA"
"-77.70","53.63","LA GRANDE RIVIERE A","7093716","2019-05-16 18:00","2019","05","16","18:00","","10.1","","-2.3","","42","","","","6","","9","","24.1","","98.58","","","","","","NA"
"-77.70","53.63","LA GRANDE RIVIERE A","7093716","2019-05-16 19:00","2019","05","16","19:00","","8.4","","-1.0","","51","","","","5","","6","","24.1","","98.54","","","","","","Cloudy"
"-77.70","53.63","LA GRANDE RIVIERE A","7093716","2019-05-16 20:00","2019","05","16","20:00","","7.2","","-1.6","","54","","","","6","","7","","24.1","","98.54","","","","","","NA"
"-77.70","53.63","LA GRANDE RIVIERE A","7093716","2019-05-16 21:00","2019","05","16","21:00","","6.8","","-1.0","","57","","","","7","","7","","24.1","","98.53","","","","","","NA"
"-77.70","53.63","LA GRANDE RIVIERE A","7093716","2019-05-16 22:00","2019","05","16","22:00","","6.8","","-0.4","","60","","","","7","","12","","24.1","","98.48","","","","","","Cloudy"
"-77.70","53.63","LA GRANDE RIVIERE A","7093716","2019-05-16 23:00","2019","05","16","23:00","","6.3","","-0.1","","64","","","","7","","10","","24.1","","98.44","","","","","","NA"
"-77.70","53.63","LA GRANDE RIVIERE A","7093716","2019-05-17 00:00","2019","05","17","00:00","","4.7","","-0.2","","71","","","","9","","10","","24.1","","98.42","","","","","","NA"
"-77.70","53.63","LA GRANDE RIVIERE A","7093716","2019-05-17 01:00","2019","05","17","01:00","","5.1","","0.0","","70","","","","9","","13","","24.1","","98.38","","","","","","Cloudy"
"-77.70","53.63","LA GRANDE RIVIERE A","7093716","2019-05-17 02:00","2019","05","17","02:00","","4.0","","0.2","","76","","","","9","","10","","24.1","","98.32","","","","","","NA"
"-77.70","53.63","LA GRANDE RIVIERE A","7093716","2019-05-17 03:00","2019","05","17","03:00","","3.8","","0.3","","77","","","","10","","12","","24.1","","98.29","","","","","","NA"
"-77.70","53.63","LA GRANDE RIVIERE A","7093716","2019-05-17 04:00","2019","05","17","04:00","","4.0","","0.4","","77","","","","10","","13","","24.1","","98.29","","","","","","Cloudy"
"-77.70","53.63","LA GRANDE RIVIERE A","7093716","2019-05-17 05:00","2019","05","17","05:00","","4.1","","0.6","","78","","","","9","","9","","24.1","","98.30","","","","","","NA"
"-77.70","53.63","LA GRANDE RIVIERE A","7093716","2019-05-17 06:00","2019","05","17","06:00","","5.1","","0.7","","73","","","","9","","8","","24.1","","98.34","","","","","","NA"
"-77.70","53.63","LA GRANDE RIVIERE A","7093716","2019-05-17 07:00","2019","05","17","07:00","","6.4","","1.4","","70","","","","8","","6","","24.1","","98.37","","","","","","Rain"
"-77.70","53.63","LA GRANDE RIVIERE A","7093716","2019-05-17 08:00","2019","05","17","08:00","","8.9","","2.2","","63","","","","17","","3","","24.1","","98.40","","","","","","NA"
"-77.70","53.63","LA GRANDE RIVIERE A","7093716","2019-05-17 09:00","2019","05","17","09:00","","9.4","","2.6","","62","","","","18","","3","","24.1","","98.41","","","","","","NA"
"-77.70","53.63","LA GRANDE RIVIERE A","7093716","2019-05-17 10:00","2019","05","17","10:00","","11.7","","3.9","","59","","","","26","","9","","24.1","","98.40","","","","","","Cloudy"
"-77.70","53.63","LA GRANDE RIVIERE A","7093716","2019-05-17 11:00","2019","05","17","11:00","","11.9","","3.7","","57","","","","3","","7","","24.1","","98.42","","","","","","NA"
"-77.70","53.63","LA GRANDE RIVIERE A","7093716","2019-05-17 12:00","2019","05","17","12:00","","13.3","","3.6","","52","","","","6","","12","","24.1","","98.42","","","","","","NA"
"-77.70","53.63","LA GRANDE RIVIERE A","7093716","2019-05-17 13:00","2019","05","17","13:00","","14.5","","3.9","","49","","","","6","","8","","24.1","","98.41","","","","","","Cloudy"
"-77.70","53.63","LA GRANDE RIVIERE A","7093716","2019-05-17 14:00","2019","05","17","14:00","","13.4","","2.4","","47","","","","5","","14","","24.1","","98.44","","","","","","Rain"
"-77.70","53.63","LA GRANDE RIVIERE A","7093716","2019-05-17 15:00","2019","05","17","15:00","","12.5","","5.6","","63","","","","22","","17","","24.1","","98.50","","","","","","Rain"
"-77.70","53.63","LA GRANDE RIVIERE A","7093716","2019-05-17 16:00","2019","05","17","16:00","","13.1","","6.2","","63","","","","31","","11","","24.1","","98.54","","","","","","Rain"
"-77.70","53.63","LA GRANDE RIVIERE A","7093716","2019-05-17 17:00","2019","05","17","17:00","","11.8","","5.4","","65","","","","27","","20","","24.1","","98.60","","","","","","NA"
"-77.70","53.63","LA GRANDE RIVIERE A","7093716","2019-05-17 18:00","2019","05","17","18:00","","8.6","","3.1","","68","","","","27","","22","","24.1","","98.72","","","","","","NA"
"-77.70","53.63","LA GRANDE RIVIERE A","7093716","2019-05-17 19:00","2019","05","17","19:00","","5.9","","3.2","","83","","","","27","","22","","24.1","","98.76","","","","","","Rain"
"-77.70","53.63","LA GRANDE RIVIERE A","7093716","2019-05-17 20:00","2019","05","17","20:00","","3.9","","2.0","","87","","","","28","","21","","24.1","","98.85","","","","","","NA"
"-77.70","53.63","LA GRANDE RIVIERE A","7093716","2019-05-17 21:00","2019","05","17","21:00","","3.0","","1.8","","92","","","","28","","14","","24.1","","98.89","","","","","","Rain"
"-77.70","53.63","LA GRANDE RIVIERE A","7093716","2019-05-17 22:00","2019","05","17","22:00","","2.2","","1.3","","94","","","","30","","14","","24.1","","98.88","","","","","","Rain"
"-77.70","53.63","LA GRANDE RIVIERE A","7093716","2019-05-17 23:00","2019","05","17","23:00","","1.5","","0.8","","95","","","","29","","12","","24.1","","98.90","","","","","","NA"
"-77.70","53.63","LA GRANDE RIVIERE A","7093716","2019-05-18 00:00","2019","05","18","00:00","","1.0","","0.4","","96","","","","30","","13","","2.4","","98.94","","","","","","Rain,Fog"
"-77.70","53.63","LA GRANDE RIVIERE A","7093716","2019-05-18 01:00","2019","05","18","01:00","","0.4","","-0.1","","97","","","","29","","17","","0.6","","98.96","","","","","","Rain,Fog"
"-77.70","53.63","LA GRANDE RIVIERE A","7093716","2019-05-18 02:00","2019","05","18","02:00","","0.2","","-0.3","","97","","","","27","","23","","0.8","","98.99","","","","","","Drizzle,Fog"
"-77.70","53.63","LA GRANDE RIVIERE A","7093716","2019-05-18 03:00","2019","05","18","03:00","","-0.1","","-0.5","","97","","","","30","","11","","0.8","","99.03","","","","-4","","Freezing Drizzle,Freezing Fog"
"-77.70","53.63","LA GRANDE RIVIERE A","7093716","2019-05-18 04:00","2019","05","18","04:00","","-0.2","","-0.6","","97","","","","29","","14","","0.6","","99.08","","","","-4","","Freezing Fog"
"-77.70","53.63","LA GRANDE RIVIERE A","7093716","2019-05-18 05:00","2019","05","18","05:00","","-0.1","","-0.5","","97","","","","29","","17","","0.8","","99.14","","","","-5","","Freezing Fog"
"-77.70","53.63","LA GRANDE RIVIERE A","7093716","2019-05-18 06:00","2019","05","18","06:00","","0.2","","-0.2","","97","","","","29","","16","","2.0","","99.22","","","","","","Rain,Fog"
"-77.70","53.63","LA GRANDE RIVIERE A","7093716","2019-05-18 07:00","2019","05","18","07:00","","0.4","","0.0","","97","","","","29","","16","","3.2","","99.27","","","","","","Rain,Fog"
"-77.70","53.63","LA GRANDE RIVIERE A","7093716","2019-05-18 08:00","2019","05","18","08:00","","0.5","","0.1","","97","","","","29","","19","","8.1","","99.30","","","","","","Rain,Fog"
"-77.70","53.63","LA GRANDE RIVIERE A","7093716","2019-05-18 09:00","2019","05","18","09:00","","1.4","","0.9","","96","","","","31","","15","","8.1","","99.31","","","","","","Ice Pellets,Fog"
"-77.70","53.63","LA GRANDE RIVIERE A","7093716","2019-05-18 10:00","2019","05","18","10:00","","1.5","","0.8","","95","","","","28","","16","","4.8","","99.35","","","","","","Snow,Ice Pellets,Fog"
"-77.70","53.63","LA GRANDE RIVIERE A","7093716","2019-05-18 11:00","2019","05","18","11:00","","1.3","","0.7","","96","","","","29","","14","","2.0","","99.42","","","","","","Snow"
"-77.70","53.63","LA GRANDE RIVIERE A","7093716","2019-05-18 12:00","2019","05","18","12:00","","2.0","","1.4","","96","","","","29","","14","","6.4","","99.44","","","","","","Snow,Ice Pellets"
"-77.70","53.63","LA GRANDE RIVIERE A","7093716","2019-05-18 13:00","2019","05","18","13:00","","2.0","","1.1","","94","","","","29","","14","","4.8","","99.50","","","","","","Rain,Fog"
"-77.70","53.63","LA GRANDE RIVIERE A","7093716","2019-05-18 14:00","2019","05","18","14:00","","2.2","","1.3","","94","","","","29","","16","","6.4","","99.52","","","","","","Rain,Fog"
"-77.70","53.63","LA GRANDE RIVIERE A","7093716","2019-05-18 15:00","2019","05","18","15:00","","2.5","","1.6","","94","","","","29","","18","","6.4","","99.54","","","","","","Rain,Fog"
"-77.70","53.63","LA GRANDE RIVIERE A","7093716","2019-05-18 16:00","2019","05","18","16:00","","2.6","","1.8","","94","","","","29","","14","","8.1","","99.52","","","","","","Rain,Fog"
"-77.70","53.63","LA GRANDE RIVIERE A","7093716","2019-05-18 17:00","2019","05","18","17:00","","2.6","","1.6","","93","","","","30","","14","","9.7","","99.53","","","","","","Rain"
"-77.70","53.63","LA GRANDE RIVIERE A","7093716","2019-05-18 18:00","2019","05","18","18:00","","2.5","","1.2","","92","","","","29","","16","","24.1","","99.56","","","","","","Rain"
"-77.70","53.63","LA GRANDE RIVIERE A","7093716","2019-05-18 19:00","2019","05","18","19:00","","1.9","","0.9","","93","","","","30","","11","","24.1","","99.61","","","","","","Rain"
"-77.70","53.63","LA GRANDE RIVIERE A","7093716","2019-05-18 20:00","2019","05","18","20:00","","1.2","","0.4","","94","","","","29","","12","","12.9","","99.62","","","","","","Rain"
"-77.70","53.63","LA GRANDE RIVIERE A","7093716","2019-05-18 21:00","2019","05","18","21:00","","0.3","","-0.3","","96","","","","28","","8","","4.8","","99.62","","","","","","Snow,Fog"
"-77.70","53.63","LA GRANDE RIVIERE A","7093716","2019-05-18 22:00","2019","05","18","22:00","","0.1","","-0.4","","97","","","","27","","10","","2.4","","99.63","","","","","","Snow,Fog"
"-77.70","53.63","LA GRANDE RIVIERE A","7093716","2019-05-18 23:00","2019","05","18","23:00","","0.0","","-0.4","","97","","","","27","","9","","2.4","","99.61","","","","-3","","Snow,Fog"
"-77.70","53.63","LA GRANDE RIVIERE A","7093716","2019-05-19 00:00","2019","05","19","00:00","","-0.1","","-0.5","","97","","","","29","","9","","4.0","","99.58","","","","-3","","Snow,Fog"
"-77.70","53.63","LA GRANDE RIVIERE A","7093716","2019-05-19 01:00","2019","05","19","01:00","","-0.2","","-0.6","","97","","","","28","","10","","3.2","","99.60","","","","-4","","Snow"
"-77.70","53.63","LA GRANDE RIVIERE A","7093716","2019-05-19 02:00","2019","05","19","02:00","","-0.3","","-0.7","","97","","","","28","","12","","6.4","","99.61","","","","-4","","Snow"
"-77.70","53.63","LA GRANDE RIVIERE A","7093716","2019-05-19 03:00","2019","05","19","03:00","","-0.4","","-0.9","","97","","","","29","","12","","11.3","","99.59","","","","-4","","Snow"
"-77.70","53.63","LA GRANDE RIVIERE A","7093716","2019-05-19 04:00","2019","05","19","04:00","","-0.5","","-0.9","","97","","","","27","","13","","6.4","","99.62","","","","-5","","Snow,Fog"
"-77.70","53.63","LA GRANDE RIVIERE A","7093716","2019-05-19 05:00","2019","05","19","05:00","","-0.5","","-0.9","","97","","","","27","","12","","6.4","","99.62","","","","-4","","Snow,Fog"
"-77.70","53.63","LA GRANDE RIVIERE A","7093716","2019-05-19 06:00","2019","05","19","06:00","","-0.4","","-0.9","","97","","","","28","","13","","4.8","","99.63","","","","-5","","Snow,Fog"
"-77.70","53.63","LA GRANDE RIVIERE A","7093716","2019-05-19 07:00","2019","05","19","07:00","","-0.2","","-0.7","","96","","","","27","","8","","4.8","","99.68","","","","-3","","Snow,Fog"
"-77.70","53.63","LA GRANDE RIVIERE A","7093716","2019-05-19 08:00","2019","05","19","08:00","","0.4","","-0.2","","96","","","","28","","14","","8.1","","99.66","","","","","","Rain,Fog"
"-77.70","53.63","LA GRANDE RIVIERE A","7093716","2019-05-19 09:00","2019","05","19","09:00","","1.1","","0.0","","92","","","","30","","11","","16.1","","99.66","","","","","","NA"
"-77.70","53.63","LA GRANDE RIVIERE A","7093716","2019-05-19 10:00","2019","05","19","10:00","","1.8","","0.4","","91","","","","28","","10","","19.3","","99.64","","","","","","Cloudy"
"-77.70","53.63","LA GRANDE RIVIERE A","7093716","2019-05-19 11:00","2019","05","19","11:00","","2.1","","0.3","","88","","","","31","","7","","19.3","","99.64","","","","","","NA"
"-77.70","53.63","LA GRANDE RIVIERE A","7093716","2019-05-19 12:00","2019","05","19","12:00","","2.6","","0.5","","86","","","","31","","4","","24.1","","99.66","","","","","","NA"
"-77.70","53.63","LA GRANDE RIVIERE A","7093716","2019-05-19 13:00","2019","05","19","13:00","","3.8","","1.2","","83","","","","4","","5","","24.1","","99.64","","","","","","Cloudy"
"-77.70","53.63","LA GRANDE RIVIERE A","7093716","2019-05-19 14:00","2019","05","19","14:00","","4.2","","2.0","","85","","","","12","","4","","24.1","","99.63","","","","","","NA"
"-77.70","53.63","LA GRANDE RIVIERE A","7093716","2019-05-19 15:00","2019","05","19","15:00","","4.4","","1.4","","81","","","","4","","5","","24.1","","99.57","","","","","","NA"
"-77.70","53.63","LA GRANDE RIVIERE A","7093716","2019-05-19 16:00","2019","05","19","16:00","","5.2","","1.1","","75","","","","5","","9","","24.1","","99.54","","","","","","Cloudy"
"-77.70","53.63","LA GRANDE RIVIERE A","7093716","2019-05-19 17:00","2019","05","19","17:00","","5.8","","1.6","","74","","","","36","","8","","24.1","","99.46","","","","","","NA"
"-77.70","53.63","LA GRANDE RIVIERE A","7093716","2019-05-19 18:00","2019","05","19","18:00","","5.6","","2.1","","78","","","","6","","6","","24.1","","99.42","","","","","","NA"
"-77.70","53.63","LA GRANDE RIVIERE A","7093716","2019-05-19 19:00","2019","05","19","19:00","","5.5","","2.3","","80","","","","11","","10","","24.1","","99.40","","","","","","Mostly Cloudy"
"-77.70","53.63","LA GRANDE RIVIERE A","7093716","2019-05-19 20:00","2019","05","19","20:00","","4.6","","2.2","","85","","","","36","","5","","24.1","","99.33","","","","","","NA"
"-77.70","53.63","LA GRANDE RIVIERE A","7093716","2019-05-19 21:00","2019","05","19","21:00","","3.3","","1.9","","90","","","","33","","7","","24.1","","99.29","","","","","","NA"
"-77.70","53.63","LA GRANDE RIVIERE A","7093716","2019-05-19 22:00","2019","05","19","22:00","","3.4","","2.3","","92","","","","31","","5","","24.1","","99.25","","","","","","Mostly Cloudy"
"-77.70","53.63","LA GRANDE RIVIERE A","7093716","2019-05-19 23:00","2019","05","19","23:00","","2.7","","1.2","","90","","","","3","","8","","24.1","","99.21","","","","","","NA"
"-77.70","53.63","LA GRANDE RIVIERE A","7093716","2019-05-20 00:00","2019","05","20","00:00","","2.0","","0.4","","90","","","","6","","8","","24.1","","99.14","","","","","","NA"
"-77.70","53.63","LA GRANDE RIVIERE A","7093716","2019-05-20 01:00","2019","05","20","01:00","","0.3","","-0.9","","92","","","","35","","8","","24.1","","99.03","","","","","","Clear"
"-77.70","53.63","LA GRANDE RIVIERE A","7093716","2019-05-20 02:00","2019","05","20","02:00","","0.3","","-1.1","","91","","","","36","","7","","24.1","","98.97","","","","","","NA"
"-77.70","53.63","LA GRANDE RIVIERE A","7093716","2019-05-20 03:00","2019","05","20","03:00","","-0.3","","-1.4","","92","","","","36","","7","","24.1","","98.91","","","","-3","","NA"
"-77.70","53.63","LA GRANDE RIVIERE A","7093716","2019-05-20 04:00","2019","05","20","04:00","","-0.5","","-1.7","","92","","","","5","","11","","24.1","","98.88","","","","-4","","Mainly Clear"
"-77.70","53.63","LA GRANDE RIVIERE A","7093716","2019-05-20 05:00","2019","05","20","05:00","","-0.5","","-1.6","","92","","","","3","","8","","24.1","","98.82","","","","-3","","NA"
"-77.70","53.63","LA GRANDE RIVIERE A","7093716","2019-05-20 06:00","2019","05","20","06:00","","1.1","","-0.6","","88","","","","2","","13","","24.1","","98.77","","","","","","NA"
"-77.70","53.63","LA GRANDE RIVIERE A","7093716","2019-05-20 07:00","2019","05","20","07:00","","3.4","","0.4","","80","","","","6","","16","","24.1","","98.76","","","","","","Mostly Cloudy"
"-77.70","53.63","LA GRANDE RIVIERE A","7093716","2019-05-20 08:00","2019","05","20","08:00","","6.0","","1.1","","71","","","","5","","19","","24.1","","98.75","","","","","","NA"
"-77.70","53.63","LA GRANDE RIVIERE A","7093716","2019-05-20 09:00","2019","05","20","09:00","","7.5","","2.8","","72","","","","8","","23","","24.1","","98.78","","","","","","NA"
"-77.70","53.63","LA GRANDE RIVIERE A","7093716","2019-05-20 10:00","2019","05","20","10:00","","7.5","","2.5","","70","","","","8","","26","","24.1","","98.81","","","","","","Mostly Cloudy"
"-77.70","53.63","LA GRANDE RIVIERE A","7093716","2019-05-20 11:00","2019","05","20","11:00","","7.9","","3.4","","73","","","","7","","23","","24.1","","98.84","","","","","","NA"
"-77.70","53.63","LA GRANDE RIVIERE A","7093716","2019-05-20 12:00","2019","05","20","12:00","","10.7","","3.5","","61","","","","9","","26","","24.1","","98.80","","","","","","NA"
"-77.70","53.63","LA GRANDE RIVIERE A","7093716","2019-05-20 13:00","2019","05","20","13:00","","11.3","","4.1","","61","","","","7","","27","","24.1","","98.84","","","","","","Cloudy"
"-77.70","53.63","LA GRANDE RIVIERE A","7093716","2019-05-20 14:00","2019","05","20","14:00","","10.6","","3.7","","62","","","","6","","14","","24.1","","98.84","","","","","","NA"
"-77.70","53.63","LA GRANDE RIVIERE A","7093716","2019-05-20 15:00","2019","05","20","15:00","","12.8","","3.9","","54","","","","5","","11","","24.1","","98.80","","","","","","NA"
"-77.70","53.63","LA GRANDE RIVIERE A","7093716","2019-05-20 16:00","2019","05","20","16:00","","13.0","","2.6","","49","","","","4","","10","","24.1","","98.78","","","","","","Cloudy"
"-77.70","53.63","LA GRANDE RIVIERE A","7093716","2019-05-20 17:00","2019","05","20","17:00","","13.3","","1.5","","44","","","","2","","10","","24.1","","98.77","","","","","","NA"
"-77.70","53.63","LA GRANDE RIVIERE A","7093716","2019-05-20 18:00","2019","05","20","18:00","","13.4","","2.5","","47","","","","36","","10","","24.1","","98.80","","","","","","NA"
"-77.70","53.63","LA GRANDE RIVIERE A","7093716","2019-05-20 19:00","2019","05","20","19:00","","7.6","","3.9","","77","","","","4","","23","","19.3","","98.99","","","","","","Moderate Rain Showers"
"-77.70","53.63","LA GRANDE RIVIERE A","7093716","2019-05-20 20:00","2019","05","20","20:00","","7.0","","4.3","","83","","","","26","","7","","24.1","","98.88","","","","","","NA"
"-77.70","53.63","LA GRANDE RIVIERE A","7093716","2019-05-20 21:00","2019","05","20","21:00","","5.3","","4.0","","91","","","","29","","10","","24.1","","98.93","","","","","","NA"
"-77.70","53.63","LA GRANDE RIVIERE A","7093716","2019-05-20 22:00","2019","05","20","22:00","","4.0","","2.2","","88","","","","28","","10","","24.1","","98.93","","","","","","Mainly Clear"
"-77.70","53.63","LA GRANDE RIVIERE A","7093716","2019-05-20 23:00","2019","05","20","23:00","","2.5","","1.0","","90","","","","27","","10","","24.1","","98.93","","","","","","NA"
"-77.70","53.63","LA GRANDE RIVIERE A","7093716","2019-05-21 00:00","2019","05","21","00:00","","1.4","","-0.1","","90","","","","28","","11","","24.1","","98.96","","","","","","NA"
"-77.70","53.63","LA GRANDE RIVIERE A","7093716","2019-05-21 01:00","2019","05","21","01:00","","0.2","","-0.9","","93","","","","28","","12","","24.1","","98.97","","","","","","Mainly Clear"
"-77.70","53.63","LA GRANDE RIVIERE A","7093716","2019-05-21 02:00","2019","05","21","02:00","","0.0","","-1.1","","92","","","","29","","12","","24.1","","99.00","","","","-4","","NA"
"-77.70","53.63","LA GRANDE RIVIERE A","7093716","2019-05-21 03:00","2019","05","21","03:00","","-0.9","","-1.8","","93","","","","30","","12","","24.1","","99.04","","","","-5","","NA"
"-77.70","53.63","LA GRANDE RIVIERE A","7093716","2019-05-21 04:00","2019","05","21","04:00","","-1.1","","-1.7","","96","","","","30","","14","","0.6","","99.09","","","","-6","","Freezing Fog"
"-77.70","53.63","LA GRANDE RIVIERE A","7093716","2019-05-21 05:00","2019","05","21","05:00","","-1.2","","-1.7","","96","","","","29","","13","","0.4","","99.12","","","","-5","","Freezing Fog"
"-77.70","53.63","LA GRANDE RIVIERE A","7093716","2019-05-21 06:00","2019","05","21","06:00","","-0.8","","-1.2","","97","","","","29","","14","","0.6","","99.19","","","","-5","","Freezing Fog"
"-77.70","53.63","LA GRANDE RIVIERE A","7093716","2019-05-21 07:00","2019","05","21","07:00","","-0.1","","-0.5","","97","","","","30","","13","","2.4","","99.23","","","","-4","","Fog"
"-77.70","53.63","LA GRANDE RIVIERE A","7093716","2019-05-21 08:00","2019","05","21","08:00","","1.8","","0.8","","93","","","","31","","12","","24.1","","99.24","","","","","","NA"
"-77.70","53.63","LA GRANDE RIVIERE A","7093716","2019-05-21 09:00","2019","05","21","09:00","","4.9","","0.9","","75","","","","30","","18","","24.1","","99.28","","","","","","NA"
"-77.70","53.63","LA GRANDE RIVIERE A","7093716","2019-05-21 10:00","2019","05","21","10:00","","6.9","","0.9","","65","","","","29","","16","","24.1","","99.34","","","","","","Clear"
"-77.70","53.63","LA GRANDE RIVIERE A","7093716","2019-05-21 11:00","2019","05","21","11:00","","9.1","","2.1","","61","","","","28","","21","","24.1","","99.38","","","","","","NA"
"-77.70","53.63","LA GRANDE RIVIERE A","7093716","2019-05-21 12:00","2019","05","21","12:00","","10.5","","2.7","","58","","","","29","","20","","24.1","","99.41","","","","","","NA"
"-77.70","53.63","LA GRANDE RIVIERE A","7093716","2019-05-21 13:00","2019","05","21","13:00","","11.8","","2.0","","51","","","","31","","18","","24.1","","99.44","","","","","","Mainly Clear"
"-77.70","53.63","LA GRANDE RIVIERE A","7093716","2019-05-21 14:00","2019","05","21","14:00","","12.3","","1.4","","47","","","","31","","20","","24.1","","99.47","","","","","","NA"
"-77.70","53.63","LA GRANDE RIVIERE A","7093716","2019-05-21 15:00","2019","05","21","15:00","","12.1","","1.1","","47","","","","29","","22","","24.1","","99.50","","","","","","NA"
"-77.70","53.63","LA GRANDE RIVIERE A","7093716","2019-05-21 16:00","2019","05","21","16:00","","12.2","","1.2","","47","","","","32","","18","","24.1","","99.53","","","","","","Mainly Clear"
"-77.70","53.63","LA GRANDE RIVIERE A","7093716","2019-05-21 17:00","2019","05","21","17:00","","10.8","","0.8","","50","","","","30","","21","","24.1","","99.55","","","","","","NA"
"-77.70","53.63","LA GRANDE RIVIERE A","7093716","2019-05-21 18:00","2019","05","21","18:00","","9.8","","2.1","","59","","","","29","","19","","24.1","","99.59","","","","","","NA"
"-77.70","53.63","LA GRANDE RIVIERE A","7093716","2019-05-21 19:00","2019","05","21","19:00","","8.4","","1.8","","63","","","","30","","17","","24.1","","99.67","","","","","","Mostly Cloudy"
"-77.70","53.63","LA GRANDE RIVIERE A","7093716","2019-05-21 20:00","2019","05","21","20:00","","5.6","","1.4","","74","","","","29","","14","","24.1","","99.70","","","","","","NA"
"-77.70","53.63","LA GRANDE RIVIERE A","7093716","2019-05-21 21:00","2019","05","21","21:00","","2.9","","0.1","","82","","","","28","","14","","24.1","","99.78","","","","","","NA"
"-77.70","53.63","LA GRANDE RIVIERE A","7093716","2019-05-21 22:00","2019","05","21","22:00","","0.9","","-0.7","","89","","","","27","","8","","24.1","","99.80","","","","","","Mainly Clear"
"-77.70","53.63","LA GRANDE RIVIERE A","7093716","2019-05-21 23:00","2019","05","21","23:00","","-0.2","","-1.4","","92","","","","26","","8","","24.1","","99.81","","","","-3","","NA"
"-77.70","53.63","LA GRANDE RIVIERE A","7093716","2019-05-22 00:00","2019","05","22","00:00","","-1.4","","-2.3","","94","","","","27","","11","","24.1","","99.85","","","","-5","","NA"
"-77.70","53.63","LA GRANDE RIVIERE A","7093716","2019-05-22 01:00","2019","05","22","01:00","","-1.9","","-2.6","","95","","","","25","","5","","24.1","","99.85","","","","-4","","Clear"
"-77.70","53.63","LA GRANDE RIVIERE A","7093716","2019-05-22 02:00","2019","05","22","02:00","","-2.4","","-3.1","","95","","","","22","","8","","24.1","","99.87","","","","-6","","NA"
"-77.70","53.63","LA GRANDE RIVIERE A","7093716","2019-05-22 03:00","2019","05","22","03:00","","-2.6","","-3.3","","95","","","","18","","6","","24.1","","99.88","","","","-5","","NA"
"-77.70","53.63","LA GRANDE RIVIERE A","7093716","2019-05-22 04:00","2019","05","22","04:00","","-3.5","","-4.2","","94","","","","21","","8","","24.1","","99.95","","","","-7","","Clear"
"-77.70","53.63","LA GRANDE RIVIERE A","7093716","2019-05-22 05:00","2019","05","22","05:00","","-3.0","","-3.8","","94","","","","22","","7","","24.1","","100.02","","","","-6","","NA"
"-77.70","53.63","LA GRANDE RIVIERE A","7093716","2019-05-22 06:00","2019","05","22","06:00","","-0.7","","-1.7","","93","","","","24","","8","","24.1","","100.05","","","","-4","","NA"
"-77.70","53.63","LA GRANDE RIVIERE A","7093716","2019-05-22 07:00","2019","05","22","07:00","","1.5","","-1.1","","83","","","","19","","10","","24.1","","100.10","","","","","","Mainly Clear"
"-77.70","53.63","LA GRANDE RIVIERE A","7093716","2019-05-22 08:00","2019","05","22","08:00","","5.1","","-0.6","","67","","","","21","","10","","24.1","","100.12","","","","","","NA"
"-77.70","53.63","LA GRANDE RIVIERE A","7093716","2019-05-22 09:00","2019","05","22","09:00","","8.4","","-0.7","","53","","","","22","","10","","24.1","","100.10","","","","","","NA"
"-77.70","53.63","LA GRANDE RIVIERE A","7093716","2019-05-22 10:00","2019","05","22","10:00","","10.8","","0.1","","47","","","","17","","14","","24.1","","100.09","","","","","","Mainly Clear"
"-77.70","53.63","LA GRANDE RIVIERE A","7093716","2019-05-22 11:00","2019","05","22","11:00","","13.5","","1.5","","44","","","","24","","12","","24.1","","100.06","","","","","","NA"
"-77.70","53.63","LA GRANDE RIVIERE A","7093716","2019-05-22 12:00","2019","05","22","12:00","","14.0","","2.3","","45","","","","17","","12","","24.1","","100.00","","","","","","NA"
"-77.70","53.63","LA GRANDE RIVIERE A","7093716","2019-05-22 13:00","2019","05","22","13:00","","15.3","","1.6","","39","","","","23","","8","","24.1","","99.96","","","","","","Mainly Clear"
"-77.70","53.63","LA GRANDE RIVIERE A","7093716","2019-05-22 14:00","2019","05","22","14:00","","15.9","","0.7","","35","","","","20","","20","","24.1","","99.89","","","","","","NA"
"-77.70","53.63","LA GRANDE RIVIERE A","7093716","2019-05-22 15:00","2019","05","22","15:00","","16.8","","1.4","","35","","","","22","","17","","24.1","","99.83","","","","","","NA"
"-77.70","53.63","LA GRANDE RIVIERE A","7093716","2019-05-22 16:00","2019","05","22","16:00","","16.6","","1.0","","35","","","","23","","14","","24.1","","99.75","","","","","","Cloudy"
"-77.70","53.63","LA GRANDE RIVIERE A","7093716","2019-05-22 17:00","2019","05","22","17:00","","16.5","","0.7","","34","","","","22","","13","","24.1","","99.70","","","","","","NA"
"-77.70","53.63","LA GRANDE RIVIERE A","7093716","2019-05-22 18:00","2019","05","22","18:00","","16.1","","0.7","","35","","","","21","","8","","24.1","","99.64","","","","","","NA"
"-77.70","53.63","LA GRANDE RIVIERE A","7093716","2019-05-22 19:00","2019","05","22","19:00","","14.0","","3.2","","48","","","","29","","8","","24.1","","99.63","","","","","","Cloudy"
"-77.70","53.63","LA GRANDE RIVIERE A","7093716","2019-05-22 20:00","2019","05","22","20:00","","11.3","","3.3","","58","","","","28","","9","","24.1","","99.62","","","","","","NA"
"-77.70","53.63","LA GRANDE RIVIERE A","7093716","2019-05-22 21:00","2019","05","22","21:00","","9.8","","2.3","","59","","","","2","","5","","24.1","","99.56","","","","","","NA"
"-77.70","53.63","LA GRANDE RIVIERE A","7093716","2019-05-22 22:00","2019","05","22","22:00","","9.3","","2.2","","61","","","","7","","5","","24.1","","99.47","","","","","","Cloudy"
"-77.70","53.63","LA GRANDE RIVIERE A","7093716","2019-05-22 23:00","2019","05","22","23:00","","7.4","","1.7","","67","","","","12","","10","","24.1","","99.47","","","","","","NA"
"-77.70","53.63","LA GRANDE RIVIERE A","7093716","2019-05-23 00:00","2019","05","23","00:00","","6.2","","1.0","","69","","","","7","","4","","24.1","","99.42","","","","","","NA"
"-77.70","53.63","LA GRANDE RIVIERE A","7093716","2019-05-23 01:00","2019","05","23","01:00","","6.4","","1.1","","69","","","","12","","4","","24.1","","99.36","","","","","","Cloudy"
"-77.70","53.63","LA GRANDE RIVIERE A","7093716","2019-05-23 02:00","2019","05","23","02:00","","8.2","","0.2","","57","","","","16","","10","","24.1","","99.31","","","","","","NA"
"-77.70","53.63","LA GRANDE RIVIERE A","7093716","2019-05-23 03:00","2019","05","23","03:00","","8.6","","0.1","","55","","","","17","","12","","24.1","","99.26","","","","","","NA"
"-77.70","53.63","LA GRANDE RIVIERE A","7093716","2019-05-23 04:00","2019","05","23","04:00","","7.7","","0.5","","60","","","","19","","13","","24.1","","99.27","","","","","","Cloudy"
"-77.70","53.63","LA GRANDE RIVIERE A","7093716","2019-05-23 05:00","2019","05","23","05:00","","7.2","","1.2","","66","","","","22","","11","","24.1","","99.28","","","","","","NA"
"-77.70","53.63","LA GRANDE RIVIERE A","7093716","2019-05-23 06:00","2019","05","23","06:00","","8.0","","2.7","","69","","","","23","","8","","24.1","","99.24","","","","","","NA"
"-77.70","53.63","LA GRANDE RIVIERE A","7093716","2019-05-23 07:00","2019","05","23","07:00","","7.6","","3.0","","72","","","","21","","10","","24.1","","99.21","","","","","","Cloudy"
"-77.70","53.63","LA GRANDE RIVIERE A","7093716","2019-05-23 08:00","2019","05","23","08:00","","8.8","","3.7","","70","","","","20","","6","","24.1","","99.20","","","","","","NA"
"-77.70","53.63","LA GRANDE RIVIERE A","7093716","2019-05-23 09:00","2019","05","23","09:00","","9.8","","4.2","","68","","","","19","","9","","24.1","","99.18","","","","","","NA"
"-77.70","53.63","LA GRANDE RIVIERE A","7093716","2019-05-23 10:00","2019","05","23","10:00","","11.3","","4.7","","64","","","","21","","9","","24.1","","99.17","","","","","","Cloudy"
"-77.70","53.63","LA GRANDE RIVIERE A","7093716","2019-05-23 11:00","2019","05","23","11:00","","12.6","","4.6","","58","","","","23","","7","","24.1","","99.14","","","","","","NA"
"-77.70","53.63","LA GRANDE RIVIERE A","7093716","2019-05-23 12:00","2019","05","23","12:00","","13.6","","3.7","","51","","","","29","","9","","24.1","","99.11","","","","","","NA"
"-77.70","53.63","LA GRANDE RIVIERE A","7093716","2019-05-23 13:00","2019","05","23","13:00","","14.2","","2.2","","44","","","","","","0","","24.1","","99.05","","","","","","Cloudy"
"-77.70","53.63","LA GRANDE RIVIERE A","7093716","2019-05-23 14:00","2019","05","23","14:00","","13.2","","3.1","","50","","","","10","","15","","24.1","","99.04","","","","","","NA"
"-77.70","53.63","LA GRANDE RIVIERE A","7093716","2019-05-23 15:00","2019","05","23","15:00","","13.0","","2.5","","49","","","","15","","13","","24.1","","99.04","","","","","","NA"
"-77.70","53.63","LA GRANDE RIVIERE A","7093716","2019-05-23 16:00","2019","05","23","16:00","","13.8","","2.5","","46","","","","13","","13","","24.1","","99.04","","","","","","Cloudy"
"-77.70","53.63","LA GRANDE RIVIERE A","7093716","2019-05-23 17:00","2019","05","23","17:00","","13.5","","2.2","","46","","","","9","","8","","24.1","","99.06","","","","","","NA"
"-77.70","53.63","LA GRANDE RIVIERE A","7093716","2019-05-23 18:00","2019","05","23","18:00","","13.7","","3.5","","50","","","","32","","5","","24.1","","99.04","","","","","","NA"
"-77.70","53.63","LA GRANDE RIVIERE A","7093716","2019-05-23 19:00","2019","05","23","19:00","","13.1","","4.2","","54","","","","34","","12","","24.1","","99.08","","","","","","Mostly Cloudy"
"-77.70","53.63","LA GRANDE RIVIERE A","7093716","2019-05-23 20:00","2019","05","23","20:00","","7.6","","1.2","","64","","","","32","","10","","24.1","","99.17","","","","","","NA"
"-77.70","53.63","LA GRANDE RIVIERE A","7093716","2019-05-23 21:00","2019","05","23","21:00","","2.1","","-1.7","","76","","","","32","","13","","24.1","","99.26","","","","","","NA"
"-77.70","53.63","LA GRANDE RIVIERE A","7093716","2019-05-23 22:00","2019","05","23","22:00","","0.2","","-2.7","","81","","","","33","","14","","24.1","","99.30","","","","","","Mainly Clear"
"-77.70","53.63","LA GRANDE RIVIERE A","7093716","2019-05-23 23:00","2019","05","23","23:00","","-1.1","","-3.6","","84","","","","33","","13","","24.1","","99.35","","","","-5","","NA"
"-77.70","53.63","LA GRANDE RIVIERE A","7093716","2019-05-24 00:00","2019","05","24","00:00","","-2.0","","-4.2","","85","","","","33","","13","","24.1","","99.40","","","","-6","","NA"
"-77.70","53.63","LA GRANDE RIVIERE A","7093716","2019-05-24 01:00","2019","05","24","01:00","","-2.5","","-4.8","","84","","","","34","","12","","24.1","","99.45","","","","-7","","Mainly Clear"
"-77.70","53.63","LA GRANDE RIVIERE A","7093716","2019-05-24 02:00","2019","05","24","02:00","","-3.2","","-5.1","","86","","","","34","","11","","24.1","","99.52","","","","-7","","NA"
"-77.70","53.63","LA GRANDE RIVIERE A","7093716","2019-05-24 03:00","2019","05","24","03:00","","-3.6","","-5.3","","88","","","","33","","15","","24.1","","99.57","","","","-9","","NA"
"-77.70","53.63","LA GRANDE RIVIERE A","7093716","2019-05-24 04:00","2019","05","24","04:00","","-4.2","","-5.9","","88","","","","33","","13","","24.1","","99.65","","","","-9","","Mostly Cloudy"
"-77.70","53.63","LA GRANDE RIVIERE A","7093716","2019-05-24 05:00","2019","05","24","05:00","","-4.3","","-5.9","","89","","","","33","","11","","24.1","","99.72","","","","-9","","NA"
"-77.70","53.63","LA GRANDE RIVIERE A","7093716","2019-05-24 06:00","2019","05","24","06:00","","-4.3","","-6.1","","88","","","","34","","13","","24.1","","99.80","","","","-9","","NA"
"-77.70","53.63","LA GRANDE RIVIERE A","7093716","2019-05-24 07:00","2019","05","24","07:00","","-2.7","","-5.4","","82","","","","34","","13","","24.1","","99.87","","","","-7","","Mostly Cloudy"
"-77.70","53.63","LA GRANDE RIVIERE A","7093716","2019-05-24 08:00","2019","05","24","08:00","","-1.6","","-5.1","","77","","","","33","","14","","24.1","","99.90","","","","-6","","NA"
"-77.70","53.63","LA GRANDE RIVIERE A","7093716","2019-05-24 09:00","2019","05","24","09:00","","0.3","","-5.0","","68","","","","32","","13","","24.1","","99.88","","","","","","NA"
"-77.70","53.63","LA GRANDE RIVIERE A","7093716","2019-05-24 10:00","2019","05","24","10:00","","2.1","","-4.8","","60","","","","31","","9","","24.1","","99.92","","","","","","Mainly Clear"
"-77.70","53.63","LA GRANDE RIVIERE A","7093716","2019-05-24 11:00","2019","05","24","11:00","","4.6","","-4.8","","51","","","","32","","12","","24.1","","99.93","","","","","","NA"
"-77.70","53.63","LA GRANDE RIVIERE A","7093716","2019-05-24 12:00","2019","05","24","12:00","","6.0","","-5.7","","43","","","","32","","13","","24.1","","99.88","","","","","","NA"
"-77.70","53.63","LA GRANDE RIVIERE A","7093716","2019-05-24 13:00","2019","05","24","13:00","","8.1","","-5.5","","38","","","","28","","19","","24.1","","99.93","","","","","","Mostly Cloudy"
"-77.70","53.63","LA GRANDE RIVIERE A","7093716","2019-05-24 14:00","2019","05","24","14:00","","8.8","","-4.9","","38","","","","25","","17","","24.1","","99.90","","","","","","NA"
"-77.70","53.63","LA GRANDE RIVIERE A","7093716","2019-05-24 15:00","2019","05","24","15:00","","8.7","","-6.4","","34","","","","27","","17","","24.1","","99.90","","","","","","NA"
"-77.70","53.63","LA GRANDE RIVIERE A","7093716","2019-05-24 16:00","2019","05","24","16:00","","9.0","","-5.9","","34","","","","29","","16","","24.1","","99.86","","","","","","Mostly Cloudy"
"-77.70","53.63","LA GRANDE RIVIERE A","7093716","2019-05-24 17:00","2019","05","24","17:00","","8.8","","-4.8","","38","","","","31","","6","","24.1","","99.86","","","","","","NA"
"-77.70","53.63","LA GRANDE RIVIERE A","7093716","2019-05-24 18:00","2019","05","24","18:00","","8.4","","-5.1","","38","","","","32","","6","","24.1","","99.80","","","","","","NA"
"-77.70","53.63","LA GRANDE RIVIERE A","7093716","2019-05-24 19:00","2019","05","24","19:00","","8.2","","-5.6","","37","","","","29","","5","","24.1","","99.74","","","","","","Mainly Clear"
"-77.70","53.63","LA GRANDE RIVIERE A","7093716","2019-05-24 20:00","2019","05","24","20:00","","6.6","","-4.4","","45","","","","29","","7","","24.1","","99.72","","","","","","NA"
"-77.70","53.63","LA GRANDE RIVIERE A","7093716","2019-05-24 21:00","2019","05","24","21:00","","4.2","","-4.0","","55","","","","30","","7","","24.1","","99.71","","","","","","NA"
"-77.70","53.63","LA GRANDE RIVIERE A","7093716","2019-05-24 22:00","2019","05","24","22:00","","1.9","","-2.8","","71","","","","29","","7","","24.1","","99.71","","","","","","Mainly Clear"
"-77.70","53.63","LA GRANDE RIVIERE A","7093716","2019-05-24 23:00","2019","05","24","23:00","","0.8","","-3.1","","75","","","","26","","7","","24.1","","99.69","","","","","","NA"
"-77.70","53.63","LA GRANDE RIVIERE A","7093716","2019-05-25 00:00","2019","05","25","00:00","","0.5","","-3.1","","77","","","","1","","3","","24.1","","99.57","","","","","","NA"
"-77.70","53.63","LA GRANDE RIVIERE A","7093716","2019-05-25 01:00","2019","05","25","01:00","","0.6","","-3.0","","77","","","","8","","5","","24.1","","99.54","","","","","","Mainly Clear"
"-77.70","53.63","LA GRANDE RIVIERE A","7093716","2019-05-25 02:00","2019","05","25","02:00","","0.3","","-3.0","","79","","","","10","","11","","24.1","","99.51","","","","","","NA"
"-77.70","53.63","LA GRANDE RIVIERE A","7093716","2019-05-25 03:00","2019","05","25","03:00","","0.3","","-3.5","","76","","","","9","","8","","24.1","","99.44","","","","","","NA"
"-77.70","53.63","LA GRANDE RIVIERE A","7093716","2019-05-25 04:00","2019","05","25","04:00","","-0.1","","-3.9","","75","","","","10","","13","","24.1","","99.37","","","","-4","","Cloudy"
"-77.70","53.63","LA GRANDE RIVIERE A","7093716","2019-05-25 05:00","2019","05","25","05:00","","0.3","","-4.2","","72","","","","10","","15","","24.1","","99.31","","","","","","NA"
"-77.70","53.63","LA GRANDE RIVIERE A","7093716","2019-05-25 06:00","2019","05","25","06:00","","1.7","","-3.8","","67","","","","9","","16","","24.1","","99.20","","","","","","NA"
"-77.70","53.63","LA GRANDE RIVIERE A","7093716","2019-05-25 07:00","2019","05","25","07:00","","3.1","","-3.5","","62","","","","10","","16","","24.1","","99.14","","","","","","Cloudy"
"-77.70","53.63","LA GRANDE RIVIERE A","7093716","2019-05-25 08:00","2019","05","25","08:00","","4.4","","-3.2","","58","","","","10","","16","","24.1","","99.08","","","","","","NA"
"-77.70","53.63","LA GRANDE RIVIERE A","7093716","2019-05-25 09:00","2019","05","25","09:00","","7.1","","-2.8","","50","","","","11","","14","","24.1","","98.98","","","","","","NA"
"-77.70","53.63","LA GRANDE RIVIERE A","7093716","2019-05-25 10:00","2019","05","25","10:00","","8.3","","-2.4","","47","","","","10","","21","","24.1","","98.87","","","","","","Cloudy"
"-77.70","53.63","LA GRANDE RIVIERE A","7093716","2019-05-25 11:00","2019","05","25","11:00","","10.2","","-2.3","","41","","","","10","","19","","24.1","","98.72","","","","","","NA"
"-77.70","53.63","LA GRANDE RIVIERE A","7093716","2019-05-25 12:00","2019","05","25","12:00","","11.8","","-1.7","","39","","","","11","","24","","24.1","","98.58","","","","","","NA"
"-77.70","53.63","LA GRANDE RIVIERE A","7093716","2019-05-25 13:00","2019","05","25","13:00","","13.5","","-0.3","","39","","","","9","","29","","24.1","","98.41","","","","","","Cloudy"
"-77.70","53.63","LA GRANDE RIVIERE A","7093716","2019-05-25 14:00","2019","05","25","14:00","","12.8","","1.0","","44","","","","8","","25","","24.1","","98.30","","","","","","NA"
"-77.70","53.63","LA GRANDE RIVIERE A","7093716","2019-05-25 15:00","2019","05","25","15:00","","12.4","","1.5","","47","","","","9","","23","","24.1","","98.18","","","","","","NA"
"-77.70","53.63","LA GRANDE RIVIERE A","7093716","2019-05-25 16:00","2019","05","25","16:00","","9.4","","5.2","","75","","","","10","","21","","16.1","","98.14","","","","","","Rain"
"-77.70","53.63","LA GRANDE RIVIERE A","7093716","2019-05-25 17:00","2019","05","25","17:00","","9.2","","6.3","","82","","","","8","","19","","8.1","","98.02","","","","","","Rain,Fog"
"-77.70","53.63","LA GRANDE RIVIERE A","7093716","2019-05-25 18:00","2019","05","25","18:00","","9.2","","6.0","","80","","","","9","","26","","19.3","","97.90","","","","","","Rain"
"-77.70","53.63","LA GRANDE RIVIERE A","7093716","2019-05-25 19:00","2019","05","25","19:00","","8.2","","6.8","","91","","","","9","","27","","11.3","","97.82","","","","","","Rain"
"-77.70","53.63","LA GRANDE RIVIERE A","7093716","2019-05-25 20:00","2019","05","25","20:00","","6.8","","6.1","","95","","","","7","","13","","2.4","","97.71","","","","","","Drizzle,Fog"
"-77.70","53.63","LA GRANDE RIVIERE A","7093716","2019-05-25 21:00","2019","05","25","21:00","","6.7","","6.2","","97","","","","8","","15","","2.0","","97.62","","","","","","Rain,Fog"
"-77.70","53.63","LA GRANDE RIVIERE A","7093716","2019-05-25 22:00","2019","05","25","22:00","","7.3","","6.9","","97","","","","9","","14","","1.6","","97.50","","","","","","Drizzle,Fog"
"-77.70","53.63","LA GRANDE RIVIERE A","7093716","2019-05-25 23:00","2019","05","25","23:00","","7.5","","7.1","","97","","","","10","","13","","1.0","","97.42","","","","","","Drizzle,Fog"
"-77.70","53.63","LA GRANDE RIVIERE A","7093716","2019-05-26 00:00","2019","05","26","00:00","","7.4","","7.0","","97","","","","10","","8","","1.0","","97.34","","","","","","Rain,Drizzle,Fog"
"-77.70","53.63","LA GRANDE RIVIERE A","7093716","2019-05-26 01:00","2019","05","26","01:00","","7.4","","7.1","","98","","","","11","","8","","1.0","","97.29","","","","","","Fog"
"-77.70","53.63","LA GRANDE RIVIERE A","7093716","2019-05-26 02:00","2019","05","26","02:00","","9.3","","9.1","","98","","","","18","","5","","0.4","","97.26","","","","","","Fog"
"-77.70","53.63","LA GRANDE RIVIERE A","7093716","2019-05-26 03:00","2019","05","26","03:00","","8.6","","8.2","","98","","","","22","","4","","0.4","","97.25","","","","","","Fog"
"-77.70","53.63","LA GRANDE RIVIERE A","7093716","2019-05-26 04:00","2019","05","26","04:00","","8.6","","8.2","","98","","","","27","","8","","0.6","","97.27","","","","","","Moderate Rain,Fog"
"-77.70","53.63","LA GRANDE RIVIERE A","7093716","2019-05-26 05:00","2019","05","26","05:00","","8.9","","8.6","","98","","","","27","","23","","1.2","","97.33","","","","","","Fog"
"-77.70","53.63","LA GRANDE RIVIERE A","7093716","2019-05-26 06:00","2019","05","26","06:00","","7.8","","7.4","","98","","","","27","","27","","3.2","","97.45","","","","","","Rain,Fog"
"-77.70","53.63","LA GRANDE RIVIERE A","7093716","2019-05-26 07:00","2019","05","26","07:00","","3.5","","3.2","","97","","","","27","","37","","0.2","","97.62","","","","","","Rain,Fog"
"-77.70","53.63","LA GRANDE RIVIERE A","7093716","2019-05-26 08:00","2019","05","26","08:00","","2.8","","2.4","","98","","","","29","","25","","4.8","","97.79","","","","","","Rain,Fog"
"-77.70","53.63","LA GRANDE RIVIERE A","7093716","2019-05-26 09:00","2019","05","26","09:00","","2.3","","2.0","","97","","","","28","","33","","16.1","","97.97","","","","","","Rain"
"-77.70","53.63","LA GRANDE RIVIERE A","7093716","2019-05-26 10:00","2019","05","26","10:00","","3.4","","2.8","","96","","","","28","","31","","24.1","","98.07","","","","","","Cloudy"
"-77.70","53.63","LA GRANDE RIVIERE A","7093716","2019-05-26 11:00","2019","05","26","11:00","","2.7","","1.7","","93","","","","27","","36","","24.1","","98.19","","","","","","NA"
"-77.70","53.63","LA GRANDE RIVIERE A","7093716","2019-05-26 12:00","2019","05","26","12:00","","1.9","","1.0","","93","","","","28","","35","","16.1","","98.33","","","","","","NA"
"-77.70","53.63","LA GRANDE RIVIERE A","7093716","2019-05-26 13:00","2019","05","26","13:00","","1.2","","-0.1","","91","","","","27","","32","","6.4","","98.46","","","","","","Snow"
"-77.70","53.63","LA GRANDE RIVIERE A","7093716","2019-05-26 14:00","2019","05","26","14:00","","1.1","","-0.4","","90","","","","27","","43","","6.4","","98.56","","","","","","Snow"
"-77.70","53.63","LA GRANDE RIVIERE A","7093716","2019-05-26 15:00","2019","05","26","15:00","","0.6","","-1.2","","88","","","","26","","40","","3.2","","98.65","","","","","","Snow"
"-77.70","53.63","LA GRANDE RIVIERE A","7093716","2019-05-26 16:00","2019","05","26","16:00","","-0.3","","-1.9","","89","","","","27","","34","","3.2","","98.76","","","","-7","","Snow"
"-77.70","53.63","LA GRANDE RIVIERE A","7093716","2019-05-26 17:00","2019","05","26","17:00","","-0.7","","-2.3","","89","","","","28","","43","","2.8","","98.81","","","","-9","","Snow"
"-77.70","53.63","LA GRANDE RIVIERE A","7093716","2019-05-26 18:00","2019","05","26","18:00","","-1.3","","-3.3","","86","","","","28","","41","","3.2","","98.87","","","","-9","","Snow"
"-77.70","53.63","LA GRANDE RIVIERE A","7093716","2019-05-26 19:00","2019","05","26","19:00","","-1.9","","-3.5","","89","","","","27","","35","","2.4","","98.93","","","","-9","","Snow"
"-77.70","53.63","LA GRANDE RIVIERE A","7093716","2019-05-26 20:00","2019","05","26","20:00","","-2.6","","-4.0","","90","","","","27","","34","","2.4","","98.99","","","","-10","","Snow"
"-77.70","53.63","LA GRANDE RIVIERE A","7093716","2019-05-26 21:00","2019","05","26","21:00","","-3.0","","-4.4","","90","","","","27","","31","","2.4","","99.04","","","","-11","","Snow"
"-77.70","53.63","LA GRANDE RIVIERE A","7093716","2019-05-26 22:00","2019","05","26","22:00","","-3.2","","-4.6","","90","","","","27","","35","","3.2","","99.08","","","","-11","","Snow"
"-77.70","53.63","LA GRANDE RIVIERE A","7093716","2019-05-26 23:00","2019","05","26","23:00","","-3.4","","-4.8","","90","","","","27","","28","","6.4","","99.10","","","","-11","","Snow"
"-77.70","53.63","LA GRANDE RIVIERE A","7093716","2019-05-27 00:00","2019","05","27","00:00","","-3.7","","-5.0","","90","","","","27","","31","","3.2","","99.10","","","","-11","","Snow"
"-77.70","53.63","LA GRANDE RIVIERE A","7093716","2019-05-27 01:00","2019","05","27","01:00","","-3.9","","-5.3","","90","","","","26","","24","","3.2","","99.09","","","","-11","","Snow"
"-77.70","53.63","LA GRANDE RIVIERE A","7093716","2019-05-27 02:00","2019","05","27","02:00","","-4.4","","-5.5","","92","","","","27","","31","","6.4","","99.08","","","","-12","","Snow"
"-77.70","53.63","LA GRANDE RIVIERE A","7093716","2019-05-27 03:00","2019","05","27","03:00","","-4.7","","-5.5","","94","","","","27","","34","","9.7","","99.08","","","","-13","","Snow"
"-77.70","53.63","LA GRANDE RIVIERE A","7093716","2019-05-27 04:00","2019","05","27","04:00","","-4.9","","-5.8","","94","","","","28","","38","","24.1","","99.10","","","","-14","","Snow"
"-77.70","53.63","LA GRANDE RIVIERE A","7093716","2019-05-27 05:00","2019","05","27","05:00","","-4.7","","-5.6","","94","","","","28","","40","","24.1","","99.14","","","","-14","","Snow"
"-77.70","53.63","LA GRANDE RIVIERE A","7093716","2019-05-27 06:00","2019","05","27","06:00","","-4.2","","-5.5","","91","","","","27","","34","","24.1","","99.13","","","","-12","","NA"
"-77.70","53.63","LA GRANDE RIVIERE A","7093716","2019-05-27 07:00","2019","05","27","07:00","","-3.6","","-5.2","","89","","","","27","","28","","24.1","","99.14","","","","-11","","Cloudy"
"-77.70","53.63","LA GRANDE RIVIERE A","7093716","2019-05-27 08:00","2019","05","27","08:00","","-3.2","","-5.0","","87","","","","26","","33","","24.1","","99.12","","","","-11","","NA"
"-77.70","53.63","LA GRANDE RIVIERE A","7093716","2019-05-27 09:00","2019","05","27","09:00","","-1.3","","-4.7","","78","","","","26","","33","","24.1","","99.11","","","","-8","","NA"
"-77.70","53.63","LA GRANDE RIVIERE A","7093716","2019-05-27 10:00","2019","05","27","10:00","","1.1","","-4.9","","64","","","","26","","34","","24.1","","99.06","","","","","","Cloudy"
"-77.70","53.63","LA GRANDE RIVIERE A","7093716","2019-05-27 11:00","2019","05","27","11:00","","3.2","","-5.1","","55","","","","27","","36","","24.1","","99.00","","","","","","NA"
"-77.70","53.63","LA GRANDE RIVIERE A","7093716","2019-05-27 12:00","2019","05","27","12:00","","4.3","","-4.0","","55","","","","26","","39","","24.1","","99.00","","","","","","NA"
"-77.70","53.63","LA GRANDE RIVIERE A","7093716","2019-05-27 13:00","2019","05","27","13:00","","5.5","","-3.8","","51","","","","27","","40","","24.1","","98.98","","","","","","Cloudy"
"-77.70","53.63","LA GRANDE RIVIERE A","7093716","2019-05-27 14:00","2019","05","27","14:00","","6.8","","-4.0","","46","","","","26","","35","","24.1","","98.96","","","","","","NA"
"-77.70","53.63","LA GRANDE RIVIERE A","7093716","2019-05-27 15:00","2019","05","27","15:00","","8.2","","-3.4","","44","","","","27","","34","","24.1","","98.92","","","","","","NA"
"-77.70","53.63","LA GRANDE RIVIERE A","7093716","2019-05-27 16:00","2019","05","27","16:00","","8.9","","-2.7","","44","","","","27","","34","","24.1","","98.87","","","","","","Cloudy"
"-77.70","53.63","LA GRANDE RIVIERE A","7093716","2019-05-27 17:00","2019","05","27","17:00","","8.9","","-1.6","","47","","","","27","","32","","24.1","","98.81","","","","","","NA"
"-77.70","53.63","LA GRANDE RIVIERE A","7093716","2019-05-27 18:00","2019","05","27","18:00","","9.3","","-1.5","","47","","","","26","","26","","24.1","","98.76","","","","","","NA"
"-77.70","53.63","LA GRANDE RIVIERE A","7093716","2019-05-27 19:00","2019","05","27","19:00","","8.2","","-1.2","","51","","","","24","","18","","24.1","","98.74","","","","","","Cloudy"
"-77.70","53.63","LA GRANDE RIVIERE A","7093716","2019-05-27 20:00","2019","05","27","20:00","","7.9","","-1.5","","52","","","","23","","18","","24.1","","98.69","","","","","","NA"
"-77.70","53.63","LA GRANDE RIVIERE A","7093716","2019-05-27 21:00","2019","05","27","21:00","","6.9","","-1.9","","53","","","","23","","16","","24.1","","98.67","","","","","","NA"
"-77.70","53.63","LA GRANDE RIVIERE A","7093716","2019-05-27 22:00","2019","05","27","22:00","","5.9","","-2.2","","56","","","","23","","14","","24.1","","98.62","","","","","","Mostly Cloudy"
"-77.70","53.63","LA GRANDE RIVIERE A","7093716","2019-05-27 23:00","2019","05","27","23:00","","5.7","","-2.0","","58","","","","23","","15","","24.1","","98.58","","","","","","Rain Showers"
"-77.70","53.63","LA GRANDE RIVIERE A","7093716","2019-05-28 00:00","2019","05","28","00:00","","6.0","","-2.1","","56","","","","24","","19","","24.1","","98.55","","","","","","NA"
"-77.70","53.63","LA GRANDE RIVIERE A","7093716","2019-05-28 01:00","2019","05","28","01:00","","6.3","","-2.0","","55","","","","24","","18","","24.1","","98.50","","","","","","Cloudy"
"-77.70","53.63","LA GRANDE RIVIERE A","7093716","2019-05-28 02:00","2019","05","28","02:00","","6.0","","-2.3","","55","","","","24","","21","","24.1","","98.47","","","","","","NA"
"-77.70","53.63","LA GRANDE RIVIERE A","7093716","2019-05-28 03:00","2019","05","28","03:00","","5.2","","-2.1","","59","","","","22","","14","","24.1","","98.43","","","","","","NA"
"-77.70","53.63","LA GRANDE RIVIERE A","7093716","2019-05-28 04:00","2019","05","28","04:00","","3.5","","-1.9","","68","","","","20","","14","","24.1","","98.42","","","","","","Cloudy"
"-77.70","53.63","LA GRANDE RIVIERE A","7093716","2019-05-28 05:00","2019","05","28","05:00","","3.2","","-2.1","","68","","","","21","","14","","24.1","","98.42","","","","","","NA"
"-77.70","53.63","LA GRANDE RIVIERE A","7093716","2019-05-28 06:00","2019","05","28","06:00","","5.3","","-2.5","","57","","","","22","","16","","24.1","","98.43","","","","","","NA"
"-77.70","53.63","LA GRANDE RIVIERE A","7093716","2019-05-28 07:00","2019","05","28","07:00","","7.5","","-3.0","","47","","","","22","","20","","24.1","","98.39","","","","","","Cloudy"
"-77.70","53.63","LA GRANDE RIVIERE A","7093716","2019-05-28 08:00","2019","05","28","08:00","","8.4","","-1.8","","49","","","","21","","16","","24.1","","98.32","","","","","","NA"
"-77.70","53.63","LA GRANDE RIVIERE A","7093716","2019-05-28 09:00","2019","05","28","09:00","","10.1","","-1.4","","44","","","","20","","21","","24.1","","98.25","","","","","","NA"
"-77.70","53.63","LA GRANDE RIVIERE A","7093716","2019-05-28 10:00","2019","05","28","10:00","","12.9","","-1.5","","37","","","","21","","23","","24.1","","98.19","","","","","","Cloudy"
"-77.70","53.63","LA GRANDE RIVIERE A","7093716","2019-05-28 11:00","2019","05","28","11:00","","14.5","","-1.1","","34","","","","22","","21","","24.1","","98.14","","","","","","NA"
"-77.70","53.63","LA GRANDE RIVIERE A","7093716","2019-05-28 12:00","2019","05","28","12:00","","15.9","","-1.3","","31","","","","22","","19","","24.1","","98.04","","","","","","NA"
"-77.70","53.63","LA GRANDE RIVIERE A","7093716","2019-05-28 13:00","2019","05","28","13:00","","16.2","","-2.5","","28","","","","20","","26","","24.1","","97.98","","","","","","Cloudy"
"-77.70","53.63","LA GRANDE RIVIERE A","7093716","2019-05-28 14:00","2019","05","28","14:00","","16.2","","-1.6","","29","","","","21","","19","","24.1","","97.96","","","","","","NA"
"-77.70","53.63","LA GRANDE RIVIERE A","7093716","2019-05-28 15:00","2019","05","28","15:00","","16.1","","-1.4","","30","","","","21","","21","","24.1","","97.93","","","","","","NA"
"-77.70","53.63","LA GRANDE RIVIERE A","7093716","2019-05-28 16:00","2019","05","28","16:00","","16.7","","-2.6","","26","","","","21","","27","","24.1","","97.88","","","","","","Cloudy"
"-77.70","53.63","LA GRANDE RIVIERE A","7093716","2019-05-28 17:00","2019","05","28","17:00","","16.2","","-2.9","","27","","","","22","","19","","24.1","","97.88","","","","","","NA"
"-77.70","53.63","LA GRANDE RIVIERE A","7093716","2019-05-28 18:00","2019","05","28","18:00","","12.3","","0.3","","44","","","","28","","22","","24.1","","97.94","","","","","","NA"
"-77.70","53.63","LA GRANDE RIVIERE A","7093716","2019-05-28 19:00","2019","05","28","19:00","","11.2","","0.6","","48","","","","26","","21","","24.1","","97.99","","","","","","Rain"
"-77.70","53.63","LA GRANDE RIVIERE A","7093716","2019-05-28 20:00","2019","05","28","20:00","","10.6","","2.9","","59","","","","20","","9","","24.1","","97.92","","","","","","Rain"
"-77.70","53.63","LA GRANDE RIVIERE A","7093716","2019-05-28 21:00","2019","05","28","21:00","","10.2","","3.1","","62","","","","15","","17","","24.1","","97.85","","","","","","Rain"
"-77.70","53.63","LA GRANDE RIVIERE A","7093716","2019-05-28 22:00","2019","05","28","22:00","","10.6","","3.0","","59","","","","18","","13","","24.1","","97.79","","","","","","Rain"
"-77.70","53.63","LA GRANDE RIVIERE A","7093716","2019-05-28 23:00","2019","05","28","23:00","","7.6","","4.1","","79","","","","27","","14","","24.1","","97.76","","","","","","Rain"
"-77.70","53.63","LA GRANDE RIVIERE A","7093716","2019-05-29 00:00","2019","05","29","00:00","","4.7","","3.6","","93","","","","29","","17","","24.1","","97.77","","","","","","Rain"
"-77.70","53.63","LA GRANDE RIVIERE A","7093716","2019-05-29 01:00","2019","05","29","01:00","","3.6","","2.9","","95","","","","29","","13","","24.1","","97.72","","","","","","Rain"
"-77.70","53.63","LA GRANDE RIVIERE A","7093716","2019-05-29 02:00","2019","05","29","02:00","","3.0","","2.4","","96","","","","30","","10","","12.9","","97.68","","","","","","Moderate Rain"
"-77.70","53.63","LA GRANDE RIVIERE A","7093716","2019-05-29 03:00","2019","05","29","03:00","","1.2","","0.7","","96","","","","31","","9","","6.4","","97.60","","","","","","Rain,Fog"
"-77.70","53.63","LA GRANDE RIVIERE A","7093716","2019-05-29 04:00","2019","05","29","04:00","","0.1","","-0.4","","96","","","","32","","9","","12.9","","97.58","","","","","","Rain"
"-77.70","53.63","LA GRANDE RIVIERE A","7093716","2019-05-29 05:00","2019","05","29","05:00","","-0.2","","-0.8","","96","","","","32","","14","","2.4","","97.58","","","","-4","","Snow"
"-77.70","53.63","LA GRANDE RIVIERE A","7093716","2019-05-29 06:00","2019","05","29","06:00","","-0.4","","-1.0","","96","","","","30","","12","","2.0","","97.63","","","","-4","","Snow"
"-77.70","53.63","LA GRANDE RIVIERE A","7093716","2019-05-29 07:00","2019","05","29","07:00","","-0.8","","-1.6","","94","","","","30","","14","","4.8","","97.66","","","","-5","","Snow,Fog"
"-77.70","53.63","LA GRANDE RIVIERE A","7093716","2019-05-29 08:00","2019","05","29","08:00","","-1.1","","-2.0","","93","","","","30","","15","","3.2","","97.68","","","","-6","","Snow,Fog"
"-77.70","53.63","LA GRANDE RIVIERE A","7093716","2019-05-29 09:00","2019","05","29","09:00","","-0.6","","-1.9","","91","","","","29","","25","","3.2","","97.74","","","","-7","","Snow,Fog"
"-77.70","53.63","LA GRANDE RIVIERE A","7093716","2019-05-29 10:00","2019","05","29","10:00","","0.8","","-0.8","","89","","","","30","","18","","4.8","","97.78","","","","","","Snow,Fog"
"-77.70","53.63","LA GRANDE RIVIERE A","7093716","2019-05-29 11:00","2019","05","29","11:00","","2.0","","-0.5","","83","","","","28","","23","","4.8","","97.80","","","","","","Snow,Fog"
"-77.70","53.63","LA GRANDE RIVIERE A","7093716","2019-05-29 12:00","2019","05","29","12:00","","2.4","","-0.4","","82","","","","30","","24","","24.1","","97.83","","","","","","Snow,Fog"
"-77.70","53.63","LA GRANDE RIVIERE A","7093716","2019-05-29 13:00","2019","05","29","13:00","","2.7","","-1.1","","76","","","","30","","24","","8.1","","97.85","","","","","","Snow"
"-77.70","53.63","LA GRANDE RIVIERE A","7093716","2019-05-29 14:00","2019","05","29","14:00","","3.0","","-1.6","","72","","","","27","","29","","8.1","","97.90","","","","","","Snow"
"-77.70","53.63","LA GRANDE RIVIERE A","7093716","2019-05-29 15:00","2019","05","29","15:00","","2.8","","-1.6","","73","","","","27","","27","","16.1","","97.96","","","","","","Snow"
"-77.70","53.63","LA GRANDE RIVIERE A","7093716","2019-05-29 16:00","2019","05","29","16:00","","1.8","","-1.1","","81","","","","28","","19","","8.1","","97.99","","","","","","Snow"
"-77.70","53.63","LA GRANDE RIVIERE A","7093716","2019-05-29 17:00","2019","05","29","17:00","","2.0","","-1.9","","75","","","","28","","28","","24.1","","98.01","","","","","","Snow"
"-77.70","53.63","LA GRANDE RIVIERE A","7093716","2019-05-29 18:00","2019","05","29","18:00","","1.3","","-2.2","","78","","","","29","","22","","24.1","","98.04","","","","","","Snow"
"-77.70","53.63","LA GRANDE RIVIERE A","7093716","2019-05-29 19:00","2019","05","29","19:00","","1.2","","-1.6","","81","","","","28","","18","","24.1","","98.07","","","","","","Snow"
"-77.70","53.63","LA GRANDE RIVIERE A","7093716","2019-05-29 20:00","2019","05","29","20:00","","0.8","","-1.6","","84","","","","27","","18","","24.1","","98.10","","","","","","Snow"
"-77.70","53.63","LA GRANDE RIVIERE A","7093716","2019-05-29 21:00","2019","05","29","21:00","","0.3","","-1.9","","85","","","","27","","14","","24.1","","98.10","","","","","","NA"
"-77.70","53.63","LA GRANDE RIVIERE A","7093716","2019-05-29 22:00","2019","05","29","22:00","","-0.4","","-1.8","","90","","","","29","","13","","24.1","","98.09","","","","-5","","Snow Showers"
"-77.70","53.63","LA GRANDE RIVIERE A","7093716","2019-05-29 23:00","2019","05","29","23:00","","-0.8","","-2.2","","90","","","","28","","17","","24.1","","98.07","","","","-6","","Snow Showers"
"-77.70","53.63","LA GRANDE RIVIERE A","7093716","2019-05-30 00:00","2019","05","30","00:00","","-1.6","","-2.7","","93","","","","29","","10","","12.9","","98.05","","","","-5","","Snow"
"-77.70","53.63","LA GRANDE RIVIERE A","7093716","2019-05-30 01:00","2019","05","30","01:00","","-2.2","","-3.2","","93","","","","30","","5","","19.3","","98.05","","","","-4","","Snow"
"-77.70","53.63","LA GRANDE RIVIERE A","7093716","2019-05-30 02:00","2019","05","30","02:00","","-2.1","","-3.2","","92","","","","29","","7","","24.1","","98.07","","","","-5","","Snow"
"-77.70","53.63","LA GRANDE RIVIERE A","7093716","2019-05-30 03:00","2019","05","30","03:00","","-1.8","","-2.8","","93","","","","28","","13","","11.3","","98.08","","","","-6","","Snow"
"-77.70","53.63","LA GRANDE RIVIERE A","7093716","2019-05-30 04:00","2019","05","30","04:00","","-1.9","","-3.1","","92","","","","30","","5","","24.1","","98.07","","","","-4","","Snow"
"-77.70","53.63","LA GRANDE RIVIERE A","7093716","2019-05-30 05:00","2019","05","30","05:00","","-1.6","","-2.9","","91","","","","26","","7","","24.1","","98.10","","","","-4","","Snow"
"-77.70","53.63","LA GRANDE RIVIERE A","7093716","2019-05-30 06:00","2019","05","30","06:00","","-1.2","","-2.9","","88","","","","32","","4","","24.1","","98.10","","","","-3","","Snow"
"-77.70","53.63","LA GRANDE RIVIERE A","7093716","2019-05-30 07:00","2019","05","30","07:00","","-0.8","","-3.0","","85","","","","30","","8","","8.1","","98.11","","","","-4","","Snow"
"-77.70","53.63","LA GRANDE RIVIERE A","7093716","2019-05-30 08:00","2019","05","30","08:00","","0.4","","-3.5","","75","","","","28","","9","","12.9","","98.14","","","","","","Snow"
"-77.70","53.63","LA GRANDE RIVIERE A","7093716","2019-05-30 09:00","2019","05","30","09:00","","0.8","","-3.2","","74","","","","32","","6","","24.1","","98.14","","","","","","Snow"
"-77.70","53.63","LA GRANDE RIVIERE A","7093716","2019-05-30 10:00","2019","05","30","10:00","","1.6","","-3.8","","68","","","","35","","6","","24.1","","98.13","","","","","","Cloudy"
"-77.70","53.63","LA GRANDE RIVIERE A","7093716","2019-05-30 11:00","2019","05","30","11:00","","2.0","","-3.8","","65","","","","32","","11","","24.1","","98.14","","","","","","NA"
"-77.70","53.63","LA GRANDE RIVIERE A","7093716","2019-05-30 12:00","2019","05","30","12:00","","2.8","","-4.0","","61","","","","31","","5","","24.1","","98.12","","","","","","NA"
"-77.70","53.63","LA GRANDE RIVIERE A","7093716","2019-05-30 13:00","2019","05","30","13:00","","3.2","","-2.8","","65","","","","2","","4","","24.1","","98.14","","","","","","Cloudy"
"-77.70","53.63","LA GRANDE RIVIERE A","7093716","2019-05-30 14:00","2019","05","30","14:00","","3.4","","-3.8","","60","","","","","","0","","24.1","","98.17","","","","","","NA"
"-77.70","53.63","LA GRANDE RIVIERE A","7093716","2019-05-30 15:00","2019","05","30","15:00","","4.4","","-3.4","","57","","","","35","","4","","24.1","","98.19","","","","","","NA"
"-77.70","53.63","LA GRANDE RIVIERE A","7093716","2019-05-30 16:00","2019","05","30","16:00","","4.8","","-4.3","","52","","","","33","","9","","24.1","","98.19","","","","","","Snow"
"-77.70","53.63","LA GRANDE RIVIERE A","7093716","2019-05-30 17:00","2019","05","30","17:00","","5.0","","-2.8","","57","","","","33","","17","","24.1","","98.20","","","","","","Snow"
"-77.70","53.63","LA GRANDE RIVIERE A","7093716","2019-05-30 18:00","2019","05","30","18:00","","4.5","","-2.4","","61","","","","33","","16","","24.1","","98.24","","","","","","NA"
"-77.70","53.63","LA GRANDE RIVIERE A","7093716","2019-05-30 19:00","2019","05","30","19:00","","2.7","","-0.6","","79","","","","36","","10","","24.1","","98.28","","","","","","Mostly Cloudy"
"-77.70","53.63","LA GRANDE RIVIERE A","7093716","2019-05-30 20:00","2019","05","30","20:00","","1.8","","-0.6","","84","","","","31","","6","","24.1","","98.29","","","","","","NA"
"-77.70","53.63","LA GRANDE RIVIERE A","7093716","2019-05-30 21:00","2019","05","30","21:00","","1.0","","-0.7","","88","","","","31","","7","","24.1","","98.35","","","","","","NA"
"-77.70","53.63","LA GRANDE RIVIERE A","7093716","2019-05-30 22:00","2019","05","30","22:00","","0.2","","-0.9","","93","","","","28","","10","","24.1","","98.32","","","","","","Mostly Cloudy"
"-77.70","53.63","LA GRANDE RIVIERE A","7093716","2019-05-30 23:00","2019","05","30","23:00","","-0.5","","-1.2","","95","","","","28","","9","","24.1","","98.31","","","","-4","","NA"
"-77.70","53.63","LA GRANDE RIVIERE A","7093716","2019-05-31 00:00","2019","05","31","00:00","","-1.1","","-1.7","","95","","","","26","","8","","24.1","","98.32","","","","-4","","NA"
"-77.70","53.63","LA GRANDE RIVIERE A","7093716","2019-05-31 01:00","2019","05","31","01:00","","-1.7","","-2.3","","95","","","","28","","8","","12.9","","98.29","","","","-5","","Cloudy"
"-77.70","53.63","LA GRANDE RIVIERE A","7093716","2019-05-31 02:00","2019","05","31","02:00","","-2.2","","-2.7","","96","","","","27","","8","","0.4","","98.28","","","","-5","","Freezing Fog"
"-77.70","53.63","LA GRANDE RIVIERE A","7093716","2019-05-31 03:00","2019","05","31","03:00","","-2.5","","-3.1","","96","","","","31","","5","","2.4","","98.29","","","","-4","","Fog"
"-77.70","53.63","LA GRANDE RIVIERE A","7093716","2019-05-31 04:00","2019","05","31","04:00","","-3.5","","-4.1","","95","","","","26","","9","","0.4","","98.34","","","","-7","","Freezing Fog"
"-77.70","53.63","LA GRANDE RIVIERE A","7093716","2019-05-31 05:00","2019","05","31","05:00","","-2.9","","-3.6","","95","","","","26","","9","","0.6","","98.36","","","","-6","","Freezing Fog"
"-77.70","53.63","LA GRANDE RIVIERE A","7093716","2019-05-31 06:00","2019","05","31","06:00","","-1.6","","-2.1","","96","","","","26","","5","","24.1","","98.36","","","","-3","","NA"
"-77.70","53.63","LA GRANDE RIVIERE A","7093716","2019-05-31 07:00","2019","05","31","07:00","","0.6","","0.1","","96","","","","29","","8","","24.1","","98.37","","","","","","Mostly Cloudy"
"-77.70","53.63","LA GRANDE RIVIERE A","7093716","2019-05-31 08:00","2019","05","31","08:00","","2.9","","-1.9","","71","","","","31","","9","","24.1","","98.37","","","","","","NA"
"-77.70","53.63","LA GRANDE RIVIERE A","7093716","2019-05-31 09:00","2019","05","31","09:00","","3.0","","-2.9","","65","","","","27","","14","","24.1","","98.37","","","","","","NA"
"-77.70","53.63","LA GRANDE RIVIERE A","7093716","2019-05-31 10:00","2019","05","31","10:00","","4.4","","-3.0","","59","","","","32","","12","","24.1","","98.36","","","","","","Mostly Cloudy"
"-77.70","53.63","LA GRANDE RIVIERE A","7093716","2019-05-31 11:00","2019","05","31","11:00","","5.2","","-2.9","","56","","","","26","","17","","24.1","","98.36","","","","","","NA"
"-77.70","53.63","LA GRANDE RIVIERE A","7093716","2019-05-31 12:00","2019","05","31","12:00","","5.7","","-2.9","","54","","","","28","","19","","24.1","","98.34","","","","","","NA"
"-77.70","53.63","LA GRANDE RIVIERE A","7093716","2019-05-31 13:00","2019","05","31","13:00","","6.0","","-3.3","","51","","","","29","","12","","24.1","","98.35","","","","","","Mostly Cloudy"
"-77.70","53.63","LA GRANDE RIVIERE A","7093716","2019-05-31 14:00","2019","05","31","14:00","","6.5","","-2.3","","53","","","","25","","15","","24.1","","98.35","","","","","","NA"
"-77.70","53.63","LA GRANDE RIVIERE A","7093716","2019-05-31 15:00","2019","05","31","15:00","","6.9","","-2.6","","51","","","","25","","14","","24.1","","98.33","","","","","","NA"
"-77.70","53.63","LA GRANDE RIVIERE A","7093716","2019-05-31 16:00","2019","05","31","16:00","","6.5","","-3.1","","50","","","","29","","9","","24.1","","98.32","","","","","","Mostly Cloudy"
"-77.70","53.63","LA GRANDE RIVIERE A","7093716","2019-05-31 17:00","2019","05","31","17:00","","6.4","","-1.4","","58","","","","28","","25","","24.1","","98.34","","","","","","NA"
"-77.70","53.63","LA GRANDE RIVIERE A","7093716","2019-05-31 18:00","2019","05","31","18:00","","5.5","","-2.1","","58","","","","30","","15","","24.1","","98.36","","","","","","NA"
"-77.70","53.63","LA GRANDE RIVIERE A","7093716","2019-05-31 19:00","2019","05","31","19:00","","5.0","","-2.2","","60","","","","30","","14","","24.1","","98.38","","","","","","Mostly Cloudy"
"-77.70","53.63","LA GRANDE RIVIERE A","7093716","2019-05-31 20:00","2019","05","31","20:00","","3.4","","-2.1","","67","","","","29","","16","","24.1","","98.40","","","","","","NA"
"-77.70","53.63","LA GRANDE RIVIERE A","7093716","2019-05-31 21:00","2019","05","31","21:00","","1.3","","-2.2","","78","","","","28","","13","","24.1","","98.43","","","","","","NA"
"-77.70","53.63","LA GRANDE RIVIERE A","7093716","2019-05-31 22:00","2019","05","31","22:00","","-0.7","","-2.7","","86","","","","29","","14","","24.1","","98.41","","","","-5","","Mainly Clear"
"-77.70","53.63","LA GRANDE RIVIERE A","7093716","2019-05-31 23:00","2019","05","31","23:00","","-1.6","","-3.1","","89","","","","28","","15","","24.1","","98.40","","","","-6","","NA"
"-77.70","53.63","LA GRANDE RIVIERE A","7093716","2019-06-01 00:00","2019","06","01","00:00","","-2.4","","-3.4","","93","","","","28","","15","","24.1","","98.39","","","","-7","","NA"
"-77.70","53.63","LA GRANDE RIVIERE A","7093716","2019-06-01 01:00","2019","06","01","01:00","","-2.9","","-3.6","","95","","","","29","","15","","0.4","","98.39","","","","-8","","Freezing Fog"
"-77.70","53.63","LA GRANDE RIVIERE A","7093716","2019-06-01 02:00","2019","06","01","02:00","","-3.1","","-3.8","","95","","","","28","","15","","0.6","","98.41","","","","-8","","Freezing Fog"
"-77.70","53.63","LA GRANDE RIVIERE A","7093716","2019-06-01 03:00","2019","06","01","03:00","","-3.1","","-3.8","","95","","","","29","","9","","1.2","","98.43","","","","-7","","Fog"
"-77.70","53.63","LA GRANDE RIVIERE A","7093716","2019-06-01 04:00","2019","06","01","04:00","","-3.1","","-3.8","","95","","","","30","","10","","2.0","","98.46","","","","-7","","Fog"
"-77.70","53.63","LA GRANDE RIVIERE A","7093716","2019-06-01 05:00","2019","06","01","05:00","","-3.1","","-3.8","","95","","","","28","","10","","0.8","","98.52","","","","-7","","Freezing Fog"
"-77.70","53.63","LA GRANDE RIVIERE A","7093716","2019-06-01 06:00","2019","06","01","06:00","","-3.3","","-4.0","","95","","","","29","","9","","1.0","","98.53","","","","-7","","Fog"
"-77.70","53.63","LA GRANDE RIVIERE A","7093716","2019-06-01 07:00","2019","06","01","07:00","","-1.9","","-2.5","","96","","","","27","","13","","4.0","","98.57","","","","-6","","Snow Grains,Fog"
"-77.70","53.63","LA GRANDE RIVIERE A","7093716","2019-06-01 08:00","2019","06","01","08:00","","-0.5","","-1.1","","96","","","","24","","8","","19.3","","98.60","","","","-3","","Snow Grains"
"-77.70","53.63","LA GRANDE RIVIERE A","7093716","2019-06-01 09:00","2019","06","01","09:00","","1.9","","-2.8","","71","","","","30","","9","","24.1","","98.62","","","","","","NA"
"-77.70","53.63","LA GRANDE RIVIERE A","7093716","2019-06-01 10:00","2019","06","01","10:00","","3.7","","-2.5","","64","","","","27","","10","","24.1","","98.62","","","","","","Mostly Cloudy"
"-77.70","53.63","LA GRANDE RIVIERE A","7093716","2019-06-01 11:00","2019","06","01","11:00","","4.1","","-2.6","","62","","","","30","","13","","24.1","","98.60","","","","","","NA"
"-77.70","53.63","LA GRANDE RIVIERE A","7093716","2019-06-01 12:00","2019","06","01","12:00","","4.3","","-2.6","","61","","","","27","","14","","24.1","","98.62","","","","","","NA"
"-77.70","53.63","LA GRANDE RIVIERE A","7093716","2019-06-01 13:00","2019","06","01","13:00","","4.8","","-2.7","","58","","","","32","","11","","24.1","","98.64","","","","","","Cloudy"
"-77.70","53.63","LA GRANDE RIVIERE A","7093716","2019-06-01 14:00","2019","06","01","14:00","","5.7","","-2.8","","55","","","","26","","18","","24.1","","98.64","","","","","","NA"
"-77.70","53.63","LA GRANDE RIVIERE A","7093716","2019-06-01 15:00","2019","06","01","15:00","","5.3","","-2.4","","57","","","","28","","9","","24.1","","98.66","","","","","","NA"
"-77.70","53.63","LA GRANDE RIVIERE A","7093716","2019-06-01 16:00","2019","06","01","16:00","","5.7","","-2.2","","57","","","","25","","9","","24.1","","98.66","","","","","","Cloudy"
"-77.70","53.63","LA GRANDE RIVIERE A","7093716","2019-06-01 17:00","2019","06","01","17:00","","5.7","","-2.5","","56","","","","28","","9","","24.1","","98.69","","","","","","NA"
"-77.70","53.63","LA GRANDE RIVIERE A","7093716","2019-06-01 18:00","2019","06","01","18:00","","5.5","","-2.2","","58","","","","28","","9","","24.1","","98.71","","","","","","NA"
"-77.70","53.63","LA GRANDE RIVIERE A","7093716","2019-06-01 19:00","2019","06","01","19:00","","5.3","","-1.6","","61","","","","25","","7","","24.1","","98.74","","","","","","Cloudy"
"-77.70","53.63","LA GRANDE RIVIERE A","7093716","2019-06-01 20:00","2019","06","01","20:00","","4.9","","-1.6","","63","","","","34","","4","","24.1","","98.73","","","","","","NA"
"-77.70","53.63","LA GRANDE RIVIERE A","7093716","2019-06-01 21:00","2019","06","01","21:00","","4.1","","-0.3","","73","","","","26","","8","","24.1","","98.76","","","","","","NA"
"-77.70","53.63","LA GRANDE RIVIERE A","7093716","2019-06-01 22:00","2019","06","01","22:00","","3.4","","0.1","","79","","","","28","","5","","24.1","","98.75","","","","","","Mostly Cloudy"
"-77.70","53.63","LA GRANDE RIVIERE A","7093716","2019-06-01 23:00","2019","06","01","23:00","","3.0","","-0.1","","80","","","","29","","6","","24.1","","98.76","","","","","","NA"
"-77.70","53.63","LA GRANDE RIVIERE A","7093716","2019-06-02 00:00","2019","06","02","00:00","","2.5","","-0.4","","81","","","","32","","5","","24.1","","98.75","","","","","","NA"
"-77.70","53.63","LA GRANDE RIVIERE A","7093716","2019-06-02 01:00","2019","06","02","01:00","","2.5","","-0.4","","81","","","","1","","3","","24.1","","98.75","","","","","","Cloudy"
"-77.70","53.63","LA GRANDE RIVIERE A","7093716","2019-06-02 02:00","2019","06","02","02:00","","2.3","","-1.2","","78","","","","3","","6","","24.1","","98.74","","","","","","NA"
"-77.70","53.63","LA GRANDE RIVIERE A","7093716","2019-06-02 03:00","2019","06","02","03:00","","1.8","","-1.3","","79","","","","3","","10","","24.1","","98.73","","","","","","NA"
"-77.70","53.63","LA GRANDE RIVIERE A","7093716","2019-06-02 04:00","2019","06","02","04:00","","1.1","","-1.7","","82","","","","4","","8","","24.1","","98.76","","","","","","Mostly Cloudy"
"-77.70","53.63","LA GRANDE RIVIERE A","7093716","2019-06-02 05:00","2019","06","02","05:00","","1.0","","-1.6","","83","","","","5","","10","","24.1","","98.79","","","","","","NA"
"-77.70","53.63","LA GRANDE RIVIERE A","7093716","2019-06-02 06:00","2019","06","02","06:00","","1.9","","-1.2","","80","","","","6","","14","","24.1","","98.79","","","","","","NA"
"-77.70","53.63","LA GRANDE RIVIERE A","7093716","2019-06-02 07:00","2019","06","02","07:00","","3.0","","-0.8","","76","","","","3","","11","","24.1","","98.80","","","","","","Mostly Cloudy"
"-77.70","53.63","LA GRANDE RIVIERE A","7093716","2019-06-02 08:00","2019","06","02","08:00","","4.4","","-0.6","","70","","","","5","","13","","24.1","","98.83","","","","","","NA"
"-77.70","53.63","LA GRANDE RIVIERE A","7093716","2019-06-02 09:00","2019","06","02","09:00","","7.4","","-0.7","","57","","","","3","","13","","24.1","","98.81","","","","","","NA"
"-77.70","53.63","LA GRANDE RIVIERE A","7093716","2019-06-02 10:00","2019","06","02","10:00","","8.3","","-0.9","","52","","","","6","","16","","24.1","","98.79","","","","","","Mostly Cloudy"
"-77.70","53.63","LA GRANDE RIVIERE A","7093716","2019-06-02 11:00","2019","06","02","11:00","","9.1","","-0.8","","50","","","","4","","18","","24.1","","98.76","","","","","","NA"
"-77.70","53.63","LA GRANDE RIVIERE A","7093716","2019-06-02 12:00","2019","06","02","12:00","","9.8","","-3.0","","41","","","","8","","9","","24.1","","98.75","","","","","","NA"
"-77.70","53.63","LA GRANDE RIVIERE A","7093716","2019-06-02 13:00","2019","06","02","13:00","","10.9","","-3.4","","36","","","","5","","8","","24.1","","98.74","","","","","","Mainly Clear"
"-77.70","53.63","LA GRANDE RIVIERE A","7093716","2019-06-02 14:00","2019","06","02","14:00","","11.5","","-2.2","","38","","","","4","","18","","24.1","","98.73","","","","","","NA"
"-77.70","53.63","LA GRANDE RIVIERE A","7093716","2019-06-02 15:00","2019","06","02","15:00","","12.0","","-1.0","","40","","","","6","","19","","24.1","","98.72","","","","","","NA"
"-77.70","53.63","LA GRANDE RIVIERE A","7093716","2019-06-02 16:00","2019","06","02","16:00","","12.0","","-2.4","","36","","","","6","","20","","24.1","","98.70","","","","","","Mostly Cloudy"
"-77.70","53.63","LA GRANDE RIVIERE A","7093716","2019-06-02 17:00","2019","06","02","17:00","","11.1","","-1.6","","41","","","","6","","14","","24.1","","98.69","","","","","","NA"
"-77.70","53.63","LA GRANDE RIVIERE A","7093716","2019-06-02 18:00","2019","06","02","18:00","","11.1","","-2.0","","40","","","","3","","12","","24.1","","98.69","","","","","","NA"
"-77.70","53.63","LA GRANDE RIVIERE A","7093716","2019-06-02 19:00","2019","06","02","19:00","","11.0","","-1.6","","41","","","","3","","13","","24.1","","98.68","","","","","","Mainly Clear"
"-77.70","53.63","LA GRANDE RIVIERE A","7093716","2019-06-02 20:00","2019","06","02","20:00","","9.4","","-1.1","","48","","","","1","","9","","24.1","","98.67","","","","","","NA"
"-77.70","53.63","LA GRANDE RIVIERE A","7093716","2019-06-02 21:00","2019","06","02","21:00","","7.1","","1.5","","68","","","","36","","14","","24.1","","98.70","","","","","","NA"
"-77.70","53.63","LA GRANDE RIVIERE A","7093716","2019-06-02 22:00","2019","06","02","22:00","","5.9","","1.5","","73","","","","1","","12","","24.1","","98.67","","","","","","Mostly Cloudy"
"-77.70","53.63","LA GRANDE RIVIERE A","7093716","2019-06-02 23:00","2019","06","02","23:00","","5.2","","1.7","","78","","","","1","","9","","24.1","","98.64","","","","","","NA"
"-77.70","53.63","LA GRANDE RIVIERE A","7093716","2019-06-03 00:00","2019","06","03","00:00","","5.0","","1.8","","80","","","","35","","9","","24.1","","98.61","","","","","","NA"
"-77.70","53.63","LA GRANDE RIVIERE A","7093716","2019-06-03 01:00","2019","06","03","01:00","","4.7","","1.8","","81","","","","35","","9","","24.1","","98.56","","","","","","Mostly Cloudy"
"-77.70","53.63","LA GRANDE RIVIERE A","7093716","2019-06-03 02:00","2019","06","03","02:00","","4.5","","1.6","","82","","","","34","","7","","24.1","","98.51","","","","","","NA"
"-77.70","53.63","LA GRANDE RIVIERE A","7093716","2019-06-03 03:00","2019","06","03","03:00","","3.7","","1.3","","84","","","","34","","9","","24.1","","98.48","","","","","","NA"
"-77.70","53.63","LA GRANDE RIVIERE A","7093716","2019-06-03 04:00","2019","06","03","04:00","","3.0","","0.8","","86","","","","33","","8","","24.1","","98.46","","","","","","Mostly Cloudy"
"-77.70","53.63","LA GRANDE RIVIERE A","7093716","2019-06-03 05:00","2019","06","03","05:00","","2.3","","0.4","","87","","","","33","","9","","24.1","","98.47","","","","","","NA"
"-77.70","53.63","LA GRANDE RIVIERE A","7093716","2019-06-03 06:00","2019","06","03","06:00","","3.5","","1.0","","84","","","","35","","8","","24.1","","98.47","","","","","","NA"
"-77.70","53.63","LA GRANDE RIVIERE A","7093716","2019-06-03 07:00","2019","06","03","07:00","","7.7","","2.1","","67","","","","35","","18","","24.1","","98.45","","","","","","Mainly Clear"
"-77.70","53.63","LA GRANDE RIVIERE A","7093716","2019-06-03 08:00","2019","06","03","08:00","","10.3","","2.3","","58","","","","35","","14","","24.1","","98.43","","","","","","NA"
"-77.70","53.63","LA GRANDE RIVIERE A","7093716","2019-06-03 09:00","2019","06","03","09:00","","11.6","","1.9","","51","","","","35","","13","","24.1","","98.42","","","","","","NA"
"-77.70","53.63","LA GRANDE RIVIERE A","7093716","2019-06-03 10:00","2019","06","03","10:00","","12.5","","1.5","","47","","","","34","","17","","24.1","","98.36","","","","","","Mostly Cloudy"
"-77.70","53.63","LA GRANDE RIVIERE A","7093716","2019-06-03 11:00","2019","06","03","11:00","","12.4","","1.4","","47","","","","31","","25","","24.1","","98.29","","","","","","NA"
"-77.70","53.63","LA GRANDE RIVIERE A","7093716","2019-06-03 12:00","2019","06","03","12:00","","13.3","","0.2","","41","","","","32","","17","","24.1","","98.28","","","","","","NA"
"-77.70","53.63","LA GRANDE RIVIERE A","7093716","2019-06-03 13:00","2019","06","03","13:00","","13.6","","1.3","","43","","","","34","","19","","24.1","","98.28","","","","","","Mostly Cloudy"
"-77.70","53.63","LA GRANDE RIVIERE A","7093716","2019-06-03 14:00","2019","06","03","14:00","","13.3","","0.7","","42","","","","31","","22","","24.1","","98.29","","","","","","NA"
"-77.70","53.63","LA GRANDE RIVIERE A","7093716","2019-06-03 15:00","2019","06","03","15:00","","11.8","","0.9","","47","","","","33","","17","","24.1","","98.31","","","","","","NA"
"-77.70","53.63","LA GRANDE RIVIERE A","7093716","2019-06-03 16:00","2019","06","03","16:00","","12.3","","0.0","","43","","","","32","","21","","24.1","","98.31","","","","","","Mostly Cloudy"
"-77.70","53.63","LA GRANDE RIVIERE A","7093716","2019-06-03 17:00","2019","06","03","17:00","","11.4","","0.4","","47","","","","32","","22","","24.1","","98.33","","","","","","NA"
"-77.70","53.63","LA GRANDE RIVIERE A","7093716","2019-06-03 18:00","2019","06","03","18:00","","9.7","","1.0","","55","","","","31","","27","","24.1","","98.32","","","","","","NA"
"-77.70","53.63","LA GRANDE RIVIERE A","7093716","2019-06-03 19:00","2019","06","03","19:00","","8.3","","1.9","","64","","","","30","","26","","24.1","","98.37","","","","","","Mostly Cloudy"
"-77.70","53.63","LA GRANDE RIVIERE A","7093716","2019-06-03 20:00","2019","06","03","20:00","","4.7","","1.3","","79","","","","30","","22","","24.1","","98.39","","","","","","NA"
"-77.70","53.63","LA GRANDE RIVIERE A","7093716","2019-06-03 21:00","2019","06","03","21:00","","3.4","","1.1","","85","","","","29","","22","","24.1","","98.40","","","","","","NA"
"-77.70","53.63","LA GRANDE RIVIERE A","7093716","2019-06-03 22:00","2019","06","03","22:00","","2.2","","0.7","","90","","","","29","","24","","24.1","","98.35","","","","","","Cloudy"
"-77.70","53.63","LA GRANDE RIVIERE A","7093716","2019-06-03 23:00","2019","06","03","23:00","","1.7","","0.7","","93","","","","27","","30","","4.8","","98.34","","","","","","Fog"
"-77.70","53.63","LA GRANDE RIVIERE A","7093716","2019-06-04 00:00","2019","06","04","00:00","","0.1","","-0.5","","96","","","","27","","26","","1.2","","98.33","","","","","","Fog"
"-77.70","53.63","LA GRANDE RIVIERE A","7093716","2019-06-04 01:00","2019","06","04","01:00","","-0.5","","-1.0","","96","","","","26","","30","","3.2","","98.29","","","","-7","","Snow,Fog"
"-77.70","53.63","LA GRANDE RIVIERE A","7093716","2019-06-04 02:00","2019","06","04","02:00","","-0.8","","-1.3","","96","","","","25","","24","","1.6","","98.26","","","","-7","","Snow,Fog"
"-77.70","53.63","LA GRANDE RIVIERE A","7093716","2019-06-04 03:00","2019","06","04","03:00","","-0.8","","-1.3","","96","","","","26","","25","","2.4","","98.25","","","","-7","","Snow,Fog"
"-77.70","53.63","LA GRANDE RIVIERE A","7093716","2019-06-04 04:00","2019","06","04","04:00","","-0.9","","-1.4","","96","","","","25","","20","","3.2","","98.23","","","","-6","","Snow,Fog"
"-77.70","53.63","LA GRANDE RIVIERE A","7093716","2019-06-04 05:00","2019","06","04","05:00","","-0.8","","-1.5","","95","","","","24","","19","","3.2","","98.22","","","","-6","","Snow,Fog"
"-77.70","53.63","LA GRANDE RIVIERE A","7093716","2019-06-04 06:00","2019","06","04","06:00","","-0.6","","-1.4","","94","","","","23","","16","","1.6","","98.20","","","","-5","","Snow"
"-77.70","53.63","LA GRANDE RIVIERE A","7093716","2019-06-04 07:00","2019","06","04","07:00","","-0.4","","-1.4","","93","","","","23","","20","","2.4","","98.16","","","","-6","","Snow"
"-77.70","53.63","LA GRANDE RIVIERE A","7093716","2019-06-04 08:00","2019","06","04","08:00","","0.2","","-0.8","","93","","","","23","","18","","2.4","","98.14","","","","","","Snow"
"-77.70","53.63","LA GRANDE RIVIERE A","7093716","2019-06-04 09:00","2019","06","04","09:00","","0.7","","-0.5","","92","","","","22","","15","","6.4","","98.11","","","","","","Snow,Fog"
"-77.70","53.63","LA GRANDE RIVIERE A","7093716","2019-06-04 10:00","2019","06","04","10:00","","1.8","","0.5","","91","","","","22","","17","","6.4","","98.09","","","","","","Snow Showers"
"-77.70","53.63","LA GRANDE RIVIERE A","7093716","2019-06-04 11:00","2019","06","04","11:00","","2.8","","1.3","","90","","","","22","","13","","6.4","","98.09","","","","","","Rain,Drizzle,Fog"
"-77.70","53.63","LA GRANDE RIVIERE A","7093716","2019-06-04 12:00","2019","06","04","12:00","","2.7","","1.1","","89","","","","20","","15","","19.3","","98.12","","","","","","Drizzle"
"-77.70","53.63","LA GRANDE RIVIERE A","7093716","2019-06-04 13:00","2019","06","04","13:00","","3.3","","1.6","","89","","","","20","","15","","12.9","","98.13","","","","","","Drizzle"
"-77.70","53.63","LA GRANDE RIVIERE A","7093716","2019-06-04 14:00","2019","06","04","14:00","","3.6","","1.8","","88","","","","24","","11","","19.3","","98.15","","","","","","Drizzle"
"-77.70","53.63","LA GRANDE RIVIERE A","7093716","2019-06-04 15:00","2019","06","04","15:00","","3.8","","1.9","","87","","","","20","","11","","24.1","","98.18","","","","","","NA"
"-77.70","53.63","LA GRANDE RIVIERE A","7093716","2019-06-04 16:00","2019","06","04","16:00","","4.4","","2.3","","86","","","","19","","7","","24.1","","98.19","","","","","","Cloudy"
"-77.70","53.63","LA GRANDE RIVIERE A","7093716","2019-06-04 17:00","2019","06","04","17:00","","4.3","","2.7","","89","","","","21","","13","","24.1","","98.17","","","","","","Rain"
"-77.70","53.63","LA GRANDE RIVIERE A","7093716","2019-06-04 18:00","2019","06","04","18:00","","4.2","","2.8","","91","","","","19","","10","","24.1","","98.20","","","","","","NA"
"-77.70","53.63","LA GRANDE RIVIERE A","7093716","2019-06-04 19:00","2019","06","04","19:00","","4.4","","2.9","","90","","","","27","","13","","24.1","","98.23","","","","","","Drizzle"
"-77.70","53.63","LA GRANDE RIVIERE A","7093716","2019-06-04 20:00","2019","06","04","20:00","","4.3","","3.0","","91","","","","25","","9","","24.1","","98.25","","","","","","Drizzle"
"-77.70","53.63","LA GRANDE RIVIERE A","7093716","2019-06-04 21:00","2019","06","04","21:00","","3.7","","2.8","","94","","","","23","","10","","3.2","","98.25","","","","","","Drizzle,Fog"
"-77.70","53.63","LA GRANDE RIVIERE A","7093716","2019-06-04 22:00","2019","06","04","22:00","","2.8","","2.2","","96","","","","28","","18","","1.6","","98.27","","","","","","Drizzle,Fog"
"-77.70","53.63","LA GRANDE RIVIERE A","7093716","2019-06-04 23:00","2019","06","04","23:00","","2.4","","1.9","","97","","","","26","","14","","1.6","","98.23","","","","","","Drizzle,Fog"
"-77.70","53.63","LA GRANDE RIVIERE A","7093716","2019-06-05 00:00","2019","06","05","00:00","","2.0","","1.5","","97","","","","25","","13","","1.0","","98.21","","","","","","Drizzle,Fog"
"-77.70","53.63","LA GRANDE RIVIERE A","7093716","2019-06-05 01:00","2019","06","05","01:00","","1.8","","1.3","","97","","","","24","","13","","1.0","","98.18","","","","","","Drizzle,Fog"
"-77.70","53.63","LA GRANDE RIVIERE A","7093716","2019-06-05 02:00","2019","06","05","02:00","","1.4","","1.1","","97","","","","25","","17","","1.0","","98.19","","","","","","Drizzle,Fog"
"-77.70","53.63","LA GRANDE RIVIERE A","7093716","2019-06-05 03:00","2019","06","05","03:00","","1.5","","1.1","","97","","","","26","","18","","0.4","","98.18","","","","","","Drizzle,Fog"
"-77.70","53.63","LA GRANDE RIVIERE A","7093716","2019-06-05 04:00","2019","06","05","04:00","","1.7","","1.4","","97","","","","28","","20","","2.4","","98.20","","","","","","Drizzle,Fog"
"-77.70","53.63","LA GRANDE RIVIERE A","7093716","2019-06-05 05:00","2019","06","05","05:00","","1.9","","1.5","","97","","","","30","","15","","1.6","","98.23","","","","","","Drizzle,Fog"
"-77.70","53.63","LA GRANDE RIVIERE A","7093716","2019-06-05 06:00","2019","06","05","06:00","","2.0","","1.6","","97","","","","29","","15","","4.8","","98.27","","","","","","Drizzle,Fog"
"-77.70","53.63","LA GRANDE RIVIERE A","7093716","2019-06-05 07:00","2019","06","05","07:00","","2.4","","2.0","","97","","","","28","","18","","4.0","","98.29","","","","","","Drizzle,Fog"
"-77.70","53.63","LA GRANDE RIVIERE A","7093716","2019-06-05 08:00","2019","06","05","08:00","","2.6","","2.2","","97","","","","29","","17","","4.0","","98.29","","","","","","Rain,Drizzle,Fog"
"-77.70","53.63","LA GRANDE RIVIERE A","7093716","2019-06-05 09:00","2019","06","05","09:00","","2.8","","2.4","","97","","","","30","","17","","3.2","","98.27","","","","","","Drizzle,Fog"
"-77.70","53.63","LA GRANDE RIVIERE A","7093716","2019-06-05 10:00","2019","06","05","10:00","","3.3","","2.4","","94","","","","31","","18","","12.9","","98.28","","","","","","Drizzle"
"-77.70","53.63","LA GRANDE RIVIERE A","7093716","2019-06-05 11:00","2019","06","05","11:00","","3.9","","2.0","","87","","","","30","","21","","12.9","","98.27","","","","","","Rain"
"-77.70","53.63","LA GRANDE RIVIERE A","7093716","2019-06-05 12:00","2019","06","05","12:00","","3.8","","2.0","","88","","","","29","","24","","19.3","","98.31","","","","","","NA"
"-77.70","53.63","LA GRANDE RIVIERE A","7093716","2019-06-05 13:00","2019","06","05","13:00","","4.5","","2.2","","85","","","","27","","30","","19.3","","98.33","","","","","","Rain"
"-77.70","53.63","LA GRANDE RIVIERE A","7093716","2019-06-05 14:00","2019","06","05","14:00","","5.4","","1.4","","75","","","","29","","35","","19.3","","98.34","","","","","","Rain Showers"
"-77.70","53.63","LA GRANDE RIVIERE A","7093716","2019-06-05 15:00","2019","06","05","15:00","","6.0","","0.6","","68","","","","29","","27","","24.1","","98.35","","","","","","NA"
"-77.70","53.63","LA GRANDE RIVIERE A","7093716","2019-06-05 16:00","2019","06","05","16:00","","4.2","","2.5","","89","","","","28","","28","","19.3","","98.38","","","","","","Rain Showers"
"-77.70","53.63","LA GRANDE RIVIERE A","7093716","2019-06-05 17:00","2019","06","05","17:00","","3.5","","2.2","","91","","","","29","","27","","9.7","","98.42","","","","","","Rain Showers,Fog"
"-77.70","53.63","LA GRANDE RIVIERE A","7093716","2019-06-05 18:00","2019","06","05","18:00","","2.5","","1.4","","92","","","","27","","28","","9.7","","98.44","","","","","","Rain Showers,Fog"
"-77.70","53.63","LA GRANDE RIVIERE A","7093716","2019-06-05 19:00","2019","06","05","19:00","","1.9","","0.9","","93","","","","29","","22","","9.7","","98.45","","","","","","Rain Showers,Fog"
"-77.70","53.63","LA GRANDE RIVIERE A","7093716","2019-06-05 20:00","2019","06","05","20:00","","1.7","","-0.4","","86","","","","29","","22","","24.1","","98.45","","","","","","Rain Showers"
"-77.70","53.63","LA GRANDE RIVIERE A","7093716","2019-06-05 21:00","2019","06","05","21:00","","1.2","","-0.6","","88","","","","29","","17","","24.1","","98.50","","","","","","NA"
"-77.70","53.63","LA GRANDE RIVIERE A","7093716","2019-06-05 22:00","2019","06","05","22:00","","0.5","","-0.9","","90","","","","29","","15","","24.1","","98.51","","","","","","Snow"
"-77.70","53.63","LA GRANDE RIVIERE A","7093716","2019-06-05 23:00","2019","06","05","23:00","","0.4","","-0.5","","94","","","","26","","18","","24.1","","98.51","","","","","","Snow"
"-77.70","53.63","LA GRANDE RIVIERE A","7093716","2019-06-06 00:00","2019","06","06","00:00","","-0.3","","-0.9","","95","","","","26","","23","","1.0","","98.51","","","","-6","","Freezing Drizzle,Fog"
"-77.70","53.63","LA GRANDE RIVIERE A","7093716","2019-06-06 01:00","2019","06","06","01:00","","-0.5","","-1.0","","96","","","","26","","17","","1.6","","98.50","","","","-5","","Freezing Drizzle,Fog"
"-77.70","53.63","LA GRANDE RIVIERE A","7093716","2019-06-06 02:00","2019","06","06","02:00","","-0.9","","-1.4","","96","","","","26","","20","","3.2","","98.50","","","","-6","","Fog"
"-77.70","53.63","LA GRANDE RIVIERE A","7093716","2019-06-06 03:00","2019","06","06","03:00","","-1.0","","-1.5","","97","","","","24","","17","","1.6","","98.49","","","","-6","","Fog"
"-77.70","53.63","LA GRANDE RIVIERE A","7093716","2019-06-06 04:00","2019","06","06","04:00","","-1.5","","-1.9","","97","","","","24","","17","","2.4","","98.49","","","","-7","","Fog"
"-77.70","53.63","LA GRANDE RIVIERE A","7093716","2019-06-06 05:00","2019","06","06","05:00","","-1.7","","-2.2","","97","","","","23","","16","","1.6","","98.49","","","","-7","","Fog"
"-77.70","53.63","LA GRANDE RIVIERE A","7093716","2019-06-06 06:00","2019","06","06","06:00","","-1.3","","-1.8","","97","","","","23","","17","","4.0","","98.53","","","","-6","","Fog"
"-77.70","53.63","LA GRANDE RIVIERE A","7093716","2019-06-06 07:00","2019","06","06","07:00","","0.1","","-0.5","","96","","","","25","","16","","9.7","","98.54","","","","","","Fog"
"-77.70","53.63","LA GRANDE RIVIERE A","7093716","2019-06-06 08:00","2019","06","06","08:00","","1.6","","-0.1","","89","","","","26","","27","","24.1","","98.54","","","","","","NA"
"-77.70","53.63","LA GRANDE RIVIERE A","7093716","2019-06-06 09:00","2019","06","06","09:00","","4.2","","0.5","","77","","","","25","","25","","24.1","","98.53","","","","","","NA"
"-77.70","53.63","LA GRANDE RIVIERE A","7093716","2019-06-06 10:00","2019","06","06","10:00","","6.0","","0.8","","69","","","","27","","26","","24.1","","98.51","","","","","","Mostly Cloudy"
"-77.70","53.63","LA GRANDE RIVIERE A","7093716","2019-06-06 11:00","2019","06","06","11:00","","8.2","","1.5","","63","","","","25","","27","","24.1","","98.47","","","","","","NA"
"-77.70","53.63","LA GRANDE RIVIERE A","7093716","2019-06-06 12:00","2019","06","06","12:00","","9.4","","1.4","","57","","","","25","","29","","24.1","","98.44","","","","","","NA"
"-77.70","53.63","LA GRANDE RIVIERE A","7093716","2019-06-06 13:00","2019","06","06","13:00","","9.1","","1.5","","59","","","","28","","28","","24.1","","98.46","","","","","","Mostly Cloudy"
"-77.70","53.63","LA GRANDE RIVIERE A","7093716","2019-06-06 14:00","2019","06","06","14:00","","9.7","","1.6","","57","","","","27","","27","","24.1","","98.41","","","","","","NA"
"-77.70","53.63","LA GRANDE RIVIERE A","7093716","2019-06-06 15:00","2019","06","06","15:00","","9.5","","1.6","","57","","","","28","","28","","24.1","","98.43","","","","","","NA"
"-77.70","53.63","LA GRANDE RIVIERE A","7093716","2019-06-06 16:00","2019","06","06","16:00","","8.6","","0.7","","58","","","","28","","30","","24.1","","98.44","","","","","","Cloudy"
"-77.70","53.63","LA GRANDE RIVIERE A","7093716","2019-06-06 17:00","2019","06","06","17:00","","7.8","","-0.1","","57","","","","29","","25","","24.1","","98.51","","","","","","NA"
"-77.70","53.63","LA GRANDE RIVIERE A","7093716","2019-06-06 18:00","2019","06","06","18:00","","6.4","","0.5","","66","","","","30","","21","","24.1","","98.55","","","","","","NA"
"-77.70","53.63","LA GRANDE RIVIERE A","7093716","2019-06-06 19:00","2019","06","06","19:00","","5.4","","1.1","","73","","","","29","","19","","24.1","","98.58","","","","","","Cloudy"
"-77.70","53.63","LA GRANDE RIVIERE A","7093716","2019-06-06 20:00","2019","06","06","20:00","","4.8","","1.2","","77","","","","29","","13","","24.1","","98.62","","","","","","NA"
"-77.70","53.63","LA GRANDE RIVIERE A","7093716","2019-06-06 21:00","2019","06","06","21:00","","3.5","","0.7","","82","","","","29","","16","","24.1","","98.66","","","","","","NA"
"-77.70","53.63","LA GRANDE RIVIERE A","7093716","2019-06-06 22:00","2019","06","06","22:00","","3.1","","0.7","","84","","","","29","","16","","24.1","","98.64","","","","","","Mostly Cloudy"
"-77.70","53.63","LA GRANDE RIVIERE A","7093716","2019-06-06 23:00","2019","06","06","23:00","","1.9","","0.3","","89","","","","25","","14","","24.1","","98.64","","","","","","NA"
"-77.70","53.63","LA GRANDE RIVIERE A","7093716","2019-06-07 00:00","2019","06","07","00:00","","1.2","","0.2","","93","","","","29","","22","","24.1","","98.65","","","","","","NA"
"-77.70","53.63","LA GRANDE RIVIERE A","7093716","2019-06-07 01:00","2019","06","07","01:00","","0.4","","-0.2","","96","","","","28","","20","","1.6","","98.66","","","","","","Fog"
"-77.70","53.63","LA GRANDE RIVIERE A","7093716","2019-06-07 02:00","2019","06","07","02:00","","0.0","","-0.6","","96","","","","29","","20","","1.6","","98.72","","","","-5","","Fog"
"-77.70","53.63","LA GRANDE RIVIERE A","7093716","2019-06-07 03:00","2019","06","07","03:00","","0.0","","-0.7","","95","","","","30","","18","","3.2","","98.78","","","","-5","","Fog"
"-77.70","53.63","LA GRANDE RIVIERE A","7093716","2019-06-07 04:00","2019","06","07","04:00","","-0.1","","-0.7","","96","","","","30","","15","","4.8","","98.86","","","","-5","","Snow"
"-77.70","53.63","LA GRANDE RIVIERE A","7093716","2019-06-07 05:00","2019","06","07","05:00","","-0.1","","-0.7","","96","","","","31","","13","","4.8","","98.93","","","","-4","","Snow"
"-77.70","53.63","LA GRANDE RIVIERE A","7093716","2019-06-07 06:00","2019","06","07","06:00","","0.0","","-0.6","","96","","","","32","","15","","6.4","","99.02","","","","-4","","Freezing Drizzle,Fog"
"-77.70","53.63","LA GRANDE RIVIERE A","7093716","2019-06-07 07:00","2019","06","07","07:00","","0.3","","-0.2","","96","","","","32","","8","","9.7","","99.07","","","","","","Drizzle,Fog"
"-77.70","53.63","LA GRANDE RIVIERE A","7093716","2019-06-07 08:00","2019","06","07","08:00","","1.4","","0.5","","94","","","","30","","10","","24.1","","99.16","","","","","","NA"
"-77.70","53.63","LA GRANDE RIVIERE A","7093716","2019-06-07 09:00","2019","06","07","09:00","","1.6","","0.0","","89","","","","29","","18","","24.1","","99.25","","","","","","NA"
"-77.70","53.63","LA GRANDE RIVIERE A","7093716","2019-06-07 10:00","2019","06","07","10:00","","3.5","","0.4","","80","","","","28","","17","","24.1","","99.29","","","","","","Cloudy"
"-77.70","53.63","LA GRANDE RIVIERE A","7093716","2019-06-07 11:00","2019","06","07","11:00","","4.0","","0.5","","78","","","","27","","21","","24.1","","99.37","","","","","","NA"
"-77.70","53.63","LA GRANDE RIVIERE A","7093716","2019-06-07 12:00","2019","06","07","12:00","","5.1","","0.9","","74","","","","29","","16","","24.1","","99.42","","","","","","NA"
"-77.70","53.63","LA GRANDE RIVIERE A","7093716","2019-06-07 13:00","2019","06","07","13:00","","6.4","","0.8","","67","","","","31","","15","","24.1","","99.42","","","","","","Cloudy"
"-77.70","53.63","LA GRANDE RIVIERE A","7093716","2019-06-07 14:00","2019","06","07","14:00","","7.0","","1.0","","65","","","","30","","13","","24.1","","99.48","","","","","","NA"
"-77.70","53.63","LA GRANDE RIVIERE A","7093716","2019-06-07 15:00","2019","06","07","15:00","","7.5","","0.9","","63","","","","33","","13","","24.1","","99.51","","","","","","NA"
"-77.70","53.63","LA GRANDE RIVIERE A","7093716","2019-06-07 16:00","2019","06","07","16:00","","8.0","","0.6","","59","","","","33","","12","","24.1","","99.57","","","","","","Mostly Cloudy"
"-77.70","53.63","LA GRANDE RIVIERE A","7093716","2019-06-07 17:00","2019","06","07","17:00","","8.8","","0.9","","57","","","","29","","13","","24.1","","99.61","","","","","","NA"
"-77.70","53.63","LA GRANDE RIVIERE A","7093716","2019-06-07 18:00","2019","06","07","18:00","","8.5","","1.1","","60","","","","32","","16","","24.1","","99.62","","","","","","NA"
"-77.70","53.63","LA GRANDE RIVIERE A","7093716","2019-06-07 19:00","2019","06","07","19:00","","7.7","","1.5","","65","","","","29","","14","","24.1","","99.67","","","","","","Mostly Cloudy"
"-77.70","53.63","LA GRANDE RIVIERE A","7093716","2019-06-07 20:00","2019","06","07","20:00","","6.7","","1.3","","68","","","","31","","8","","24.1","","99.70","","","","","","NA"
"-77.70","53.63","LA GRANDE RIVIERE A","7093716","2019-06-07 21:00","2019","06","07","21:00","","5.3","","1.2","","75","","","","34","","5","","24.1","","99.78","","","","","","NA"
"-77.70","53.63","LA GRANDE RIVIERE A","7093716","2019-06-07 22:00","2019","06","07","22:00","","3.4","","0.6","","82","","","","28","","6","","24.1","","99.84","","","","","","Mainly Clear"
"-77.70","53.63","LA GRANDE RIVIERE A","7093716","2019-06-07 23:00","2019","06","07","23:00","","1.8","","0.0","","88","","","","34","","6","","24.1","","99.84","","","","","","NA"
"-77.70","53.63","LA GRANDE RIVIERE A","7093716","2019-06-08 00:00","2019","06","08","00:00","","1.4","","0.0","","91","","","","5","","8","","24.1","","99.83","","","","","","NA"
"-77.70","53.63","LA GRANDE RIVIERE A","7093716","2019-06-08 01:00","2019","06","08","01:00","","1.1","","0.0","","93","","","","8","","9","","24.1","","99.82","","","","","","Mainly Clear"
"-77.70","53.63","LA GRANDE RIVIERE A","7093716","2019-06-08 02:00","2019","06","08","02:00","","0.2","","-0.6","","94","","","","10","","5","","24.1","","99.87","","","","","","NA"
"-77.70","53.63","LA GRANDE RIVIERE A","7093716","2019-06-08 03:00","2019","06","08","03:00","","-0.8","","-1.4","","96","","","","4","","5","","24.1","","99.91","","","","-2","","NA"
"-77.70","53.63","LA GRANDE RIVIERE A","7093716","2019-06-08 04:00","2019","06","08","04:00","","-0.6","","-1.1","","97","","","","7","","11","","1.2","","99.96","","","","-4","","Fog"
"-77.70","53.63","LA GRANDE RIVIERE A","7093716","2019-06-08 05:00","2019","06","08","05:00","","0.4","","-0.1","","97","","","","9","","10","","0.0","","100.02","","","","","","Fog"
"-77.70","53.63","LA GRANDE RIVIERE A","7093716","2019-06-08 06:00","2019","06","08","06:00","","0.1","","-0.3","","97","","","","9","","13","","0.4","","100.06","","","","","","Fog"
"-77.70","53.63","LA GRANDE RIVIERE A","7093716","2019-06-08 07:00","2019","06","08","07:00","","1.9","","1.5","","97","","","","10","","12","","3.2","","100.03","","","","","","Fog"
"-77.70","53.63","LA GRANDE RIVIERE A","7093716","2019-06-08 08:00","2019","06","08","08:00","","6.2","","3.4","","83","","","","13","","10","","24.1","","100.05","","","","","","NA"
"-77.70","53.63","LA GRANDE RIVIERE A","7093716","2019-06-08 09:00","2019","06","08","09:00","","9.4","","2.6","","62","","","","11","","13","","24.1","","100.03","","","","","","NA"
"-77.70","53.63","LA GRANDE RIVIERE A","7093716","2019-06-08 10:00","2019","06","08","10:00","","11.6","","2.3","","52","","","","13","","14","","24.1","","99.97","","","","","","Mainly Clear"
"-77.70","53.63","LA GRANDE RIVIERE A","7093716","2019-06-08 11:00","2019","06","08","11:00","","12.7","","1.2","","45","","","","13","","17","","24.1","","99.94","","","","","","NA"
"-77.70","53.63","LA GRANDE RIVIERE A","7093716","2019-06-08 12:00","2019","06","08","12:00","","13.7","","1.6","","44","","","","11","","16","","24.1","","99.89","","","","","","NA"
"-77.70","53.63","LA GRANDE RIVIERE A","7093716","2019-06-08 13:00","2019","06","08","13:00","","13.0","","1.4","","45","","","","9","","24","","24.1","","99.83","","","","","","Mostly Cloudy"
"-77.70","53.63","LA GRANDE RIVIERE A","7093716","2019-06-08 14:00","2019","06","08","14:00","","13.9","","1.3","","42","","","","8","","21","","24.1","","99.78","","","","","","NA"
"-77.70","53.63","LA GRANDE RIVIERE A","7093716","2019-06-08 15:00","2019","06","08","15:00","","14.4","","1.0","","40","","","","7","","18","","24.1","","99.72","","","","","","NA"
"-77.70","53.63","LA GRANDE RIVIERE A","7093716","2019-06-08 16:00","2019","06","08","16:00","","15.5","","2.1","","40","","","","7","","14","","24.1","","99.71","","","","","","Mostly Cloudy"
"-77.70","53.63","LA GRANDE RIVIERE A","7093716","2019-06-08 17:00","2019","06","08","17:00","","14.9","","2.2","","42","","","","5","","18","","24.1","","99.70","","","","","","NA"
"-77.70","53.63","LA GRANDE RIVIERE A","7093716","2019-06-08 18:00","2019","06","08","18:00","","15.4","","2.8","","42","","","","7","","13","","24.1","","99.68","","","","","","NA"
"-77.70","53.63","LA GRANDE RIVIERE A","7093716","2019-06-08 19:00","2019","06","08","19:00","","14.3","","2.7","","45","","","","10","","13","","24.1","","99.67","","","","","","Mostly Cloudy"
"-77.70","53.63","LA GRANDE RIVIERE A","7093716","2019-06-08 20:00","2019","06","08","20:00","","12.2","","2.9","","53","","","","11","","10","","24.1","","99.65","","","","","","NA"
"-77.70","53.63","LA GRANDE RIVIERE A","7093716","2019-06-08 21:00","2019","06","08","21:00","","10.9","","3.2","","59","","","","11","","11","","24.1","","99.60","","","","","","NA"
"-77.70","53.63","LA GRANDE RIVIERE A","7093716","2019-06-08 22:00","2019","06","08","22:00","","10.2","","3.3","","62","","","","12","","11","","24.1","","99.61","","","","","","Cloudy"
"-77.70","53.63","LA GRANDE RIVIERE A","7093716","2019-06-08 23:00","2019","06","08","23:00","","11.0","","3.7","","60","","","","11","","11","","24.1","","99.54","","","","","","NA"
"-77.70","53.63","LA GRANDE RIVIERE A","7093716","2019-06-09 00:00","2019","06","09","00:00","","12.3","","1.6","","48","","","","12","","19","","24.1","","99.49","","","","","","NA"
"-77.70","53.63","LA GRANDE RIVIERE A","7093716","2019-06-09 01:00","2019","06","09","01:00","","10.7","","5.3","","69","","","","15","","13","","24.1","","99.56","","","","","","Cloudy"
"-77.70","53.63","LA GRANDE RIVIERE A","7093716","2019-06-09 02:00","2019","06","09","02:00","","8.9","","7.9","","93","","","","10","","19","","9.7","","99.54","","","","","","Rain,Fog"
"-77.70","53.63","LA GRANDE RIVIERE A","7093716","2019-06-09 03:00","2019","06","09","03:00","","8.7","","7.8","","94","","","","10","","19","","16.1","","99.47","","","","","","Rain"
"-77.70","53.63","LA GRANDE RIVIERE A","7093716","2019-06-09 04:00","2019","06","09","04:00","","8.5","","7.8","","95","","","","11","","20","","24.1","","99.46","","","","","","Rain"
"-77.70","53.63","LA GRANDE RIVIERE A","7093716","2019-06-09 05:00","2019","06","09","05:00","","8.9","","8.2","","96","","","","11","","19","","24.1","","99.40","","","","","","Rain"
"-77.70","53.63","LA GRANDE RIVIERE A","7093716","2019-06-09 06:00","2019","06","09","06:00","","9.7","","8.9","","95","","","","12","","18","","24.1","","99.40","","","","","","NA"
"-77.70","53.63","LA GRANDE RIVIERE A","7093716","2019-06-09 07:00","2019","06","09","07:00","","12.3","","10.6","","89","","","","14","","21","","24.1","","99.39","","","","","","Mostly Cloudy"
"-77.70","53.63","LA GRANDE RIVIERE A","7093716","2019-06-09 08:00","2019","06","09","08:00","","14.8","","10.5","","75","","","","14","","19","","24.1","","99.33","","","","","","NA"
"-77.70","53.63","LA GRANDE RIVIERE A","7093716","2019-06-09 09:00","2019","06","09","09:00","","17.4","","10.9","","66","","","","15","","20","","24.1","","99.32","","","","","","NA"
"-77.70","53.63","LA GRANDE RIVIERE A","7093716","2019-06-09 10:00","2019","06","09","10:00","","20.1","","11.3","","57","","","","16","","19","","24.1","","99.31","","","","","","Mainly Clear"
"-77.70","53.63","LA GRANDE RIVIERE A","7093716","2019-06-09 11:00","2019","06","09","11:00","","23.7","","11.8","","47","","","","16","","19","","24.1","","99.25","","26","","","","NA"
"-77.70","53.63","LA GRANDE RIVIERE A","7093716","2019-06-09 12:00","2019","06","09","12:00","","26.2","","10.4","","37","","","","19","","24","","24.1","","99.20","","28","","","","NA"
"-77.70","53.63","LA GRANDE RIVIERE A","7093716","2019-06-09 13:00","2019","06","09","13:00","","27.8","","9.4","","31","","","","19","","30","","24.1","","99.18","","29","","","","Mainly Clear"
"-77.70","53.63","LA GRANDE RIVIERE A","7093716","2019-06-09 14:00","2019","06","09","14:00","","28.8","","8.2","","27","","","","21","","26","","24.1","","99.16","","29","","","","NA"
"-77.70","53.63","LA GRANDE RIVIERE A","7093716","2019-06-09 15:00","2019","06","09","15:00","","28.6","","7.7","","26","","","","21","","30","","24.1","","99.16","","29","","","","NA"
"-77.70","53.63","LA GRANDE RIVIERE A","7093716","2019-06-09 16:00","2019","06","09","16:00","","27.6","","8.2","","29","","","","20","","21","","24.1","","99.16","","28","","","","Mostly Cloudy"
"-77.70","53.63","LA GRANDE RIVIERE A","7093716","2019-06-09 17:00","2019","06","09","17:00","","27.9","","8.2","","28","","","","21","","25","","24.1","","99.14","","28","","","","NA"
"-77.70","53.63","LA GRANDE RIVIERE A","7093716","2019-06-09 18:00","2019","06","09","18:00","","27.7","","9.2","","31","","","","20","","15","","24.1","","99.12","","29","","","","NA"
"-77.70","53.63","LA GRANDE RIVIERE A","7093716","2019-06-09 19:00","2019","06","09","19:00","","26.8","","9.9","","34","","","","20","","12","","24.1","","99.13","","28","","","","Mostly Cloudy"
"-77.70","53.63","LA GRANDE RIVIERE A","7093716","2019-06-09 20:00","2019","06","09","20:00","","24.4","","9.7","","39","","","","19","","8","","24.1","","99.14","","26","","","","NA"
"-77.70","53.63","LA GRANDE RIVIERE A","7093716","2019-06-09 21:00","2019","06","09","21:00","","22.8","","9.7","","43","","","","17","","11","","24.1","","99.15","","","","","","NA"
"-77.70","53.63","LA GRANDE RIVIERE A","7093716","2019-06-09 22:00","2019","06","09","22:00","","21.5","","9.6","","46","","","","15","","14","","24.1","","99.13","","","","","","Mainly Clear"
"-77.70","53.63","LA GRANDE RIVIERE A","7093716","2019-06-09 23:00","2019","06","09","23:00","","18.8","","9.8","","56","","","","12","","15","","24.1","","99.09","","","","","","NA"
"-77.70","53.63","LA GRANDE RIVIERE A","7093716","2019-06-10 00:00","2019","06","10","00:00","","17.5","","9.2","","58","","","","13","","16","","24.1","","99.03","","","","","","NA"
"-77.70","53.63","LA GRANDE RIVIERE A","7093716","2019-06-10 01:00","2019","06","10","01:00","","15.4","","9.0","","65","","","","12","","15","","24.1","","98.96","","","","","","Mainly Clear"
"-77.70","53.63","LA GRANDE RIVIERE A","7093716","2019-06-10 02:00","2019","06","10","02:00","","12.8","","8.3","","74","","","","12","","15","","24.1","","98.93","","","","","","NA"
"-77.70","53.63","LA GRANDE RIVIERE A","7093716","2019-06-10 03:00","2019","06","10","03:00","","13.6","","8.4","","71","","","","12","","19","","24.1","","98.86","","","","","","NA"
"-77.70","53.63","LA GRANDE RIVIERE A","7093716","2019-06-10 04:00","2019","06","10","04:00","","14.4","","7.2","","62","","","","13","","19","","24.1","","98.81","","","","","","Mostly Cloudy"
"-77.70","53.63","LA GRANDE RIVIERE A","7093716","2019-06-10 05:00","2019","06","10","05:00","","16.1","","7.3","","56","","","","14","","19","","24.1","","98.80","","","","","","NA"
"-77.70","53.63","LA GRANDE RIVIERE A","7093716","2019-06-10 06:00","2019","06","10","06:00","","18.9","","7.5","","47","","","","15","","18","","24.1","","98.75","","","","","","NA"
"-77.70","53.63","LA GRANDE RIVIERE A","7093716","2019-06-10 07:00","2019","06","10","07:00","","20.3","","7.3","","43","","","","15","","23","","24.1","","98.74","","","","","","Mostly Cloudy"
"-77.70","53.63","LA GRANDE RIVIERE A","7093716","2019-06-10 08:00","2019","06","10","08:00","","20.0","","7.8","","45","","","","17","","23","","24.1","","98.75","","","","","","NA"
"-77.70","53.63","LA GRANDE RIVIERE A","7093716","2019-06-10 09:00","2019","06","10","09:00","","20.7","","8.1","","44","","","","16","","19","","24.1","","98.65","","","","","","NA"
"-77.70","53.63","LA GRANDE RIVIERE A","7093716","2019-06-10 10:00","2019","06","10","10:00","","22.3","","8.7","","41","","","","16","","23","","24.1","","98.62","","","","","","Mostly Cloudy"
"-77.70","53.63","LA GRANDE RIVIERE A","7093716","2019-06-10 11:00","2019","06","10","11:00","","23.8","","8.7","","38","","","","21","","25","","24.1","","98.55","","25","","","","NA"
"-77.70","53.63","LA GRANDE RIVIERE A","7093716","2019-06-10 12:00","2019","06","10","12:00","","24.2","","9.0","","38","","","","18","","13","","24.1","","98.49","","25","","","","NA"
"-77.70","53.63","LA GRANDE RIVIERE A","7093716","2019-06-10 13:00","2019","06","10","13:00","","25.0","","10.2","","39","","","","18","","16","","24.1","","98.44","","26","","","","Mostly Cloudy"
"-77.70","53.63","LA GRANDE RIVIERE A","7093716","2019-06-10 14:00","2019","06","10","14:00","","25.7","","10.3","","38","","","","20","","16","","19.3","","98.38","","27","","","","NA"
"-77.70","53.63","LA GRANDE RIVIERE A","7093716","2019-06-10 15:00","2019","06","10","15:00","","25.7","","9.7","","36","","","","17","","16","","19.3","","98.31","","27","","","","NA"
"-77.70","53.63","LA GRANDE RIVIERE A","7093716","2019-06-10 16:00","2019","06","10","16:00","","24.8","","10.7","","41","","","","19","","10","","19.3","","98.23","","26","","","","Cloudy"
"-77.70","53.63","LA GRANDE RIVIERE A","7093716","2019-06-10 17:00","2019","06","10","17:00","","20.6","","13.9","","65","","","","28","","30","","19.3","","98.26","","","","","","Rain"
"-77.70","53.63","LA GRANDE RIVIERE A","7093716","2019-06-10 18:00","2019","06","10","18:00","","16.3","","14.8","","90","","","","26","","15","","12.9","","98.36","","","","","","Rain"
"-77.70","53.63","LA GRANDE RIVIERE A","7093716","2019-06-10 19:00","2019","06","10","19:00","","15.6","","14.1","","91","","","","21","","7","","19.3","","98.28","","","","","","Rain"
"-77.70","53.63","LA GRANDE RIVIERE A","7093716","2019-06-10 20:00","2019","06","10","20:00","","14.9","","14.1","","95","","","","3","","5","","9.7","","98.21","","","","","","Rain,Fog"
"-77.70","53.63","LA GRANDE RIVIERE A","7093716","2019-06-10 21:00","2019","06","10","21:00","","14.2","","13.7","","96","","","","8","","5","","9.7","","98.17","","","","","","Rain,Fog"
"-77.70","53.63","LA GRANDE RIVIERE A","7093716","2019-06-10 22:00","2019","06","10","22:00","","14.3","","13.8","","96","","","","10","","9","","9.7","","98.02","","","","","","Rain,Fog"
"-77.70","53.63","LA GRANDE RIVIERE A","7093716","2019-06-10 23:00","2019","06","10","23:00","","13.8","","13.3","","97","","","","11","","10","","9.7","","97.94","","","","","","Rain,Fog"
"-77.70","53.63","LA GRANDE RIVIERE A","7093716","2019-06-11 00:00","2019","06","11","00:00","","13.8","","13.4","","97","","","","11","","10","","4.8","","97.88","","","","","","Rain,Fog"
"-77.70","53.63","LA GRANDE RIVIERE A","7093716","2019-06-11 01:00","2019","06","11","01:00","","6.5","","6.0","","97","","","","27","","24","","2.4","","97.89","","","","","","Rain,Fog"
"-77.70","53.63","LA GRANDE RIVIERE A","7093716","2019-06-11 02:00","2019","06","11","02:00","","3.1","","2.6","","97","","","","29","","20","","4.8","","97.88","","","","","","Drizzle,Fog"
"-77.70","53.63","LA GRANDE RIVIERE A","7093716","2019-06-11 03:00","2019","06","11","03:00","","2.2","","1.7","","97","","","","30","","18","","4.8","","97.88","","","","","","Drizzle,Fog"
"-77.70","53.63","LA GRANDE RIVIERE A","7093716","2019-06-11 04:00","2019","06","11","04:00","","1.8","","1.3","","96","","","","30","","18","","9.7","","97.93","","","","","","Drizzle,Fog"
"-77.70","53.63","LA GRANDE RIVIERE A","7093716","2019-06-11 05:00","2019","06","11","05:00","","1.2","","0.7","","96","","","","30","","22","","4.8","","97.99","","","","","","Rain,Fog"
"-77.70","53.63","LA GRANDE RIVIERE A","7093716","2019-06-11 06:00","2019","06","11","06:00","","1.1","","0.5","","95","","","","31","","19","","8.1","","98.00","","","","","","Rain,Fog"
"-77.70","53.63","LA GRANDE RIVIERE A","7093716","2019-06-11 07:00","2019","06","11","07:00","","1.3","","0.6","","95","","","","31","","15","","6.4","","98.05","","","","","","Moderate Rain,Fog"
"-77.70","53.63","LA GRANDE RIVIERE A","7093716","2019-06-11 08:00","2019","06","11","08:00","","1.6","","0.9","","95","","","","30","","21","","4.8","","98.12","","","","","","Rain,Fog"
"-77.70","53.63","LA GRANDE RIVIERE A","7093716","2019-06-11 09:00","2019","06","11","09:00","","2.1","","1.4","","95","","","","30","","25","","6.4","","98.17","","","","","","Rain,Fog"
"-77.70","53.63","LA GRANDE RIVIERE A","7093716","2019-06-11 10:00","2019","06","11","10:00","","2.7","","1.9","","94","","","","31","","23","","6.4","","98.14","","","","","","Moderate Rain,Fog"
"-77.70","53.63","LA GRANDE RIVIERE A","7093716","2019-06-11 11:00","2019","06","11","11:00","","3.0","","2.0","","93","","","","30","","30","","6.4","","98.22","","","","","","Rain,Ice Pellets,Fog"
"-77.70","53.63","LA GRANDE RIVIERE A","7093716","2019-06-11 12:00","2019","06","11","12:00","","3.2","","2.2","","93","","","","31","","30","","6.4","","98.29","","","","","","Rain,Fog"
"-77.70","53.63","LA GRANDE RIVIERE A","7093716","2019-06-11 13:00","2019","06","11","13:00","","2.9","","1.9","","93","","","","30","","23","","12.9","","98.38","","","","","","Rain"
"-77.70","53.63","LA GRANDE RIVIERE A","7093716","2019-06-11 14:00","2019","06","11","14:00","","3.2","","2.2","","93","","","","30","","20","","19.3","","98.47","","","","","","Rain"
"-77.70","53.63","LA GRANDE RIVIERE A","7093716","2019-06-11 15:00","2019","06","11","15:00","","3.6","","2.6","","93","","","","30","","30","","12.9","","98.54","","","","","","Rain"
"-77.70","53.63","LA GRANDE RIVIERE A","7093716","2019-06-11 16:00","2019","06","11","16:00","","4.1","","3.2","","94","","","","28","","26","","19.3","","98.63","","","","","","Rain"
"-77.70","53.63","LA GRANDE RIVIERE A","7093716","2019-06-11 17:00","2019","06","11","17:00","","3.7","","3.1","","95","","","","29","","20","","24.1","","98.72","","","","","","Rain"
"-77.70","53.63","LA GRANDE RIVIERE A","7093716","2019-06-11 18:00","2019","06","11","18:00","","4.1","","3.3","","95","","","","27","","25","","24.1","","98.75","","","","","","NA"
"-77.70","53.63","LA GRANDE RIVIERE A","7093716","2019-06-11 19:00","2019","06","11","19:00","","4.2","","3.3","","93","","","","28","","18","","24.1","","98.76","","","","","","Cloudy"
"-77.70","53.63","LA GRANDE RIVIERE A","7093716","2019-06-11 20:00","2019","06","11","20:00","","4.0","","3.1","","94","","","","26","","21","","24.1","","98.77","","","","","","NA"
"-77.70","53.63","LA GRANDE RIVIERE A","7093716","2019-06-11 21:00","2019","06","11","21:00","","3.5","","2.6","","94","","","","28","","21","","24.1","","98.82","","","","","","NA"
"-77.70","53.63","LA GRANDE RIVIERE A","7093716","2019-06-11 22:00","2019","06","11","22:00","","3.1","","2.4","","95","","","","27","","17","","24.1","","98.85","","","","","","Mostly Cloudy"
"-77.70","53.63","LA GRANDE RIVIERE A","7093716","2019-06-11 23:00","2019","06","11","23:00","","2.2","","1.6","","96","","","","27","","17","","24.1","","98.84","","","","","","NA"
"-77.70","53.63","LA GRANDE RIVIERE A","7093716","2019-06-12 00:00","2019","06","12","00:00","","1.7","","1.1","","96","","","","28","","13","","24.1","","98.85","","","","","","NA"
"-77.70","53.63","LA GRANDE RIVIERE A","7093716","2019-06-12 01:00","2019","06","12","01:00","","0.5","","-0.1","","96","","","","25","","10","","24.1","","98.92","","","","","","Mostly Cloudy"
"-77.70","53.63","LA GRANDE RIVIERE A","7093716","2019-06-12 02:00","2019","06","12","02:00","","0.0","","-0.5","","96","","","","27","","15","","24.1","","98.90","","","","-4","","NA"
"-77.70","53.63","LA GRANDE RIVIERE A","7093716","2019-06-12 03:00","2019","06","12","03:00","","-0.4","","-0.8","","97","","","","26","","14","","24.1","","98.92","","","","-5","","NA"
"-77.70","53.63","LA GRANDE RIVIERE A","7093716","2019-06-12 04:00","2019","06","12","04:00","","-0.6","","-1.0","","97","","","","27","","11","","24.1","","98.89","","","","-4","","Mainly Clear"
"-77.70","53.63","LA GRANDE RIVIERE A","7093716","2019-06-12 05:00","2019","06","12","05:00","","-0.4","","-0.8","","97","","","","28","","8","","24.1","","98.92","","","","-3","","NA"
"-77.70","53.63","LA GRANDE RIVIERE A","7093716","2019-06-12 06:00","2019","06","12","06:00","","1.7","","0.8","","93","","","","30","","3","","24.1","","98.98","","","","","","NA"
"-77.70","53.63","LA GRANDE RIVIERE A","7093716","2019-06-12 07:00","2019","06","12","07:00","","3.8","","0.4","","79","","","","30","","8","","24.1","","98.99","","","","","","Mainly Clear"
"-77.70","53.63","LA GRANDE RIVIERE A","7093716","2019-06-12 08:00","2019","06","12","08:00","","5.0","","0.3","","72","","","","33","","9","","24.1","","99.00","","","","","","NA"
"-77.70","53.63","LA GRANDE RIVIERE A","7093716","2019-06-12 09:00","2019","06","12","09:00","","6.7","","0.3","","64","","","","30","","7","","24.1","","99.00","","","","","","NA"
"-77.70","53.63","LA GRANDE RIVIERE A","7093716","2019-06-12 10:00","2019","06","12","10:00","","8.8","","0.6","","56","","","","36","","7","","24.1","","98.97","","","","","","Mainly Clear"
"-77.70","53.63","LA GRANDE RIVIERE A","7093716","2019-06-12 11:00","2019","06","12","11:00","","9.4","","-0.2","","51","","","","36","","11","","24.1","","98.97","","","","","","NA"
"-77.70","53.63","LA GRANDE RIVIERE A","7093716","2019-06-12 12:00","2019","06","12","12:00","","10.8","","0.9","","50","","","","1","","7","","24.1","","98.97","","","","","","NA"
"-77.70","53.63","LA GRANDE RIVIERE A","7093716","2019-06-12 13:00","2019","06","12","13:00","","12.3","","1.3","","47","","","","33","","10","","24.1","","98.96","","","","","","Mainly Clear"
"-77.70","53.63","LA GRANDE RIVIERE A","7093716","2019-06-12 14:00","2019","06","12","14:00","","12.5","","0.9","","45","","","","29","","11","","24.1","","98.94","","","","","","NA"
"-77.70","53.63","LA GRANDE RIVIERE A","7093716","2019-06-12 15:00","2019","06","12","15:00","","13.3","","0.7","","42","","","","34","","12","","24.1","","98.95","","","","","","NA"
"-77.70","53.63","LA GRANDE RIVIERE A","7093716","2019-06-12 16:00","2019","06","12","16:00","","12.4","","1.6","","48","","","","32","","13","","24.1","","98.97","","","","","","Mostly Cloudy"
"-77.70","53.63","LA GRANDE RIVIERE A","7093716","2019-06-12 17:00","2019","06","12","17:00","","13.1","","1.1","","44","","","","35","","16","","24.1","","98.98","","","","","","NA"
"-77.70","53.63","LA GRANDE RIVIERE A","7093716","2019-06-12 18:00","2019","06","12","18:00","","12.0","","0.8","","46","","","","32","","14","","24.1","","98.99","","","","","","NA"
"-77.70","53.63","LA GRANDE RIVIERE A","7093716","2019-06-12 19:00","2019","06","12","19:00","","10.9","","-0.2","","46","","","","32","","18","","24.1","","99.04","","","","","","Mostly Cloudy"
"-77.70","53.63","LA GRANDE RIVIERE A","7093716","2019-06-12 20:00","2019","06","12","20:00","","9.2","","-0.6","","50","","","","32","","12","","24.1","","99.06","","","","","","NA"
"-77.70","53.63","LA GRANDE RIVIERE A","7093716","2019-06-12 21:00","2019","06","12","21:00","","7.2","","-1.9","","52","","","","34","","10","","24.1","","99.12","","","","","","NA"
"-77.70","53.63","LA GRANDE RIVIERE A","7093716","2019-06-12 22:00","2019","06","12","22:00","","6.1","","-1.4","","58","","","","33","","7","","24.1","","99.17","","","","","","Mostly Cloudy"
"-77.70","53.63","LA GRANDE RIVIERE A","7093716","2019-06-12 23:00","2019","06","12","23:00","","5.8","","-0.6","","64","","","","33","","5","","24.1","","99.17","","","","","","NA"
"-77.70","53.63","LA GRANDE RIVIERE A","7093716","2019-06-13 00:00","2019","06","13","00:00","","5.1","","-0.2","","68","","","","35","","5","","24.1","","99.14","","","","","","NA"
"-77.70","53.63","LA GRANDE RIVIERE A","7093716","2019-06-13 01:00","2019","06","13","01:00","","4.9","","0.0","","70","","","","1","","3","","24.1","","99.16","","","","","","Mostly Cloudy"
"-77.70","53.63","LA GRANDE RIVIERE A","7093716","2019-06-13 02:00","2019","06","13","02:00","","4.5","","0.0","","73","","","","5","","8","","24.1","","99.16","","","","","","NA"
"-77.70","53.63","LA GRANDE RIVIERE A","7093716","2019-06-13 03:00","2019","06","13","03:00","","4.1","","0.3","","76","","","","6","","8","","24.1","","99.16","","","","","","NA"
"-77.70","53.63","LA GRANDE RIVIERE A","7093716","2019-06-13 04:00","2019","06","13","04:00","","3.6","","0.6","","80","","","","3","","5","","24.1","","99.18","","","","","","Rain"
"-77.70","53.63","LA GRANDE RIVIERE A","7093716","2019-06-13 05:00","2019","06","13","05:00","","4.2","","0.9","","79","","","","6","","11","","24.1","","99.19","","","","","","NA"
"-77.70","53.63","LA GRANDE RIVIERE A","7093716","2019-06-13 06:00","2019","06","13","06:00","","5.4","","0.3","","69","","","","8","","17","","24.1","","99.22","","","","","","NA"
"-77.70","53.63","LA GRANDE RIVIERE A","7093716","2019-06-13 07:00","2019","06","13","07:00","","6.6","","0.2","","64","","","","8","","14","","24.1","","99.23","","","","","","Mostly Cloudy"
"-77.70","53.63","LA GRANDE RIVIERE A","7093716","2019-06-13 08:00","2019","06","13","08:00","","8.3","","-1.8","","49","","","","7","","18","","24.1","","99.20","","","","","","NA"
"-77.70","53.63","LA GRANDE RIVIERE A","7093716","2019-06-13 09:00","2019","06","13","09:00","","9.5","","-0.8","","49","","","","6","","18","","24.1","","99.16","","","","","","NA"
"-77.70","53.63","LA GRANDE RIVIERE A","7093716","2019-06-13 10:00","2019","06","13","10:00","","10.8","","-1.0","","44","","","","6","","15","","24.1","","99.14","","","","","","Mostly Cloudy"
"-77.70","53.63","LA GRANDE RIVIERE A","7093716","2019-06-13 11:00","2019","06","13","11:00","","12.1","","-0.7","","41","","","","8","","11","","24.1","","99.10","","","","","","NA"
"-77.70","53.63","LA GRANDE RIVIERE A","7093716","2019-06-13 12:00","2019","06","13","12:00","","12.7","","-1.4","","37","","","","9","","14","","24.1","","99.02","","","","","","NA"
"-77.70","53.63","LA GRANDE RIVIERE A","7093716","2019-06-13 13:00","2019","06","13","13:00","","13.2","","0.6","","42","","","","5","","16","","24.1","","98.99","","","","","","Mostly Cloudy"
"-77.70","53.63","LA GRANDE RIVIERE A","7093716","2019-06-13 14:00","2019","06","13","14:00","","13.9","","0.8","","40","","","","1","","13","","24.1","","98.94","","","","","","NA"
"-77.70","53.63","LA GRANDE RIVIERE A","7093716","2019-06-13 15:00","2019","06","13","15:00","","14.2","","1.7","","42","","","","5","","15","","24.1","","98.91","","","","","","NA"
"-77.70","53.63","LA GRANDE RIVIERE A","7093716","2019-06-13 16:00","2019","06","13","16:00","","14.7","","1.9","","42","","","","9","","21","","24.1","","98.87","","","","","","Cloudy"
"-77.70","53.63","LA GRANDE RIVIERE A","7093716","2019-06-13 17:00","2019","06","13","17:00","","14.2","","1.6","","42","","","","9","","15","","24.1","","98.85","","","","","","NA"
"-77.70","53.63","LA GRANDE RIVIERE A","7093716","2019-06-13 18:00","2019","06","13","18:00","","13.4","","2.7","","48","","","","9","","19","","24.1","","98.83","","","","","","NA"
"-77.70","53.63","LA GRANDE RIVIERE A","7093716","2019-06-13 19:00","2019","06","13","19:00","","13.2","","3.1","","50","","","","9","","24","","24.1","","98.78","","","","","","Mostly Cloudy"
"-77.70","53.63","LA GRANDE RIVIERE A","7093716","2019-06-13 20:00","2019","06","13","20:00","","11.2","","4.8","","65","","","","6","","17","","24.1","","98.69","","","","","","NA"
"-77.70","53.63","LA GRANDE RIVIERE A","7093716","2019-06-13 21:00","2019","06","13","21:00","","9.9","","5.0","","72","","","","6","","11","","24.1","","98.68","","","","","","NA"
"-77.70","53.63","LA GRANDE RIVIERE A","7093716","2019-06-13 22:00","2019","06","13","22:00","","8.5","","4.9","","78","","","","5","","9","","24.1","","98.66","","","","","","Cloudy"
"-77.70","53.63","LA GRANDE RIVIERE A","7093716","2019-06-13 23:00","2019","06","13","23:00","","8.2","","5.4","","83","","","","4","","8","","24.1","","98.59","","","","","","NA"
"-77.70","53.63","LA GRANDE RIVIERE A","7093716","2019-06-14 00:00","2019","06","14","00:00","","8.3","","5.8","","84","","","","3","","8","","24.1","","98.51","","","","","","Rain"
"-77.70","53.63","LA GRANDE RIVIERE A","7093716","2019-06-14 01:00","2019","06","14","01:00","","8.9","","6.5","","85","","","","4","","9","","24.1","","98.40","","","","","","Rain"
"-77.70","53.63","LA GRANDE RIVIERE A","7093716","2019-06-14 02:00","2019","06","14","02:00","","8.8","","7.0","","89","","","","3","","12","","24.1","","98.30","","","","","","Rain"
"-77.70","53.63","LA GRANDE RIVIERE A","7093716","2019-06-14 03:00","2019","06","14","03:00","","8.6","","7.2","","91","","","","5","","14","","24.1","","98.25","","","","","","Rain"
"-77.70","53.63","LA GRANDE RIVIERE A","7093716","2019-06-14 04:00","2019","06","14","04:00","","8.6","","7.3","","92","","","","6","","10","","24.1","","98.21","","","","","","Rain"
"-77.70","53.63","LA GRANDE RIVIERE A","7093716","2019-06-14 05:00","2019","06","14","05:00","","8.4","","7.4","","94","","","","4","","5","","24.1","","98.17","","","","","","Rain"
"-77.70","53.63","LA GRANDE RIVIERE A","7093716","2019-06-14 06:00","2019","06","14","06:00","","8.8","","8.1","","95","","","","5","","13","","24.1","","98.10","","","","","","Rain"
"-77.70","53.63","LA GRANDE RIVIERE A","7093716","2019-06-14 07:00","2019","06","14","07:00","","9.3","","8.6","","95","","","","6","","18","","24.1","","98.07","","","","","","Rain"
"-77.70","53.63","LA GRANDE RIVIERE A","7093716","2019-06-14 08:00","2019","06","14","08:00","","10.2","","9.1","","93","","","","8","","21","","24.1","","98.02","","","","","","NA"
"-77.70","53.63","LA GRANDE RIVIERE A","7093716","2019-06-14 09:00","2019","06","14","09:00","","11.6","","9.9","","90","","","","7","","18","","24.1","","97.97","","","","","","NA"
"-77.70","53.63","LA GRANDE RIVIERE A","7093716","2019-06-14 10:00","2019","06","14","10:00","","12.9","","9.7","","81","","","","8","","24","","24.1","","97.89","","","","","","Cloudy"
"-77.70","53.63","LA GRANDE RIVIERE A","7093716","2019-06-14 11:00","2019","06","14","11:00","","13.7","","9.4","","75","","","","7","","21","","24.1","","97.85","","","","","","NA"
"-77.70","53.63","LA GRANDE RIVIERE A","7093716","2019-06-14 12:00","2019","06","14","12:00","","13.9","","8.4","","69","","","","6","","21","","24.1","","97.79","","","","","","NA"
"-77.70","53.63","LA GRANDE RIVIERE A","7093716","2019-06-14 13:00","2019","06","14","13:00","","14.6","","8.2","","65","","","","6","","15","","24.1","","97.76","","","","","","Cloudy"
"-77.70","53.63","LA GRANDE RIVIERE A","7093716","2019-06-14 14:00","2019","06","14","14:00","","14.9","","8.0","","63","","","","9","","16","","24.1","","97.73","","","","","","NA"
"-77.70","53.63","LA GRANDE RIVIERE A","7093716","2019-06-14 15:00","2019","06","14","15:00","","14.4","","7.8","","64","","","","6","","13","","24.1","","97.71","","","","","","NA"
"-77.70","53.63","LA GRANDE RIVIERE A","7093716","2019-06-14 16:00","2019","06","14","16:00","","14.6","","8.4","","66","","","","6","","10","","24.1","","97.70","","","","","","Cloudy"
"-77.70","53.63","LA GRANDE RIVIERE A","7093716","2019-06-14 17:00","2019","06","14","17:00","","14.5","","7.9","","64","","","","3","","7","","24.1","","97.71","","","","","","NA"
"-77.70","53.63","LA GRANDE RIVIERE A","7093716","2019-06-14 18:00","2019","06","14","18:00","","13.9","","9.0","","72","","","","5","","5","","24.1","","97.72","","","","","","NA"
"-77.70","53.63","LA GRANDE RIVIERE A","7093716","2019-06-14 19:00","2019","06","14","19:00","","13.6","","9.7","","77","","","","2","","3","","24.1","","97.71","","","","","","Rain"
"-77.70","53.63","LA GRANDE RIVIERE A","7093716","2019-06-14 20:00","2019","06","14","20:00","","13.2","","10.1","","81","","","","22","","4","","24.1","","97.71","","","","","","NA"
"-77.70","53.63","LA GRANDE RIVIERE A","7093716","2019-06-14 21:00","2019","06","14","21:00","","12.3","","10.5","","89","","","","25","","3","","16.1","","97.71","","","","","","Rain"
"-77.70","53.63","LA GRANDE RIVIERE A","7093716","2019-06-14 22:00","2019","06","14","22:00","","11.7","","10.7","","93","","","","","","0","","24.1","","97.69","","","","","","Rain"
"-77.70","53.63","LA GRANDE RIVIERE A","7093716","2019-06-14 23:00","2019","06","14","23:00","","10.5","","9.6","","94","","","","20","","9","","24.1","","97.67","","","","","","Rain"
"-77.70","53.63","LA GRANDE RIVIERE A","7093716","2019-06-15 00:00","2019","06","15","00:00","","8.5","","7.8","","96","","","","21","","10","","16.1","","97.65","","","","","","Rain"
"-77.70","53.63","LA GRANDE RIVIERE A","7093716","2019-06-15 01:00","2019","06","15","01:00","","6.6","","5.8","","95","","","","21","","16","","8.1","","97.65","","","","","","Rain"
"-77.70","53.63","LA GRANDE RIVIERE A","7093716","2019-06-15 02:00","2019","06","15","02:00","","5.4","","4.6","","95","","","","22","","11","","16.1","","97.65","","","","","","Rain"
"-77.70","53.63","LA GRANDE RIVIERE A","7093716","2019-06-15 03:00","2019","06","15","03:00","","4.8","","4.1","","96","","","","21","","13","","8.1","","97.66","","","","","","Rain"
"-77.70","53.63","LA GRANDE RIVIERE A","7093716","2019-06-15 04:00","2019","06","15","04:00","","4.5","","3.9","","96","","","","21","","12","","1.2","","97.65","","","","","","Fog"
"-77.70","53.63","LA GRANDE RIVIERE A","7093716","2019-06-15 05:00","2019","06","15","05:00","","4.4","","3.9","","97","","","","21","","11","","0.4","","97.65","","","","","","Fog"
"-77.70","53.63","LA GRANDE RIVIERE A","7093716","2019-06-15 06:00","2019","06","15","06:00","","4.5","","4.1","","97","","","","20","","7","","0.4","","97.64","","","","","","Fog"
"-77.70","53.63","LA GRANDE RIVIERE A","7093716","2019-06-15 07:00","2019","06","15","07:00","","4.9","","4.5","","97","","","","18","","9","","1.2","","97.67","","","","","","Drizzle,Fog"
"-77.70","53.63","LA GRANDE RIVIERE A","7093716","2019-06-15 08:00","2019","06","15","08:00","","6.3","","5.9","","98","","","","","","0","","2.4","","97.64","","","","","","Drizzle,Fog"
"-77.70","53.63","LA GRANDE RIVIERE A","7093716","2019-06-15 09:00","2019","06","15","09:00","","8.2","","7.9","","97","","","","20","","7","","9.7","","97.63","","","","","","Fog"
"-77.70","53.63","LA GRANDE RIVIERE A","7093716","2019-06-15 10:00","2019","06","15","10:00","","9.5","","8.7","","95","","","","17","","4","","9.7","","97.62","","","","","","Fog"
"-77.70","53.63","LA GRANDE RIVIERE A","7093716","2019-06-15 11:00","2019","06","15","11:00","","11.6","","9.2","","85","","","","31","","5","","24.1","","97.62","","","","","","NA"
"-77.70","53.63","LA GRANDE RIVIERE A","7093716","2019-06-15 12:00","2019","06","15","12:00","","13.2","","9.3","","77","","","","33","","5","","24.1","","97.61","","","","","","NA"
"-77.70","53.63","LA GRANDE RIVIERE A","7093716","2019-06-15 13:00","2019","06","15","13:00","","14.7","","10.2","","74","","","","19","","3","","24.1","","97.57","","","","","","Mostly Cloudy"
"-77.70","53.63","LA GRANDE RIVIERE A","7093716","2019-06-15 14:00","2019","06","15","14:00","","14.6","","9.8","","73","","","","31","","9","","24.1","","97.59","","","","","","NA"
"-77.70","53.63","LA GRANDE RIVIERE A","7093716","2019-06-15 15:00","2019","06","15","15:00","","15.3","","8.9","","65","","","","31","","7","","24.1","","97.58","","","","","","NA"
"-77.70","53.63","LA GRANDE RIVIERE A","7093716","2019-06-15 16:00","2019","06","15","16:00","","15.7","","9.7","","67","","","","30","","21","","24.1","","97.59","","","","","","Mostly Cloudy"
"-77.70","53.63","LA GRANDE RIVIERE A","7093716","2019-06-15 17:00","2019","06","15","17:00","","12.9","","8.8","","76","","","","30","","19","","24.1","","97.65","","","","","","NA"
"-77.70","53.63","LA GRANDE RIVIERE A","7093716","2019-06-15 18:00","2019","06","15","18:00","","11.1","","8.2","","82","","","","30","","21","","24.1","","97.71","","","","","","NA"
"-77.70","53.63","LA GRANDE RIVIERE A","7093716","2019-06-15 19:00","2019","06","15","19:00","","9.8","","7.8","","87","","","","32","","14","","24.1","","97.75","","","","","","Cloudy"
"-77.70","53.63","LA GRANDE RIVIERE A","7093716","2019-06-15 20:00","2019","06","15","20:00","","8.2","","7.0","","92","","","","32","","22","","16.1","","97.82","","","","","","Drizzle"
"-77.70","53.63","LA GRANDE RIVIERE A","7093716","2019-06-15 21:00","2019","06","15","21:00","","6.6","","5.8","","95","","","","31","","17","","8.1","","97.87","","","","","","Drizzle,Fog"
"-77.70","53.63","LA GRANDE RIVIERE A","7093716","2019-06-15 22:00","2019","06","15","22:00","","6.2","","5.5","","96","","","","31","","17","","8.1","","97.90","","","","","","Drizzle,Fog"
"-77.70","53.63","LA GRANDE RIVIERE A","7093716","2019-06-15 23:00","2019","06","15","23:00","","5.3","","4.7","","96","","","","30","","20","","2.0","","97.94","","","","","","Drizzle,Fog"
"-77.70","53.63","LA GRANDE RIVIERE A","7093716","2019-06-16 00:00","2019","06","16","00:00","","4.7","","4.2","","97","","","","30","","22","","0.6","","97.98","","","","","","Drizzle,Fog"
"-77.70","53.63","LA GRANDE RIVIERE A","7093716","2019-06-16 01:00","2019","06","16","01:00","","4.2","","3.8","","97","","","","30","","22","","0.6","","98.01","","","","","","Drizzle,Fog"
"-77.70","53.63","LA GRANDE RIVIERE A","7093716","2019-06-16 02:00","2019","06","16","02:00","","3.2","","2.8","","97","","","","29","","23","","0.6","","98.04","","","","","","Drizzle,Fog"
"-77.70","53.63","LA GRANDE RIVIERE A","7093716","2019-06-16 03:00","2019","06","16","03:00","","2.3","","1.9","","97","","","","29","","25","","0.6","","98.13","","","","","","Drizzle,Fog"
"-77.70","53.63","LA GRANDE RIVIERE A","7093716","2019-06-16 04:00","2019","06","16","04:00","","2.0","","1.7","","97","","","","29","","28","","0.6","","98.19","","","","","","Drizzle,Fog"
"-77.70","53.63","LA GRANDE RIVIERE A","7093716","2019-06-16 05:00","2019","06","16","05:00","","1.9","","1.5","","97","","","","29","","25","","0.6","","98.24","","","","","","Drizzle,Fog"
"-77.70","53.63","LA GRANDE RIVIERE A","7093716","2019-06-16 06:00","2019","06","16","06:00","","1.6","","1.3","","98","","","","29","","19","","0.6","","98.28","","","","","","Drizzle,Fog"
"-77.70","53.63","LA GRANDE RIVIERE A","7093716","2019-06-16 07:00","2019","06","16","07:00","","1.4","","1.0","","97","","","","28","","27","","1.6","","98.30","","","","","","Drizzle,Fog"
"-77.70","53.63","LA GRANDE RIVIERE A","7093716","2019-06-16 08:00","2019","06","16","08:00","","2.0","","1.7","","98","","","","27","","28","","1.6","","98.35","","","","","","Fog"
"-77.70","53.63","LA GRANDE RIVIERE A","7093716","2019-06-16 09:00","2019","06","16","09:00","","1.7","","1.3","","97","","","","26","","26","","0.6","","98.42","","","","","","Fog"
"-77.70","53.63","LA GRANDE RIVIERE A","7093716","2019-06-16 10:00","2019","06","16","10:00","","2.2","","1.8","","97","","","","26","","24","","0.2","","98.44","","","","","","Rain,Fog"
"-77.70","53.63","LA GRANDE RIVIERE A","7093716","2019-06-16 11:00","2019","06","16","11:00","","2.5","","2.0","","97","","","","26","","23","","3.2","","98.48","","","","","","Rain,Fog"
"-77.70","53.63","LA GRANDE RIVIERE A","7093716","2019-06-16 12:00","2019","06","16","12:00","","3.1","","2.5","","96","","","","26","","27","","6.4","","98.51","","","","","","Rain,Fog"
"-77.70","53.63","LA GRANDE RIVIERE A","7093716","2019-06-16 13:00","2019","06","16","13:00","","3.0","","2.5","","96","","","","27","","27","","8.1","","98.56","","","","","","Rain,Fog"
"-77.70","53.63","LA GRANDE RIVIERE A","7093716","2019-06-16 14:00","2019","06","16","14:00","","2.8","","2.2","","96","","","","27","","26","","8.1","","98.62","","","","","","Rain,Fog"
"-77.70","53.63","LA GRANDE RIVIERE A","7093716","2019-06-16 15:00","2019","06","16","15:00","","2.4","","1.7","","95","","","","26","","28","","4.8","","98.68","","","","","","Rain,Fog"
"-77.70","53.63","LA GRANDE RIVIERE A","7093716","2019-06-16 16:00","2019","06","16","16:00","","1.7","","1.1","","95","","","","26","","26","","4.8","","98.70","","","","","","Rain,Fog"
"-77.70","53.63","LA GRANDE RIVIERE A","7093716","2019-06-16 17:00","2019","06","16","17:00","","1.5","","0.9","","96","","","","26","","26","","4.0","","98.75","","","","","","Rain,Fog"
"-77.70","53.63","LA GRANDE RIVIERE A","7093716","2019-06-16 18:00","2019","06","16","18:00","","1.3","","0.8","","96","","","","26","","26","","4.0","","98.76","","","","","","Rain,Fog"
"-77.70","53.63","LA GRANDE RIVIERE A","7093716","2019-06-16 19:00","2019","06","16","19:00","","1.3","","0.7","","96","","","","26","","24","","2.0","","98.76","","","","","","Drizzle,Fog"
"-77.70","53.63","LA GRANDE RIVIERE A","7093716","2019-06-16 20:00","2019","06","16","20:00","","1.0","","0.5","","97","","","","25","","19","","0.6","","98.76","","","","","","Drizzle,Fog"
"-77.70","53.63","LA GRANDE RIVIERE A","7093716","2019-06-16 21:00","2019","06","16","21:00","","0.7","","0.3","","97","","","","25","","20","","0.8","","98.76","","","","","","Drizzle,Fog"
"-77.70","53.63","LA GRANDE RIVIERE A","7093716","2019-06-16 22:00","2019","06","16","22:00","","0.6","","0.2","","97","","","","26","","21","","0.8","","98.77","","","","","","Drizzle,Fog"
"-77.70","53.63","LA GRANDE RIVIERE A","7093716","2019-06-16 23:00","2019","06","16","23:00","","0.4","","0.0","","97","","","","26","","23","","0.8","","98.75","","","","","","Drizzle,Fog"
"-77.70","53.63","LA GRANDE RIVIERE A","7093716","2019-06-17 00:00","2019","06","17","00:00","","0.3","","0.0","","97","","","","26","","19","","0.8","","98.73","","","","","","Drizzle,Fog"
"-77.70","53.63","LA GRANDE RIVIERE A","7093716","2019-06-17 01:00","2019","06","17","01:00","","0.2","","-0.1","","98","","","","26","","20","","2.4","","98.73","","","","","","Drizzle,Fog"
"-77.70","53.63","LA GRANDE RIVIERE A","7093716","2019-06-17 02:00","2019","06","17","02:00","","0.0","","-0.3","","98","","","","24","","19","","2.4","","98.76","","","","-5","","Drizzle,Fog"
"-77.70","53.63","LA GRANDE RIVIERE A","7093716","2019-06-17 03:00","2019","06","17","03:00","","0.0","","-0.4","","97","","","","25","","22","","2.4","","98.78","","","","-6","","Drizzle,Fog"
"-77.70","53.63","LA GRANDE RIVIERE A","7093716","2019-06-17 04:00","2019","06","17","04:00","","0.0","","-0.3","","97","","","","25","","17","","3.2","","98.78","","","","-5","","Drizzle,Fog"
"-77.70","53.63","LA GRANDE RIVIERE A","7093716","2019-06-17 05:00","2019","06","17","05:00","","0.1","","-0.2","","97","","","","26","","21","","3.2","","98.78","","","","","","Drizzle,Fog"
"-77.70","53.63","LA GRANDE RIVIERE A","7093716","2019-06-17 06:00","2019","06","17","06:00","","0.3","","-0.1","","97","","","","26","","18","","2.0","","98.83","","","","","","Drizzle,Fog"
"-77.70","53.63","LA GRANDE RIVIERE A","7093716","2019-06-17 07:00","2019","06","17","07:00","","0.8","","0.5","","97","","","","26","","24","","2.0","","98.84","","","","","","Drizzle,Fog"
"-77.70","53.63","LA GRANDE RIVIERE A","7093716","2019-06-17 08:00","2019","06","17","08:00","","1.4","","1.1","","97","","","","26","","24","","4.8","","98.87","","","","","","Drizzle,Fog"
"-77.70","53.63","LA GRANDE RIVIERE A","7093716","2019-06-17 09:00","2019","06","17","09:00","","1.6","","1.1","","96","","","","25","","25","","6.4","","98.87","","","","","","Drizzle,Fog"
"-77.70","53.63","LA GRANDE RIVIERE A","7093716","2019-06-17 10:00","2019","06","17","10:00","","2.6","","1.8","","95","","","","25","","26","","4.8","","98.86","","","","","","Drizzle,Fog"
"-77.70","53.63","LA GRANDE RIVIERE A","7093716","2019-06-17 11:00","2019","06","17","11:00","","3.4","","2.6","","94","","","","26","","23","","4.8","","98.88","","","","","","Drizzle,Fog"
"-77.70","53.63","LA GRANDE RIVIERE A","7093716","2019-06-17 12:00","2019","06","17","12:00","","3.7","","2.7","","93","","","","24","","28","","4.8","","98.89","","","","","","Drizzle,Fog"
"-77.70","53.63","LA GRANDE RIVIERE A","7093716","2019-06-17 13:00","2019","06","17","13:00","","3.9","","3.1","","95","","","","26","","28","","4.8","","98.92","","","","","","Drizzle,Fog"
"-77.70","53.63","LA GRANDE RIVIERE A","7093716","2019-06-17 14:00","2019","06","17","14:00","","3.7","","2.8","","93","","","","25","","27","","4.0","","98.96","","","","","","Drizzle,Fog"
"-77.70","53.63","LA GRANDE RIVIERE A","7093716","2019-06-17 15:00","2019","06","17","15:00","","4.5","","3.2","","91","","","","25","","29","","16.1","","98.97","","","","","","NA"
"-77.70","53.63","LA GRANDE RIVIERE A","7093716","2019-06-17 16:00","2019","06","17","16:00","","5.0","","2.8","","86","","","","26","","32","","16.1","","99.00","","","","","","Cloudy"
"-77.70","53.63","LA GRANDE RIVIERE A","7093716","2019-06-17 17:00","2019","06","17","17:00","","4.8","","2.4","","85","","","","26","","31","","24.1","","99.02","","","","","","NA"
"-77.70","53.63","LA GRANDE RIVIERE A","7093716","2019-06-17 18:00","2019","06","17","18:00","","3.9","","2.0","","87","","","","25","","32","","24.1","","99.01","","","","","","NA"
"-77.70","53.63","LA GRANDE RIVIERE A","7093716","2019-06-17 19:00","2019","06","17","19:00","","3.3","","1.7","","89","","","","25","","23","","24.1","","99.01","","","","","","Cloudy"
"-77.70","53.63","LA GRANDE RIVIERE A","7093716","2019-06-17 20:00","2019","06","17","20:00","","2.8","","1.5","","91","","","","25","","20","","24.1","","98.99","","","","","","NA"
"-77.70","53.63","LA GRANDE RIVIERE A","7093716","2019-06-17 21:00","2019","06","17","21:00","","2.3","","1.1","","92","","","","25","","22","","24.1","","98.99","","","","","","NA"
"-77.70","53.63","LA GRANDE RIVIERE A","7093716","2019-06-17 22:00","2019","06","17","22:00","","1.4","","0.5","","94","","","","26","","26","","11.3","","99.00","","","","","","Cloudy"
"-77.70","53.63","LA GRANDE RIVIERE A","7093716","2019-06-17 23:00","2019","06","17","23:00","","0.8","","0.1","","95","","","","26","","24","","3.2","","98.97","","","","","","Fog"
"-77.70","53.63","LA GRANDE RIVIERE A","7093716","2019-06-18 00:00","2019","06","18","00:00","","0.5","","-0.1","","96","","","","26","","22","","0.8","","98.97","","","","","","Rain,Fog"
"-77.70","53.63","LA GRANDE RIVIERE A","7093716","2019-06-18 01:00","2019","06","18","01:00","","0.3","","-0.2","","97","","","","26","","22","","2.0","","98.97","","","","","","Rain,Fog"
"-77.70","53.63","LA GRANDE RIVIERE A","7093716","2019-06-18 02:00","2019","06","18","02:00","","0.4","","-0.1","","97","","","","25","","22","","2.4","","98.94","","","","","","Rain,Fog"
"-77.70","53.63","LA GRANDE RIVIERE A","7093716","2019-06-18 03:00","2019","06","18","03:00","","0.4","","0.0","","97","","","","26","","19","","2.4","","98.93","","","","","","Rain,Fog"
"-77.70","53.63","LA GRANDE RIVIERE A","7093716","2019-06-18 04:00","2019","06","18","04:00","","0.4","","0.0","","97","","","","26","","20","","2.4","","98.94","","","","","","Drizzle,Fog"
"-77.70","53.63","LA GRANDE RIVIERE A","7093716","2019-06-18 05:00","2019","06","18","05:00","","0.6","","0.2","","97","","","","26","","16","","2.4","","98.96","","","","","","Drizzle,Fog"
"-77.70","53.63","LA GRANDE RIVIERE A","7093716","2019-06-18 06:00","2019","06","18","06:00","","0.6","","0.2","","97","","","","26","","21","","2.4","","98.97","","","","","","Drizzle,Fog"
"-77.70","53.63","LA GRANDE RIVIERE A","7093716","2019-06-18 07:00","2019","06","18","07:00","","0.8","","0.4","","97","","","","26","","19","","2.4","","98.99","","","","","","Drizzle,Fog"
"-77.70","53.63","LA GRANDE RIVIERE A","7093716","2019-06-18 08:00","2019","06","18","08:00","","1.4","","1.0","","97","","","","25","","17","","4.0","","98.99","","","","","","Rain,Fog"
"-77.70","53.63","LA GRANDE RIVIERE A","7093716","2019-06-18 09:00","2019","06","18","09:00","","2.2","","1.7","","96","","","","25","","20","","3.2","","99.02","","","","","","Rain,Fog"
"-77.70","53.63","LA GRANDE RIVIERE A","7093716","2019-06-18 10:00","2019","06","18","10:00","","2.7","","2.0","","95","","","","24","","18","","4.8","","99.01","","","","","","Rain,Fog"
"-77.70","53.63","LA GRANDE RIVIERE A","7093716","2019-06-18 11:00","2019","06","18","11:00","","3.4","","2.7","","96","","","","24","","17","","4.0","","99.00","","","","","","Drizzle,Fog"
"-77.70","53.63","LA GRANDE RIVIERE A","7093716","2019-06-18 12:00","2019","06","18","12:00","","3.2","","2.5","","95","","","","24","","17","","3.2","","99.00","","","","","","Rain,Fog"
"-77.70","53.63","LA GRANDE RIVIERE A","7093716","2019-06-18 13:00","2019","06","18","13:00","","3.9","","3.0","","94","","","","26","","21","","6.4","","98.99","","","","","","Rain,Fog"
"-77.70","53.63","LA GRANDE RIVIERE A","7093716","2019-06-18 14:00","2019","06","18","14:00","","3.8","","3.0","","95","","","","25","","18","","6.4","","99.01","","","","","","Rain,Fog"
"-77.70","53.63","LA GRANDE RIVIERE A","7093716","2019-06-18 15:00","2019","06","18","15:00","","4.2","","3.4","","95","","","","26","","15","","4.0","","99.00","","","","","","Drizzle,Fog"
"-77.70","53.63","LA GRANDE RIVIERE A","7093716","2019-06-18 16:00","2019","06","18","16:00","","4.2","","3.4","","95","","","","24","","11","","4.8","","98.99","","","","","","Drizzle,Fog"
"-77.70","53.63","LA GRANDE RIVIERE A","7093716","2019-06-18 17:00","2019","06","18","17:00","","4.0","","3.3","","95","","","","25","","13","","4.8","","98.97","","","","","","Drizzle,Fog"
"-77.70","53.63","LA GRANDE RIVIERE A","7093716","2019-06-18 18:00","2019","06","18","18:00","","4.1","","3.3","","95","","","","25","","12","","8.1","","98.96","","","","","","Rain,Fog"
"-77.70","53.63","LA GRANDE RIVIERE A","7093716","2019-06-18 19:00","2019","06","18","19:00","","3.5","","2.9","","96","","","","26","","14","","3.2","","98.96","","","","","","Rain,Fog"
"-77.70","53.63","LA GRANDE RIVIERE A","7093716","2019-06-18 20:00","2019","06","18","20:00","","3.0","","2.3","","95","","","","27","","16","","8.1","","98.95","","","","","","Rain,Fog"
"-77.70","53.63","LA GRANDE RIVIERE A","7093716","2019-06-18 21:00","2019","06","18","21:00","","2.6","","2.0","","96","","","","27","","13","","8.1","","98.92","","","","","","Rain,Fog"
"-77.70","53.63","LA GRANDE RIVIERE A","7093716","2019-06-18 22:00","2019","06","18","22:00","","2.4","","1.9","","96","","","","28","","11","","3.2","","98.91","","","","","","Rain,Fog"
"-77.70","53.63","LA GRANDE RIVIERE A","7093716","2019-06-18 23:00","2019","06","18","23:00","","2.1","","1.6","","97","","","","30","","8","","3.2","","98.86","","","","","","Rain,Fog"
"-77.70","53.63","LA GRANDE RIVIERE A","7093716","2019-06-19 00:00","2019","06","19","00:00","","1.9","","1.5","","97","","","","25","","5","","2.4","","98.85","","","","","","Rain,Fog"
"-77.70","53.63","LA GRANDE RIVIERE A","7093716","2019-06-19 01:00","2019","06","19","01:00","","1.8","","1.3","","97","","","","25","","7","","2.4","","98.84","","","","","","Rain,Fog"
"-77.70","53.63","LA GRANDE RIVIERE A","7093716","2019-06-19 02:00","2019","06","19","02:00","","1.6","","1.2","","97","","","","24","","6","","4.8","","98.85","","","","","","Rain,Fog"
"-77.70","53.63","LA GRANDE RIVIERE A","7093716","2019-06-19 03:00","2019","06","19","03:00","","1.6","","1.2","","97","","","","25","","9","","2.4","","98.84","","","","","","Rain,Fog"
"-77.70","53.63","LA GRANDE RIVIERE A","7093716","2019-06-19 04:00","2019","06","19","04:00","","1.5","","1.1","","97","","","","26","","9","","0.8","","98.81","","","","","","Rain,Fog"
"-77.70","53.63","LA GRANDE RIVIERE A","7093716","2019-06-19 05:00","2019","06","19","05:00","","1.5","","1.2","","97","","","","27","","9","","0.8","","98.82","","","","","","Drizzle,Fog"
"-77.70","53.63","LA GRANDE RIVIERE A","7093716","2019-06-19 06:00","2019","06","19","06:00","","1.7","","1.3","","98","","","","28","","7","","0.6","","98.83","","","","","","Fog"
"-77.70","53.63","LA GRANDE RIVIERE A","7093716","2019-06-19 07:00","2019","06","19","07:00","","2.0","","1.6","","97","","","","29","","5","","16.1","","98.84","","","","","","Drizzle"
"-77.70","53.63","LA GRANDE RIVIERE A","7093716","2019-06-19 08:00","2019","06","19","08:00","","2.8","","2.0","","94","","","","26","","5","","16.1","","98.85","","","","","","Drizzle"
"-77.70","53.63","LA GRANDE RIVIERE A","7093716","2019-06-19 09:00","2019","06","19","09:00","","4.1","","2.2","","87","","","","","","0","","16.1","","98.86","","","","","","NA"
"-77.70","53.63","LA GRANDE RIVIERE A","7093716","2019-06-19 10:00","2019","06","19","10:00","","5.3","","3.4","","88","","","","24","","4","","24.1","","98.85","","","","","","Cloudy"
"-77.70","53.63","LA GRANDE RIVIERE A","7093716","2019-06-19 11:00","2019","06","19","11:00","","6.5","","3.9","","83","","","","","","0","","24.1","","98.84","","","","","","Rain"
"-77.70","53.63","LA GRANDE RIVIERE A","7093716","2019-06-19 12:00","2019","06","19","12:00","","6.9","","3.8","","81","","","","31","","4","","24.1","","98.85","","","","","","Rain"
"-77.70","53.63","LA GRANDE RIVIERE A","7093716","2019-06-19 13:00","2019","06","19","13:00","","7.6","","5.0","","84","","","","22","","6","","24.1","","98.84","","","","","","Rain"
"-77.70","53.63","LA GRANDE RIVIERE A","7093716","2019-06-19 14:00","2019","06","19","14:00","","8.2","","4.0","","75","","","","","","0","","24.1","","98.85","","","","","","NA"
"-77.70","53.63","LA GRANDE RIVIERE A","7093716","2019-06-19 15:00","2019","06","19","15:00","","10.3","","4.9","","69","","","","35","","4","","24.1","","98.83","","","","","","NA"
"-77.70","53.63","LA GRANDE RIVIERE A","7093716","2019-06-19 16:00","2019","06","19","16:00","","10.9","","5.5","","69","","","","3","","8","","24.1","","98.82","","","","","","Mostly Cloudy"
"-77.70","53.63","LA GRANDE RIVIERE A","7093716","2019-06-19 17:00","2019","06","19","17:00","","10.9","","5.0","","66","","","","5","","14","","24.1","","98.81","","","","","","NA"
"-77.70","53.63","LA GRANDE RIVIERE A","7093716","2019-06-19 18:00","2019","06","19","18:00","","11.0","","3.1","","58","","","","6","","12","","24.1","","98.82","","","","","","NA"
"-77.70","53.63","LA GRANDE RIVIERE A","7093716","2019-06-19 19:00","2019","06","19","19:00","","10.9","","3.5","","60","","","","14","","6","","24.1","","98.84","","","","","","Mostly Cloudy"
"-77.70","53.63","LA GRANDE RIVIERE A","7093716","2019-06-19 20:00","2019","06","19","20:00","","10.4","","4.4","","66","","","","16","","5","","24.1","","98.85","","","","","","NA"
"-77.70","53.63","LA GRANDE RIVIERE A","7093716","2019-06-19 21:00","2019","06","19","21:00","","9.9","","5.0","","71","","","","","","0","","24.1","","98.88","","","","","","NA"
"-77.70","53.63","LA GRANDE RIVIERE A","7093716","2019-06-19 22:00","2019","06","19","22:00","","7.7","","5.2","","84","","","","27","","10","","24.1","","98.86","","","","","","Mostly Cloudy"
"-77.70","53.63","LA GRANDE RIVIERE A","7093716","2019-06-19 23:00","2019","06","19","23:00","","8.0","","6.6","","91","","","","27","","7","","24.1","","98.88","","","","","","Rain"
"-77.70","53.63","LA GRANDE RIVIERE A","7093716","2019-06-20 00:00","2019","06","20","00:00","","7.9","","6.5","","91","","","","29","","8","","24.1","","98.89","","","","","","NA"
"-77.70","53.63","LA GRANDE RIVIERE A","7093716","2019-06-20 01:00","2019","06","20","01:00","","7.8","","6.0","","89","","","","30","","8","","24.1","","98.89","","","","","","Mostly Cloudy"
"-77.70","53.63","LA GRANDE RIVIERE A","7093716","2019-06-20 02:00","2019","06","20","02:00","","7.2","","5.1","","87","","","","33","","7","","24.1","","98.88","","","","","","NA"
"-77.70","53.63","LA GRANDE RIVIERE A","7093716","2019-06-20 03:00","2019","06","20","03:00","","6.9","","4.8","","87","","","","33","","7","","24.1","","98.88","","","","","","Rain"
"-77.70","53.63","LA GRANDE RIVIERE A","7093716","2019-06-20 04:00","2019","06","20","04:00","","6.7","","4.9","","88","","","","34","","5","","24.1","","98.90","","","","","","Rain"
"-77.70","53.63","LA GRANDE RIVIERE A","7093716","2019-06-20 05:00","2019","06","20","05:00","","6.7","","5.3","","90","","","","33","","8","","24.1","","98.90","","","","","","Rain"
"-77.70","53.63","LA GRANDE RIVIERE A","7093716","2019-06-20 06:00","2019","06","20","06:00","","7.5","","5.7","","89","","","","34","","7","","24.1","","98.93","","","","","","NA"
"-77.70","53.63","LA GRANDE RIVIERE A","7093716","2019-06-20 07:00","2019","06","20","07:00","","8.3","","6.2","","86","","","","33","","9","","24.1","","98.95","","","","","","Mostly Cloudy"
"-77.70","53.63","LA GRANDE RIVIERE A","7093716","2019-06-20 08:00","2019","06","20","08:00","","9.6","","6.9","","83","","","","31","","9","","24.1","","98.98","","","","","","NA"
"-77.70","53.63","LA GRANDE RIVIERE A","7093716","2019-06-20 09:00","2019","06","20","09:00","","11.6","","7.9","","78","","","","33","","7","","24.1","","98.98","","","","","","NA"
"-77.70","53.63","LA GRANDE RIVIERE A","7093716","2019-06-20 10:00","2019","06","20","10:00","","14.2","","7.7","","65","","","","32","","9","","24.1","","98.98","","","","","","Mainly Clear"
"-77.70","53.63","LA GRANDE RIVIERE A","7093716","2019-06-20 11:00","2019","06","20","11:00","","15.8","","7.5","","57","","","","1","","10","","24.1","","98.91","","","","","","NA"
"-77.70","53.63","LA GRANDE RIVIERE A","7093716","2019-06-20 12:00","2019","06","20","12:00","","17.8","","7.3","","50","","","","33","","19","","24.1","","98.87","","","","","","NA"
"-77.70","53.63","LA GRANDE RIVIERE A","7093716","2019-06-20 13:00","2019","06","20","13:00","","17.2","","8.0","","54","","","","35","","15","","24.1","","98.85","","","","","","Mostly Cloudy"
"-77.70","53.63","LA GRANDE RIVIERE A","7093716","2019-06-20 14:00","2019","06","20","14:00","","17.1","","9.3","","60","","","","36","","17","","24.1","","98.83","","","","","","NA"
"-77.70","53.63","LA GRANDE RIVIERE A","7093716","2019-06-20 15:00","2019","06","20","15:00","","17.2","","9.1","","59","","","","30","","13","","24.1","","98.82","","","","","","NA"
"-77.70","53.63","LA GRANDE RIVIERE A","7093716","2019-06-20 16:00","2019","06","20","16:00","","15.1","","11.5","","79","","","","","","0","","24.1","","98.82","","","","","","Mostly Cloudy"
"-77.70","53.63","LA GRANDE RIVIERE A","7093716","2019-06-20 17:00","2019","06","20","17:00","","13.9","","10.4","","79","","","","8","","17","","24.1","","98.85","","","","","","Rain Showers"
"-77.70","53.63","LA GRANDE RIVIERE A","7093716","2019-06-20 18:00","2019","06","20","18:00","","15.8","","11.1","","73","","","","27","","10","","24.1","","98.85","","","","","","NA"
"-77.70","53.63","LA GRANDE RIVIERE A","7093716","2019-06-20 19:00","2019","06","20","19:00","","17.3","","8.3","","55","","","","35","","12","","24.1","","98.86","","","","","","Mostly Cloudy"
"-77.70","53.63","LA GRANDE RIVIERE A","7093716","2019-06-20 20:00","2019","06","20","20:00","","15.4","","5.9","","53","","","","33","","12","","24.1","","98.90","","","","","","NA"
"-77.70","53.63","LA GRANDE RIVIERE A","7093716","2019-06-20 21:00","2019","06","20","21:00","","12.8","","5.6","","61","","","","33","","11","","24.1","","98.93","","","","","","NA"
"-77.70","53.63","LA GRANDE RIVIERE A","7093716","2019-06-20 22:00","2019","06","20","22:00","","10.7","","5.9","","72","","","","33","","8","","24.1","","98.96","","","","","","Mainly Clear"
"-77.70","53.63","LA GRANDE RIVIERE A","7093716","2019-06-20 23:00","2019","06","20","23:00","","9.1","","5.6","","79","","","","32","","8","","24.1","","98.99","","","","","","NA"
"-77.70","53.63","LA GRANDE RIVIERE A","7093716","2019-06-21 00:00","2019","06","21","00:00","","7.8","","4.9","","82","","","","31","","8","","24.1","","98.99","","","","","","NA"
"-77.70","53.63","LA GRANDE RIVIERE A","7093716","2019-06-21 01:00","2019","06","21","01:00","","6.9","","4.3","","84","","","","31","","8","","24.1","","99.00","","","","","","Mainly Clear"
"-77.70","53.63","LA GRANDE RIVIERE A","7093716","2019-06-21 02:00","2019","06","21","02:00","","6.5","","4.2","","86","","","","33","","6","","24.1","","98.99","","","","","","NA"
"-77.70","53.63","LA GRANDE RIVIERE A","7093716","2019-06-21 03:00","2019","06","21","03:00","","6.0","","4.1","","87","","","","34","","7","","24.1","","99.01","","","","","","NA"
"-77.70","53.63","LA GRANDE RIVIERE A","7093716","2019-06-21 04:00","2019","06","21","04:00","","5.8","","4.1","","89","","","","35","","7","","24.1","","99.05","","","","","","Mainly Clear"
"-77.70","53.63","LA GRANDE RIVIERE A","7093716","2019-06-21 05:00","2019","06","21","05:00","","6.3","","4.0","","85","","","","35","","10","","24.1","","99.09","","","","","","NA"
"-77.70","53.63","LA GRANDE RIVIERE A","7093716","2019-06-21 06:00","2019","06","21","06:00","","8.4","","4.7","","77","","","","35","","8","","24.1","","99.14","","","","","","NA"
"-77.70","53.63","LA GRANDE RIVIERE A","7093716","2019-06-21 07:00","2019","06","21","07:00","","10.5","","5.3","","70","","","","36","","7","","24.1","","99.19","","","","","","Clear"
"-77.70","53.63","LA GRANDE RIVIERE A","7093716","2019-06-21 08:00","2019","06","21","08:00","","13.3","","6.7","","64","","","","36","","8","","24.1","","99.22","","","","","","NA"
"-77.70","53.63","LA GRANDE RIVIERE A","7093716","2019-06-21 09:00","2019","06","21","09:00","","15.7","","7.5","","58","","","","1","","9","","24.1","","99.24","","","","","","NA"
"-77.70","53.63","LA GRANDE RIVIERE A","7093716","2019-06-21 10:00","2019","06","21","10:00","","17.4","","7.9","","53","","","","2","","15","","24.1","","99.24","","","","","","Clear"
"-77.70","53.63","LA GRANDE RIVIERE A","7093716","2019-06-21 11:00","2019","06","21","11:00","","18.9","","7.8","","48","","","","36","","12","","24.1","","99.22","","","","","","NA"
"-77.70","53.63","LA GRANDE RIVIERE A","7093716","2019-06-21 12:00","2019","06","21","12:00","","19.9","","6.0","","40","","","","2","","11","","24.1","","99.21","","","","","","NA"
"-77.70","53.63","LA GRANDE RIVIERE A","7093716","2019-06-21 13:00","2019","06","21","13:00","","20.1","","5.7","","39","","","","34","","3","","24.1","","99.22","","","","","","Mainly Clear"
"-77.70","53.63","LA GRANDE RIVIERE A","7093716","2019-06-21 14:00","2019","06","21","14:00","","21.0","","6.0","","37","","","","35","","16","","24.1","","99.24","","","","","","NA"
"-77.70","53.63","LA GRANDE RIVIERE A","7093716","2019-06-21 15:00","2019","06","21","15:00","","20.4","","7.3","","42","","","","1","","17","","24.1","","99.25","","","","","","NA"
"-77.70","53.63","LA GRANDE RIVIERE A","7093716","2019-06-21 16:00","2019","06","21","16:00","","19.7","","7.6","","45","","","","35","","13","","24.1","","99.26","","","","","","Mainly Clear"
"-77.70","53.63","LA GRANDE RIVIERE A","7093716","2019-06-21 17:00","2019","06","21","17:00","","20.4","","7.3","","42","","","","36","","14","","24.1","","99.27","","","","","","NA"
"-77.70","53.63","LA GRANDE RIVIERE A","7093716","2019-06-21 18:00","2019","06","21","18:00","","19.1","","5.7","","41","","","","34","","17","","24.1","","99.30","","","","","","NA"
"-77.70","53.63","LA GRANDE RIVIERE A","7093716","2019-06-21 19:00","2019","06","21","19:00","","17.2","","6.3","","49","","","","33","","17","","24.1","","99.34","","","","","","Mainly Clear"
"-77.70","53.63","LA GRANDE RIVIERE A","7093716","2019-06-21 20:00","2019","06","21","20:00","","14.9","","5.6","","53","","","","33","","18","","24.1","","99.39","","","","","","NA"
"-77.70","53.63","LA GRANDE RIVIERE A","7093716","2019-06-21 21:00","2019","06","21","21:00","","12.2","","5.3","","62","","","","33","","7","","24.1","","99.44","","","","","","NA"
"-77.70","53.63","LA GRANDE RIVIERE A","7093716","2019-06-21 22:00","2019","06","21","22:00","","10.2","","4.5","","67","","","","33","","8","","24.1","","99.44","","","","","","Cloudy"
"-77.70","53.63","LA GRANDE RIVIERE A","7093716","2019-06-21 23:00","2019","06","21","23:00","","8.6","","4.2","","74","","","","31","","9","","24.1","","99.46","","","","","","NA"
"-77.70","53.63","LA GRANDE RIVIERE A","7093716","2019-06-22 00:00","2019","06","22","00:00","","7.0","","3.9","","80","","","","28","","5","","24.1","","99.49","","","","","","NA"
"-77.70","53.63","LA GRANDE RIVIERE A","7093716","2019-06-22 01:00","2019","06","22","01:00","","6.3","","3.4","","82","","","","32","","6","","24.1","","99.45","","","","","","Mostly Cloudy"
"-77.70","53.63","LA GRANDE RIVIERE A","7093716","2019-06-22 02:00","2019","06","22","02:00","","5.2","","3.0","","86","","","","31","","7","","24.1","","99.44","","","","","","NA"
"-77.70","53.63","LA GRANDE RIVIERE A","7093716","2019-06-22 03:00","2019","06","22","03:00","","4.4","","3.1","","91","","","","29","","8","","24.1","","99.48","","","","","","NA"
"-77.70","53.63","LA GRANDE RIVIERE A","7093716","2019-06-22 04:00","2019","06","22","04:00","","4.4","","3.2","","92","","","","30","","6","","24.1","","99.51","","","","","","Mostly Cloudy"
"-77.70","53.63","LA GRANDE RIVIERE A","7093716","2019-06-22 05:00","2019","06","22","05:00","","4.1","","3.2","","94","","","","30","","6","","24.1","","99.55","","","","","","NA"
"-77.70","53.63","LA GRANDE RIVIERE A","7093716","2019-06-22 06:00","2019","06","22","06:00","","5.5","","4.1","","91","","","","30","","10","","24.1","","99.62","","","","","","NA"
"-77.70","53.63","LA GRANDE RIVIERE A","7093716","2019-06-22 07:00","2019","06","22","07:00","","7.8","","5.6","","86","","","","31","","8","","24.1","","99.63","","","","","","Mainly Clear"
"-77.70","53.63","LA GRANDE RIVIERE A","7093716","2019-06-22 08:00","2019","06","22","08:00","","10.8","","6.6","","75","","","","29","","11","","24.1","","99.59","","","","","","NA"
"-77.70","53.63","LA GRANDE RIVIERE A","7093716","2019-06-22 09:00","2019","06","22","09:00","","13.6","","7.8","","68","","","","29","","15","","24.1","","99.56","","","","","","NA"
"-77.70","53.63","LA GRANDE RIVIERE A","7093716","2019-06-22 10:00","2019","06","22","10:00","","13.9","","7.9","","67","","","","30","","14","","24.1","","99.56","","","","","","Cloudy"
"-77.70","53.63","LA GRANDE RIVIERE A","7093716","2019-06-22 11:00","2019","06","22","11:00","","16.2","","8.4","","60","","","","1","","11","","24.1","","99.55","","","","","","NA"
"-77.70","53.63","LA GRANDE RIVIERE A","7093716","2019-06-22 12:00","2019","06","22","12:00","","18.4","","8.5","","52","","","","34","","11","","24.1","","99.50","","","","","","NA"
"-77.70","53.63","LA GRANDE RIVIERE A","7093716","2019-06-22 13:00","2019","06","22","13:00","","19.9","","7.2","","43","","","","29","","14","","24.1","","99.48","","","","","","Mostly Cloudy"
"-77.70","53.63","LA GRANDE RIVIERE A","7093716","2019-06-22 14:00","2019","06","22","14:00","","21.5","","6.3","","37","","","","30","","18","","24.1","","99.45","","","","","","NA"
"-77.70","53.63","LA GRANDE RIVIERE A","7093716","2019-06-22 15:00","2019","06","22","15:00","","21.9","","6.5","","36","","","","31","","18","","24.1","","99.43","","","","","","NA"
"-77.70","53.63","LA GRANDE RIVIERE A","7093716","2019-06-22 16:00","2019","06","22","16:00","","21.3","","7.5","","40","","","","29","","19","","24.1","","99.42","","","","","","Cloudy"
"-77.70","53.63","LA GRANDE RIVIERE A","7093716","2019-06-22 17:00","2019","06","22","17:00","","20.6","","6.9","","41","","","","31","","22","","24.1","","99.43","","","","","","NA"
"-77.70","53.63","LA GRANDE RIVIERE A","7093716","2019-06-22 18:00","2019","06","22","18:00","","19.7","","7.8","","46","","","","32","","17","","24.1","","99.40","","","","","","NA"
"-77.70","53.63","LA GRANDE RIVIERE A","7093716","2019-06-22 19:00","2019","06","22","19:00","","18.7","","5.7","","42","","","","31","","17","","24.1","","99.36","","","","","","Cloudy"
"-77.70","53.63","LA GRANDE RIVIERE A","7093716","2019-06-22 20:00","2019","06","22","20:00","","16.2","","6.3","","52","","","","33","","13","","24.1","","99.34","","","","","","NA"
"-77.70","53.63","LA GRANDE RIVIERE A","7093716","2019-06-22 21:00","2019","06","22","21:00","","13.3","","5.3","","58","","","","33","","8","","24.1","","99.35","","","","","","NA"
"-77.70","53.63","LA GRANDE RIVIERE A","7093716","2019-06-22 22:00","2019","06","22","22:00","","10.8","","5.5","","70","","","","35","","7","","24.1","","99.34","","","","","","Cloudy"
"-77.70","53.63","LA GRANDE RIVIERE A","7093716","2019-06-22 23:00","2019","06","22","23:00","","9.3","","5.4","","76","","","","35","","10","","24.1","","99.33","","","","","","NA"
"-77.70","53.63","LA GRANDE RIVIERE A","7093716","2019-06-23 00:00","2019","06","23","00:00","","8.0","","4.7","","79","","","","35","","7","","24.1","","99.35","","","","","","NA"
"-77.70","53.63","LA GRANDE RIVIERE A","7093716","2019-06-23 01:00","2019","06","23","01:00","","6.6","","4.1","","84","","","","1","","3","","24.1","","99.36","","","","","","Cloudy"
"-77.70","53.63","LA GRANDE RIVIERE A","7093716","2019-06-23 02:00","2019","06","23","02:00","","5.4","","3.6","","88","","","","1","","7","","24.1","","99.39","","","","","","NA"
"-77.70","53.63","LA GRANDE RIVIERE A","7093716","2019-06-23 03:00","2019","06","23","03:00","","4.9","","3.4","","90","","","","2","","7","","24.1","","99.39","","","","","","NA"
"-77.70","53.63","LA GRANDE RIVIERE A","7093716","2019-06-23 04:00","2019","06","23","04:00","","4.7","","3.3","","91","","","","3","","9","","24.1","","99.39","","","","","","Mainly Clear"
"-77.70","53.63","LA GRANDE RIVIERE A","7093716","2019-06-23 05:00","2019","06","23","05:00","","5.6","","3.7","","88","","","","3","","9","","24.1","","99.42","","","","","","NA"
"-77.70","53.63","LA GRANDE RIVIERE A","7093716","2019-06-23 06:00","2019","06","23","06:00","","7.8","","4.5","","79","","","","4","","12","","24.1","","99.46","","","","","","NA"
"-77.70","53.63","LA GRANDE RIVIERE A","7093716","2019-06-23 07:00","2019","06","23","07:00","","10.0","","5.1","","72","","","","6","","9","","24.1","","99.49","","","","","","Mainly Clear"
"-77.70","53.63","LA GRANDE RIVIERE A","7093716","2019-06-23 08:00","2019","06","23","08:00","","12.3","","4.2","","58","","","","6","","14","","24.1","","99.53","","","","","","NA"
"-77.70","53.63","LA GRANDE RIVIERE A","7093716","2019-06-23 09:00","2019","06","23","09:00","","13.3","","3.6","","52","","","","5","","16","","24.1","","99.56","","","","","","NA"
"-77.70","53.63","LA GRANDE RIVIERE A","7093716","2019-06-23 10:00","2019","06","23","10:00","","14.6","","3.8","","48","","","","6","","9","","24.1","","99.51","","","","","","Mainly Clear"
"-77.70","53.63","LA GRANDE RIVIERE A","7093716","2019-06-23 11:00","2019","06","23","11:00","","15.8","","2.5","","41","","","","7","","13","","24.1","","99.48","","","","","","NA"
"-77.70","53.63","LA GRANDE RIVIERE A","7093716","2019-06-23 12:00","2019","06","23","12:00","","16.4","","2.8","","40","","","","5","","13","","24.1","","99.39","","","","","","NA"
"-77.70","53.63","LA GRANDE RIVIERE A","7093716","2019-06-23 13:00","2019","06","23","13:00","","17.1","","2.2","","36","","","","5","","12","","24.1","","99.36","","","","","","Mainly Clear"
"-77.70","53.63","LA GRANDE RIVIERE A","7093716","2019-06-23 14:00","2019","06","23","14:00","","17.5","","1.7","","34","","","","7","","12","","24.1","","99.30","","","","","","NA"
"-77.70","53.63","LA GRANDE RIVIERE A","7093716","2019-06-23 15:00","2019","06","23","15:00","","18.6","","0.8","","30","","","","5","","16","","24.1","","99.25","","","","","","NA"
"-77.70","53.63","LA GRANDE RIVIERE A","7093716","2019-06-23 16:00","2019","06","23","16:00","","18.9","","1.1","","30","","","","7","","21","","24.1","","99.24","","","","","","Mainly Clear"
"-77.70","53.63","LA GRANDE RIVIERE A","7093716","2019-06-23 17:00","2019","06","23","17:00","","18.4","","2.1","","33","","","","11","","5","","24.1","","99.23","","","","","","NA"
"-77.70","53.63","LA GRANDE RIVIERE A","7093716","2019-06-23 18:00","2019","06","23","18:00","","18.7","","1.8","","32","","","","10","","9","","24.1","","99.28","","","","","","NA"
"-77.70","53.63","LA GRANDE RIVIERE A","7093716","2019-06-23 19:00","2019","06","23","19:00","","17.8","","1.8","","34","","","","11","","13","","24.1","","99.25","","","","","","Cloudy"
"-77.70","53.63","LA GRANDE RIVIERE A","7093716","2019-06-23 20:00","2019","06","23","20:00","","16.6","","2.0","","37","","","","10","","14","","24.1","","99.23","","","","","","NA"
"-77.70","53.63","LA GRANDE RIVIERE A","7093716","2019-06-23 21:00","2019","06","23","21:00","","13.8","","3.3","","49","","","","10","","10","","24.1","","99.22","","","","","","NA"
"-77.70","53.63","LA GRANDE RIVIERE A","7093716","2019-06-23 22:00","2019","06","23","22:00","","12.3","","2.0","","49","","","","9","","8","","24.1","","99.21","","","","","","Cloudy"
"-77.70","53.63","LA GRANDE RIVIERE A","7093716","2019-06-23 23:00","2019","06","23","23:00","","11.5","","2.9","","55","","","","9","","10","","24.1","","99.21","","","","","","NA"
"-77.70","53.63","LA GRANDE RIVIERE A","7093716","2019-06-24 00:00","2019","06","24","00:00","","10.8","","4.6","","65","","","","6","","12","","24.1","","99.24","","","","","","NA"
"-77.70","53.63","LA GRANDE RIVIERE A","7093716","2019-06-24 01:00","2019","06","24","01:00","","10.8","","2.7","","57","","","","8","","13","","24.1","","99.21","","","","","","Mainly Clear"
"-77.70","53.63","LA GRANDE RIVIERE A","7093716","2019-06-24 02:00","2019","06","24","02:00","","9.9","","3.2","","63","","","","7","","12","","24.1","","99.20","","","","","","NA"
"-77.70","53.63","LA GRANDE RIVIERE A","7093716","2019-06-24 03:00","2019","06","24","03:00","","9.0","","3.9","","70","","","","9","","14","","24.1","","99.19","","","","","","NA"
"-77.70","53.63","LA GRANDE RIVIERE A","7093716","2019-06-24 04:00","2019","06","24","04:00","","7.6","","2.9","","72","","","","9","","10","","24.1","","99.24","","","","","","Mainly Clear"
"-77.70","53.63","LA GRANDE RIVIERE A","7093716","2019-06-24 05:00","2019","06","24","05:00","","8.4","","2.8","","68","","","","11","","11","","24.1","","99.31","","","","","","NA"
"-77.70","53.63","LA GRANDE RIVIERE A","7093716","2019-06-24 06:00","2019","06","24","06:00","","11.4","","3.0","","56","","","","10","","16","","24.1","","99.31","","","","","","NA"
"-77.70","53.63","LA GRANDE RIVIERE A","7093716","2019-06-24 07:00","2019","06","24","07:00","","13.7","","3.1","","49","","","","11","","18","","24.1","","99.29","","","","","","Mainly Clear"
"-77.70","53.63","LA GRANDE RIVIERE A","7093716","2019-06-24 08:00","2019","06","24","08:00","","15.5","","3.4","","44","","","","9","","17","","24.1","","99.27","","","","","","NA"
"-77.70","53.63","LA GRANDE RIVIERE A","7093716","2019-06-24 09:00","2019","06","24","09:00","","16.9","","2.4","","37","","","","8","","21","","24.1","","99.24","","","","","","NA"
"-77.70","53.63","LA GRANDE RIVIERE A","7093716","2019-06-24 10:00","2019","06","24","10:00","","18.2","","2.4","","34","","","","7","","18","","24.1","","99.22","","","","","","Mainly Clear"
"-77.70","53.63","LA GRANDE RIVIERE A","7093716","2019-06-24 11:00","2019","06","24","11:00","","18.5","","2.7","","34","","","","7","","24","","24.1","","99.15","","","","","","NA"
"-77.70","53.63","LA GRANDE RIVIERE A","7093716","2019-06-24 12:00","2019","06","24","12:00","","19.0","","3.6","","36","","","","6","","22","","24.1","","99.11","","","","","","NA"
"-77.70","53.63","LA GRANDE RIVIERE A","7093716","2019-06-24 13:00","2019","06","24","13:00","","19.8","","4.7","","37","","","","8","","21","","24.1","","99.06","","","","","","Mostly Cloudy"
"-77.70","53.63","LA GRANDE RIVIERE A","7093716","2019-06-24 14:00","2019","06","24","14:00","","20.2","","4.6","","35","","","","7","","23","","24.1","","99.00","","","","","","NA"
"-77.70","53.63","LA GRANDE RIVIERE A","7093716","2019-06-24 15:00","2019","06","24","15:00","","20.6","","4.8","","35","","","","7","","24","","24.1","","98.96","","","","","","NA"
"-77.70","53.63","LA GRANDE RIVIERE A","7093716","2019-06-24 16:00","2019","06","24","16:00","","20.8","","4.4","","34","","","","7","","24","","24.1","","98.89","","","","","","Mostly Cloudy"
"-77.70","53.63","LA GRANDE RIVIERE A","7093716","2019-06-24 17:00","2019","06","24","17:00","","20.9","","4.8","","35","","","","7","","28","","24.1","","98.84","","","","","","NA"
"-77.70","53.63","LA GRANDE RIVIERE A","7093716","2019-06-24 18:00","2019","06","24","18:00","","20.5","","5.3","","37","","","","7","","26","","24.1","","98.81","","","","","","NA"
"-77.70","53.63","LA GRANDE RIVIERE A","7093716","2019-06-24 19:00","2019","06","24","19:00","","19.4","","5.8","","40","","","","8","","20","","22.5","","98.76","","","","","","Cloudy"
"-77.70","53.63","LA GRANDE RIVIERE A","7093716","2019-06-24 20:00","2019","06","24","20:00","","17.9","","5.8","","45","","","","8","","18","","24.1","","98.73","","","","","","NA"
"-77.70","53.63","LA GRANDE RIVIERE A","7093716","2019-06-24 21:00","2019","06","24","21:00","","17.2","","5.2","","45","","","","8","","16","","24.1","","98.74","","","","","","NA"
"-77.70","53.63","LA GRANDE RIVIERE A","7093716","2019-06-24 22:00","2019","06","24","22:00","","15.6","","5.8","","52","","","","10","","12","","24.1","","98.70","","","","","","Mostly Cloudy"
"-77.70","53.63","LA GRANDE RIVIERE A","7093716","2019-06-24 23:00","2019","06","24","23:00","","15.1","","6.0","","54","","","","10","","16","","24.1","","98.66","","","","","","NA"
"-77.70","53.63","LA GRANDE RIVIERE A","7093716","2019-06-25 00:00","2019","06","25","00:00","","14.2","","6.4","","59","","","","10","","14","","24.1","","98.65","","","","","","NA"
"-77.70","53.63","LA GRANDE RIVIERE A","7093716","2019-06-25 01:00","2019","06","25","01:00","","13.9","","6.1","","59","","","","10","","14","","24.1","","98.63","","","","","","Cloudy"
"-77.70","53.63","LA GRANDE RIVIERE A","7093716","2019-06-25 02:00","2019","06","25","02:00","","13.7","","6.2","","60","","","","10","","17","","24.1","","98.62","","","","","","NA"
"-77.70","53.63","LA GRANDE RIVIERE A","7093716","2019-06-25 03:00","2019","06","25","03:00","","13.4","","6.2","","61","","","","9","","16","","24.1","","98.60","","","","","","NA"
"-77.70","53.63","LA GRANDE RIVIERE A","7093716","2019-06-25 04:00","2019","06","25","04:00","","13.3","","5.8","","60","","","","10","","21","","24.1","","98.54","","","","","","Cloudy"
"-77.70","53.63","LA GRANDE RIVIERE A","7093716","2019-06-25 05:00","2019","06","25","05:00","","13.8","","6.0","","59","","","","11","","23","","24.1","","98.51","","","","","","NA"
"-77.70","53.63","LA GRANDE RIVIERE A","7093716","2019-06-25 06:00","2019","06","25","06:00","","14.4","","6.1","","57","","","","10","","23","","24.1","","98.47","","","","","","NA"
"-77.70","53.63","LA GRANDE RIVIERE A","7093716","2019-06-25 07:00","2019","06","25","07:00","","16.1","","6.4","","52","","","","9","","23","","24.1","","98.45","","","","","","Cloudy"
"-77.70","53.63","LA GRANDE RIVIERE A","7093716","2019-06-25 08:00","2019","06","25","08:00","","17.8","","6.0","","46","","","","10","","24","","24.1","","98.40","","","","","","NA"
"-77.70","53.63","LA GRANDE RIVIERE A","7093716","2019-06-25 09:00","2019","06","25","09:00","","18.6","","5.7","","42","","","","10","","30","","24.1","","98.34","","","","","","NA"
"-77.70","53.63","LA GRANDE RIVIERE A","7093716","2019-06-25 10:00","2019","06","25","10:00","","20.0","","5.3","","38","","","","10","","31","","24.1","","98.32","","","","","","Cloudy"
"-77.70","53.63","LA GRANDE RIVIERE A","7093716","2019-06-25 11:00","2019","06","25","11:00","","21.6","","5.0","","33","","","","11","","36","","24.1","","98.25","","","","","","NA"
"-77.70","53.63","LA GRANDE RIVIERE A","7093716","2019-06-25 12:00","2019","06","25","12:00","","22.7","","4.2","","30","","","","10","","35","","24.1","","98.18","","","","","","NA"
"-77.70","53.63","LA GRANDE RIVIERE A","7093716","2019-06-25 13:00","2019","06","25","13:00","","22.1","","4.5","","31","","","","10","","26","","24.1","","98.13","","","","","","Cloudy"
"-77.70","53.63","LA GRANDE RIVIERE A","7093716","2019-06-25 14:00","2019","06","25","14:00","","22.6","","4.3","","30","","","","10","","35","","24.1","","98.07","","","","","","NA"
"-77.70","53.63","LA GRANDE RIVIERE A","7093716","2019-06-25 15:00","2019","06","25","15:00","","22.9","","3.2","","27","","","","12","","35","","24.1","","98.05","","","","","","NA"
"-77.70","53.63","LA GRANDE RIVIERE A","7093716","2019-06-25 16:00","2019","06","25","16:00","","22.4","","4.1","","30","","","","11","","30","","24.1","","98.02","","","","","","Cloudy"
"-77.70","53.63","LA GRANDE RIVIERE A","7093716","2019-06-25 17:00","2019","06","25","17:00","","16.7","","9.2","","61","","","","17","","27","","24.1","","98.04","","","","","","Rain"
"-77.70","53.63","LA GRANDE RIVIERE A","7093716","2019-06-25 18:00","2019","06","25","18:00","","15.7","","9.7","","67","","","","16","","21","","24.1","","98.02","","","","","","Rain"
"-77.70","53.63","LA GRANDE RIVIERE A","7093716","2019-06-25 19:00","2019","06","25","19:00","","14.3","","10.3","","77","","","","15","","26","","16.1","","98.05","","","","","","Rain"
"-77.70","53.63","LA GRANDE RIVIERE A","7093716","2019-06-25 20:00","2019","06","25","20:00","","13.2","","11.1","","87","","","","12","","24","","12.9","","98.04","","","","","","Rain"
"-77.70","53.63","LA GRANDE RIVIERE A","7093716","2019-06-25 21:00","2019","06","25","21:00","","13.3","","11.2","","87","","","","12","","27","","24.1","","98.01","","","","","","Rain"
"-77.70","53.63","LA GRANDE RIVIERE A","7093716","2019-06-25 22:00","2019","06","25","22:00","","13.7","","11.2","","85","","","","11","","26","","24.1","","97.93","","","","","","Cloudy"
"-77.70","53.63","LA GRANDE RIVIERE A","7093716","2019-06-25 23:00","2019","06","25","23:00","","13.3","","11.1","","87","","","","10","","25","","24.1","","97.90","","","","","","NA"
"-77.70","53.63","LA GRANDE RIVIERE A","7093716","2019-06-26 00:00","2019","06","26","00:00","","13.6","","11.4","","87","","","","10","","25","","24.1","","97.82","","","","","","NA"
"-77.70","53.63","LA GRANDE RIVIERE A","7093716","2019-06-26 01:00","2019","06","26","01:00","","13.6","","12.1","","91","","","","10","","23","","24.1","","97.79","","","","","","Rain"
"-77.70","53.63","LA GRANDE RIVIERE A","7093716","2019-06-26 02:00","2019","06","26","02:00","","13.9","","12.4","","90","","","","11","","23","","24.1","","97.76","","","","","","NA"
"-77.70","53.63","LA GRANDE RIVIERE A","7093716","2019-06-26 03:00","2019","06","26","03:00","","13.9","","12.9","","94","","","","11","","21","","4.8","","97.73","","","","","","Rain,Fog"
"-77.70","53.63","LA GRANDE RIVIERE A","7093716","2019-06-26 04:00","2019","06","26","04:00","","14.1","","13.3","","95","","","","12","","18","","8.1","","97.74","","","","","","Drizzle,Fog"
"-77.70","53.63","LA GRANDE RIVIERE A","7093716","2019-06-26 05:00","2019","06","26","05:00","","14.8","","14.0","","95","","","","13","","18","","8.1","","97.75","","","","","","Drizzle,Fog"
"-77.70","53.63","LA GRANDE RIVIERE A","7093716","2019-06-26 06:00","2019","06","26","06:00","","15.1","","14.1","","94","","","","13","","18","","8.1","","97.76","","","","","","Drizzle,Fog"
"-77.70","53.63","LA GRANDE RIVIERE A","7093716","2019-06-26 07:00","2019","06","26","07:00","","15.3","","14.4","","94","","","","14","","20","","8.1","","97.77","","","","","","Rain,Drizzle,Fog"
"-77.70","53.63","LA GRANDE RIVIERE A","7093716","2019-06-26 08:00","2019","06","26","08:00","","15.8","","14.7","","93","","","","15","","19","","24.1","","97.79","","","","","","Rain"
"-77.70","53.63","LA GRANDE RIVIERE A","7093716","2019-06-26 09:00","2019","06","26","09:00","","17.0","","14.7","","86","","","","16","","25","","24.1","","97.80","","","","","","NA"
"-77.70","53.63","LA GRANDE RIVIERE A","7093716","2019-06-26 10:00","2019","06","26","10:00","","16.2","","15.2","","93","","","","15","","26","","6.4","","97.83","","","","","","Rain,Fog"
"-77.70","53.63","LA GRANDE RIVIERE A","7093716","2019-06-26 11:00","2019","06","26","11:00","","15.7","","14.4","","92","","","","19","","21","","8.1","","97.89","","","","","","Rain,Fog"
"-77.70","53.63","LA GRANDE RIVIERE A","7093716","2019-06-26 12:00","2019","06","26","12:00","","16.2","","13.4","","83","","","","19","","23","","24.1","","97.96","","","","","","NA"
"-77.70","53.63","LA GRANDE RIVIERE A","7093716","2019-06-26 13:00","2019","06","26","13:00","","18.1","","13.6","","75","","","","19","","21","","24.1","","97.99","","","","","","Mostly Cloudy"
"-77.70","53.63","LA GRANDE RIVIERE A","7093716","2019-06-26 14:00","2019","06","26","14:00","","18.3","","13.5","","73","","","","18","","22","","24.1","","98.03","","","","","","NA"
"-77.70","53.63","LA GRANDE RIVIERE A","7093716","2019-06-26 15:00","2019","06","26","15:00","","17.2","","12.7","","75","","","","20","","34","","24.1","","98.10","","","","","","NA"
"-77.70","53.63","LA GRANDE RIVIERE A","7093716","2019-06-26 16:00","2019","06","26","16:00","","16.3","","12.1","","76","","","","21","","27","","24.1","","98.19","","","","","","Mostly Cloudy"
"-77.70","53.63","LA GRANDE RIVIERE A","7093716","2019-06-26 17:00","2019","06","26","17:00","","16.1","","12.5","","79","","","","20","","27","","24.1","","98.25","","","","","","NA"
"-77.70","53.63","LA GRANDE RIVIERE A","7093716","2019-06-26 18:00","2019","06","26","18:00","","17.7","","13.1","","74","","","","20","","14","","24.1","","98.29","","","","","","NA"
"-77.70","53.63","LA GRANDE RIVIERE A","7093716","2019-06-26 19:00","2019","06","26","19:00","","17.3","","12.8","","75","","","","17","","13","","24.1","","98.31","","","","","","Mostly Cloudy"
"-77.70","53.63","LA GRANDE RIVIERE A","7093716","2019-06-26 20:00","2019","06","26","20:00","","16.4","","12.7","","79","","","","16","","16","","24.1","","98.35","","","","","","NA"
"-77.70","53.63","LA GRANDE RIVIERE A","7093716","2019-06-26 21:00","2019","06","26","21:00","","15.9","","12.6","","81","","","","18","","23","","24.1","","98.42","","","","","","NA"
"-77.70","53.63","LA GRANDE RIVIERE A","7093716","2019-06-26 22:00","2019","06","26","22:00","","15.1","","12.6","","85","","","","20","","11","","24.1","","98.45","","","","","","Rain"
"-77.70","53.63","LA GRANDE RIVIERE A","7093716","2019-06-26 23:00","2019","06","26","23:00","","15.0","","12.5","","85","","","","17","","11","","24.1","","98.49","","","","","","NA"
"-77.70","53.63","LA GRANDE RIVIERE A","7093716","2019-06-27 00:00","2019","06","27","00:00","","15.0","","12.5","","85","","","","15","","18","","24.1","","98.52","","","","","","NA"
"-77.70","53.63","LA GRANDE RIVIERE A","7093716","2019-06-27 01:00","2019","06","27","01:00","","13.8","","11.9","","88","","","","16","","14","","24.1","","98.53","","","","","","Mainly Clear"
"-77.70","53.63","LA GRANDE RIVIERE A","7093716","2019-06-27 02:00","2019","06","27","02:00","","12.6","","11.2","","92","","","","17","","10","","24.1","","98.59","","","","","","NA"
"-77.70","53.63","LA GRANDE RIVIERE A","7093716","2019-06-27 03:00","2019","06","27","03:00","","12.9","","11.1","","89","","","","17","","10","","24.1","","98.61","","","","","","NA"
"-77.70","53.63","LA GRANDE RIVIERE A","7093716","2019-06-27 04:00","2019","06","27","04:00","","14.0","","11.2","","83","","","","15","","12","","24.1","","98.64","","","","","","Cloudy"
"-77.70","53.63","LA GRANDE RIVIERE A","7093716","2019-06-27 05:00","2019","06","27","05:00","","13.6","","12.1","","90","","","","13","","13","","16.1","","98.68","","","","","","Rain"
"-77.70","53.63","LA GRANDE RIVIERE A","7093716","2019-06-27 06:00","2019","06","27","06:00","","14.2","","13.1","","93","","","","12","","15","","24.1","","98.68","","","","","","NA"
"-77.70","53.63","LA GRANDE RIVIERE A","7093716","2019-06-27 07:00","2019","06","27","07:00","","15.3","","13.8","","91","","","","12","","17","","24.1","","98.69","","","","","","Mostly Cloudy"
"-77.70","53.63","LA GRANDE RIVIERE A","7093716","2019-06-27 08:00","2019","06","27","08:00","","15.8","","14.3","","91","","","","19","","18","","24.1","","98.71","","","","","","NA"
"-77.70","53.63","LA GRANDE RIVIERE A","7093716","2019-06-27 09:00","2019","06","27","09:00","","16.7","","13.5","","81","","","","22","","21","","24.1","","98.77","","","","","","NA"
"-77.70","53.63","LA GRANDE RIVIERE A","7093716","2019-06-27 10:00","2019","06","27","10:00","","16.6","","12.0","","74","","","","19","","26","","24.1","","98.85","","","","","","Cloudy"
"-77.70","53.63","LA GRANDE RIVIERE A","7093716","2019-06-27 11:00","2019","06","27","11:00","","15.5","","11.4","","76","","","","22","","23","","24.1","","98.89","","","","","","NA"
"-77.70","53.63","LA GRANDE RIVIERE A","7093716","2019-06-27 12:00","2019","06","27","12:00","","15.8","","11.1","","73","","","","21","","24","","24.1","","98.93","","","","","","NA"
"-77.70","53.63","LA GRANDE RIVIERE A","7093716","2019-06-27 13:00","2019","06","27","13:00","","15.8","","11.1","","73","","","","22","","23","","24.1","","99.01","","","","","","Cloudy"
"-77.70","53.63","LA GRANDE RIVIERE A","7093716","2019-06-27 14:00","2019","06","27","14:00","","14.2","","10.1","","76","","","","21","","19","","24.1","","99.04","","","","","","NA"
"-77.70","53.63","LA GRANDE RIVIERE A","7093716","2019-06-27 15:00","2019","06","27","15:00","","14.0","","10.0","","77","","","","23","","23","","24.1","","99.08","","","","","","NA"
"-77.70","53.63","LA GRANDE RIVIERE A","7093716","2019-06-27 16:00","2019","06","27","16:00","","14.5","","9.5","","71","","","","23","","21","","24.1","","99.11","","","","","","Cloudy"
"-77.70","53.63","LA GRANDE RIVIERE A","7093716","2019-06-27 17:00","2019","06","27","17:00","","15.1","","9.3","","68","","","","23","","17","","24.1","","99.18","","","","","","NA"
"-77.70","53.63","LA GRANDE RIVIERE A","7093716","2019-06-27 18:00","2019","06","27","18:00","","16.0","","9.3","","64","","","","20","","14","","24.1","","99.20","","","","","","NA"
"-77.70","53.63","LA GRANDE RIVIERE A","7093716","2019-06-27 19:00","2019","06","27","19:00","","15.4","","9.8","","69","","","","19","","8","","24.1","","99.22","","","","","","Mostly Cloudy"
"-77.70","53.63","LA GRANDE RIVIERE A","7093716","2019-06-27 20:00","2019","06","27","20:00","","13.9","","10.9","","82","","","","18","","9","","24.1","","99.19","","","","","","NA"
"-77.70","53.63","LA GRANDE RIVIERE A","7093716","2019-06-27 21:00","2019","06","27","21:00","","13.2","","10.9","","85","","","","14","","9","","24.1","","99.15","","","","","","NA"
"-77.70","53.63","LA GRANDE RIVIERE A","7093716","2019-06-27 22:00","2019","06","27","22:00","","13.7","","10.8","","82","","","","21","","16","","24.1","","99.17","","","","","","Rain"
"-77.70","53.63","LA GRANDE RIVIERE A","7093716","2019-06-27 23:00","2019","06","27","23:00","","12.3","","11.4","","94","","","","22","","14","","4.8","","99.18","","","","","","Drizzle,Fog"
"-77.70","53.63","LA GRANDE RIVIERE A","7093716","2019-06-28 00:00","2019","06","28","00:00","","12.1","","11.2","","94","","","","22","","15","","24.1","","99.19","","","","","","Drizzle"
"-77.70","53.63","LA GRANDE RIVIERE A","7093716","2019-06-28 01:00","2019","06","28","01:00","","11.8","","11.1","","95","","","","22","","12","","4.8","","99.18","","","","","","Drizzle,Fog"
"-77.70","53.63","LA GRANDE RIVIERE A","7093716","2019-06-28 02:00","2019","06","28","02:00","","10.8","","9.9","","94","","","","23","","14","","4.8","","99.20","","","","","","Drizzle,Fog"
"-77.70","53.63","LA GRANDE RIVIERE A","7093716","2019-06-28 03:00","2019","06","28","03:00","","10.4","","9.8","","96","","","","24","","14","","24.1","","99.20","","","","","","Drizzle"
"-77.70","53.63","LA GRANDE RIVIERE A","7093716","2019-06-28 04:00","2019","06","28","04:00","","10.1","","9.5","","96","","","","24","","19","","3.2","","99.23","","","","","","Drizzle,Fog"
"-77.70","53.63","LA GRANDE RIVIERE A","7093716","2019-06-28 05:00","2019","06","28","05:00","","10.1","","9.6","","96","","","","23","","10","","8.1","","99.27","","","","","","Drizzle,Fog"
"-77.70","53.63","LA GRANDE RIVIERE A","7093716","2019-06-28 06:00","2019","06","28","06:00","","10.6","","9.9","","95","","","","22","","9","","11.3","","99.30","","","","","","Drizzle"
"-77.70","53.63","LA GRANDE RIVIERE A","7093716","2019-06-28 07:00","2019","06","28","07:00","","11.5","","10.8","","96","","","","20","","11","","3.2","","99.31","","","","","","Drizzle"
"-77.70","53.63","LA GRANDE RIVIERE A","7093716","2019-06-28 08:00","2019","06","28","08:00","","11.8","","11.1","","95","","","","21","","13","","4.0","","99.33","","","","","","Drizzle"
"-77.70","53.63","LA GRANDE RIVIERE A","7093716","2019-06-28 09:00","2019","06","28","09:00","","11.9","","10.8","","93","","","","25","","18","","4.8","","99.35","","","","","","Drizzle"
"-77.70","53.63","LA GRANDE RIVIERE A","7093716","2019-06-28 10:00","2019","06","28","10:00","","12.4","","10.1","","86","","","","25","","21","","16.1","","99.38","","","","","","Drizzle"
"-77.70","53.63","LA GRANDE RIVIERE A","7093716","2019-06-28 11:00","2019","06","28","11:00","","12.5","","9.9","","84","","","","26","","16","","19.3","","99.39","","","","","","NA"
"-77.70","53.63","LA GRANDE RIVIERE A","7093716","2019-06-28 12:00","2019","06","28","12:00","","12.8","","9.6","","81","","","","26","","24","","24.1","","99.40","","","","","","NA"
"-77.70","53.63","LA GRANDE RIVIERE A","7093716","2019-06-28 13:00","2019","06","28","13:00","","15.3","","9.4","","68","","","","26","","18","","24.1","","99.38","","","","","","Mostly Cloudy"
"-77.70","53.63","LA GRANDE RIVIERE A","7093716","2019-06-28 14:00","2019","06","28","14:00","","17.0","","9.0","","59","","","","28","","21","","24.1","","99.37","","","","","","NA"
"-77.70","53.63","LA GRANDE RIVIERE A","7093716","2019-06-28 15:00","2019","06","28","15:00","","17.7","","8.4","","54","","","","28","","27","","24.1","","99.39","","","","","","NA"
"-77.70","53.63","LA GRANDE RIVIERE A","7093716","2019-06-28 16:00","2019","06","28","16:00","","17.2","","6.0","","47","","","","28","","20","","24.1","","99.38","","","","","","Mostly Cloudy"
"-77.70","53.63","LA GRANDE RIVIERE A","7093716","2019-06-28 17:00","2019","06","28","17:00","","17.4","","7.1","","50","","","","30","","13","","24.1","","99.35","","","","","","NA"
"-77.70","53.63","LA GRANDE RIVIERE A","7093716","2019-06-28 18:00","2019","06","28","18:00","","17.8","","7.6","","51","","","","1","","5","","24.1","","99.31","","","","","","NA"
"-77.70","53.63","LA GRANDE RIVIERE A","7093716","2019-06-28 19:00","2019","06","28","19:00","","17.8","","7.9","","52","","","","6","","8","","24.1","","99.28","","","","","","Mostly Cloudy"
"-77.70","53.63","LA GRANDE RIVIERE A","7093716","2019-06-28 20:00","2019","06","28","20:00","","16.0","","8.0","","59","","","","10","","12","","24.1","","99.24","","","","","","NA"
"-77.70","53.63","LA GRANDE RIVIERE A","7093716","2019-06-28 21:00","2019","06","28","21:00","","13.4","","8.1","","70","","","","11","","13","","24.1","","99.22","","","","","","NA"
"-77.70","53.63","LA GRANDE RIVIERE A","7093716","2019-06-28 22:00","2019","06","28","22:00","","12.2","","8.1","","76","","","","11","","13","","24.1","","99.17","","","","","","Mostly Cloudy"
"-77.70","53.63","LA GRANDE RIVIERE A","7093716","2019-06-28 23:00","2019","06","28","23:00","","12.8","","8.2","","73","","","","11","","12","","24.1","","99.14","","","","","","NA"
"-77.70","53.63","LA GRANDE RIVIERE A","7093716","2019-06-29 00:00","2019","06","29","00:00","","13.0","","8.5","","74","","","","11","","12","","24.1","","99.11","","","","","","NA"
"-77.70","53.63","LA GRANDE RIVIERE A","7093716","2019-06-29 01:00","2019","06","29","01:00","","13.5","","7.9","","69","","","","16","","8","","24.1","","99.11","","","","","","Cloudy"
"-77.70","53.63","LA GRANDE RIVIERE A","7093716","2019-06-29 02:00","2019","06","29","02:00","","13.1","","8.4","","73","","","","14","","8","","24.1","","99.15","","","","","","NA"
"-77.70","53.63","LA GRANDE RIVIERE A","7093716","2019-06-29 03:00","2019","06","29","03:00","","12.6","","8.9","","78","","","","13","","11","","24.1","","99.12","","","","","","NA"
"-77.70","53.63","LA GRANDE RIVIERE A","7093716","2019-06-29 04:00","2019","06","29","04:00","","12.3","","9.5","","83","","","","15","","8","","24.1","","99.11","","","","","","Mostly Cloudy"
"-77.70","53.63","LA GRANDE RIVIERE A","7093716","2019-06-29 05:00","2019","06","29","05:00","","12.0","","10.1","","88","","","","12","","10","","24.1","","99.10","","","","","","NA"
"-77.70","53.63","LA GRANDE RIVIERE A","7093716","2019-06-29 06:00","2019","06","29","06:00","","12.9","","10.2","","83","","","","14","","7","","24.1","","99.10","","","","","","NA"
"-77.70","53.63","LA GRANDE RIVIERE A","7093716","2019-06-29 07:00","2019","06","29","07:00","","14.0","","10.0","","76","","","","11","","8","","24.1","","99.11","","","","","","Cloudy"
"-77.70","53.63","LA GRANDE RIVIERE A","7093716","2019-06-29 08:00","2019","06","29","08:00","","14.8","","9.9","","72","","","","8","","6","","24.1","","99.14","","","","","","NA"
"-77.70","53.63","LA GRANDE RIVIERE A","7093716","2019-06-29 09:00","2019","06","29","09:00","","13.6","","9.6","","77","","","","6","","14","","24.1","","99.17","","","","","","NA"
"-77.70","53.63","LA GRANDE RIVIERE A","7093716","2019-06-29 10:00","2019","06","29","10:00","","16.1","","8.9","","62","","","","8","","14","","24.1","","99.16","","","","","","Cloudy"
"-77.70","53.63","LA GRANDE RIVIERE A","7093716","2019-06-29 11:00","2019","06","29","11:00","","17.7","","8.3","","54","","","","5","","16","","24.1","","99.15","","","","","","NA"
"-77.70","53.63","LA GRANDE RIVIERE A","7093716","2019-06-29 12:00","2019","06","29","12:00","","17.9","","8.5","","54","","","","6","","15","","24.1","","99.15","","","","","","NA"
"-77.70","53.63","LA GRANDE RIVIERE A","7093716","2019-06-29 13:00","2019","06","29","13:00","","19.6","","8.9","","50","","","","4","","12","","24.1","","99.14","","","","","","Mostly Cloudy"
"-77.70","53.63","LA GRANDE RIVIERE A","7093716","2019-06-29 14:00","2019","06","29","14:00","","20.8","","9.3","","47","","","","6","","12","","24.1","","99.10","","","","","","NA"
"-77.70","53.63","LA GRANDE RIVIERE A","7093716","2019-06-29 15:00","2019","06","29","15:00","","20.1","","9.2","","49","","","","3","","13","","24.1","","99.13","","","","","","NA"
"-77.70","53.63","LA GRANDE RIVIERE A","7093716","2019-06-29 16:00","2019","06","29","16:00","","19.6","","9.6","","52","","","","35","","9","","24.1","","99.15","","","","","","Mostly Cloudy"
"-77.70","53.63","LA GRANDE RIVIERE A","7093716","2019-06-29 17:00","2019","06","29","17:00","","20.0","","9.2","","49","","","","35","","17","","24.1","","99.15","","","","","","NA"
"-77.70","53.63","LA GRANDE RIVIERE A","7093716","2019-06-29 18:00","2019","06","29","18:00","","19.8","","8.3","","47","","","","34","","22","","24.1","","99.20","","","","","","NA"
"-77.70","53.63","LA GRANDE RIVIERE A","7093716","2019-06-29 19:00","2019","06","29","19:00","","18.9","","7.5","","47","","","","34","","20","","24.1","","99.24","","","","","","Mostly Cloudy"
"-77.70","53.63","LA GRANDE RIVIERE A","7093716","2019-06-29 20:00","2019","06","29","20:00","","17.3","","7.5","","52","","","","34","","12","","24.1","","99.29","","","","","","NA"
"-77.70","53.63","LA GRANDE RIVIERE A","7093716","2019-06-29 21:00","2019","06","29","21:00","","14.6","","7.6","","62","","","","34","","8","","24.1","","99.31","","","","","","NA"
"-77.70","53.63","LA GRANDE RIVIERE A","7093716","2019-06-29 22:00","2019","06","29","22:00","","13.1","","8.1","","71","","","","32","","8","","24.1","","99.30","","","","","","Mainly Clear"
"-77.70","53.63","LA GRANDE RIVIERE A","7093716","2019-06-29 23:00","2019","06","29","23:00","","11.8","","8.4","","80","","","","32","","11","","24.1","","99.34","","","","","","NA"
"-77.70","53.63","LA GRANDE RIVIERE A","7093716","2019-06-30 00:00","2019","06","30","00:00","","11.2","","9.0","","87","","","","31","","6","","24.1","","99.33","","","","","","NA"
"-77.70","53.63","LA GRANDE RIVIERE A","7093716","2019-06-30 01:00","2019","06","30","01:00","","10.1","","8.8","","92","","","","31","","8","","24.1","","99.32","","","","","","Clear"
"-77.70","53.63","LA GRANDE RIVIERE A","7093716","2019-06-30 02:00","2019","06","30","02:00","","9.5","","8.6","","94","","","","33","","10","","24.1","","99.35","","","","","","NA"
"-77.70","53.63","LA GRANDE RIVIERE A","7093716","2019-06-30 03:00","2019","06","30","03:00","","9.7","","9.1","","96","","","","32","","13","","1.2","","99.39","","","","","","Fog"
"-77.70","53.63","LA GRANDE RIVIERE A","7093716","2019-06-30 04:00","2019","06","30","04:00","","9.6","","9.1","","97","","","","32","","12","","0.4","","99.39","","","","","","Fog"
"-77.70","53.63","LA GRANDE RIVIERE A","7093716","2019-06-30 05:00","2019","06","30","05:00","","9.6","","9.2","","97","","","","32","","12","","0.2","","99.42","","","","","","Fog"
"-77.70","53.63","LA GRANDE RIVIERE A","7093716","2019-06-30 06:00","2019","06","30","06:00","","10.0","","9.6","","98","","","","33","","10","","0.4","","99.42","","","","","","Fog"
"-77.70","53.63","LA GRANDE RIVIERE A","7093716","2019-06-30 07:00","2019","06","30","07:00","","10.2","","9.9","","98","","","","33","","7","","1.2","","99.38","","","","","","Fog"
"-77.70","53.63","LA GRANDE RIVIERE A","7093716","2019-06-30 08:00","2019","06","30","08:00","","11.3","","10.8","","97","","","","32","","4","","6.4","","99.39","","","","","","Fog"
"-77.70","53.63","LA GRANDE RIVIERE A","7093716","2019-06-30 09:00","2019","06","30","09:00","","13.1","","10.9","","86","","","","26","","10","","24.1","","99.37","","","","","","NA"
"-77.70","53.63","LA GRANDE RIVIERE A","7093716","2019-06-30 10:00","2019","06","30","10:00","","16.1","","11.6","","75","","","","27","","10","","24.1","","99.37","","","","","","Mainly Clear"
"-77.70","53.63","LA GRANDE RIVIERE A","7093716","2019-06-30 11:00","2019","06","30","11:00","","18.1","","11.5","","65","","","","25","","8","","24.1","","99.33","","","","","","NA"
"-77.70","53.63","LA GRANDE RIVIERE A","7093716","2019-06-30 12:00","2019","06","30","12:00","","19.5","","11.5","","60","","","","27","","12","","24.1","","99.25","","","","","","NA"
"-77.70","53.63","LA GRANDE RIVIERE A","7093716","2019-06-30 13:00","2019","06","30","13:00","","20.6","","11.7","","56","","","","","","0","","24.1","","99.18","","","","","","Mainly Clear"
"-77.70","53.63","LA GRANDE RIVIERE A","7093716","2019-06-30 14:00","2019","06","30","14:00","","22.3","","11.4","","50","","","","31","","8","","24.1","","99.14","","","","","","NA"
"-77.70","53.63","LA GRANDE RIVIERE A","7093716","2019-06-30 15:00","2019","06","30","15:00","","22.4","","12.0","","51","","","","21","","3","","24.1","","99.08","","25","","","","NA"
"-77.70","53.63","LA GRANDE RIVIERE A","7093716","2019-06-30 16:00","2019","06","30","16:00","","23.6","","11.9","","47","","","","22","","10","","24.1","","99.01","","26","","","","Mostly Cloudy"
"-77.70","53.63","LA GRANDE RIVIERE A","7093716","2019-06-30 17:00","2019","06","30","17:00","","22.9","","11.6","","49","","","","20","","14","","24.1","","98.95","","25","","","","NA"
"-77.70","53.63","LA GRANDE RIVIERE A","7093716","2019-06-30 18:00","2019","06","30","18:00","","21.9","","12.7","","56","","","","28","","16","","24.1","","98.92","","25","","","","NA"
"-77.70","53.63","LA GRANDE RIVIERE A","7093716","2019-06-30 19:00","2019","06","30","19:00","","20.1","","11.7","","58","","","","25","","19","","24.1","","98.93","","","","","","Mostly Cloudy"
"-77.70","53.63","LA GRANDE RIVIERE A","7093716","2019-06-30 20:00","2019","06","30","20:00","","17.7","","11.1","","65","","","","27","","19","","24.1","","98.93","","","","","","NA"
"-77.70","53.63","LA GRANDE RIVIERE A","7093716","2019-06-30 21:00","2019","06","30","21:00","","15.8","","10.5","","70","","","","25","","10","","24.1","","98.89","","","","","","NA"
"-77.70","53.63","LA GRANDE RIVIERE A","7093716","2019-06-30 22:00","2019","06","30","22:00","","14.6","","10.6","","76","","","","28","","5","","24.1","","98.89","","","","","","Mostly Cloudy"
"-77.70","53.63","LA GRANDE RIVIERE A","7093716","2019-06-30 23:00","2019","06","30","23:00","","14.0","","10.1","","77","","","","23","","4","","24.1","","98.85","","","","","","NA"
"-77.70","53.63","LA GRANDE RIVIERE A","7093716","2019-07-01 00:00","2019","07","01","00:00","","12.9","","9.6","","80","","","","17","","4","","24.1","","98.84","","","","","","NA"
"-77.70","53.63","LA GRANDE RIVIERE A","7093716","2019-07-01 01:00","2019","07","01","01:00","","12.2","","9.4","","83","","","","16","","10","","24.1","","98.76","","","","","","Mostly Cloudy"
"-77.70","53.63","LA GRANDE RIVIERE A","7093716","2019-07-01 02:00","2019","07","01","02:00","","12.6","","9.7","","82","","","","12","","11","","24.1","","98.66","","","","","","NA"
"-77.70","53.63","LA GRANDE RIVIERE A","7093716","2019-07-01 03:00","2019","07","01","03:00","","13.1","","9.4","","78","","","","21","","6","","24.1","","98.70","","","","","","NA"
"-77.70","53.63","LA GRANDE RIVIERE A","7093716","2019-07-01 04:00","2019","07","01","04:00","","13.5","","9.7","","78","","","","16","","13","","24.1","","98.63","","","","","","Cloudy"
"-77.70","53.63","LA GRANDE RIVIERE A","7093716","2019-07-01 05:00","2019","07","01","05:00","","12.7","","10.2","","85","","","","13","","18","","24.1","","98.40","","","","","","Rain"
"-77.70","53.63","LA GRANDE RIVIERE A","7093716","2019-07-01 06:00","2019","07","01","06:00","","13.6","","9.9","","78","","","","15","","14","","24.1","","98.32","","","","","","NA"
"-77.70","53.63","LA GRANDE RIVIERE A","7093716","2019-07-01 07:00","2019","07","01","07:00","","17.9","","10.4","","61","","","","16","","14","","24.1","","98.28","","","","","","Mostly Cloudy"
"-77.70","53.63","LA GRANDE RIVIERE A","7093716","2019-07-01 08:00","2019","07","01","08:00","","18.6","","10.8","","60","","","","16","","13","","24.1","","98.22","","","","","","NA"
"-77.70","53.63","LA GRANDE RIVIERE A","7093716","2019-07-01 09:00","2019","07","01","09:00","","19.4","","11.5","","60","","","","15","","16","","24.1","","98.12","","","","","","NA"
"-77.70","53.63","LA GRANDE RIVIERE A","7093716","2019-07-01 10:00","2019","07","01","10:00","","20.8","","12.1","","57","","","","19","","16","","24.1","","98.08","","","","","","Cloudy"
"-77.70","53.63","LA GRANDE RIVIERE A","7093716","2019-07-01 11:00","2019","07","01","11:00","","21.4","","12.7","","57","","","","21","","15","","24.1","","98.04","","","","","","NA"
"-77.70","53.63","LA GRANDE RIVIERE A","7093716","2019-07-01 12:00","2019","07","01","12:00","","22.9","","13.0","","53","","","","21","","19","","24.1","","97.94","","26","","","","NA"
"-77.70","53.63","LA GRANDE RIVIERE A","7093716","2019-07-01 13:00","2019","07","01","13:00","","22.0","","13.3","","57","","","","19","","17","","24.1","","97.91","","25","","","","Cloudy"
"-77.70","53.63","LA GRANDE RIVIERE A","7093716","2019-07-01 14:00","2019","07","01","14:00","","21.2","","13.8","","62","","","","24","","18","","24.1","","97.91","","","","","","NA"
"-77.70","53.63","LA GRANDE RIVIERE A","7093716","2019-07-01 15:00","2019","07","01","15:00","","20.7","","13.7","","64","","","","25","","26","","24.1","","98.00","","","","","","Thunderstorms"
"-77.70","53.63","LA GRANDE RIVIERE A","7093716","2019-07-01 16:00","2019","07","01","16:00","","14.9","","12.6","","86","","","","27","","24","","24.1","","98.02","","","","","","Thunderstorms,Rain Showers"
"-77.70","53.63","LA GRANDE RIVIERE A","7093716","2019-07-01 17:00","2019","07","01","17:00","","15.8","","13.9","","88","","","","20","","9","","16.1","","97.98","","","","","","Rain"
"-77.70","53.63","LA GRANDE RIVIERE A","7093716","2019-07-01 18:00","2019","07","01","18:00","","17.6","","14.8","","83","","","","29","","14","","24.1","","97.91","","","","","","NA"
"-77.70","53.63","LA GRANDE RIVIERE A","7093716","2019-07-01 19:00","2019","07","01","19:00","","16.2","","14.0","","87","","","","30","","19","","24.1","","97.96","","","","","","Cloudy"
"-77.70","53.63","LA GRANDE RIVIERE A","7093716","2019-07-01 20:00","2019","07","01","20:00","","14.0","","12.6","","91","","","","30","","15","","24.1","","98.08","","","","","","NA"
"-77.70","53.63","LA GRANDE RIVIERE A","7093716","2019-07-01 21:00","2019","07","01","21:00","","13.1","","12.1","","94","","","","29","","17","","24.1","","98.11","","","","","","NA"
"-77.70","53.63","LA GRANDE RIVIERE A","7093716","2019-07-01 22:00","2019","07","01","22:00","","12.9","","11.7","","93","","","","28","","14","","24.1","","98.14","","","","","","Mostly Cloudy"
"-77.70","53.63","LA GRANDE RIVIERE A","7093716","2019-07-01 23:00","2019","07","01","23:00","","11.7","","11.1","","96","","","","27","","19","","0.6","","98.13","","","","","","Fog"
"-77.70","53.63","LA GRANDE RIVIERE A","7093716","2019-07-02 00:00","2019","07","02","00:00","","11.1","","10.6","","97","","","","28","","26","","12.9","","98.16","","","","","","NA"
"-77.70","53.63","LA GRANDE RIVIERE A","7093716","2019-07-02 01:00","2019","07","02","01:00","","10.7","","10.3","","97","","","","29","","13","","0.6","","98.17","","","","","","Fog"
"-77.70","53.63","LA GRANDE RIVIERE A","7093716","2019-07-02 02:00","2019","07","02","02:00","","10.8","","10.5","","97","","","","30","","11","","0.2","","98.18","","","","","","Fog"
"-77.70","53.63","LA GRANDE RIVIERE A","7093716","2019-07-02 03:00","2019","07","02","03:00","","10.4","","10.1","","98","","","","29","","17","","0.2","","98.22","","","","","","Fog"
"-77.70","53.63","LA GRANDE RIVIERE A","7093716","2019-07-02 04:00","2019","07","02","04:00","","9.8","","9.4","","98","","","","29","","15","","0.4","","98.24","","","","","","Fog"
"-77.70","53.63","LA GRANDE RIVIERE A","7093716","2019-07-02 05:00","2019","07","02","05:00","","9.3","","9.0","","98","","","","27","","21","","0.8","","98.28","","","","","","Fog"
"-77.70","53.63","LA GRANDE RIVIERE A","7093716","2019-07-02 06:00","2019","07","02","06:00","","8.9","","8.6","","98","","","","30","","18","","1.2","","98.29","","","","","","Fog"
"-77.70","53.63","LA GRANDE RIVIERE A","7093716","2019-07-02 07:00","2019","07","02","07:00","","9.0","","8.7","","98","","","","29","","14","","2.0","","98.35","","","","","","Fog"
"-77.70","53.63","LA GRANDE RIVIERE A","7093716","2019-07-02 08:00","2019","07","02","08:00","","8.8","","8.4","","98","","","","28","","17","","2.0","","98.39","","","","","","Fog"
"-77.70","53.63","LA GRANDE RIVIERE A","7093716","2019-07-02 09:00","2019","07","02","09:00","","9.5","","8.8","","96","","","","31","","14","","4.8","","98.40","","","","","","Fog"
"-77.70","53.63","LA GRANDE RIVIERE A","7093716","2019-07-02 10:00","2019","07","02","10:00","","10.3","","8.8","","91","","","","28","","18","","8.1","","98.39","","","","","","Fog"
"-77.70","53.63","LA GRANDE RIVIERE A","7093716","2019-07-02 11:00","2019","07","02","11:00","","11.7","","9.8","","89","","","","29","","10","","24.1","","98.41","","","","","","NA"
"-77.70","53.63","LA GRANDE RIVIERE A","7093716","2019-07-02 12:00","2019","07","02","12:00","","12.9","","10.3","","84","","","","27","","12","","24.1","","98.43","","","","","","NA"
"-77.70","53.63","LA GRANDE RIVIERE A","7093716","2019-07-02 13:00","2019","07","02","13:00","","15.2","","10.6","","74","","","","25","","9","","24.1","","98.41","","","","","","Mainly Clear"
"-77.70","53.63","LA GRANDE RIVIERE A","7093716","2019-07-02 14:00","2019","07","02","14:00","","18.7","","12.1","","65","","","","26","","17","","24.1","","98.42","","","","","","NA"
"-77.70","53.63","LA GRANDE RIVIERE A","7093716","2019-07-02 15:00","2019","07","02","15:00","","19.7","","11.8","","60","","","","30","","16","","24.1","","98.41","","","","","","NA"
"-77.70","53.63","LA GRANDE RIVIERE A","7093716","2019-07-02 16:00","2019","07","02","16:00","","20.6","","12.1","","58","","","","27","","16","","24.1","","98.42","","","","","","Mainly Clear"
"-77.70","53.63","LA GRANDE RIVIERE A","7093716","2019-07-02 17:00","2019","07","02","17:00","","20.6","","11.5","","55","","","","28","","14","","24.1","","98.40","","","","","","NA"
"-77.70","53.63","LA GRANDE RIVIERE A","7093716","2019-07-02 18:00","2019","07","02","18:00","","20.5","","11.5","","56","","","","33","","8","","24.1","","98.38","","","","","","NA"
"-77.70","53.63","LA GRANDE RIVIERE A","7093716","2019-07-02 19:00","2019","07","02","19:00","","19.6","","11.8","","60","","","","28","","18","","24.1","","98.40","","","","","","Mainly Clear"
"-77.70","53.63","LA GRANDE RIVIERE A","7093716","2019-07-02 20:00","2019","07","02","20:00","","17.5","","11.7","","68","","","","28","","12","","24.1","","98.42","","","","","","NA"
"-77.70","53.63","LA GRANDE RIVIERE A","7093716","2019-07-02 21:00","2019","07","02","21:00","","15.5","","11.2","","75","","","","","","0","","24.1","","98.41","","","","","","NA"
"-77.70","53.63","LA GRANDE RIVIERE A","7093716","2019-07-02 22:00","2019","07","02","22:00","","13.9","","10.9","","82","","","","25","","7","","24.1","","98.42","","","","","","Mainly Clear"
"-77.70","53.63","LA GRANDE RIVIERE A","7093716","2019-07-02 23:00","2019","07","02","23:00","","12.8","","10.3","","85","","","","21","","4","","24.1","","98.42","","","","","","NA"
"-77.70","53.63","LA GRANDE RIVIERE A","7093716","2019-07-03 00:00","2019","07","03","00:00","","12.7","","10.6","","87","","","","22","","8","","24.1","","98.42","","","","","","NA"
"-77.70","53.63","LA GRANDE RIVIERE A","7093716","2019-07-03 01:00","2019","07","03","01:00","","12.4","","10.7","","89","","","","21","","3","","24.1","","98.40","","","","","","Mainly Clear"
"-77.70","53.63","LA GRANDE RIVIERE A","7093716","2019-07-03 02:00","2019","07","03","02:00","","11.9","","10.7","","93","","","","21","","6","","24.1","","98.41","","","","","","NA"
"-77.70","53.63","LA GRANDE RIVIERE A","7093716","2019-07-03 03:00","2019","07","03","03:00","","11.4","","10.5","","94","","","","11","","6","","24.1","","98.42","","","","","","NA"
"-77.70","53.63","LA GRANDE RIVIERE A","7093716","2019-07-03 04:00","2019","07","03","04:00","","12.6","","11.4","","93","","","","17","","5","","24.1","","98.43","","","","","","Mostly Cloudy"
"-77.70","53.63","LA GRANDE RIVIERE A","7093716","2019-07-03 05:00","2019","07","03","05:00","","12.7","","11.2","","90","","","","20","","10","","24.1","","98.48","","","","","","NA"
"-77.70","53.63","LA GRANDE RIVIERE A","7093716","2019-07-03 06:00","2019","07","03","06:00","","13.5","","11.4","","87","","","","17","","19","","24.1","","98.43","","","","","","Rain"
"-77.70","53.63","LA GRANDE RIVIERE A","7093716","2019-07-03 07:00","2019","07","03","07:00","","13.4","","11.9","","91","","","","20","","14","","16.1","","98.52","","","","","","Rain"
"-77.70","53.63","LA GRANDE RIVIERE A","7093716","2019-07-03 08:00","2019","07","03","08:00","","16.0","","12.4","","79","","","","18","","18","","24.1","","98.47","","","","","","NA"
"-77.70","53.63","LA GRANDE RIVIERE A","7093716","2019-07-03 09:00","2019","07","03","09:00","","20.2","","12.2","","60","","","","17","","16","","24.1","","98.45","","","","","","NA"
"-77.70","53.63","LA GRANDE RIVIERE A","7093716","2019-07-03 10:00","2019","07","03","10:00","","20.9","","12.1","","57","","","","18","","17","","24.1","","98.47","","","","","","Cloudy"
"-77.70","53.63","LA GRANDE RIVIERE A","7093716","2019-07-03 11:00","2019","07","03","11:00","","23.8","","12.9","","50","","","","16","","21","","24.1","","98.42","","27","","","","NA"
"-77.70","53.63","LA GRANDE RIVIERE A","7093716","2019-07-03 12:00","2019","07","03","12:00","","24.3","","13.1","","49","","","","18","","10","","24.1","","98.41","","27","","","","NA"
"-77.70","53.63","LA GRANDE RIVIERE A","7093716","2019-07-03 13:00","2019","07","03","13:00","","25.6","","12.9","","45","","","","22","","15","","24.1","","98.38","","28","","","","Cloudy"
"-77.70","53.63","LA GRANDE RIVIERE A","7093716","2019-07-03 14:00","2019","07","03","14:00","","23.1","","14.4","","57","","","","27","","27","","24.1","","98.41","","27","","","","Rain Showers"
"-77.70","53.63","LA GRANDE RIVIERE A","7093716","2019-07-03 15:00","2019","07","03","15:00","","21.0","","15.9","","73","","","","26","","16","","24.1","","98.44","","26","","","","NA"
"-77.70","53.63","LA GRANDE RIVIERE A","7093716","2019-07-03 16:00","2019","07","03","16:00","","21.3","","15.6","","70","","","","27","","18","","24.1","","98.42","","26","","","","Cloudy"
"-77.70","53.63","LA GRANDE RIVIERE A","7093716","2019-07-03 17:00","2019","07","03","17:00","","22.6","","13.7","","57","","","","29","","24","","24.1","","98.46","","26","","","","NA"
"-77.70","53.63","LA GRANDE RIVIERE A","7093716","2019-07-03 18:00","2019","07","03","18:00","","20.7","","13.7","","64","","","","29","","20","","24.1","","98.56","","","","","","NA"
"-77.70","53.63","LA GRANDE RIVIERE A","7093716","2019-07-03 19:00","2019","07","03","19:00","","20.4","","14.1","","66","","","","28","","24","","19.3","","98.61","","","","","","Cloudy"
"-77.70","53.63","LA GRANDE RIVIERE A","7093716","2019-07-03 20:00","2019","07","03","20:00","","18.1","","10.9","","63","","","","29","","15","","19.3","","98.69","","","","","","NA"
"-77.70","53.63","LA GRANDE RIVIERE A","7093716","2019-07-03 21:00","2019","07","03","21:00","","16.1","","9.4","","64","","","","28","","16","","24.1","","98.79","","","","","","NA"
"-77.70","53.63","LA GRANDE RIVIERE A","7093716","2019-07-03 22:00","2019","07","03","22:00","","14.0","","7.8","","66","","","","29","","12","","24.1","","98.82","","","","","","Mainly Clear"
"-77.70","53.63","LA GRANDE RIVIERE A","7093716","2019-07-03 23:00","2019","07","03","23:00","","11.8","","8.2","","78","","","","28","","9","","24.1","","98.87","","","","","","NA"
"-77.70","53.63","LA GRANDE RIVIERE A","7093716","2019-07-04 00:00","2019","07","04","00:00","","10.8","","7.8","","82","","","","25","","5","","24.1","","98.91","","","","","","NA"
"-77.70","53.63","LA GRANDE RIVIERE A","7093716","2019-07-04 01:00","2019","07","04","01:00","","10.2","","7.6","","84","","","","25","","9","","24.1","","98.99","","","","","","Mainly Clear"
"-77.70","53.63","LA GRANDE RIVIERE A","7093716","2019-07-04 02:00","2019","07","04","02:00","","10.1","","7.8","","85","","","","25","","6","","24.1","","99.01","","","","","","NA"
"-77.70","53.63","LA GRANDE RIVIERE A","7093716","2019-07-04 03:00","2019","07","04","03:00","","10.3","","8.4","","88","","","","24","","6","","24.1","","99.04","","","","","","NA"
"-77.70","53.63","LA GRANDE RIVIERE A","7093716","2019-07-04 04:00","2019","07","04","04:00","","10.1","","8.4","","89","","","","21","","5","","24.1","","99.10","","","","","","Mostly Cloudy"
"-77.70","53.63","LA GRANDE RIVIERE A","7093716","2019-07-04 05:00","2019","07","04","05:00","","11.5","","8.8","","83","","","","20","","4","","24.1","","99.14","","","","","","NA"
"-77.70","53.63","LA GRANDE RIVIERE A","7093716","2019-07-04 06:00","2019","07","04","06:00","","13.3","","10.3","","82","","","","23","","4","","24.1","","99.17","","","","","","NA"
"-77.70","53.63","LA GRANDE RIVIERE A","7093716","2019-07-04 07:00","2019","07","04","07:00","","14.2","","9.5","","73","","","","20","","10","","24.1","","99.24","","","","","","Mostly Cloudy"
"-77.70","53.63","LA GRANDE RIVIERE A","7093716","2019-07-04 08:00","2019","07","04","08:00","","16.9","","8.8","","59","","","","20","","14","","24.1","","99.23","","","","","","NA"
"-77.70","53.63","LA GRANDE RIVIERE A","7093716","2019-07-04 09:00","2019","07","04","09:00","","18.1","","9.7","","58","","","","17","","12","","24.1","","99.19","","","","","","NA"
"-77.70","53.63","LA GRANDE RIVIERE A","7093716","2019-07-04 10:00","2019","07","04","10:00","","19.1","","10.4","","57","","","","17","","8","","24.1","","99.18","","","","","","Cloudy"
"-77.70","53.63","LA GRANDE RIVIERE A","7093716","2019-07-04 11:00","2019","07","04","11:00","","18.4","","13.1","","71","","","","","","0","","24.1","","99.25","","","","","","NA"
"-77.70","53.63","LA GRANDE RIVIERE A","7093716","2019-07-04 12:00","2019","07","04","12:00","","17.0","","14.4","","84","","","","8","","8","","24.1","","99.25","","","","","","Rain"
"-77.70","53.63","LA GRANDE RIVIERE A","7093716","2019-07-04 13:00","2019","07","04","13:00","","16.3","","12.8","","79","","","","8","","17","","19.3","","99.20","","","","","","Rain"
"-77.70","53.63","LA GRANDE RIVIERE A","7093716","2019-07-04 14:00","2019","07","04","14:00","","16.8","","12.6","","76","","","","8","","15","","24.1","","99.21","","","","","","NA"
"-77.70","53.63","LA GRANDE RIVIERE A","7093716","2019-07-04 15:00","2019","07","04","15:00","","15.6","","12.8","","83","","","","12","","17","","16.1","","99.12","","","","","","Rain"
"-77.70","53.63","LA GRANDE RIVIERE A","7093716","2019-07-04 16:00","2019","07","04","16:00","","15.1","","13.2","","88","","","","9","","17","","16.1","","99.09","","","","","","Rain"
"-77.70","53.63","LA GRANDE RIVIERE A","7093716","2019-07-04 17:00","2019","07","04","17:00","","14.8","","13.3","","90","","","","10","","16","","12.9","","99.08","","","","","","Rain"
"-77.70","53.63","LA GRANDE RIVIERE A","7093716","2019-07-04 18:00","2019","07","04","18:00","","14.8","","13.5","","92","","","","12","","25","","16.1","","99.04","","","","","","Rain"
"-77.70","53.63","LA GRANDE RIVIERE A","7093716","2019-07-04 19:00","2019","07","04","19:00","","15.3","","13.5","","89","","","","13","","28","","24.1","","98.93","","","","","","Rain"
"-77.70","53.63","LA GRANDE RIVIERE A","7093716","2019-07-04 20:00","2019","07","04","20:00","","15.3","","13.2","","87","","","","15","","20","","19.3","","98.89","","","","","","Rain"
"-77.70","53.63","LA GRANDE RIVIERE A","7093716","2019-07-04 21:00","2019","07","04","21:00","","15.3","","13.2","","87","","","","14","","23","","24.1","","98.79","","","","","","Rain"
"-77.70","53.63","LA GRANDE RIVIERE A","7093716","2019-07-04 22:00","2019","07","04","22:00","","15.6","","13.3","","86","","","","15","","13","","24.1","","98.77","","","","","","Mostly Cloudy"
"-77.70","53.63","LA GRANDE RIVIERE A","7093716","2019-07-04 23:00","2019","07","04","23:00","","15.4","","13.5","","88","","","","15","","12","","24.1","","98.72","","","","","","NA"
"-77.70","53.63","LA GRANDE RIVIERE A","7093716","2019-07-05 00:00","2019","07","05","00:00","","15.2","","13.8","","91","","","","23","","3","","24.1","","98.81","","","","","","Rain"
"-77.70","53.63","LA GRANDE RIVIERE A","7093716","2019-07-05 01:00","2019","07","05","01:00","","15.2","","13.9","","92","","","","20","","7","","24.1","","98.83","","","","","","Cloudy"
"-77.70","53.63","LA GRANDE RIVIERE A","7093716","2019-07-05 02:00","2019","07","05","02:00","","15.5","","14.3","","93","","","","22","","9","","24.1","","98.85","","","","","","NA"
"-77.70","53.63","LA GRANDE RIVIERE A","7093716","2019-07-05 03:00","2019","07","05","03:00","","15.3","","14.3","","94","","","","25","","10","","24.1","","98.87","","","","","","NA"
"-77.70","53.63","LA GRANDE RIVIERE A","7093716","2019-07-05 04:00","2019","07","05","04:00","","14.2","","13.6","","96","","","","28","","4","","24.1","","98.84","","","","","","Mainly Clear"
"-77.70","53.63","LA GRANDE RIVIERE A","7093716","2019-07-05 05:00","2019","07","05","05:00","","14.1","","13.6","","97","","","","32","","9","","0.4","","98.84","","","","","","Fog"
"-77.70","53.63","LA GRANDE RIVIERE A","7093716","2019-07-05 06:00","2019","07","05","06:00","","13.8","","13.4","","97","","","","29","","5","","0.2","","98.86","","","","","","Fog"
"-77.70","53.63","LA GRANDE RIVIERE A","7093716","2019-07-05 07:00","2019","07","05","07:00","","14.2","","13.9","","98","","","","20","","7","","0.6","","98.89","","","","","","Fog"
"-77.70","53.63","LA GRANDE RIVIERE A","7093716","2019-07-05 08:00","2019","07","05","08:00","","14.7","","14.3","","98","","","","","","0","","1.6","","98.83","","","","","","Fog"
"-77.70","53.63","LA GRANDE RIVIERE A","7093716","2019-07-05 09:00","2019","07","05","09:00","","16.4","","15.8","","96","","","","","","0","","8.1","","98.78","","","","","","Fog"
"-77.70","53.63","LA GRANDE RIVIERE A","7093716","2019-07-05 10:00","2019","07","05","10:00","","18.1","","15.4","","84","","","","7","","4","","16.1","","98.75","","","","","","Cloudy"
"-77.70","53.63","LA GRANDE RIVIERE A","7093716","2019-07-05 11:00","2019","07","05","11:00","","19.6","","15.3","","76","","","","8","","4","","24.1","","98.70","","","","","","NA"
"-77.70","53.63","LA GRANDE RIVIERE A","7093716","2019-07-05 12:00","2019","07","05","12:00","","20.8","","15.1","","69","","","","19","","5","","24.1","","98.67","","25","","","","NA"
"-77.70","53.63","LA GRANDE RIVIERE A","7093716","2019-07-05 13:00","2019","07","05","13:00","","22.2","","15.4","","65","","","","21","","12","","24.1","","98.65","","26","","","","Mostly Cloudy"
"-77.70","53.63","LA GRANDE RIVIERE A","7093716","2019-07-05 14:00","2019","07","05","14:00","","23.4","","10.9","","45","","","","22","","14","","24.1","","98.57","","25","","","","NA"
"-77.70","53.63","LA GRANDE RIVIERE A","7093716","2019-07-05 15:00","2019","07","05","15:00","","24.1","","12.2","","47","","","","23","","17","","24.1","","98.57","","26","","","","NA"
"-77.70","53.63","LA GRANDE RIVIERE A","7093716","2019-07-05 16:00","2019","07","05","16:00","","24.7","","11.8","","44","","","","28","","27","","24.1","","98.51","","27","","","","Cloudy"
"-77.70","53.63","LA GRANDE RIVIERE A","7093716","2019-07-05 17:00","2019","07","05","17:00","","22.2","","11.3","","50","","","","24","","23","","24.1","","98.50","","","","","","NA"
"-77.70","53.63","LA GRANDE RIVIERE A","7093716","2019-07-05 18:00","2019","07","05","18:00","","21.2","","12.8","","58","","","","25","","23","","24.1","","98.50","","","","","","NA"
"-77.70","53.63","LA GRANDE RIVIERE A","7093716","2019-07-05 19:00","2019","07","05","19:00","","16.4","","14.6","","89","","","","29","","31","","24.1","","98.55","","","","","","Rain Showers"
"-77.70","53.63","LA GRANDE RIVIERE A","7093716","2019-07-05 20:00","2019","07","05","20:00","","15.6","","10.1","","70","","","","29","","21","","24.1","","98.62","","","","","","NA"
"-77.70","53.63","LA GRANDE RIVIERE A","7093716","2019-07-05 21:00","2019","07","05","21:00","","13.4","","8.1","","70","","","","29","","21","","24.1","","98.67","","","","","","NA"
"-77.70","53.63","LA GRANDE RIVIERE A","7093716","2019-07-05 22:00","2019","07","05","22:00","","10.4","","7.3","","81","","","","27","","30","","24.1","","98.68","","","","","","Mainly Clear"
"-77.70","53.63","LA GRANDE RIVIERE A","7093716","2019-07-05 23:00","2019","07","05","23:00","","8.0","","6.1","","88","","","","26","","30","","24.1","","98.72","","","","","","NA"
"-77.70","53.63","LA GRANDE RIVIERE A","7093716","2019-07-06 00:00","2019","07","06","00:00","","6.5","","5.5","","93","","","","26","","30","","6.4","","98.71","","","","","","Drizzle,Fog"
"-77.70","53.63","LA GRANDE RIVIERE A","7093716","2019-07-06 01:00","2019","07","06","01:00","","6.1","","5.4","","95","","","","26","","32","","4.8","","98.70","","","","","","Fog"
"-77.70","53.63","LA GRANDE RIVIERE A","7093716","2019-07-06 02:00","2019","07","06","02:00","","5.0","","4.5","","97","","","","26","","29","","0.4","","98.70","","","","","","Fog"
"-77.70","53.63","LA GRANDE RIVIERE A","7093716","2019-07-06 03:00","2019","07","06","03:00","","4.5","","4.1","","97","","","","27","","33","","0.4","","98.73","","","","","","Fog"
"-77.70","53.63","LA GRANDE RIVIERE A","7093716","2019-07-06 04:00","2019","07","06","04:00","","4.0","","3.6","","97","","","","27","","35","","0.4","","98.80","","","","","","Fog"
"-77.70","53.63","LA GRANDE RIVIERE A","7093716","2019-07-06 05:00","2019","07","06","05:00","","3.8","","3.5","","97","","","","27","","32","","0.4","","98.85","","","","","","Fog"
"-77.70","53.63","LA GRANDE RIVIERE A","7093716","2019-07-06 06:00","2019","07","06","06:00","","4.1","","3.7","","97","","","","27","","31","","0.6","","98.92","","","","","","Drizzle,Fog"
"-77.70","53.63","LA GRANDE RIVIERE A","7093716","2019-07-06 07:00","2019","07","06","07:00","","4.0","","3.7","","98","","","","27","","30","","0.2","","98.98","","","","","","Drizzle,Fog"
"-77.70","53.63","LA GRANDE RIVIERE A","7093716","2019-07-06 08:00","2019","07","06","08:00","","4.2","","3.9","","98","","","","28","","30","","0.6","","99.06","","","","","","Fog"
"-77.70","53.63","LA GRANDE RIVIERE A","7093716","2019-07-06 09:00","2019","07","06","09:00","","4.3","","4.0","","98","","","","26","","26","","2.4","","99.17","","","","","","Fog"
"-77.70","53.63","LA GRANDE RIVIERE A","7093716","2019-07-06 10:00","2019","07","06","10:00","","4.6","","4.2","","97","","","","28","","23","","2.4","","99.22","","","","","","Fog"
"-77.70","53.63","LA GRANDE RIVIERE A","7093716","2019-07-06 11:00","2019","07","06","11:00","","7.0","","4.1","","82","","","","27","","29","","24.1","","99.25","","","","","","NA"
"-77.70","53.63","LA GRANDE RIVIERE A","7093716","2019-07-06 12:00","2019","07","06","12:00","","7.8","","3.7","","75","","","","27","","28","","24.1","","99.30","","","","","","NA"
"-77.70","53.63","LA GRANDE RIVIERE A","7093716","2019-07-06 13:00","2019","07","06","13:00","","9.5","","4.9","","73","","","","28","","26","","24.1","","99.34","","","","","","Mostly Cloudy"
"-77.70","53.63","LA GRANDE RIVIERE A","7093716","2019-07-06 14:00","2019","07","06","14:00","","11.1","","5.3","","67","","","","29","","22","","24.1","","99.35","","","","","","NA"
"-77.70","53.63","LA GRANDE RIVIERE A","7093716","2019-07-06 15:00","2019","07","06","15:00","","13.4","","3.6","","51","","","","31","","17","","24.1","","99.36","","","","","","NA"
"-77.70","53.63","LA GRANDE RIVIERE A","7093716","2019-07-06 16:00","2019","07","06","16:00","","13.7","","4.0","","52","","","","30","","22","","24.1","","99.40","","","","","","Mainly Clear"
"-77.70","53.63","LA GRANDE RIVIERE A","7093716","2019-07-06 17:00","2019","07","06","17:00","","14.2","","4.4","","52","","","","31","","19","","24.1","","99.42","","","","","","NA"
"-77.70","53.63","LA GRANDE RIVIERE A","7093716","2019-07-06 18:00","2019","07","06","18:00","","13.4","","5.0","","56","","","","31","","19","","24.1","","99.46","","","","","","NA"
"-77.70","53.63","LA GRANDE RIVIERE A","7093716","2019-07-06 19:00","2019","07","06","19:00","","12.2","","5.8","","65","","","","30","","18","","24.1","","99.48","","","","","","Mainly Clear"
"-77.70","53.63","LA GRANDE RIVIERE A","7093716","2019-07-06 20:00","2019","07","06","20:00","","11.0","","5.9","","71","","","","29","","15","","24.1","","99.48","","","","","","NA"
"-77.70","53.63","LA GRANDE RIVIERE A","7093716","2019-07-06 21:00","2019","07","06","21:00","","9.1","","5.3","","77","","","","26","","14","","24.1","","99.48","","","","","","NA"
"-77.70","53.63","LA GRANDE RIVIERE A","7093716","2019-07-06 22:00","2019","07","06","22:00","","7.2","","4.5","","83","","","","24","","11","","24.1","","99.46","","","","","","Mainly Clear"
"-77.70","53.63","LA GRANDE RIVIERE A","7093716","2019-07-06 23:00","2019","07","06","23:00","","5.8","","3.8","","86","","","","26","","10","","24.1","","99.46","","","","","","NA"
"-77.70","53.63","LA GRANDE RIVIERE A","7093716","2019-07-07 00:00","2019","07","07","00:00","","5.2","","3.2","","87","","","","25","","10","","24.1","","99.43","","","","","","NA"
"-77.70","53.63","LA GRANDE RIVIERE A","7093716","2019-07-07 01:00","2019","07","07","01:00","","5.0","","2.9","","86","","","","21","","8","","24.1","","99.37","","","","","","Clear"
"-77.70","53.63","LA GRANDE RIVIERE A","7093716","2019-07-07 02:00","2019","07","07","02:00","","4.7","","3.3","","90","","","","23","","12","","24.1","","99.37","","","","","","NA"
"-77.70","53.63","LA GRANDE RIVIERE A","7093716","2019-07-07 03:00","2019","07","07","03:00","","5.1","","3.5","","89","","","","24","","9","","24.1","","99.37","","","","","","NA"
"-77.70","53.63","LA GRANDE RIVIERE A","7093716","2019-07-07 04:00","2019","07","07","04:00","","6.2","","3.5","","83","","","","22","","13","","24.1","","99.37","","","","","","Mostly Cloudy"
"-77.70","53.63","LA GRANDE RIVIERE A","7093716","2019-07-07 05:00","2019","07","07","05:00","","7.3","","3.6","","77","","","","21","","16","","24.1","","99.37","","","","","","NA"
"-77.70","53.63","LA GRANDE RIVIERE A","7093716","2019-07-07 06:00","2019","07","07","06:00","","8.4","","4.4","","76","","","","20","","15","","24.1","","99.34","","","","","","NA"
"-77.70","53.63","LA GRANDE RIVIERE A","7093716","2019-07-07 07:00","2019","07","07","07:00","","10.4","","5.7","","72","","","","21","","21","","24.1","","99.30","","","","","","Mostly Cloudy"
"-77.70","53.63","LA GRANDE RIVIERE A","7093716","2019-07-07 08:00","2019","07","07","08:00","","13.5","","7.6","","67","","","","21","","19","","24.1","","99.24","","","","","","NA"
"-77.70","53.63","LA GRANDE RIVIERE A","7093716","2019-07-07 09:00","2019","07","07","09:00","","16.9","","8.9","","59","","","","23","","19","","24.1","","99.19","","","","","","NA"
"-77.70","53.63","LA GRANDE RIVIERE A","7093716","2019-07-07 10:00","2019","07","07","10:00","","19.9","","7.8","","45","","","","22","","28","","24.1","","99.10","","","","","","Mainly Clear"
"-77.70","53.63","LA GRANDE RIVIERE A","7093716","2019-07-07 11:00","2019","07","07","11:00","","22.4","","7.3","","37","","","","23","","22","","24.1","","99.01","","","","","","NA"
"-77.70","53.63","LA GRANDE RIVIERE A","7093716","2019-07-07 12:00","2019","07","07","12:00","","23.3","","7.5","","36","","","","24","","29","","24.1","","98.97","","","","","","NA"
"-77.70","53.63","LA GRANDE RIVIERE A","7093716","2019-07-07 13:00","2019","07","07","13:00","","24.1","","7.1","","33","","","","24","","34","","24.1","","98.93","","","","","","Mainly Clear"
"-77.70","53.63","LA GRANDE RIVIERE A","7093716","2019-07-07 14:00","2019","07","07","14:00","","23.2","","8.9","","40","","","","26","","32","","24.1","","98.93","","","","","","NA"
"-77.70","53.63","LA GRANDE RIVIERE A","7093716","2019-07-07 15:00","2019","07","07","15:00","","23.2","","8.2","","38","","","","27","","34","","24.1","","98.90","","","","","","NA"
"-77.70","53.63","LA GRANDE RIVIERE A","7093716","2019-07-07 16:00","2019","07","07","16:00","","23.1","","7.5","","36","","","","28","","38","","24.1","","98.91","","","","","","Mainly Clear"
"-77.70","53.63","LA GRANDE RIVIERE A","7093716","2019-07-07 17:00","2019","07","07","17:00","","20.4","","9.0","","47","","","","29","","25","","24.1","","98.90","","","","","","NA"
"-77.70","53.63","LA GRANDE RIVIERE A","7093716","2019-07-07 18:00","2019","07","07","18:00","","19.4","","9.3","","52","","","","29","","22","","24.1","","98.91","","","","","","NA"
"-77.70","53.63","LA GRANDE RIVIERE A","7093716","2019-07-07 19:00","2019","07","07","19:00","","18.0","","8.6","","54","","","","29","","18","","24.1","","98.92","","","","","","Mostly Cloudy"
"-77.70","53.63","LA GRANDE RIVIERE A","7093716","2019-07-07 20:00","2019","07","07","20:00","","16.6","","7.9","","56","","","","28","","14","","24.1","","98.90","","","","","","NA"
"-77.70","53.63","LA GRANDE RIVIERE A","7093716","2019-07-07 21:00","2019","07","07","21:00","","14.1","","9.8","","75","","","","27","","15","","24.1","","98.93","","","","","","Rain Showers"
"-77.70","53.63","LA GRANDE RIVIERE A","7093716","2019-07-07 22:00","2019","07","07","22:00","","12.8","","8.2","","74","","","","32","","10","","24.1","","98.92","","","","","","Mostly Cloudy"
"-77.70","53.63","LA GRANDE RIVIERE A","7093716","2019-07-07 23:00","2019","07","07","23:00","","11.6","","8.6","","81","","","","30","","8","","24.1","","98.94","","","","","","NA"
"-77.70","53.63","LA GRANDE RIVIERE A","7093716","2019-07-08 00:00","2019","07","08","00:00","","10.6","","8.2","","85","","","","29","","10","","24.1","","98.93","","","","","","NA"
"-77.70","53.63","LA GRANDE RIVIERE A","7093716","2019-07-08 01:00","2019","07","08","01:00","","9.3","","7.5","","88","","","","29","","11","","24.1","","98.94","","","","","","Mainly Clear"
"-77.70","53.63","LA GRANDE RIVIERE A","7093716","2019-07-08 02:00","2019","07","08","02:00","","7.5","","6.5","","93","","","","27","","10","","24.1","","98.94","","","","","","NA"
"-77.70","53.63","LA GRANDE RIVIERE A","7093716","2019-07-08 03:00","2019","07","08","03:00","","6.9","","6.1","","95","","","","27","","11","","24.1","","98.94","","","","","","NA"
"-77.70","53.63","LA GRANDE RIVIERE A","7093716","2019-07-08 04:00","2019","07","08","04:00","","5.5","","5.0","","96","","","","27","","7","","24.1","","98.94","","","","","","Mainly Clear"
"-77.70","53.63","LA GRANDE RIVIERE A","7093716","2019-07-08 05:00","2019","07","08","05:00","","5.4","","5.0","","97","","","","26","","13","","0.4","","98.99","","","","","","Fog"
"-77.70","53.63","LA GRANDE RIVIERE A","7093716","2019-07-08 06:00","2019","07","08","06:00","","6.0","","5.6","","97","","","","26","","14","","4.0","","99.03","","","","","","Fog"
"-77.70","53.63","LA GRANDE RIVIERE A","7093716","2019-07-08 07:00","2019","07","08","07:00","","8.4","","5.9","","84","","","","30","","13","","12.9","","99.04","","","","","","Mainly Clear"
"-77.70","53.63","LA GRANDE RIVIERE A","7093716","2019-07-08 08:00","2019","07","08","08:00","","10.3","","5.5","","72","","","","30","","14","","24.1","","99.09","","","","","","NA"
"-77.70","53.63","LA GRANDE RIVIERE A","7093716","2019-07-08 09:00","2019","07","08","09:00","","12.2","","5.4","","63","","","","30","","17","","24.1","","99.13","","","","","","NA"
"-77.70","53.63","LA GRANDE RIVIERE A","7093716","2019-07-08 10:00","2019","07","08","10:00","","14.2","","4.8","","53","","","","30","","14","","24.1","","99.08","","","","","","Mainly Clear"
"-77.70","53.63","LA GRANDE RIVIERE A","7093716","2019-07-08 11:00","2019","07","08","11:00","","16.1","","5.3","","49","","","","29","","13","","24.1","","99.07","","","","","","NA"
"-77.70","53.63","LA GRANDE RIVIERE A","7093716","2019-07-08 12:00","2019","07","08","12:00","","16.9","","5.7","","47","","","","29","","19","","24.1","","99.08","","","","","","NA"
"-77.70","53.63","LA GRANDE RIVIERE A","7093716","2019-07-08 13:00","2019","07","08","13:00","","18.7","","6.5","","45","","","","31","","13","","24.1","","99.04","","","","","","Mostly Cloudy"
"-77.70","53.63","LA GRANDE RIVIERE A","7093716","2019-07-08 14:00","2019","07","08","14:00","","19.3","","7.5","","46","","","","33","","15","","24.1","","99.03","","","","","","NA"
"-77.70","53.63","LA GRANDE RIVIERE A","7093716","2019-07-08 15:00","2019","07","08","15:00","","19.8","","7.8","","46","","","","31","","14","","24.1","","99.07","","","","","","NA"
"-77.70","53.63","LA GRANDE RIVIERE A","7093716","2019-07-08 16:00","2019","07","08","16:00","","19.9","","7.6","","44","","","","30","","17","","24.1","","99.07","","","","","","Mainly Clear"
"-77.70","53.63","LA GRANDE RIVIERE A","7093716","2019-07-08 17:00","2019","07","08","17:00","","19.4","","8.4","","49","","","","30","","13","","24.1","","99.06","","","","","","NA"
"-77.70","53.63","LA GRANDE RIVIERE A","7093716","2019-07-08 18:00","2019","07","08","18:00","","19.1","","8.3","","49","","","","32","","13","","24.1","","99.07","","","","","","NA"
"-77.70","53.63","LA GRANDE RIVIERE A","7093716","2019-07-08 19:00","2019","07","08","19:00","","18.5","","8.3","","51","","","","29","","13","","24.1","","99.11","","","","","","Mainly Clear"
"-77.70","53.63","LA GRANDE RIVIERE A","7093716","2019-07-08 20:00","2019","07","08","20:00","","16.8","","8.4","","57","","","","30","","14","","24.1","","99.14","","","","","","NA"
"-77.70","53.63","LA GRANDE RIVIERE A","7093716","2019-07-08 21:00","2019","07","08","21:00","","14.1","","8.6","","69","","","","30","","8","","24.1","","99.14","","","","","","NA"
"-77.70","53.63","LA GRANDE RIVIERE A","7093716","2019-07-08 22:00","2019","07","08","22:00","","11.7","","7.9","","77","","","","26","","6","","24.1","","99.15","","","","","","Mostly Cloudy"
"-77.70","53.63","LA GRANDE RIVIERE A","7093716","2019-07-08 23:00","2019","07","08","23:00","","10.3","","7.8","","84","","","","26","","8","","24.1","","99.20","","","","","","NA"
"-77.70","53.63","LA GRANDE RIVIERE A","7093716","2019-07-09 00:00","2019","07","09","00:00","","10.0","","7.7","","86","","","","32","","5","","24.1","","99.22","","","","","","NA"
"-77.70","53.63","LA GRANDE RIVIERE A","7093716","2019-07-09 01:00","2019","07","09","01:00","","10.2","","7.5","","83","","","","3","","9","","24.1","","99.22","","","","","","Mainly Clear"
"-77.70","53.63","LA GRANDE RIVIERE A","7093716","2019-07-09 02:00","2019","07","09","02:00","","10.8","","8.2","","84","","","","6","","14","","24.1","","99.25","","","","","","NA"
"-77.70","53.63","LA GRANDE RIVIERE A","7093716","2019-07-09 03:00","2019","07","09","03:00","","10.3","","8.1","","87","","","","6","","11","","24.1","","99.28","","","","","","NA"
"-77.70","53.63","LA GRANDE RIVIERE A","7093716","2019-07-09 04:00","2019","07","09","04:00","","9.3","","8.0","","91","","","","8","","9","","24.1","","99.33","","","","","","Mainly Clear"
"-77.70","53.63","LA GRANDE RIVIERE A","7093716","2019-07-09 05:00","2019","07","09","05:00","","10.0","","8.3","","89","","","","10","","10","","24.1","","99.33","","","","","","NA"
"-77.70","53.63","LA GRANDE RIVIERE A","7093716","2019-07-09 06:00","2019","07","09","06:00","","11.3","","8.5","","83","","","","10","","7","","24.1","","99.41","","","","","","NA"
"-77.70","53.63","LA GRANDE RIVIERE A","7093716","2019-07-09 07:00","2019","07","09","07:00","","13.8","","8.9","","72","","","","11","","10","","24.1","","99.44","","","","","","Mainly Clear"
"-77.70","53.63","LA GRANDE RIVIERE A","7093716","2019-07-09 08:00","2019","07","09","08:00","","16.4","","7.7","","56","","","","11","","16","","24.1","","99.41","","","","","","NA"
"-77.70","53.63","LA GRANDE RIVIERE A","7093716","2019-07-09 09:00","2019","07","09","09:00","","18.4","","5.7","","43","","","","10","","17","","24.1","","99.39","","","","","","NA"
"-77.70","53.63","LA GRANDE RIVIERE A","7093716","2019-07-09 10:00","2019","07","09","10:00","","19.2","","4.2","","37","","","","8","","20","","24.1","","99.28","","","","","","Mostly Cloudy"
"-77.70","53.63","LA GRANDE RIVIERE A","7093716","2019-07-09 11:00","2019","07","09","11:00","","19.9","","4.4","","36","","","","9","","13","","24.1","","99.33","","","","","","NA"
"-77.70","53.63","LA GRANDE RIVIERE A","7093716","2019-07-09 12:00","2019","07","09","12:00","","20.7","","3.7","","32","","","","7","","16","","24.1","","99.29","","","","","","NA"
"-77.70","53.63","LA GRANDE RIVIERE A","7093716","2019-07-09 13:00","2019","07","09","13:00","","21.5","","7.0","","38","","","","8","","12","","24.1","","99.27","","","","","","Mostly Cloudy"
"-77.70","53.63","LA GRANDE RIVIERE A","7093716","2019-07-09 14:00","2019","07","09","14:00","","22.9","","8.1","","38","","","","12","","14","","24.1","","99.26","","","","","","NA"
"-77.70","53.63","LA GRANDE RIVIERE A","7093716","2019-07-09 15:00","2019","07","09","15:00","","21.9","","8.2","","41","","","","8","","17","","24.1","","99.27","","","","","","NA"
"-77.70","53.63","LA GRANDE RIVIERE A","7093716","2019-07-09 16:00","2019","07","09","16:00","","21.6","","9.2","","45","","","","7","","16","","24.1","","99.26","","","","","","Cloudy"
"-77.70","53.63","LA GRANDE RIVIERE A","7093716","2019-07-09 17:00","2019","07","09","17:00","","21.7","","9.6","","46","","","","8","","19","","24.1","","99.21","","","","","","NA"
"-77.70","53.63","LA GRANDE RIVIERE A","7093716","2019-07-09 18:00","2019","07","09","18:00","","21.7","","9.7","","46","","","","9","","19","","24.1","","99.17","","","","","","NA"
"-77.70","53.63","LA GRANDE RIVIERE A","7093716","2019-07-09 19:00","2019","07","09","19:00","","20.1","","9.3","","49","","","","9","","13","","24.1","","99.21","","","","","","Cloudy"
"-77.70","53.63","LA GRANDE RIVIERE A","7093716","2019-07-09 20:00","2019","07","09","20:00","","18.7","","8.8","","52","","","","9","","14","","24.1","","99.21","","","","","","NA"
"-77.70","53.63","LA GRANDE RIVIERE A","7093716","2019-07-09 21:00","2019","07","09","21:00","","18.0","","9.9","","59","","","","9","","15","","24.1","","99.23","","","","","","NA"
"-77.70","53.63","LA GRANDE RIVIERE A","7093716","2019-07-09 22:00","2019","07","09","22:00","","17.2","","10.2","","63","","","","11","","16","","24.1","","99.19","","","","","","Cloudy"
"-77.70","53.63","LA GRANDE RIVIERE A","7093716","2019-07-09 23:00","2019","07","09","23:00","","17.0","","10.4","","65","","","","8","","14","","24.1","","99.20","","","","","","NA"
"-77.70","53.63","LA GRANDE RIVIERE A","7093716","2019-07-10 00:00","2019","07","10","00:00","","16.4","","10.6","","68","","","","11","","15","","24.1","","99.17","","","","","","NA"
"-77.70","53.63","LA GRANDE RIVIERE A","7093716","2019-07-10 01:00","2019","07","10","01:00","","17.1","","10.5","","65","","","","12","","20","","24.1","","99.15","","","","","","Cloudy"
"-77.70","53.63","LA GRANDE RIVIERE A","7093716","2019-07-10 02:00","2019","07","10","02:00","","17.3","","10.0","","62","","","","12","","18","","24.1","","99.14","","","","","","Rain"
"-77.70","53.63","LA GRANDE RIVIERE A","7093716","2019-07-10 03:00","2019","07","10","03:00","","17.1","","10.0","","63","","","","13","","19","","24.1","","99.11","","","","","","NA"
"-77.70","53.63","LA GRANDE RIVIERE A","7093716","2019-07-10 04:00","2019","07","10","04:00","","16.6","","10.2","","65","","","","12","","20","","24.1","","99.12","","","","","","Mostly Cloudy"
"-77.70","53.63","LA GRANDE RIVIERE A","7093716","2019-07-10 05:00","2019","07","10","05:00","","16.8","","9.8","","63","","","","12","","21","","24.1","","99.10","","","","","","NA"
"-77.70","53.63","LA GRANDE RIVIERE A","7093716","2019-07-10 06:00","2019","07","10","06:00","","17.2","","9.8","","61","","","","12","","25","","24.1","","99.08","","","","","","NA"
"-77.70","53.63","LA GRANDE RIVIERE A","7093716","2019-07-10 07:00","2019","07","10","07:00","","17.9","","9.9","","59","","","","12","","23","","24.1","","99.08","","","","","","Mostly Cloudy"
"-77.70","53.63","LA GRANDE RIVIERE A","7093716","2019-07-10 08:00","2019","07","10","08:00","","19.1","","10.3","","56","","","","14","","17","","24.1","","99.08","","","","","","NA"
"-77.70","53.63","LA GRANDE RIVIERE A","7093716","2019-07-10 09:00","2019","07","10","09:00","","19.7","","10.1","","54","","","","13","","20","","24.1","","99.03","","","","","","NA"
"-77.70","53.63","LA GRANDE RIVIERE A","7093716","2019-07-10 10:00","2019","07","10","10:00","","20.1","","10.7","","54","","","","13","","25","","24.1","","98.99","","","","","","Cloudy"
"-77.70","53.63","LA GRANDE RIVIERE A","7093716","2019-07-10 11:00","2019","07","10","11:00","","19.6","","11.2","","58","","","","12","","22","","24.1","","98.96","","","","","","NA"
"-77.70","53.63","LA GRANDE RIVIERE A","7093716","2019-07-10 12:00","2019","07","10","12:00","","20.0","","11.3","","57","","","","14","","20","","24.1","","98.95","","","","","","NA"
"-77.70","53.63","LA GRANDE RIVIERE A","7093716","2019-07-10 13:00","2019","07","10","13:00","","20.0","","11.7","","58","","","","12","","26","","24.1","","98.87","","","","","","Rain"
"-77.70","53.63","LA GRANDE RIVIERE A","7093716","2019-07-10 14:00","2019","07","10","14:00","","20.3","","13.0","","62","","","","12","","28","","24.1","","98.77","","","","","","NA"
"-77.70","53.63","LA GRANDE RIVIERE A","7093716","2019-07-10 15:00","2019","07","10","15:00","","20.7","","12.9","","60","","","","12","","25","","24.1","","98.78","","","","","","Rain"
"-77.70","53.63","LA GRANDE RIVIERE A","7093716","2019-07-10 16:00","2019","07","10","16:00","","21.1","","12.3","","57","","","","12","","28","","24.1","","98.70","","","","","","Cloudy"
"-77.70","53.63","LA GRANDE RIVIERE A","7093716","2019-07-10 17:00","2019","07","10","17:00","","22.3","","12.8","","54","","","","12","","22","","24.1","","98.63","","25","","","","NA"
"-77.70","53.63","LA GRANDE RIVIERE A","7093716","2019-07-10 18:00","2019","07","10","18:00","","23.2","","13.1","","52","","","","12","","25","","24.1","","98.56","","26","","","","NA"
"-77.70","53.63","LA GRANDE RIVIERE A","7093716","2019-07-10 19:00","2019","07","10","19:00","","22.5","","13.0","","54","","","","12","","26","","24.1","","98.50","","25","","","","Cloudy"
"-77.70","53.63","LA GRANDE RIVIERE A","7093716","2019-07-10 20:00","2019","07","10","20:00","","22.0","","13.0","","56","","","","12","","24","","24.1","","98.46","","25","","","","NA"
"-77.70","53.63","LA GRANDE RIVIERE A","7093716","2019-07-10 21:00","2019","07","10","21:00","","21.4","","12.9","","58","","","","12","","20","","24.1","","98.43","","","","","","NA"
"-77.70","53.63","LA GRANDE RIVIERE A","7093716","2019-07-10 22:00","2019","07","10","22:00","","20.1","","13.8","","66","","","","10","","17","","24.1","","98.32","","","","","","Rain"
"-77.70","53.63","LA GRANDE RIVIERE A","7093716","2019-07-10 23:00","2019","07","10","23:00","","21.1","","13.3","","61","","","","13","","18","","24.1","","98.25","","","","","","NA"
"-77.70","53.63","LA GRANDE RIVIERE A","7093716","2019-07-11 00:00","2019","07","11","00:00","","21.4","","13.2","","59","","","","14","","20","","24.1","","98.21","","","","","","NA"
"-77.70","53.63","LA GRANDE RIVIERE A","7093716","2019-07-11 01:00","2019","07","11","01:00","","21.4","","13.3","","59","","","","15","","22","","24.1","","98.12","","","","","","Cloudy"
"-77.70","53.63","LA GRANDE RIVIERE A","7093716","2019-07-11 02:00","2019","07","11","02:00","","21.0","","13.3","","61","","","","16","","18","","24.1","","98.03","","","","","","NA"
"-77.70","53.63","LA GRANDE RIVIERE A","7093716","2019-07-11 03:00","2019","07","11","03:00","","20.8","","13.5","","63","","","","16","","19","","24.1","","98.03","","","","","","NA"
"-77.70","53.63","LA GRANDE RIVIERE A","7093716","2019-07-11 04:00","2019","07","11","04:00","","20.1","","13.6","","66","","","","17","","14","","24.1","","98.04","","","","","","Cloudy"
"-77.70","53.63","LA GRANDE RIVIERE A","7093716","2019-07-11 05:00","2019","07","11","05:00","","19.5","","13.5","","68","","","","16","","14","","24.1","","98.01","","","","","","NA"
"-77.70","53.63","LA GRANDE RIVIERE A","7093716","2019-07-11 06:00","2019","07","11","06:00","","19.6","","13.8","","69","","","","20","","10","","16.1","","98.02","","","","","","NA"
"-77.70","53.63","LA GRANDE RIVIERE A","7093716","2019-07-11 07:00","2019","07","11","07:00","","20.1","","14.1","","68","","","","22","","8","","16.1","","98.03","","","","","","Cloudy"
"-77.70","53.63","LA GRANDE RIVIERE A","7093716","2019-07-11 08:00","2019","07","11","08:00","","20.4","","14.8","","70","","","","31","","9","","9.7","","98.06","","","","","","Haze"
"-77.70","53.63","LA GRANDE RIVIERE A","7093716","2019-07-11 09:00","2019","07","11","09:00","","20.8","","14.8","","68","","","","1","","8","","12.9","","98.04","","25","","","","NA"
"-77.70","53.63","LA GRANDE RIVIERE A","7093716","2019-07-11 10:00","2019","07","11","10:00","","21.3","","15.8","","71","","","","30","","13","","12.9","","98.07","","26","","","","Mostly Cloudy"
"-77.70","53.63","LA GRANDE RIVIERE A","7093716","2019-07-11 11:00","2019","07","11","11:00","","21.7","","16.0","","70","","","","30","","16","","8.1","","98.10","","26","","","","Haze"
"-77.70","53.63","LA GRANDE RIVIERE A","7093716","2019-07-11 12:00","2019","07","11","12:00","","21.3","","16.0","","72","","","","31","","16","","19.3","","98.14","","26","","","","NA"
"-77.70","53.63","LA GRANDE RIVIERE A","7093716","2019-07-11 13:00","2019","07","11","13:00","","18.8","","14.1","","74","","","","33","","22","","19.3","","98.19","","","","","","Mostly Cloudy"
"-77.70","53.63","LA GRANDE RIVIERE A","7093716","2019-07-11 14:00","2019","07","11","14:00","","18.6","","13.9","","74","","","","34","","19","","19.3","","98.23","","","","","","NA"
"-77.70","53.63","LA GRANDE RIVIERE A","7093716","2019-07-11 15:00","2019","07","11","15:00","","19.3","","13.6","","69","","","","32","","16","","24.1","","98.25","","","","","","NA"
"-77.70","53.63","LA GRANDE RIVIERE A","7093716","2019-07-11 16:00","2019","07","11","16:00","","18.1","","12.6","","70","","","","34","","18","","24.1","","98.28","","","","","","Mostly Cloudy"
"-77.70","53.63","LA GRANDE RIVIERE A","7093716","2019-07-11 17:00","2019","07","11","17:00","","16.3","","11.1","","71","","","","34","","21","","24.1","","98.33","","","","","","NA"
"-77.70","53.63","LA GRANDE RIVIERE A","7093716","2019-07-11 18:00","2019","07","11","18:00","","15.9","","11.1","","73","","","","34","","10","","24.1","","98.39","","","","","","NA"
"-77.70","53.63","LA GRANDE RIVIERE A","7093716","2019-07-11 19:00","2019","07","11","19:00","","15.1","","10.6","","74","","","","34","","15","","24.1","","98.41","","","","","","Mainly Clear"
"-77.70","53.63","LA GRANDE RIVIERE A","7093716","2019-07-11 20:00","2019","07","11","20:00","","13.3","","9.8","","80","","","","34","","14","","24.1","","98.44","","","","","","NA"
"-77.70","53.63","LA GRANDE RIVIERE A","7093716","2019-07-11 21:00","2019","07","11","21:00","","12.0","","9.1","","82","","","","34","","12","","24.1","","98.46","","","","","","NA"
"-77.70","53.63","LA GRANDE RIVIERE A","7093716","2019-07-11 22:00","2019","07","11","22:00","","10.6","","7.5","","81","","","","33","","11","","24.1","","98.47","","","","","","Mostly Cloudy"
"-77.70","53.63","LA GRANDE RIVIERE A","7093716","2019-07-11 23:00","2019","07","11","23:00","","8.9","","6.8","","87","","","","33","","8","","24.1","","98.46","","","","","","NA"
"-77.70","53.63","LA GRANDE RIVIERE A","7093716","2019-07-12 00:00","2019","07","12","00:00","","8.1","","6.5","","90","","","","35","","9","","24.1","","98.46","","","","","","NA"
"-77.70","53.63","LA GRANDE RIVIERE A","7093716","2019-07-12 01:00","2019","07","12","01:00","","8.6","","7.3","","91","","","","3","","11","","24.1","","98.46","","","","","","Cloudy"
"-77.70","53.63","LA GRANDE RIVIERE A","7093716","2019-07-12 02:00","2019","07","12","02:00","","8.9","","8.1","","95","","","","36","","8","","4.0","","98.46","","","","","","Drizzle,Fog"
"-77.70","53.63","LA GRANDE RIVIERE A","7093716","2019-07-12 03:00","2019","07","12","03:00","","8.9","","8.1","","94","","","","34","","8","","9.7","","98.45","","","","","","Drizzle,Fog"
"-77.70","53.63","LA GRANDE RIVIERE A","7093716","2019-07-12 04:00","2019","07","12","04:00","","8.8","","8.2","","95","","","","35","","7","","4.8","","98.41","","","","","","Drizzle,Fog"
"-77.70","53.63","LA GRANDE RIVIERE A","7093716","2019-07-12 05:00","2019","07","12","05:00","","9.1","","8.5","","96","","","","2","","7","","9.7","","98.42","","","","","","Fog"
"-77.70","53.63","LA GRANDE RIVIERE A","7093716","2019-07-12 06:00","2019","07","12","06:00","","9.8","","8.8","","93","","","","35","","8","","24.1","","98.41","","","","","","NA"
"-77.70","53.63","LA GRANDE RIVIERE A","7093716","2019-07-12 07:00","2019","07","12","07:00","","12.3","","9.3","","81","","","","35","","9","","24.1","","98.42","","","","","","Mostly Cloudy"
"-77.70","53.63","LA GRANDE RIVIERE A","7093716","2019-07-12 08:00","2019","07","12","08:00","","14.5","","9.8","","73","","","","8","","9","","24.1","","98.38","","","","","","NA"
"-77.70","53.63","LA GRANDE RIVIERE A","7093716","2019-07-12 09:00","2019","07","12","09:00","","16.3","","10.5","","69","","","","5","","7","","24.1","","98.38","","","","","","NA"
"-77.70","53.63","LA GRANDE RIVIERE A","7093716","2019-07-12 10:00","2019","07","12","10:00","","18.3","","10.8","","61","","","","31","","11","","24.1","","98.33","","","","","","Mostly Cloudy"
"-77.70","53.63","LA GRANDE RIVIERE A","7093716","2019-07-12 11:00","2019","07","12","11:00","","19.1","","10.7","","58","","","","6","","5","","24.1","","98.33","","","","","","NA"
"-77.70","53.63","LA GRANDE RIVIERE A","7093716","2019-07-12 12:00","2019","07","12","12:00","","21.0","","10.2","","50","","","","7","","9","","24.1","","98.29","","","","","","NA"
"-77.70","53.63","LA GRANDE RIVIERE A","7093716","2019-07-12 13:00","2019","07","12","13:00","","21.4","","11.2","","52","","","","7","","11","","24.1","","98.28","","","","","","Mostly Cloudy"
"-77.70","53.63","LA GRANDE RIVIERE A","7093716","2019-07-12 14:00","2019","07","12","14:00","","21.3","","10.9","","51","","","","16","","7","","24.1","","98.23","","","","","","NA"
"-77.70","53.63","LA GRANDE RIVIERE A","7093716","2019-07-12 15:00","2019","07","12","15:00","","21.4","","10.6","","50","","","","8","","9","","24.1","","98.21","","","","","","NA"
"-77.70","53.63","LA GRANDE RIVIERE A","7093716","2019-07-12 16:00","2019","07","12","16:00","","21.6","","10.1","","48","","","","3","","8","","24.1","","98.18","","","","","","Mostly Cloudy"
"-77.70","53.63","LA GRANDE RIVIERE A","7093716","2019-07-12 17:00","2019","07","12","17:00","","21.3","","9.6","","47","","","","34","","4","","24.1","","98.18","","","","","","NA"
"-77.70","53.63","LA GRANDE RIVIERE A","7093716","2019-07-12 18:00","2019","07","12","18:00","","18.9","","11.3","","61","","","","28","","22","","24.1","","98.22","","","","","","NA"
"-77.70","53.63","LA GRANDE RIVIERE A","7093716","2019-07-12 19:00","2019","07","12","19:00","","16.9","","10.4","","65","","","","28","","21","","24.1","","98.25","","","","","","Cloudy"
"-77.70","53.63","LA GRANDE RIVIERE A","7093716","2019-07-12 20:00","2019","07","12","20:00","","16.2","","10.3","","68","","","","28","","13","","24.1","","98.23","","","","","","NA"
"-77.70","53.63","LA GRANDE RIVIERE A","7093716","2019-07-12 21:00","2019","07","12","21:00","","15.3","","10.4","","72","","","","25","","9","","24.1","","98.26","","","","","","Rain"
"-77.70","53.63","LA GRANDE RIVIERE A","7093716","2019-07-12 22:00","2019","07","12","22:00","","14.5","","10.5","","77","","","","27","","20","","24.1","","98.17","","","","","","Rain"
"-77.70","53.63","LA GRANDE RIVIERE A","7093716","2019-07-12 23:00","2019","07","12","23:00","","14.1","","10.0","","76","","","","24","","13","","24.1","","98.14","","","","","","Rain"
"-77.70","53.63","LA GRANDE RIVIERE A","7093716","2019-07-13 00:00","2019","07","13","00:00","","13.7","","9.9","","78","","","","","","0","","24.1","","98.14","","","","","","NA"
"-77.70","53.63","LA GRANDE RIVIERE A","7093716","2019-07-13 01:00","2019","07","13","01:00","","13.3","","10.0","","81","","","","26","","5","","24.1","","98.15","","","","","","Cloudy"
"-77.70","53.63","LA GRANDE RIVIERE A","7093716","2019-07-13 02:00","2019","07","13","02:00","","12.7","","9.8","","82","","","","27","","4","","24.1","","98.11","","","","","","NA"
"-77.70","53.63","LA GRANDE RIVIERE A","7093716","2019-07-13 03:00","2019","07","13","03:00","","12.5","","9.6","","83","","","","30","","5","","24.1","","98.09","","","","","","NA"
"-77.70","53.63","LA GRANDE RIVIERE A","7093716","2019-07-13 04:00","2019","07","13","04:00","","11.9","","9.4","","84","","","","30","","3","","24.1","","98.08","","","","","","Cloudy"
"-77.70","53.63","LA GRANDE RIVIERE A","7093716","2019-07-13 05:00","2019","07","13","05:00","","12.1","","10.1","","88","","","","34","","4","","24.1","","98.07","","","","","","Rain"
"-77.70","53.63","LA GRANDE RIVIERE A","7093716","2019-07-13 06:00","2019","07","13","06:00","","11.7","","10.3","","91","","","","33","","4","","24.1","","98.09","","","","","","NA"
"-77.70","53.63","LA GRANDE RIVIERE A","7093716","2019-07-13 07:00","2019","07","13","07:00","","13.0","","11.6","","91","","","","32","","5","","24.1","","98.11","","","","","","Rain"
"-77.70","53.63","LA GRANDE RIVIERE A","7093716","2019-07-13 08:00","2019","07","13","08:00","","13.8","","12.7","","93","","","","32","","5","","19.3","","98.11","","","","","","Rain"
"-77.70","53.63","LA GRANDE RIVIERE A","7093716","2019-07-13 09:00","2019","07","13","09:00","","14.6","","13.5","","93","","","","34","","5","","19.3","","98.14","","","","","","Rain"
"-77.70","53.63","LA GRANDE RIVIERE A","7093716","2019-07-13 10:00","2019","07","13","10:00","","15.7","","14.6","","93","","","","34","","5","","12.9","","98.14","","","","","","Rain"
"-77.70","53.63","LA GRANDE RIVIERE A","7093716","2019-07-13 11:00","2019","07","13","11:00","","16.2","","14.8","","91","","","","33","","8","","12.9","","98.17","","","","","","Rain"
"-77.70","53.63","LA GRANDE RIVIERE A","7093716","2019-07-13 12:00","2019","07","13","12:00","","16.3","","13.9","","86","","","","31","","16","","24.1","","98.19","","","","","","NA"
"-77.70","53.63","LA GRANDE RIVIERE A","7093716","2019-07-13 13:00","2019","07","13","13:00","","16.6","","14.0","","84","","","","32","","13","","24.1","","98.22","","","","","","Cloudy"
"-77.70","53.63","LA GRANDE RIVIERE A","7093716","2019-07-13 14:00","2019","07","13","14:00","","16.8","","12.8","","77","","","","32","","22","","24.1","","98.25","","","","","","NA"
"-77.70","53.63","LA GRANDE RIVIERE A","7093716","2019-07-13 15:00","2019","07","13","15:00","","15.7","","12.7","","83","","","","31","","20","","24.1","","98.31","","","","","","Rain"
"-77.70","53.63","LA GRANDE RIVIERE A","7093716","2019-07-13 16:00","2019","07","13","16:00","","15.7","","10.9","","73","","","","32","","20","","24.1","","98.36","","","","","","Rain"
"-77.70","53.63","LA GRANDE RIVIERE A","7093716","2019-07-13 17:00","2019","07","13","17:00","","15.2","","11.7","","80","","","","31","","16","","19.3","","98.40","","","","","","Rain"
"-77.70","53.63","LA GRANDE RIVIERE A","7093716","2019-07-13 18:00","2019","07","13","18:00","","15.2","","13.2","","88","","","","30","","15","","24.1","","98.42","","","","","","Rain"
"-77.70","53.63","LA GRANDE RIVIERE A","7093716","2019-07-13 19:00","2019","07","13","19:00","","15.1","","10.1","","72","","","","29","","13","","24.1","","98.45","","","","","","Cloudy"
"-77.70","53.63","LA GRANDE RIVIERE A","7093716","2019-07-13 20:00","2019","07","13","20:00","","14.9","","10.4","","74","","","","28","","14","","24.1","","98.47","","","","","","NA"
"-77.70","53.63","LA GRANDE RIVIERE A","7093716","2019-07-13 21:00","2019","07","13","21:00","","13.4","","7.6","","68","","","","30","","13","","24.1","","98.53","","","","","","NA"
"-77.70","53.63","LA GRANDE RIVIERE A","7093716","2019-07-13 22:00","2019","07","13","22:00","","12.8","","7.6","","70","","","","30","","10","","24.1","","98.59","","","","","","Cloudy"
"-77.70","53.63","LA GRANDE RIVIERE A","7093716","2019-07-13 23:00","2019","07","13","23:00","","11.3","","9.3","","87","","","","32","","10","","24.1","","98.62","","","","","","Rain"
"-77.70","53.63","LA GRANDE RIVIERE A","7093716","2019-07-14 00:00","2019","07","14","00:00","","11.6","","9.1","","84","","","","31","","10","","24.1","","98.70","","","","","","Rain"
"-77.70","53.63","LA GRANDE RIVIERE A","7093716","2019-07-14 01:00","2019","07","14","01:00","","11.7","","8.7","","82","","","","30","","10","","24.1","","98.74","","","","","","Rain"
"-77.70","53.63","LA GRANDE RIVIERE A","7093716","2019-07-14 02:00","2019","07","14","02:00","","10.7","","7.6","","81","","","","31","","10","","24.1","","98.78","","","","","","NA"
"-77.70","53.63","LA GRANDE RIVIERE A","7093716","2019-07-14 03:00","2019","07","14","03:00","","10.0","","7.0","","82","","","","32","","9","","24.1","","98.82","","","","","","NA"
"-77.70","53.63","LA GRANDE RIVIERE A","7093716","2019-07-14 04:00","2019","07","14","04:00","","10.5","","7.1","","79","","","","30","","9","","24.1","","98.87","","","","","","Mostly Cloudy"
"-77.70","53.63","LA GRANDE RIVIERE A","7093716","2019-07-14 05:00","2019","07","14","05:00","","9.8","","6.6","","80","","","","30","","13","","24.1","","98.94","","","","","","NA"
"-77.70","53.63","LA GRANDE RIVIERE A","7093716","2019-07-14 06:00","2019","07","14","06:00","","11.2","","6.9","","75","","","","31","","7","","24.1","","98.95","","","","","","NA"
"-77.70","53.63","LA GRANDE RIVIERE A","7093716","2019-07-14 07:00","2019","07","14","07:00","","13.2","","7.3","","68","","","","30","","11","","24.1","","99.03","","","","","","Mainly Clear"
"-77.70","53.63","LA GRANDE RIVIERE A","7093716","2019-07-14 08:00","2019","07","14","08:00","","16.0","","8.1","","59","","","","32","","14","","24.1","","99.09","","","","","","NA"
"-77.70","53.63","LA GRANDE RIVIERE A","7093716","2019-07-14 09:00","2019","07","14","09:00","","17.9","","8.0","","52","","","","31","","16","","24.1","","99.11","","","","","","NA"
"-77.70","53.63","LA GRANDE RIVIERE A","7093716","2019-07-14 10:00","2019","07","14","10:00","","19.6","","8.6","","48","","","","34","","4","","24.1","","99.06","","","","","","Mainly Clear"
"-77.70","53.63","LA GRANDE RIVIERE A","7093716","2019-07-14 11:00","2019","07","14","11:00","","20.1","","7.7","","44","","","","32","","7","","24.1","","99.08","","","","","","NA"
"-77.70","53.63","LA GRANDE RIVIERE A","7093716","2019-07-14 12:00","2019","07","14","12:00","","21.3","","6.4","","38","","","","31","","12","","24.1","","99.05","","","","","","NA"
"-77.70","53.63","LA GRANDE RIVIERE A","7093716","2019-07-14 13:00","2019","07","14","13:00","","22.1","","7.2","","38","","","","28","","12","","24.1","","99.04","","","","","","Mostly Cloudy"
"-77.70","53.63","LA GRANDE RIVIERE A","7093716","2019-07-14 14:00","2019","07","14","14:00","","23.0","","7.6","","37","","","","28","","24","","24.1","","99.02","","","","","","NA"
"-77.70","53.63","LA GRANDE RIVIERE A","7093716","2019-07-14 15:00","2019","07","14","15:00","","19.5","","8.5","","48","","","","28","","23","","24.1","","99.04","","","","","","Rain"
"-77.70","53.63","LA GRANDE RIVIERE A","7093716","2019-07-14 16:00","2019","07","14","16:00","","19.7","","8.1","","46","","","","25","","18","","24.1","","99.02","","","","","","Mostly Cloudy"
"-77.70","53.63","LA GRANDE RIVIERE A","7093716","2019-07-14 17:00","2019","07","14","17:00","","21.8","","8.7","","43","","","","24","","21","","24.1","","98.97","","","","","","NA"
"-77.70","53.63","LA GRANDE RIVIERE A","7093716","2019-07-14 18:00","2019","07","14","18:00","","20.8","","9.6","","48","","","","25","","15","","24.1","","98.97","","","","","","NA"
"-77.70","53.63","LA GRANDE RIVIERE A","7093716","2019-07-14 19:00","2019","07","14","19:00","","19.2","","10.5","","57","","","","22","","8","","24.1","","98.93","","","","","","Cloudy"
"-77.70","53.63","LA GRANDE RIVIERE A","7093716","2019-07-14 20:00","2019","07","14","20:00","","18.2","","10.5","","60","","","","21","","13","","24.1","","98.92","","","","","","NA"
"-77.70","53.63","LA GRANDE RIVIERE A","7093716","2019-07-14 21:00","2019","07","14","21:00","","17.3","","10.6","","64","","","","21","","10","","24.1","","98.92","","","","","","NA"
"-77.70","53.63","LA GRANDE RIVIERE A","7093716","2019-07-14 22:00","2019","07","14","22:00","","16.7","","10.7","","67","","","","19","","12","","24.1","","98.87","","","","","","Mostly Cloudy"
"-77.70","53.63","LA GRANDE RIVIERE A","7093716","2019-07-14 23:00","2019","07","14","23:00","","15.4","","11.6","","78","","","","17","","18","","24.1","","98.80","","","","","","Rain"
"-77.70","53.63","LA GRANDE RIVIERE A","7093716","2019-07-15 00:00","2019","07","15","00:00","","15.6","","11.0","","74","","","","18","","16","","24.1","","98.78","","","","","","NA"
"-77.70","53.63","LA GRANDE RIVIERE A","7093716","2019-07-15 01:00","2019","07","15","01:00","","15.2","","10.0","","71","","","","19","","16","","24.1","","98.75","","","","","","Mostly Cloudy"
"-77.70","53.63","LA GRANDE RIVIERE A","7093716","2019-07-15 02:00","2019","07","15","02:00","","14.0","","9.9","","76","","","","23","","9","","24.1","","98.76","","","","","","NA"
"-77.70","53.63","LA GRANDE RIVIERE A","7093716","2019-07-15 03:00","2019","07","15","03:00","","13.9","","9.9","","77","","","","25","","8","","24.1","","98.75","","","","","","NA"
"-77.70","53.63","LA GRANDE RIVIERE A","7093716","2019-07-15 04:00","2019","07","15","04:00","","11.9","","9.2","","83","","","","25","","12","","24.1","","98.78","","","","","","Mainly Clear"
"-77.70","53.63","LA GRANDE RIVIERE A","7093716","2019-07-15 05:00","2019","07","15","05:00","","11.3","","8.9","","85","","","","25","","13","","24.1","","98.79","","","","","","NA"
"-77.70","53.63","LA GRANDE RIVIERE A","7093716","2019-07-15 06:00","2019","07","15","06:00","","11.4","","8.8","","84","","","","28","","9","","24.1","","98.82","","","","","","NA"
"-77.70","53.63","LA GRANDE RIVIERE A","7093716","2019-07-15 07:00","2019","07","15","07:00","","12.5","","9.5","","82","","","","29","","8","","24.1","","98.84","","","","","","Mostly Cloudy"
"-77.70","53.63","LA GRANDE RIVIERE A","7093716","2019-07-15 08:00","2019","07","15","08:00","","14.2","","9.4","","73","","","","35","","8","","24.1","","98.88","","","","","","NA"
"-77.70","53.63","LA GRANDE RIVIERE A","7093716","2019-07-15 09:00","2019","07","15","09:00","","15.9","","9.3","","65","","","","34","","9","","24.1","","98.88","","","","","","NA"
"-77.70","53.63","LA GRANDE RIVIERE A","7093716","2019-07-15 10:00","2019","07","15","10:00","","17.6","","9.2","","58","","","","27","","11","","24.1","","98.88","","","","","","Mostly Cloudy"
"-77.70","53.63","LA GRANDE RIVIERE A","7093716","2019-07-15 11:00","2019","07","15","11:00","","18.5","","9.5","","55","","","","6","","9","","24.1","","98.85","","","","","","NA"
"-77.70","53.63","LA GRANDE RIVIERE A","7093716","2019-07-15 12:00","2019","07","15","12:00","","19.4","","9.1","","51","","","","4","","9","","24.1","","98.78","","","","","","NA"
"-77.70","53.63","LA GRANDE RIVIERE A","7093716","2019-07-15 13:00","2019","07","15","13:00","","20.4","","10.0","","51","","","","5","","10","","24.1","","98.77","","","","","","Mainly Clear"
"-77.70","53.63","LA GRANDE RIVIERE A","7093716","2019-07-15 14:00","2019","07","15","14:00","","21.7","","10.7","","49","","","","8","","4","","24.1","","98.72","","","","","","NA"
"-77.70","53.63","LA GRANDE RIVIERE A","7093716","2019-07-15 15:00","2019","07","15","15:00","","22.8","","10.7","","46","","","","","","0","","24.1","","98.69","","","","","","NA"
"-77.70","53.63","LA GRANDE RIVIERE A","7093716","2019-07-15 16:00","2019","07","15","16:00","","22.9","","10.6","","45","","","","5","","11","","24.1","","98.68","","","","","","Mostly Cloudy"
"-77.70","53.63","LA GRANDE RIVIERE A","7093716","2019-07-15 17:00","2019","07","15","17:00","","22.8","","9.9","","44","","","","6","","12","","24.1","","98.61","","","","","","NA"
"-77.70","53.63","LA GRANDE RIVIERE A","7093716","2019-07-15 18:00","2019","07","15","18:00","","22.0","","9.8","","45","","","","7","","13","","24.1","","98.58","","","","","","NA"
"-77.70","53.63","LA GRANDE RIVIERE A","7093716","2019-07-15 19:00","2019","07","15","19:00","","20.2","","10.1","","52","","","","11","","13","","24.1","","98.54","","","","","","Cloudy"
"-77.70","53.63","LA GRANDE RIVIERE A","7093716","2019-07-15 20:00","2019","07","15","20:00","","18.6","","10.2","","58","","","","11","","15","","24.1","","98.47","","","","","","NA"
"-77.70","53.63","LA GRANDE RIVIERE A","7093716","2019-07-15 21:00","2019","07","15","21:00","","18.1","","9.7","","58","","","","9","","16","","24.1","","98.43","","","","","","NA"
"-77.70","53.63","LA GRANDE RIVIERE A","7093716","2019-07-15 22:00","2019","07","15","22:00","","17.2","","9.4","","60","","","","10","","14","","24.1","","98.36","","","","","","Cloudy"
"-77.70","53.63","LA GRANDE RIVIERE A","7093716","2019-07-15 23:00","2019","07","15","23:00","","16.6","","10.7","","68","","","","11","","15","","24.1","","98.27","","","","","","NA"
"-77.70","53.63","LA GRANDE RIVIERE A","7093716","2019-07-16 00:00","2019","07","16","00:00","","16.7","","11.0","","69","","","","11","","14","","24.1","","98.10","","","","","","NA"
"-77.70","53.63","LA GRANDE RIVIERE A","7093716","2019-07-16 01:00","2019","07","16","01:00","","17.0","","12.4","","74","","","","11","","14","","24.1","","98.03","","","","","","Cloudy"
"-77.70","53.63","LA GRANDE RIVIERE A","7093716","2019-07-16 02:00","2019","07","16","02:00","","18.6","","15.7","","83","","","","15","","17","","24.1","","97.91","","","","","","NA"
"-77.70","53.63","LA GRANDE RIVIERE A","7093716","2019-07-16 03:00","2019","07","16","03:00","","17.6","","16.4","","93","","","","15","","19","","24.1","","97.79","","","","","","Rain Showers"
"-77.70","53.63","LA GRANDE RIVIERE A","7093716","2019-07-16 04:00","2019","07","16","04:00","","17.3","","16.4","","95","","","","15","","17","","16.1","","97.69","","","","","","Rain Showers"
"-77.70","53.63","LA GRANDE RIVIERE A","7093716","2019-07-16 05:00","2019","07","16","05:00","","17.2","","16.5","","96","","","","16","","17","","16.1","","97.61","","","","","","Rain Showers"
"-77.70","53.63","LA GRANDE RIVIERE A","7093716","2019-07-16 06:00","2019","07","16","06:00","","17.6","","16.8","","95","","","","17","","22","","24.1","","97.56","","","","","","Rain Showers"
"-77.70","53.63","LA GRANDE RIVIERE A","7093716","2019-07-16 07:00","2019","07","16","07:00","","17.6","","16.8","","94","","","","17","","23","","24.1","","97.49","","","","","","Rain Showers"
"-77.70","53.63","LA GRANDE RIVIERE A","7093716","2019-07-16 08:00","2019","07","16","08:00","","18.3","","16.9","","91","","","","18","","24","","24.1","","97.42","","","","","","NA"
"-77.70","53.63","LA GRANDE RIVIERE A","7093716","2019-07-16 09:00","2019","07","16","09:00","","17.7","","16.6","","93","","","","18","","25","","19.3","","97.37","","","","","","Rain Showers"
"-77.70","53.63","LA GRANDE RIVIERE A","7093716","2019-07-16 10:00","2019","07","16","10:00","","17.7","","16.5","","93","","","","18","","24","","24.1","","97.30","","","","","","Rain Showers"
"-77.70","53.63","LA GRANDE RIVIERE A","7093716","2019-07-16 11:00","2019","07","16","11:00","","18.1","","16.6","","90","","","","18","","21","","24.1","","97.25","","","","","","Rain Showers"
"-77.70","53.63","LA GRANDE RIVIERE A","7093716","2019-07-16 12:00","2019","07","16","12:00","","17.9","","17.0","","94","","","","19","","21","","12.9","","97.16","","","","","","Rain Showers"
"-77.70","53.63","LA GRANDE RIVIERE A","7093716","2019-07-16 13:00","2019","07","16","13:00","","18.4","","17.6","","95","","","","21","","28","","3.2","","97.15","","","","","","Rain Showers,Fog"
"-77.70","53.63","LA GRANDE RIVIERE A","7093716","2019-07-16 14:00","2019","07","16","14:00","","20.1","","18.4","","90","","","","22","","23","","24.1","","97.15","","26","","","","NA"
"-77.70","53.63","LA GRANDE RIVIERE A","7093716","2019-07-16 15:00","2019","07","16","15:00","","22.1","","16.7","","71","","","","21","","32","","24.1","","97.06","","27","","","","NA"
"-77.70","53.63","LA GRANDE RIVIERE A","7093716","2019-07-16 16:00","2019","07","16","16:00","","18.9","","15.7","","81","","","","22","","38","","24.1","","97.07","","","","","","Rain Showers"
"-77.70","53.63","LA GRANDE RIVIERE A","7093716","2019-07-16 17:00","2019","07","16","17:00","","11.4","","10.2","","92","","","","26","","43","","4.8","","97.19","","","","","","Rain Showers,Fog"
"-77.70","53.63","LA GRANDE RIVIERE A","7093716","2019-07-16 18:00","2019","07","16","18:00","","9.6","","8.8","","95","","","","24","","22","","3.2","","97.26","","","","","","Drizzle,Fog"
"-77.70","53.63","LA GRANDE RIVIERE A","7093716","2019-07-16 19:00","2019","07","16","19:00","","9.0","","7.9","","92","","","","22","","27","","24.1","","97.19","","","","","","Drizzle"
"-77.70","53.63","LA GRANDE RIVIERE A","7093716","2019-07-16 20:00","2019","07","16","20:00","","7.7","","6.6","","93","","","","24","","30","","16.1","","97.21","","","","","","Drizzle"
"-77.70","53.63","LA GRANDE RIVIERE A","7093716","2019-07-16 21:00","2019","07","16","21:00","","4.4","","3.7","","95","","","","24","","25","","2.4","","97.26","","","","","","Drizzle,Fog"
"-77.70","53.63","LA GRANDE RIVIERE A","7093716","2019-07-16 22:00","2019","07","16","22:00","","5.2","","4.7","","96","","","","28","","35","","2.4","","97.38","","","","","","Drizzle,Fog"
"-77.70","53.63","LA GRANDE RIVIERE A","7093716","2019-07-16 23:00","2019","07","16","23:00","","7.8","","7.3","","97","","","","29","","33","","3.2","","97.51","","","","","","Drizzle,Fog"
"-77.70","53.63","LA GRANDE RIVIERE A","7093716","2019-07-17 00:00","2019","07","17","00:00","","8.5","","7.9","","96","","","","30","","37","","3.2","","97.74","","","","","","Drizzle,Fog"
"-77.70","53.63","LA GRANDE RIVIERE A","7093716","2019-07-17 01:00","2019","07","17","01:00","","8.8","","7.8","","93","","","","30","","34","","24.1","","97.94","","","","","","Drizzle"
"-77.70","53.63","LA GRANDE RIVIERE A","7093716","2019-07-17 02:00","2019","07","17","02:00","","8.0","","6.8","","92","","","","29","","25","","24.1","","98.14","","","","","","Drizzle"
"-77.70","53.63","LA GRANDE RIVIERE A","7093716","2019-07-17 03:00","2019","07","17","03:00","","7.2","","6.2","","93","","","","29","","24","","24.1","","98.30","","","","","","Drizzle"
"-77.70","53.63","LA GRANDE RIVIERE A","7093716","2019-07-17 04:00","2019","07","17","04:00","","7.0","","6.0","","94","","","","29","","25","","24.1","","98.48","","","","","","Drizzle"
"-77.70","53.63","LA GRANDE RIVIERE A","7093716","2019-07-17 05:00","2019","07","17","05:00","","6.6","","5.8","","95","","","","29","","21","","9.7","","98.61","","","","","","Drizzle,Fog"
"-77.70","53.63","LA GRANDE RIVIERE A","7093716","2019-07-17 06:00","2019","07","17","06:00","","6.5","","5.8","","96","","","","29","","23","","9.7","","98.75","","","","","","Drizzle,Fog"
"-77.70","53.63","LA GRANDE RIVIERE A","7093716","2019-07-17 07:00","2019","07","17","07:00","","7.0","","6.2","","94","","","","28","","27","","12.9","","98.90","","","","","","Cloudy"
"-77.70","53.63","LA GRANDE RIVIERE A","7093716","2019-07-17 08:00","2019","07","17","08:00","","9.0","","6.9","","86","","","","27","","23","","24.1","","99.03","","","","","","NA"
"-77.70","53.63","LA GRANDE RIVIERE A","7093716","2019-07-17 09:00","2019","07","17","09:00","","11.9","","6.4","","69","","","","29","","17","","24.1","","99.10","","","","","","NA"
"-77.70","53.63","LA GRANDE RIVIERE A","7093716","2019-07-17 10:00","2019","07","17","10:00","","14.1","","6.9","","62","","","","29","","21","","24.1","","99.13","","","","","","Mainly Clear"
"-77.70","53.63","LA GRANDE RIVIERE A","7093716","2019-07-17 11:00","2019","07","17","11:00","","15.5","","6.4","","54","","","","29","","21","","24.1","","99.16","","","","","","NA"
"-77.70","53.63","LA GRANDE RIVIERE A","7093716","2019-07-17 12:00","2019","07","17","12:00","","16.4","","6.2","","51","","","","30","","22","","24.1","","99.19","","","","","","NA"
"-77.70","53.63","LA GRANDE RIVIERE A","7093716","2019-07-17 13:00","2019","07","17","13:00","","17.6","","5.6","","45","","","","29","","24","","24.1","","99.25","","","","","","Mainly Clear"
"-77.70","53.63","LA GRANDE RIVIERE A","7093716","2019-07-17 14:00","2019","07","17","14:00","","18.0","","3.8","","39","","","","27","","33","","24.1","","99.25","","","","","","NA"
"-77.70","53.63","LA GRANDE RIVIERE A","7093716","2019-07-17 15:00","2019","07","17","15:00","","18.5","","4.5","","39","","","","27","","30","","24.1","","99.25","","","","","","NA"
"-77.70","53.63","LA GRANDE RIVIERE A","7093716","2019-07-17 16:00","2019","07","17","16:00","","18.2","","4.2","","39","","","","28","","30","","24.1","","99.23","","","","","","Mainly Clear"
"-77.70","53.63","LA GRANDE RIVIERE A","7093716","2019-07-17 17:00","2019","07","17","17:00","","18.4","","3.3","","36","","","","27","","28","","24.1","","99.22","","","","","","NA"
"-77.70","53.63","LA GRANDE RIVIERE A","7093716","2019-07-17 18:00","2019","07","17","18:00","","18.4","","4.4","","39","","","","26","","22","","24.1","","99.20","","","","","","NA"
"-77.70","53.63","LA GRANDE RIVIERE A","7093716","2019-07-17 19:00","2019","07","17","19:00","","17.1","","5.0","","44","","","","26","","23","","24.1","","99.19","","","","","","Mainly Clear"
"-77.70","53.63","LA GRANDE RIVIERE A","7093716","2019-07-17 20:00","2019","07","17","20:00","","14.9","","5.8","","54","","","","25","","12","","24.1","","99.22","","","","","","NA"
"-77.70","53.63","LA GRANDE RIVIERE A","7093716","2019-07-17 21:00","2019","07","17","21:00","","12.9","","6.4","","64","","","","25","","9","","24.1","","99.24","","","","","","NA"
"-77.70","53.63","LA GRANDE RIVIERE A","7093716","2019-07-17 22:00","2019","07","17","22:00","","11.9","","6.5","","69","","","","22","","12","","24.1","","99.24","","","","","","Mainly Clear"
"-77.70","53.63","LA GRANDE RIVIERE A","7093716","2019-07-17 23:00","2019","07","17","23:00","","11.1","","6.1","","71","","","","23","","12","","24.1","","99.22","","","","","","NA"
"-77.70","53.63","LA GRANDE RIVIERE A","7093716","2019-07-18 00:00","2019","07","18","00:00","","10.6","","5.7","","71","","","","21","","12","","24.1","","99.23","","","","","","NA"
"-77.70","53.63","LA GRANDE RIVIERE A","7093716","2019-07-18 01:00","2019","07","18","01:00","","10.2","","5.8","","74","","","","20","","14","","24.1","","99.16","","","","","","Mainly Clear"
"-77.70","53.63","LA GRANDE RIVIERE A","7093716","2019-07-18 02:00","2019","07","18","02:00","","9.7","","5.5","","75","","","","19","","14","","24.1","","99.13","","","","","","NA"
"-77.70","53.63","LA GRANDE RIVIERE A","7093716","2019-07-18 03:00","2019","07","18","03:00","","9.4","","5.0","","73","","","","19","","15","","24.1","","99.11","","","","","","NA"
"-77.70","53.63","LA GRANDE RIVIERE A","7093716","2019-07-18 04:00","2019","07","18","04:00","","9.2","","4.0","","70","","","","20","","14","","24.1","","99.10","","","","","","Mainly Clear"
"-77.70","53.63","LA GRANDE RIVIERE A","7093716","2019-07-18 05:00","2019","07","18","05:00","","10.2","","3.5","","63","","","","19","","14","","24.1","","99.10","","","","","","NA"
"-77.70","53.63","LA GRANDE RIVIERE A","7093716","2019-07-18 06:00","2019","07","18","06:00","","11.7","","3.1","","55","","","","20","","13","","24.1","","99.10","","","","","","NA"
"-77.70","53.63","LA GRANDE RIVIERE A","7093716","2019-07-18 07:00","2019","07","18","07:00","","14.8","","3.8","","48","","","","20","","17","","24.1","","99.07","","","","","","Mostly Cloudy"
"-77.70","53.63","LA GRANDE RIVIERE A","7093716","2019-07-18 08:00","2019","07","18","08:00","","17.9","","3.5","","38","","","","20","","16","","24.1","","99.02","","","","","","NA"
"-77.70","53.63","LA GRANDE RIVIERE A","7093716","2019-07-18 09:00","2019","07","18","09:00","","19.5","","2.8","","33","","","","20","","20","","24.1","","98.97","","","","","","NA"
"-77.70","53.63","LA GRANDE RIVIERE A","7093716","2019-07-18 10:00","2019","07","18","10:00","","19.6","","3.6","","34","","","","17","","23","","24.1","","98.88","","","","","","Mostly Cloudy"
"-77.70","53.63","LA GRANDE RIVIERE A","7093716","2019-07-18 11:00","2019","07","18","11:00","","19.7","","4.7","","37","","","","17","","19","","24.1","","98.83","","","","","","NA"
"-77.70","53.63","LA GRANDE RIVIERE A","7093716","2019-07-18 12:00","2019","07","18","12:00","","19.7","","6.1","","41","","","","16","","20","","24.1","","98.80","","","","","","NA"
"-77.70","53.63","LA GRANDE RIVIERE A","7093716","2019-07-18 13:00","2019","07","18","13:00","","19.7","","6.8","","43","","","","14","","17","","24.1","","98.71","","","","","","Mostly Cloudy"
"-77.70","53.63","LA GRANDE RIVIERE A","7093716","2019-07-18 14:00","2019","07","18","14:00","","21.3","","7.5","","40","","","","13","","20","","24.1","","98.59","","","","","","NA"
"-77.70","53.63","LA GRANDE RIVIERE A","7093716","2019-07-18 15:00","2019","07","18","15:00","","21.5","","7.5","","40","","","","14","","19","","24.1","","98.49","","","","","","NA"
"-77.70","53.63","LA GRANDE RIVIERE A","7093716","2019-07-18 16:00","2019","07","18","16:00","","21.1","","7.7","","42","","","","15","","23","","24.1","","98.36","","","","","","Mostly Cloudy"
"-77.70","53.63","LA GRANDE RIVIERE A","7093716","2019-07-18 17:00","2019","07","18","17:00","","20.6","","7.5","","42","","","","14","","31","","24.1","","98.24","","","","","","NA"
"-77.70","53.63","LA GRANDE RIVIERE A","7093716","2019-07-18 18:00","2019","07","18","18:00","","19.7","","8.4","","48","","","","13","","19","","24.1","","98.19","","","","","","NA"
"-77.70","53.63","LA GRANDE RIVIERE A","7093716","2019-07-18 19:00","2019","07","18","19:00","","19.0","","8.4","","50","","","","12","","18","","24.1","","98.14","","","","","","Mostly Cloudy"
"-77.70","53.63","LA GRANDE RIVIERE A","7093716","2019-07-18 20:00","2019","07","18","20:00","","18.3","","9.7","","57","","","","11","","17","","24.1","","98.00","","","","","","NA"
"-77.70","53.63","LA GRANDE RIVIERE A","7093716","2019-07-18 21:00","2019","07","18","21:00","","18.4","","9.7","","56","","","","12","","19","","24.1","","97.89","","","","","","NA"
"-77.70","53.63","LA GRANDE RIVIERE A","7093716","2019-07-18 22:00","2019","07","18","22:00","","18.7","","10.1","","57","","","","11","","23","","24.1","","97.81","","","","","","Cloudy"
"-77.70","53.63","LA GRANDE RIVIERE A","7093716","2019-07-18 23:00","2019","07","18","23:00","","18.9","","10.1","","56","","","","12","","21","","24.1","","97.68","","","","","","NA"
"-77.70","53.63","LA GRANDE RIVIERE A","7093716","2019-07-19 00:00","2019","07","19","00:00","","18.1","","11.2","","64","","","","13","","17","","24.1","","97.58","","","","","","Rain"
"-77.70","53.63","LA GRANDE RIVIERE A","7093716","2019-07-19 01:00","2019","07","19","01:00","","17.7","","11.8","","68","","","","13","","22","","24.1","","97.46","","","","","","Rain"
"-77.70","53.63","LA GRANDE RIVIERE A","7093716","2019-07-19 02:00","2019","07","19","02:00","","17.8","","13.6","","76","","","","16","","22","","24.1","","97.36","","","","","","Rain"
"-77.70","53.63","LA GRANDE RIVIERE A","7093716","2019-07-19 03:00","2019","07","19","03:00","","15.6","","14.5","","93","","","","12","","21","","4.8","","97.27","","","","","","Rain,Fog"
"-77.70","53.63","LA GRANDE RIVIERE A","7093716","2019-07-19 04:00","2019","07","19","04:00","","15.6","","15.0","","96","","","","12","","14","","8.1","","97.21","","","","","","Rain,Fog"
"-77.70","53.63","LA GRANDE RIVIERE A","7093716","2019-07-19 05:00","2019","07","19","05:00","","16.0","","15.4","","96","","","","12","","7","","8.1","","97.13","","","","","","Rain,Fog"
"-77.70","53.63","LA GRANDE RIVIERE A","7093716","2019-07-19 06:00","2019","07","19","06:00","","16.0","","15.5","","97","","","","9","","12","","6.4","","97.07","","","","","","Rain,Fog"
"-77.70","53.63","LA GRANDE RIVIERE A","7093716","2019-07-19 07:00","2019","07","19","07:00","","15.7","","15.1","","97","","","","11","","13","","9.7","","97.05","","","","","","Rain,Fog"
"-77.70","53.63","LA GRANDE RIVIERE A","7093716","2019-07-19 08:00","2019","07","19","08:00","","16.3","","15.8","","97","","","","13","","10","","9.7","","96.99","","","","","","Rain,Fog"
"-77.70","53.63","LA GRANDE RIVIERE A","7093716","2019-07-19 09:00","2019","07","19","09:00","","16.9","","16.3","","96","","","","19","","11","","9.7","","96.97","","","","","","Rain,Fog"
"-77.70","53.63","LA GRANDE RIVIERE A","7093716","2019-07-19 10:00","2019","07","19","10:00","","17.6","","17.0","","96","","","","21","","18","","16.1","","96.94","","","","","","Rain"
"-77.70","53.63","LA GRANDE RIVIERE A","7093716","2019-07-19 11:00","2019","07","19","11:00","","16.9","","16.3","","96","","","","22","","22","","0.6","","96.95","","","","","","Rain,Fog"
"-77.70","53.63","LA GRANDE RIVIERE A","7093716","2019-07-19 12:00","2019","07","19","12:00","","16.7","","16.0","","95","","","","24","","24","","4.8","","97.02","","","","","","Rain,Fog"
"-77.70","53.63","LA GRANDE RIVIERE A","7093716","2019-07-19 13:00","2019","07","19","13:00","","16.2","","15.3","","94","","","","25","","26","","9.7","","97.06","","","","","","Rain,Fog"
"-77.70","53.63","LA GRANDE RIVIERE A","7093716","2019-07-19 14:00","2019","07","19","14:00","","16.7","","15.5","","93","","","","24","","26","","9.7","","97.07","","","","","","Rain Showers,Fog"
"-77.70","53.63","LA GRANDE RIVIERE A","7093716","2019-07-19 15:00","2019","07","19","15:00","","16.4","","14.7","","90","","","","24","","26","","6.4","","97.08","","","","","","Rain Showers,Fog"
"-77.70","53.63","LA GRANDE RIVIERE A","7093716","2019-07-19 16:00","2019","07","19","16:00","","15.8","","14.7","","93","","","","24","","25","","4.8","","97.12","","","","","","Rain Showers,Fog"
"-77.70","53.63","LA GRANDE RIVIERE A","7093716","2019-07-19 17:00","2019","07","19","17:00","","14.7","","13.8","","94","","","","26","","28","","3.2","","97.19","","","","","","Rain Showers,Fog"
"-77.70","53.63","LA GRANDE RIVIERE A","7093716","2019-07-19 18:00","2019","07","19","18:00","","13.6","","12.6","","94","","","","24","","26","","9.7","","97.21","","","","","","Rain Showers,Fog"
"-77.70","53.63","LA GRANDE RIVIERE A","7093716","2019-07-19 19:00","2019","07","19","19:00","","12.3","","11.6","","95","","","","25","","23","","3.2","","97.25","","","","","","Drizzle,Fog"
"-77.70","53.63","LA GRANDE RIVIERE A","7093716","2019-07-19 20:00","2019","07","19","20:00","","9.7","","8.6","","93","","","","26","","32","","3.2","","97.33","","","","","","Drizzle,Fog"
"-77.70","53.63","LA GRANDE RIVIERE A","7093716","2019-07-19 21:00","2019","07","19","21:00","","9.5","","8.8","","95","","","","25","","28","","4.8","","97.31","","","","","","Drizzle,Fog"
"-77.70","53.63","LA GRANDE RIVIERE A","7093716","2019-07-19 22:00","2019","07","19","22:00","","9.0","","8.3","","95","","","","25","","35","","4.8","","97.26","","","","","","Drizzle,Fog"
"-77.70","53.63","LA GRANDE RIVIERE A","7093716","2019-07-19 23:00","2019","07","19","23:00","","8.3","","7.7","","96","","","","25","","32","","3.2","","97.31","","","","","","Drizzle,Fog"
"-77.70","53.63","LA GRANDE RIVIERE A","7093716","2019-07-20 00:00","2019","07","20","00:00","","7.7","","7.1","","96","","","","25","","37","","3.2","","97.35","","","","","","Drizzle,Fog"
"-77.70","53.63","LA GRANDE RIVIERE A","7093716","2019-07-20 01:00","2019","07","20","01:00","","7.6","","7.1","","96","","","","26","","31","","3.2","","97.43","","","","","","Drizzle,Fog"
"-77.70","53.63","LA GRANDE RIVIERE A","7093716","2019-07-20 02:00","2019","07","20","02:00","","8.6","","8.2","","97","","","","26","","27","","2.4","","97.52","","","","","","Drizzle,Fog"
"-77.70","53.63","LA GRANDE RIVIERE A","7093716","2019-07-20 03:00","2019","07","20","03:00","","8.3","","7.9","","97","","","","27","","32","","0.8","","97.59","","","","","","Drizzle,Fog"
"-77.70","53.63","LA GRANDE RIVIERE A","7093716","2019-07-20 04:00","2019","07","20","04:00","","8.1","","7.7","","98","","","","27","","26","","1.2","","97.65","","","","","","Fog"
"-77.70","53.63","LA GRANDE RIVIERE A","7093716","2019-07-20 05:00","2019","07","20","05:00","","8.1","","7.7","","98","","","","27","","21","","0.8","","97.67","","","","","","Fog"
"-77.70","53.63","LA GRANDE RIVIERE A","7093716","2019-07-20 06:00","2019","07","20","06:00","","8.1","","7.8","","98","","","","28","","19","","0.6","","97.70","","","","","","Fog"
"-77.70","53.63","LA GRANDE RIVIERE A","7093716","2019-07-20 07:00","2019","07","20","07:00","","8.4","","8.1","","98","","","","25","","18","","1.2","","97.83","","","","","","Drizzle,Fog"
"-77.70","53.63","LA GRANDE RIVIERE A","7093716","2019-07-20 08:00","2019","07","20","08:00","","8.9","","8.6","","98","","","","24","","17","","3.2","","97.84","","","","","","Drizzle,Fog"
"-77.70","53.63","LA GRANDE RIVIERE A","7093716","2019-07-20 09:00","2019","07","20","09:00","","9.9","","9.5","","97","","","","25","","19","","8.1","","97.84","","","","","","Drizzle,Fog"
"-77.70","53.63","LA GRANDE RIVIERE A","7093716","2019-07-20 10:00","2019","07","20","10:00","","10.2","","9.5","","95","","","","27","","20","","4.8","","97.91","","","","","","Fog"
"-77.70","53.63","LA GRANDE RIVIERE A","7093716","2019-07-20 11:00","2019","07","20","11:00","","9.2","","8.3","","94","","","","26","","23","","24.1","","97.96","","","","","","NA"
"-77.70","53.63","LA GRANDE RIVIERE A","7093716","2019-07-20 12:00","2019","07","20","12:00","","10.4","","8.6","","88","","","","27","","21","","24.1","","97.93","","","","","","NA"
"-77.70","53.63","LA GRANDE RIVIERE A","7093716","2019-07-20 13:00","2019","07","20","13:00","","11.5","","9.2","","86","","","","26","","22","","24.1","","97.95","","","","","","Cloudy"
"-77.70","53.63","LA GRANDE RIVIERE A","7093716","2019-07-20 14:00","2019","07","20","14:00","","11.0","","8.9","","87","","","","27","","23","","24.1","","98.04","","","","","","NA"
"-77.70","53.63","LA GRANDE RIVIERE A","7093716","2019-07-20 15:00","2019","07","20","15:00","","11.0","","8.1","","82","","","","27","","26","","24.1","","98.08","","","","","","NA"
"-77.70","53.63","LA GRANDE RIVIERE A","7093716","2019-07-20 16:00","2019","07","20","16:00","","11.6","","8.1","","79","","","","28","","26","","24.1","","98.14","","","","","","Mostly Cloudy"
"-77.70","53.63","LA GRANDE RIVIERE A","7093716","2019-07-20 17:00","2019","07","20","17:00","","11.5","","7.8","","78","","","","29","","23","","24.1","","98.16","","","","","","NA"
"-77.70","53.63","LA GRANDE RIVIERE A","7093716","2019-07-20 18:00","2019","07","20","18:00","","10.7","","7.2","","79","","","","28","","28","","24.1","","98.31","","","","","","NA"
"-77.70","53.63","LA GRANDE RIVIERE A","7093716","2019-07-20 19:00","2019","07","20","19:00","","10.1","","6.9","","81","","","","29","","17","","24.1","","98.40","","","","","","Mostly Cloudy"
"-77.70","53.63","LA GRANDE RIVIERE A","7093716","2019-07-20 20:00","2019","07","20","20:00","","9.5","","7.3","","86","","","","28","","16","","24.1","","98.42","","","","","","NA"
"-77.70","53.63","LA GRANDE RIVIERE A","7093716","2019-07-20 21:00","2019","07","20","21:00","","7.7","","6.3","","91","","","","28","","14","","24.1","","98.44","","","","","","NA"
"-77.70","53.63","LA GRANDE RIVIERE A","7093716","2019-07-20 22:00","2019","07","20","22:00","","6.7","","5.9","","95","","","","26","","13","","4.8","","98.43","","","","","","Fog"
"-77.70","53.63","LA GRANDE RIVIERE A","7093716","2019-07-20 23:00","2019","07","20","23:00","","6.1","","5.6","","97","","","","25","","10","","0.4","","98.43","","","","","","Fog"
"-77.70","53.63","LA GRANDE RIVIERE A","7093716","2019-07-21 00:00","2019","07","21","00:00","","5.3","","4.9","","97","","","","26","","13","","0.4","","98.42","","","","","","Fog"
"-77.70","53.63","LA GRANDE RIVIERE A","7093716","2019-07-21 01:00","2019","07","21","01:00","","5.0","","4.6","","97","","","","25","","13","","0.4","","98.46","","","","","","Fog"
"-77.70","53.63","LA GRANDE RIVIERE A","7093716","2019-07-21 02:00","2019","07","21","02:00","","4.4","","4.0","","98","","","","24","","13","","0.4","","98.49","","","","","","Fog"
"-77.70","53.63","LA GRANDE RIVIERE A","7093716","2019-07-21 03:00","2019","07","21","03:00","","4.7","","4.4","","98","","","","24","","8","","0.6","","98.51","","","","","","Fog"
"-77.70","53.63","LA GRANDE RIVIERE A","7093716","2019-07-21 04:00","2019","07","21","04:00","","4.8","","4.5","","98","","","","26","","16","","1.2","","98.56","","","","","","Fog"
"-77.70","53.63","LA GRANDE RIVIERE A","7093716","2019-07-21 05:00","2019","07","21","05:00","","4.7","","4.4","","98","","","","24","","15","","0.6","","98.58","","","","","","Fog"
"-77.70","53.63","LA GRANDE RIVIERE A","7093716","2019-07-21 06:00","2019","07","21","06:00","","6.0","","5.7","","98","","","","23","","16","","0.8","","98.58","","","","","","Fog"
"-77.70","53.63","LA GRANDE RIVIERE A","7093716","2019-07-21 07:00","2019","07","21","07:00","","7.0","","6.8","","98","","","","25","","16","","2.4","","98.57","","","","","","Fog"
"-77.70","53.63","LA GRANDE RIVIERE A","7093716","2019-07-21 08:00","2019","07","21","08:00","","7.3","","6.9","","97","","","","26","","20","","2.4","","98.57","","","","","","Fog"
"-77.70","53.63","LA GRANDE RIVIERE A","7093716","2019-07-21 09:00","2019","07","21","09:00","","8.9","","6.6","","85","","","","26","","21","","24.1","","98.56","","","","","","NA"
"-77.70","53.63","LA GRANDE RIVIERE A","7093716","2019-07-21 10:00","2019","07","21","10:00","","11.5","","6.8","","72","","","","26","","22","","24.1","","98.55","","","","","","Mostly Cloudy"
"-77.70","53.63","LA GRANDE RIVIERE A","7093716","2019-07-21 11:00","2019","07","21","11:00","","13.3","","5.9","","61","","","","27","","26","","24.1","","98.53","","","","","","NA"
"-77.70","53.63","LA GRANDE RIVIERE A","7093716","2019-07-21 12:00","2019","07","21","12:00","","14.0","","4.8","","53","","","","27","","30","","24.1","","98.52","","","","","","NA"
"-77.70","53.63","LA GRANDE RIVIERE A","7093716","2019-07-21 13:00","2019","07","21","13:00","","14.6","","4.5","","50","","","","25","","32","","24.1","","98.50","","","","","","Mostly Cloudy"
"-77.70","53.63","LA GRANDE RIVIERE A","7093716","2019-07-21 14:00","2019","07","21","14:00","","13.9","","5.6","","57","","","","26","","27","","24.1","","98.50","","","","","","NA"
"-77.70","53.63","LA GRANDE RIVIERE A","7093716","2019-07-21 15:00","2019","07","21","15:00","","13.5","","6.7","","63","","","","24","","31","","24.1","","98.50","","","","","","Rain Showers"
"-77.70","53.63","LA GRANDE RIVIERE A","7093716","2019-07-21 16:00","2019","07","21","16:00","","14.1","","6.0","","58","","","","23","","23","","24.1","","98.46","","","","","","Cloudy"
"-77.70","53.63","LA GRANDE RIVIERE A","7093716","2019-07-21 17:00","2019","07","21","17:00","","13.7","","6.4","","61","","","","22","","29","","24.1","","98.38","","","","","","NA"
"-77.70","53.63","LA GRANDE RIVIERE A","7093716","2019-07-21 18:00","2019","07","21","18:00","","11.1","","7.9","","80","","","","24","","21","","16.1","","98.37","","","","","","Rain,Fog"
"-77.70","53.63","LA GRANDE RIVIERE A","7093716","2019-07-21 19:00","2019","07","21","19:00","","10.5","","8.7","","88","","","","22","","27","","24.1","","98.30","","","","","","Rain"
"-77.70","53.63","LA GRANDE RIVIERE A","7093716","2019-07-21 20:00","2019","07","21","20:00","","9.6","","8.3","","91","","","","22","","17","","24.1","","98.25","","","","","","Rain"
"-77.70","53.63","LA GRANDE RIVIERE A","7093716","2019-07-21 21:00","2019","07","21","21:00","","9.3","","8.4","","94","","","","24","","16","","8.1","","98.17","","","","","","Rain,Fog"
"-77.70","53.63","LA GRANDE RIVIERE A","7093716","2019-07-21 22:00","2019","07","21","22:00","","8.5","","7.7","","95","","","","23","","18","","24.1","","98.10","","","","","","Drizzle"
"-77.70","53.63","LA GRANDE RIVIERE A","7093716","2019-07-21 23:00","2019","07","21","23:00","","7.9","","7.2","","95","","","","24","","21","","16.1","","98.02","","","","","","Drizzle"
"-77.70","53.63","LA GRANDE RIVIERE A","7093716","2019-07-22 00:00","2019","07","22","00:00","","7.5","","6.7","","95","","","","24","","14","","4.8","","97.98","","","","","","Drizzle,Fog"
"-77.70","53.63","LA GRANDE RIVIERE A","7093716","2019-07-22 01:00","2019","07","22","01:00","","6.2","","5.2","","93","","","","24","","27","","11.3","","97.98","","","","","","Drizzle"
"-77.70","53.63","LA GRANDE RIVIERE A","7093716","2019-07-22 02:00","2019","07","22","02:00","","4.8","","3.8","","93","","","","25","","22","","16.1","","97.96","","","","","","Drizzle"
"-77.70","53.63","LA GRANDE RIVIERE A","7093716","2019-07-22 03:00","2019","07","22","03:00","","4.2","","3.4","","95","","","","25","","21","","8.1","","97.97","","","","","","Rain"
"-77.70","53.63","LA GRANDE RIVIERE A","7093716","2019-07-22 04:00","2019","07","22","04:00","","3.6","","2.9","","95","","","","25","","23","","8.1","","97.97","","","","","","Rain,Fog"
"-77.70","53.63","LA GRANDE RIVIERE A","7093716","2019-07-22 05:00","2019","07","22","05:00","","3.5","","2.8","","96","","","","25","","18","","3.2","","97.97","","","","","","Fog"
"-77.70","53.63","LA GRANDE RIVIERE A","7093716","2019-07-22 06:00","2019","07","22","06:00","","3.2","","2.6","","96","","","","24","","18","","3.2","","97.97","","","","","","Drizzle,Fog"
"-77.70","53.63","LA GRANDE RIVIERE A","7093716","2019-07-22 07:00","2019","07","22","07:00","","3.5","","3.0","","96","","","","26","","20","","3.2","","97.99","","","","","","Drizzle,Fog"
"-77.70","53.63","LA GRANDE RIVIERE A","7093716","2019-07-22 08:00","2019","07","22","08:00","","3.8","","3.1","","95","","","","25","","21","","2.4","","98.01","","","","","","Drizzle"
"-77.70","53.63","LA GRANDE RIVIERE A","7093716","2019-07-22 09:00","2019","07","22","09:00","","4.4","","3.2","","92","","","","26","","20","","4.0","","98.03","","","","","","Drizzle"
"-77.70","53.63","LA GRANDE RIVIERE A","7093716","2019-07-22 10:00","2019","07","22","10:00","","4.1","","2.8","","91","","","","27","","26","","4.0","","98.07","","","","","","Drizzle"
"-77.70","53.63","LA GRANDE RIVIERE A","7093716","2019-07-22 11:00","2019","07","22","11:00","","4.3","","2.7","","89","","","","28","","24","","4.8","","98.10","","","","","","Drizzle"
"-77.70","53.63","LA GRANDE RIVIERE A","7093716","2019-07-22 12:00","2019","07","22","12:00","","5.4","","3.5","","88","","","","28","","19","","6.4","","98.13","","","","","","Drizzle"
"-77.70","53.63","LA GRANDE RIVIERE A","7093716","2019-07-22 13:00","2019","07","22","13:00","","5.8","","3.6","","86","","","","27","","28","","16.1","","98.19","","","","","","Drizzle"
"-77.70","53.63","LA GRANDE RIVIERE A","7093716","2019-07-22 14:00","2019","07","22","14:00","","5.9","","3.3","","83","","","","25","","24","","16.1","","98.26","","","","","","Drizzle"
"-77.70","53.63","LA GRANDE RIVIERE A","7093716","2019-07-22 15:00","2019","07","22","15:00","","5.3","","3.1","","86","","","","25","","23","","12.9","","98.33","","","","","","Drizzle"
"-77.70","53.63","LA GRANDE RIVIERE A","7093716","2019-07-22 16:00","2019","07","22","16:00","","5.4","","2.8","","83","","","","27","","17","","19.3","","98.36","","","","","","Drizzle"
"-77.70","53.63","LA GRANDE RIVIERE A","7093716","2019-07-22 17:00","2019","07","22","17:00","","6.3","","2.8","","78","","","","26","","16","","19.3","","98.40","","","","","","NA"
"-77.70","53.63","LA GRANDE RIVIERE A","7093716","2019-07-22 18:00","2019","07","22","18:00","","6.5","","3.2","","79","","","","28","","11","","24.1","","98.44","","","","","","NA"
"-77.70","53.63","LA GRANDE RIVIERE A","7093716","2019-07-22 19:00","2019","07","22","19:00","","5.9","","3.4","","84","","","","28","","18","","8.1","","98.51","","","","","","Fog"
"-77.70","53.63","LA GRANDE RIVIERE A","7093716","2019-07-22 20:00","2019","07","22","20:00","","5.0","","3.9","","93","","","","27","","20","","8.1","","98.56","","","","","","Fog"
"-77.70","53.63","LA GRANDE RIVIERE A","7093716","2019-07-22 21:00","2019","07","22","21:00","","4.7","","3.8","","94","","","","28","","18","","8.1","","98.60","","","","","","Fog"
"-77.70","53.63","LA GRANDE RIVIERE A","7093716","2019-07-22 22:00","2019","07","22","22:00","","4.7","","4.2","","96","","","","28","","17","","2.4","","98.63","","","","","","Fog"
"-77.70","53.63","LA GRANDE RIVIERE A","7093716","2019-07-22 23:00","2019","07","22","23:00","","4.7","","4.2","","97","","","","29","","16","","1.6","","98.66","","","","","","Fog"
"-77.70","53.63","LA GRANDE RIVIERE A","7093716","2019-07-23 00:00","2019","07","23","00:00","","4.8","","4.3","","97","","","","28","","16","","24.1","","98.67","","","","","","NA"
"-77.70","53.63","LA GRANDE RIVIERE A","7093716","2019-07-23 01:00","2019","07","23","01:00","","4.7","","3.9","","95","","","","27","","21","","24.1","","98.67","","","","","","Cloudy"
"-77.70","53.63","LA GRANDE RIVIERE A","7093716","2019-07-23 02:00","2019","07","23","02:00","","4.1","","3.3","","95","","","","27","","17","","11.3","","98.68","","","","","","Drizzle"
"-77.70","53.63","LA GRANDE RIVIERE A","7093716","2019-07-23 03:00","2019","07","23","03:00","","3.7","","3.2","","96","","","","26","","21","","8.1","","98.67","","","","","","Drizzle,Fog"
"-77.70","53.63","LA GRANDE RIVIERE A","7093716","2019-07-23 04:00","2019","07","23","04:00","","4.4","","4.0","","97","","","","27","","27","","1.6","","98.71","","","","","","Fog"
"-77.70","53.63","LA GRANDE RIVIERE A","7093716","2019-07-23 05:00","2019","07","23","05:00","","4.5","","4.1","","97","","","","27","","26","","0.2","","98.73","","","","","","Fog"
"-77.70","53.63","LA GRANDE RIVIERE A","7093716","2019-07-23 06:00","2019","07","23","06:00","","4.8","","4.5","","97","","","","28","","19","","0.6","","98.76","","","","","","Fog"
"-77.70","53.63","LA GRANDE RIVIERE A","7093716","2019-07-23 07:00","2019","07","23","07:00","","5.3","","5.0","","98","","","","27","","22","","1.6","","98.78","","","","","","Fog"
"-77.70","53.63","LA GRANDE RIVIERE A","7093716","2019-07-23 08:00","2019","07","23","08:00","","6.5","","6.1","","98","","","","27","","22","","19.3","","98.81","","","","","","NA"
"-77.70","53.63","LA GRANDE RIVIERE A","7093716","2019-07-23 09:00","2019","07","23","09:00","","8.7","","7.0","","89","","","","28","","21","","24.1","","98.82","","","","","","NA"
"-77.70","53.63","LA GRANDE RIVIERE A","7093716","2019-07-23 10:00","2019","07","23","10:00","","9.9","","7.5","","85","","","","28","","18","","24.1","","98.83","","","","","","Mostly Cloudy"
"-77.70","53.63","LA GRANDE RIVIERE A","7093716","2019-07-23 11:00","2019","07","23","11:00","","11.8","","8.2","","78","","","","28","","22","","24.1","","98.85","","","","","","NA"
"-77.70","53.63","LA GRANDE RIVIERE A","7093716","2019-07-23 12:00","2019","07","23","12:00","","13.4","","8.8","","73","","","","27","","22","","24.1","","98.86","","","","","","NA"
"-77.70","53.63","LA GRANDE RIVIERE A","7093716","2019-07-23 13:00","2019","07","23","13:00","","15.4","","9.4","","68","","","","28","","19","","24.1","","98.87","","","","","","Mostly Cloudy"
"-77.70","53.63","LA GRANDE RIVIERE A","7093716","2019-07-23 14:00","2019","07","23","14:00","","15.3","","9.3","","67","","","","29","","23","","24.1","","98.90","","","","","","NA"
"-77.70","53.63","LA GRANDE RIVIERE A","7093716","2019-07-23 15:00","2019","07","23","15:00","","16.1","","9.2","","63","","","","28","","28","","24.1","","98.91","","","","","","NA"
"-77.70","53.63","LA GRANDE RIVIERE A","7093716","2019-07-23 16:00","2019","07","23","16:00","","16.2","","7.7","","57","","","","28","","31","","24.1","","98.91","","","","","","Mostly Cloudy"
"-77.70","53.63","LA GRANDE RIVIERE A","7093716","2019-07-23 17:00","2019","07","23","17:00","","15.8","","7.7","","59","","","","30","","18","","24.1","","98.93","","","","","","NA"
"-77.70","53.63","LA GRANDE RIVIERE A","7093716","2019-07-23 18:00","2019","07","23","18:00","","14.9","","8.2","","64","","","","28","","26","","24.1","","98.96","","","","","","NA"
"-77.70","53.63","LA GRANDE RIVIERE A","7093716","2019-07-23 19:00","2019","07","23","19:00","","13.0","","6.9","","66","","","","28","","27","","24.1","","98.99","","","","","","Mainly Clear"
"-77.70","53.63","LA GRANDE RIVIERE A","7093716","2019-07-23 20:00","2019","07","23","20:00","","9.7","","5.8","","76","","","","27","","17","","24.1","","99.01","","","","","","NA"
"-77.70","53.63","LA GRANDE RIVIERE A","7093716","2019-07-23 21:00","2019","07","23","21:00","","8.2","","5.1","","81","","","","26","","10","","24.1","","99.01","","","","","","NA"
"-77.70","53.63","LA GRANDE RIVIERE A","7093716","2019-07-23 22:00","2019","07","23","22:00","","8.1","","5.5","","84","","","","26","","12","","24.1","","99.00","","","","","","Cloudy"
"-77.70","53.63","LA GRANDE RIVIERE A","7093716","2019-07-23 23:00","2019","07","23","23:00","","8.3","","6.1","","86","","","","25","","15","","24.1","","98.99","","","","","","NA"
"-77.70","53.63","LA GRANDE RIVIERE A","7093716","2019-07-24 00:00","2019","07","24","00:00","","7.9","","5.8","","87","","","","24","","12","","24.1","","98.99","","","","","","NA"
"-77.70","53.63","LA GRANDE RIVIERE A","7093716","2019-07-24 01:00","2019","07","24","01:00","","7.8","","5.5","","85","","","","23","","14","","24.1","","98.99","","","","","","Cloudy"
"-77.70","53.63","LA GRANDE RIVIERE A","7093716","2019-07-24 02:00","2019","07","24","02:00","","7.2","","6.0","","92","","","","22","","10","","24.1","","98.95","","","","","","Rain"
"-77.70","53.63","LA GRANDE RIVIERE A","7093716","2019-07-24 03:00","2019","07","24","03:00","","7.4","","6.7","","95","","","","20","","8","","24.1","","98.93","","","","","","Rain"
"-77.70","53.63","LA GRANDE RIVIERE A","7093716","2019-07-24 04:00","2019","07","24","04:00","","7.4","","6.8","","96","","","","17","","9","","8.1","","98.93","","","","","","Rain,Fog"
"-77.70","53.63","LA GRANDE RIVIERE A","7093716","2019-07-24 05:00","2019","07","24","05:00","","7.6","","7.0","","96","","","","15","","10","","3.2","","98.88","","","","","","Rain,Fog"
"-77.70","53.63","LA GRANDE RIVIERE A","7093716","2019-07-24 06:00","2019","07","24","06:00","","8.0","","7.5","","96","","","","15","","13","","6.4","","98.88","","","","","","Rain,Fog"
"-77.70","53.63","LA GRANDE RIVIERE A","7093716","2019-07-24 07:00","2019","07","24","07:00","","8.7","","8.1","","96","","","","17","","12","","19.3","","98.88","","","","","","Rain,Drizzle"
"-77.70","53.63","LA GRANDE RIVIERE A","7093716","2019-07-24 08:00","2019","07","24","08:00","","9.5","","9.0","","96","","","","18","","9","","8.1","","98.89","","","","","","Drizzle"
"-77.70","53.63","LA GRANDE RIVIERE A","7093716","2019-07-24 09:00","2019","07","24","09:00","","10.0","","9.4","","96","","","","19","","7","","4.0","","98.89","","","","","","Drizzle"
"-77.70","53.63","LA GRANDE RIVIERE A","7093716","2019-07-24 10:00","2019","07","24","10:00","","10.8","","10.1","","96","","","","20","","7","","2.4","","98.90","","","","","","Rain,Drizzle"
"-77.70","53.63","LA GRANDE RIVIERE A","7093716","2019-07-24 11:00","2019","07","24","11:00","","11.6","","10.7","","94","","","","19","","7","","16.1","","98.91","","","","","","Rain,Drizzle"
"-77.70","53.63","LA GRANDE RIVIERE A","7093716","2019-07-24 12:00","2019","07","24","12:00","","12.6","","11.3","","91","","","","19","","4","","19.3","","98.91","","","","","","Rain,Drizzle"
"-77.70","53.63","LA GRANDE RIVIERE A","7093716","2019-07-24 13:00","2019","07","24","13:00","","13.7","","11.1","","84","","","","20","","10","","19.3","","98.92","","","","","","Drizzle"
"-77.70","53.63","LA GRANDE RIVIERE A","7093716","2019-07-24 14:00","2019","07","24","14:00","","13.1","","10.9","","86","","","","4","","11","","16.1","","98.95","","","","","","NA"
"-77.70","53.63","LA GRANDE RIVIERE A","7093716","2019-07-24 15:00","2019","07","24","15:00","","13.5","","12.6","","94","","","","8","","9","","19.3","","98.97","","","","","","Rain"
"-77.70","53.63","LA GRANDE RIVIERE A","7093716","2019-07-24 16:00","2019","07","24","16:00","","14.9","","11.1","","78","","","","6","","3","","19.3","","98.99","","","","","","Mostly Cloudy"
"-77.70","53.63","LA GRANDE RIVIERE A","7093716","2019-07-24 17:00","2019","07","24","17:00","","15.6","","11.4","","76","","","","29","","3","","19.3","","99.03","","","","","","NA"
"-77.70","53.63","LA GRANDE RIVIERE A","7093716","2019-07-24 18:00","2019","07","24","18:00","","14.8","","11.1","","79","","","","36","","7","","16.1","","99.06","","","","","","NA"
"-77.70","53.63","LA GRANDE RIVIERE A","7093716","2019-07-24 19:00","2019","07","24","19:00","","13.4","","11.7","","89","","","","26","","5","","24.1","","99.08","","","","","","Rain Showers"
"-77.70","53.63","LA GRANDE RIVIERE A","7093716","2019-07-24 20:00","2019","07","24","20:00","","13.5","","11.9","","90","","","","5","","4","","24.1","","99.13","","","","","","NA"
"-77.70","53.63","LA GRANDE RIVIERE A","7093716","2019-07-24 21:00","2019","07","24","21:00","","12.7","","11.3","","91","","","","13","","3","","24.1","","99.17","","","","","","NA"
"-77.70","53.63","LA GRANDE RIVIERE A","7093716","2019-07-24 22:00","2019","07","24","22:00","","11.7","","10.8","","95","","","","27","","4","","24.1","","99.21","","","","","","Mostly Cloudy"
"-77.70","53.63","LA GRANDE RIVIERE A","7093716","2019-07-24 23:00","2019","07","24","23:00","","10.3","","9.8","","97","","","","31","","3","","24.1","","99.24","","","","","","NA"
"-77.70","53.63","LA GRANDE RIVIERE A","7093716","2019-07-25 00:00","2019","07","25","00:00","","9.8","","9.2","","96","","","","36","","4","","24.1","","99.23","","","","","","NA"
"-77.70","53.63","LA GRANDE RIVIERE A","7093716","2019-07-25 01:00","2019","07","25","01:00","","8.8","","8.2","","96","","","","34","","5","","24.1","","99.28","","","","","","Mainly Clear"
"-77.70","53.63","LA GRANDE RIVIERE A","7093716","2019-07-25 02:00","2019","07","25","02:00","","8.8","","8.1","","96","","","","35","","4","","24.1","","99.30","","","","","","NA"
"-77.70","53.63","LA GRANDE RIVIERE A","7093716","2019-07-25 03:00","2019","07","25","03:00","","8.6","","7.8","","95","","","","2","","4","","24.1","","99.30","","","","","","NA"
"-77.70","53.63","LA GRANDE RIVIERE A","7093716","2019-07-25 04:00","2019","07","25","04:00","","8.3","","7.5","","95","","","","","","0","","24.1","","99.30","","","","","","Mainly Clear"
"-77.70","53.63","LA GRANDE RIVIERE A","7093716","2019-07-25 05:00","2019","07","25","05:00","","9.0","","8.4","","96","","","","13","","3","","24.1","","99.34","","","","","","NA"
"-77.70","53.63","LA GRANDE RIVIERE A","7093716","2019-07-25 06:00","2019","07","25","06:00","","9.9","","9.3","","96","","","","10","","7","","24.1","","99.35","","","","","","NA"
"-77.70","53.63","LA GRANDE RIVIERE A","7093716","2019-07-25 07:00","2019","07","25","07:00","","11.2","","10.1","","93","","","","17","","7","","24.1","","99.41","","","","","","Cloudy"
"-77.70","53.63","LA GRANDE RIVIERE A","7093716","2019-07-25 08:00","2019","07","25","08:00","","11.7","","9.8","","88","","","","18","","12","","24.1","","99.37","","","","","","NA"
"-77.70","53.63","LA GRANDE RIVIERE A","7093716","2019-07-25 09:00","2019","07","25","09:00","","13.3","","10.6","","83","","","","17","","13","","24.1","","99.40","","","","","","NA"
"-77.70","53.63","LA GRANDE RIVIERE A","7093716","2019-07-25 10:00","2019","07","25","10:00","","13.2","","11.1","","87","","","","20","","16","","19.3","","99.40","","","","","","Mostly Cloudy"
"-77.70","53.63","LA GRANDE RIVIERE A","7093716","2019-07-25 11:00","2019","07","25","11:00","","13.6","","10.8","","83","","","","20","","17","","24.1","","99.40","","","","","","NA"
"-77.70","53.63","LA GRANDE RIVIERE A","7093716","2019-07-25 12:00","2019","07","25","12:00","","13.9","","10.7","","81","","","","18","","17","","24.1","","99.36","","","","","","NA"
"-77.70","53.63","LA GRANDE RIVIERE A","7093716","2019-07-25 13:00","2019","07","25","13:00","","14.1","","11.0","","81","","","","17","","15","","24.1","","99.31","","","","","","Cloudy"
"-77.70","53.63","LA GRANDE RIVIERE A","7093716","2019-07-25 14:00","2019","07","25","14:00","","14.9","","11.2","","78","","","","17","","18","","24.1","","99.23","","","","","","NA"
"-77.70","53.63","LA GRANDE RIVIERE A","7093716","2019-07-25 15:00","2019","07","25","15:00","","16.6","","11.2","","70","","","","15","","24","","24.1","","99.13","","","","","","NA"
"-77.70","53.63","LA GRANDE RIVIERE A","7093716","2019-07-25 16:00","2019","07","25","16:00","","16.6","","11.0","","69","","","","18","","20","","24.1","","99.12","","","","","","Cloudy"
"-77.70","53.63","LA GRANDE RIVIERE A","7093716","2019-07-25 17:00","2019","07","25","17:00","","16.5","","11.7","","73","","","","15","","14","","24.1","","99.06","","","","","","NA"
"-77.70","53.63","LA GRANDE RIVIERE A","7093716","2019-07-25 18:00","2019","07","25","18:00","","17.0","","12.0","","72","","","","16","","17","","19.3","","98.95","","","","","","Rain"
"-77.70","53.63","LA GRANDE RIVIERE A","7093716","2019-07-25 19:00","2019","07","25","19:00","","17.7","","11.7","","67","","","","16","","16","","24.1","","98.91","","","","","","Mostly Cloudy"
"-77.70","53.63","LA GRANDE RIVIERE A","7093716","2019-07-25 20:00","2019","07","25","20:00","","16.9","","11.8","","71","","","","17","","16","","24.1","","98.89","","","","","","NA"
"-77.70","53.63","LA GRANDE RIVIERE A","7093716","2019-07-25 21:00","2019","07","25","21:00","","16.6","","11.0","","69","","","","16","","18","","24.1","","98.84","","","","","","NA"
"-77.70","53.63","LA GRANDE RIVIERE A","7093716","2019-07-25 22:00","2019","07","25","22:00","","16.5","","10.8","","68","","","","16","","21","","24.1","","98.73","","","","","","Mainly Clear"
"-77.70","53.63","LA GRANDE RIVIERE A","7093716","2019-07-25 23:00","2019","07","25","23:00","","16.3","","10.8","","70","","","","17","","22","","24.1","","98.66","","","","","","NA"
"-77.70","53.63","LA GRANDE RIVIERE A","7093716","2019-07-26 00:00","2019","07","26","00:00","","15.6","","11.8","","78","","","","14","","17","","24.1","","98.64","","","","","","Rain Showers"
"-77.70","53.63","LA GRANDE RIVIERE A","7093716","2019-07-26 01:00","2019","07","26","01:00","","15.8","","12.9","","83","","","","18","","20","","24.1","","98.58","","","","","","Rain Showers"
"-77.70","53.63","LA GRANDE RIVIERE A","7093716","2019-07-26 02:00","2019","07","26","02:00","","15.7","","14.4","","92","","","","14","","21","","24.1","","98.53","","","","","","Rain Showers"
"-77.70","53.63","LA GRANDE RIVIERE A","7093716","2019-07-26 03:00","2019","07","26","03:00","","15.8","","14.7","","93","","","","16","","16","","24.1","","98.50","","","","","","NA"
"-77.70","53.63","LA GRANDE RIVIERE A","7093716","2019-07-26 04:00","2019","07","26","04:00","","16.3","","15.0","","92","","","","18","","20","","24.1","","98.48","","","","","","Mostly Cloudy"
"-77.70","53.63","LA GRANDE RIVIERE A","7093716","2019-07-26 05:00","2019","07","26","05:00","","16.7","","14.3","","85","","","","19","","23","","24.1","","98.49","","","","","","NA"
"-77.70","53.63","LA GRANDE RIVIERE A","7093716","2019-07-26 06:00","2019","07","26","06:00","","16.9","","14.1","","84","","","","19","","20","","24.1","","98.52","","","","","","NA"
"-77.70","53.63","LA GRANDE RIVIERE A","7093716","2019-07-26 07:00","2019","07","26","07:00","","18.1","","14.0","","77","","","","21","","21","","19.3","","98.56","","","","","","Mostly Cloudy"
"-77.70","53.63","LA GRANDE RIVIERE A","7093716","2019-07-26 08:00","2019","07","26","08:00","","19.3","","14.4","","73","","","","21","","23","","24.1","","98.57","","","","","","NA"
"-77.70","53.63","LA GRANDE RIVIERE A","7093716","2019-07-26 09:00","2019","07","26","09:00","","20.3","","14.8","","70","","","","22","","25","","24.1","","98.61","","","","","","NA"
"-77.70","53.63","LA GRANDE RIVIERE A","7093716","2019-07-26 10:00","2019","07","26","10:00","","20.9","","15.1","","69","","","","22","","25","","24.1","","98.64","","25","","","","Cloudy"
"-77.70","53.63","LA GRANDE RIVIERE A","7093716","2019-07-26 11:00","2019","07","26","11:00","","21.9","","15.3","","66","","","","19","","22","","24.1","","98.62","","26","","","","NA"
"-77.70","53.63","LA GRANDE RIVIERE A","7093716","2019-07-26 12:00","2019","07","26","12:00","","23.2","","16.1","","64","","","","20","","23","","24.1","","98.61","","28","","","","NA"
"-77.70","53.63","LA GRANDE RIVIERE A","7093716","2019-07-26 13:00","2019","07","26","13:00","","22.4","","16.1","","67","","","","20","","26","","24.1","","98.68","","27","","","","Cloudy"
"-77.70","53.63","LA GRANDE RIVIERE A","7093716","2019-07-26 14:00","2019","07","26","14:00","","24.5","","16.3","","60","","","","21","","28","","24.1","","98.71","","29","","","","NA"
"-77.70","53.63","LA GRANDE RIVIERE A","7093716","2019-07-26 15:00","2019","07","26","15:00","","24.0","","16.2","","61","","","","24","","24","","19.3","","98.77","","29","","","","NA"
"-77.70","53.63","LA GRANDE RIVIERE A","7093716","2019-07-26 16:00","2019","07","26","16:00","","23.6","","16.4","","63","","","","23","","21","","24.1","","98.79","","28","","","","Cloudy"
"-77.70","53.63","LA GRANDE RIVIERE A","7093716","2019-07-26 17:00","2019","07","26","17:00","","24.2","","16.6","","62","","","","23","","19","","24.1","","98.80","","29","","","","NA"
"-77.70","53.63","LA GRANDE RIVIERE A","7093716","2019-07-26 18:00","2019","07","26","18:00","","23.7","","17.1","","66","","","","21","","17","","19.3","","98.78","","29","","","","NA"
"-77.70","53.63","LA GRANDE RIVIERE A","7093716","2019-07-26 19:00","2019","07","26","19:00","","22.6","","17.2","","71","","","","22","","16","","24.1","","98.82","","28","","","","Cloudy"
"-77.70","53.63","LA GRANDE RIVIERE A","7093716","2019-07-26 20:00","2019","07","26","20:00","","21.8","","17.2","","75","","","","22","","12","","24.1","","98.82","","27","","","","NA"
"-77.70","53.63","LA GRANDE RIVIERE A","7093716","2019-07-26 21:00","2019","07","26","21:00","","20.6","","17.4","","81","","","","20","","16","","24.1","","98.83","","26","","","","NA"
"-77.70","53.63","LA GRANDE RIVIERE A","7093716","2019-07-26 22:00","2019","07","26","22:00","","19.9","","17.5","","86","","","","20","","13","","24.1","","98.84","","","","","","Cloudy"
"-77.70","53.63","LA GRANDE RIVIERE A","7093716","2019-07-26 23:00","2019","07","26","23:00","","19.6","","17.6","","88","","","","20","","9","","24.1","","98.84","","","","","","NA"
"-77.70","53.63","LA GRANDE RIVIERE A","7093716","2019-07-27 00:00","2019","07","27","00:00","","19.1","","17.6","","91","","","","17","","5","","24.1","","98.83","","","","","","NA"
"-77.70","53.63","LA GRANDE RIVIERE A","7093716","2019-07-27 01:00","2019","07","27","01:00","","18.4","","17.6","","95","","","","18","","13","","24.1","","98.80","","","","","","Mainly Clear"
"-77.70","53.63","LA GRANDE RIVIERE A","7093716","2019-07-27 02:00","2019","07","27","02:00","","18.3","","17.3","","94","","","","23","","10","","24.1","","98.83","","","","","","NA"
"-77.70","53.63","LA GRANDE RIVIERE A","7093716","2019-07-27 03:00","2019","07","27","03:00","","17.8","","16.8","","94","","","","21","","13","","24.1","","98.83","","","","","","NA"
"-77.70","53.63","LA GRANDE RIVIERE A","7093716","2019-07-27 04:00","2019","07","27","04:00","","17.2","","16.3","","95","","","","17","","13","","24.1","","98.82","","","","","","Cloudy"
"-77.70","53.63","LA GRANDE RIVIERE A","7093716","2019-07-27 05:00","2019","07","27","05:00","","17.5","","16.5","","94","","","","16","","16","","24.1","","98.80","","","","","","NA"
"-77.70","53.63","LA GRANDE RIVIERE A","7093716","2019-07-27 06:00","2019","07","27","06:00","","18.3","","16.9","","92","","","","18","","15","","24.1","","98.79","","","","","","NA"
"-77.70","53.63","LA GRANDE RIVIERE A","7093716","2019-07-27 07:00","2019","07","27","07:00","","18.6","","16.5","","87","","","","20","","15","","24.1","","98.79","","","","","","Cloudy"
"-77.70","53.63","LA GRANDE RIVIERE A","7093716","2019-07-27 08:00","2019","07","27","08:00","","19.2","","16.6","","85","","","","18","","17","","24.1","","98.76","","","","","","NA"
"-77.70","53.63","LA GRANDE RIVIERE A","7093716","2019-07-27 09:00","2019","07","27","09:00","","19.3","","16.5","","84","","","","18","","17","","24.1","","98.72","","","","","","NA"
"-77.70","53.63","LA GRANDE RIVIERE A","7093716","2019-07-27 10:00","2019","07","27","10:00","","21.5","","16.1","","71","","","","21","","21","","24.1","","98.68","","26","","","","Cloudy"
"-77.70","53.63","LA GRANDE RIVIERE A","7093716","2019-07-27 11:00","2019","07","27","11:00","","21.9","","16.6","","72","","","","18","","19","","24.1","","98.65","","27","","","","NA"
"-77.70","53.63","LA GRANDE RIVIERE A","7093716","2019-07-27 12:00","2019","07","27","12:00","","22.1","","16.7","","71","","","","20","","25","","24.1","","98.60","","27","","","","NA"
"-77.70","53.63","LA GRANDE RIVIERE A","7093716","2019-07-27 13:00","2019","07","27","13:00","","20.4","","16.7","","79","","","","20","","23","","16.1","","98.57","","25","","","","Rain"
"-77.70","53.63","LA GRANDE RIVIERE A","7093716","2019-07-27 14:00","2019","07","27","14:00","","20.5","","17.1","","80","","","","21","","12","","19.3","","98.51","","26","","","","Rain"
"-77.70","53.63","LA GRANDE RIVIERE A","7093716","2019-07-27 15:00","2019","07","27","15:00","","20.0","","18.6","","92","","","","16","","14","","19.3","","98.44","","26","","","","Rain"
"-77.70","53.63","LA GRANDE RIVIERE A","7093716","2019-07-27 16:00","2019","07","27","16:00","","20.1","","18.6","","91","","","","15","","8","","19.3","","98.38","","27","","","","Moderate Rain"
"-77.70","53.63","LA GRANDE RIVIERE A","7093716","2019-07-27 17:00","2019","07","27","17:00","","19.1","","18.2","","95","","","","19","","12","","19.3","","98.33","","","","","","Rain"
"-77.70","53.63","LA GRANDE RIVIERE A","7093716","2019-07-27 18:00","2019","07","27","18:00","","20.1","","18.5","","90","","","","21","","14","","16.1","","98.28","","26","","","","Rain"
"-77.70","53.63","LA GRANDE RIVIERE A","7093716","2019-07-27 19:00","2019","07","27","19:00","","19.6","","18.0","","91","","","","23","","9","","24.1","","98.23","","","","","","Cloudy"
"-77.70","53.63","LA GRANDE RIVIERE A","7093716","2019-07-27 20:00","2019","07","27","20:00","","19.1","","18.1","","94","","","","18","","5","","24.1","","98.20","","","","","","NA"
"-77.70","53.63","LA GRANDE RIVIERE A","7093716","2019-07-27 21:00","2019","07","27","21:00","","18.6","","17.8","","95","","","","12","","4","","24.1","","98.17","","","","","","NA"
"-77.70","53.63","LA GRANDE RIVIERE A","7093716","2019-07-27 22:00","2019","07","27","22:00","","18.3","","17.7","","96","","","","15","","8","","8.1","","98.08","","","","","","Rain,Fog"
"-77.70","53.63","LA GRANDE RIVIERE A","7093716","2019-07-27 23:00","2019","07","27","23:00","","18.0","","17.4","","96","","","","22","","7","","8.1","","98.02","","","","","","Fog"
"-77.70","53.63","LA GRANDE RIVIERE A","7093716","2019-07-28 00:00","2019","07","28","00:00","","18.0","","17.5","","97","","","","25","","10","","4.8","","98.02","","","","","","Fog"
"-77.70","53.63","LA GRANDE RIVIERE A","7093716","2019-07-28 01:00","2019","07","28","01:00","","17.3","","16.8","","97","","","","27","","12","","8.1","","97.96","","","","","","Rain,Fog"
"-77.70","53.63","LA GRANDE RIVIERE A","7093716","2019-07-28 02:00","2019","07","28","02:00","","17.1","","16.6","","97","","","","24","","9","","2.4","","97.95","","","","","","Fog"
"-77.70","53.63","LA GRANDE RIVIERE A","7093716","2019-07-28 03:00","2019","07","28","03:00","","16.4","","15.9","","97","","","","27","","21","","0.4","","97.93","","","","","","Drizzle,Fog"
"-77.70","53.63","LA GRANDE RIVIERE A","7093716","2019-07-28 04:00","2019","07","28","04:00","","14.7","","14.3","","97","","","","25","","23","","1.0","","97.96","","","","","","Drizzle,Fog"
"-77.70","53.63","LA GRANDE RIVIERE A","7093716","2019-07-28 05:00","2019","07","28","05:00","","12.9","","12.6","","98","","","","25","","20","","0.4","","97.96","","","","","","Drizzle,Fog"
"-77.70","53.63","LA GRANDE RIVIERE A","7093716","2019-07-28 06:00","2019","07","28","06:00","","11.1","","10.8","","98","","","","25","","22","","0.6","","97.98","","","","","","Fog"
"-77.70","53.63","LA GRANDE RIVIERE A","7093716","2019-07-28 07:00","2019","07","28","07:00","","8.8","","8.5","","98","","","","25","","22","","0.2","","98.04","","","","","","Fog"
"-77.70","53.63","LA GRANDE RIVIERE A","7093716","2019-07-28 08:00","2019","07","28","08:00","","7.8","","7.5","","98","","","","25","","27","","0.8","","98.11","","","","","","Fog"
"-77.70","53.63","LA GRANDE RIVIERE A","7093716","2019-07-28 09:00","2019","07","28","09:00","","7.3","","7.0","","98","","","","25","","29","","0.8","","98.17","","","","","","Fog"
"-77.70","53.63","LA GRANDE RIVIERE A","7093716","2019-07-28 10:00","2019","07","28","10:00","","7.9","","7.6","","98","","","","26","","23","","0.6","","98.21","","","","","","Drizzle,Fog"
"-77.70","53.63","LA GRANDE RIVIERE A","7093716","2019-07-28 11:00","2019","07","28","11:00","","8.5","","8.2","","98","","","","24","","21","","2.4","","98.26","","","","","","Drizzle,Fog"
"-77.70","53.63","LA GRANDE RIVIERE A","7093716","2019-07-28 12:00","2019","07","28","12:00","","10.1","","9.7","","97","","","","26","","25","","2.4","","98.27","","","","","","Drizzle,Fog"
"-77.70","53.63","LA GRANDE RIVIERE A","7093716","2019-07-28 13:00","2019","07","28","13:00","","11.3","","10.2","","93","","","","25","","27","","12.9","","98.31","","","","","","Drizzle,Fog"
"-77.70","53.63","LA GRANDE RIVIERE A","7093716","2019-07-28 14:00","2019","07","28","14:00","","12.7","","11.0","","89","","","","25","","27","","19.3","","98.36","","","","","","NA"
"-77.70","53.63","LA GRANDE RIVIERE A","7093716","2019-07-28 15:00","2019","07","28","15:00","","13.1","","10.8","","86","","","","24","","25","","24.1","","98.40","","","","","","NA"
"-77.70","53.63","LA GRANDE RIVIERE A","7093716","2019-07-28 16:00","2019","07","28","16:00","","12.1","","10.0","","87","","","","25","","27","","24.1","","98.44","","","","","","Cloudy"
"-77.70","53.63","LA GRANDE RIVIERE A","7093716","2019-07-28 17:00","2019","07","28","17:00","","11.3","","9.3","","88","","","","26","","30","","24.1","","98.45","","","","","","NA"
"-77.70","53.63","LA GRANDE RIVIERE A","7093716","2019-07-28 18:00","2019","07","28","18:00","","10.3","","8.9","","90","","","","25","","20","","24.1","","98.49","","","","","","NA"
"-77.70","53.63","LA GRANDE RIVIERE A","7093716","2019-07-28 19:00","2019","07","28","19:00","","9.5","","8.8","","95","","","","25","","18","","3.2","","98.49","","","","","","Fog"
"-77.70","53.63","LA GRANDE RIVIERE A","7093716","2019-07-28 20:00","2019","07","28","20:00","","9.5","","9.0","","97","","","","26","","17","","0.8","","98.52","","","","","","Fog"
"-77.70","53.63","LA GRANDE RIVIERE A","7093716","2019-07-28 21:00","2019","07","28","21:00","","9.5","","9.1","","97","","","","26","","16","","1.6","","98.52","","","","","","Fog"
"-77.70","53.63","LA GRANDE RIVIERE A","7093716","2019-07-28 22:00","2019","07","28","22:00","","9.3","","8.9","","97","","","","25","","15","","1.2","","98.49","","","","","","Fog"
"-77.70","53.63","LA GRANDE RIVIERE A","7093716","2019-07-28 23:00","2019","07","28","23:00","","8.8","","8.5","","98","","","","25","","10","","0.4","","98.48","","","","","","Fog"
"-77.70","53.63","LA GRANDE RIVIERE A","7093716","2019-07-29 00:00","2019","07","29","00:00","","8.6","","8.2","","98","","","","28","","10","","0.4","","98.49","","","","","","Fog"
"-77.70","53.63","LA GRANDE RIVIERE A","7093716","2019-07-29 01:00","2019","07","29","01:00","","8.2","","7.9","","98","","","","26","","7","","0.6","","98.48","","","","","","Fog"
"-77.70","53.63","LA GRANDE RIVIERE A","7093716","2019-07-29 02:00","2019","07","29","02:00","","7.9","","7.6","","98","","","","24","","7","","0.6","","98.44","","","","","","Fog"
"-77.70","53.63","LA GRANDE RIVIERE A","7093716","2019-07-29 03:00","2019","07","29","03:00","","7.5","","7.2","","98","","","","24","","5","","0.8","","98.45","","","","","","Fog"
"-77.70","53.63","LA GRANDE RIVIERE A","7093716","2019-07-29 04:00","2019","07","29","04:00","","7.2","","6.9","","98","","","","27","","4","","0.4","","98.46","","","","","","Fog"
"-77.70","53.63","LA GRANDE RIVIERE A","7093716","2019-07-29 05:00","2019","07","29","05:00","","6.9","","6.6","","98","","","","11","","5","","0.4","","98.42","","","","","","Fog"
"-77.70","53.63","LA GRANDE RIVIERE A","7093716","2019-07-29 06:00","2019","07","29","06:00","","7.4","","7.1","","98","","","","12","","9","","0.4","","98.42","","","","","","Drizzle,Fog"
"-77.70","53.63","LA GRANDE RIVIERE A","7093716","2019-07-29 07:00","2019","07","29","07:00","","8.7","","8.4","","98","","","","10","","12","","0.8","","98.42","","","","","","Fog"
"-77.70","53.63","LA GRANDE RIVIERE A","7093716","2019-07-29 08:00","2019","07","29","08:00","","10.2","","10.0","","98","","","","9","","9","","1.2","","98.39","","","","","","Fog"
"-77.70","53.63","LA GRANDE RIVIERE A","7093716","2019-07-29 09:00","2019","07","29","09:00","","13.1","","12.4","","95","","","","9","","7","","19.3","","98.34","","","","","","NA"
"-77.70","53.63","LA GRANDE RIVIERE A","7093716","2019-07-29 10:00","2019","07","29","10:00","","16.3","","12.5","","78","","","","9","","11","","24.1","","98.29","","","","","","Mostly Cloudy"
"-77.70","53.63","LA GRANDE RIVIERE A","7093716","2019-07-29 11:00","2019","07","29","11:00","","17.9","","13.6","","76","","","","10","","14","","24.1","","98.24","","","","","","NA"
"-77.70","53.63","LA GRANDE RIVIERE A","7093716","2019-07-29 12:00","2019","07","29","12:00","","20.6","","14.7","","69","","","","9","","16","","24.1","","98.21","","","","","","NA"
"-77.70","53.63","LA GRANDE RIVIERE A","7093716","2019-07-29 13:00","2019","07","29","13:00","","22.3","","15.4","","65","","","","10","","16","","24.1","","98.16","","27","","","","Mostly Cloudy"
"-77.70","53.63","LA GRANDE RIVIERE A","7093716","2019-07-29 14:00","2019","07","29","14:00","","22.9","","15.2","","62","","","","7","","16","","24.1","","98.11","","27","","","","NA"
"-77.70","53.63","LA GRANDE RIVIERE A","7093716","2019-07-29 15:00","2019","07","29","15:00","","22.1","","15.1","","64","","","","7","","19","","24.1","","98.05","","26","","","","NA"
"-77.70","53.63","LA GRANDE RIVIERE A","7093716","2019-07-29 16:00","2019","07","29","16:00","","23.0","","14.9","","60","","","","7","","19","","24.1","","98.00","","27","","","","Mostly Cloudy"
"-77.70","53.63","LA GRANDE RIVIERE A","7093716","2019-07-29 17:00","2019","07","29","17:00","","21.3","","14.5","","65","","","","6","","17","","24.1","","97.94","","25","","","","NA"
"-77.70","53.63","LA GRANDE RIVIERE A","7093716","2019-07-29 18:00","2019","07","29","18:00","","19.4","","18.2","","93","","","","20","","9","","3.2","","98.05","","","","","","Heavy Rain"
"-77.70","53.63","LA GRANDE RIVIERE A","7093716","2019-07-29 19:00","2019","07","29","19:00","","18.9","","18.2","","95","","","","4","","7","","24.1","","97.95","","","","","","Cloudy"
"-77.70","53.63","LA GRANDE RIVIERE A","7093716","2019-07-29 20:00","2019","07","29","20:00","","18.6","","17.6","","94","","","","8","","15","","24.1","","97.90","","","","","","NA"
"-77.70","53.63","LA GRANDE RIVIERE A","7093716","2019-07-29 21:00","2019","07","29","21:00","","17.9","","15.6","","86","","","","8","","17","","24.1","","97.86","","","","","","NA"
"-77.70","53.63","LA GRANDE RIVIERE A","7093716","2019-07-29 22:00","2019","07","29","22:00","","16.5","","15.0","","90","","","","8","","11","","24.1","","97.79","","","","","","Rain"
"-77.70","53.63","LA GRANDE RIVIERE A","7093716","2019-07-29 23:00","2019","07","29","23:00","","15.9","","14.5","","92","","","","8","","12","","24.1","","97.73","","","","","","Rain"
"-77.70","53.63","LA GRANDE RIVIERE A","7093716","2019-07-30 00:00","2019","07","30","00:00","","15.7","","14.4","","92","","","","7","","15","","24.1","","97.58","","","","","","Rain"
"-77.70","53.63","LA GRANDE RIVIERE A","7093716","2019-07-30 01:00","2019","07","30","01:00","","16.4","","15.0","","91","","","","7","","11","","24.1","","97.47","","","","","","Rain"
"-77.70","53.63","LA GRANDE RIVIERE A","7093716","2019-07-30 02:00","2019","07","30","02:00","","16.8","","15.7","","93","","","","9","","18","","11.3","","97.41","","","","","","Rain"
"-77.70","53.63","LA GRANDE RIVIERE A","7093716","2019-07-30 03:00","2019","07","30","03:00","","18.4","","17.7","","96","","","","14","","18","","4.8","","97.37","","","","","","Drizzle"
"-77.70","53.63","LA GRANDE RIVIERE A","7093716","2019-07-30 04:00","2019","07","30","04:00","","18.0","","17.0","","94","","","","17","","26","","19.3","","97.35","","","","","","Drizzle"
"-77.70","53.63","LA GRANDE RIVIERE A","7093716","2019-07-30 05:00","2019","07","30","05:00","","17.0","","16.0","","94","","","","16","","25","","4.8","","97.35","","","","","","Drizzle,Fog"
"-77.70","53.63","LA GRANDE RIVIERE A","7093716","2019-07-30 06:00","2019","07","30","06:00","","11.0","","10.0","","93","","","","18","","31","","4.8","","97.49","","","","","","Drizzle,Fog"
"-77.70","53.63","LA GRANDE RIVIERE A","7093716","2019-07-30 07:00","2019","07","30","07:00","","9.2","","8.3","","94","","","","20","","31","","4.8","","97.62","","","","","","Drizzle,Fog"
"-77.70","53.63","LA GRANDE RIVIERE A","7093716","2019-07-30 08:00","2019","07","30","08:00","","9.7","","8.7","","94","","","","20","","34","","4.8","","97.71","","","","","","Drizzle,Fog"
"-77.70","53.63","LA GRANDE RIVIERE A","7093716","2019-07-30 09:00","2019","07","30","09:00","","9.8","","8.7","","93","","","","20","","35","","6.4","","97.77","","","","","","Drizzle,Fog"
"-77.70","53.63","LA GRANDE RIVIERE A","7093716","2019-07-30 10:00","2019","07","30","10:00","","10.1","","8.6","","90","","","","20","","36","","16.1","","97.84","","","","","","Drizzle"
"-77.70","53.63","LA GRANDE RIVIERE A","7093716","2019-07-30 11:00","2019","07","30","11:00","","10.7","","8.5","","86","","","","20","","27","","16.1","","97.89","","","","","","Drizzle"
"-77.70","53.63","LA GRANDE RIVIERE A","7093716","2019-07-30 12:00","2019","07","30","12:00","","10.6","","8.4","","86","","","","19","","32","","11.3","","97.93","","","","","","Drizzle"
"-77.70","53.63","LA GRANDE RIVIERE A","7093716","2019-07-30 13:00","2019","07","30","13:00","","10.3","","8.2","","87","","","","20","","32","","8.1","","98.00","","","","","","Drizzle,Fog"
"-77.70","53.63","LA GRANDE RIVIERE A","7093716","2019-07-30 14:00","2019","07","30","14:00","","10.5","","8.6","","88","","","","21","","33","","4.8","","98.05","","","","","","Drizzle,Fog"
"-77.70","53.63","LA GRANDE RIVIERE A","7093716","2019-07-30 15:00","2019","07","30","15:00","","10.6","","8.6","","87","","","","20","","32","","8.1","","98.06","","","","","","Drizzle,Fog"
"-77.70","53.63","LA GRANDE RIVIERE A","7093716","2019-07-30 16:00","2019","07","30","16:00","","10.2","","8.8","","91","","","","21","","32","","4.8","","98.10","","","","","","Rain,Drizzle,Fog"
"-77.70","53.63","LA GRANDE RIVIERE A","7093716","2019-07-30 17:00","2019","07","30","17:00","","9.5","","8.4","","93","","","","21","","28","","3.2","","98.17","","","","","","Rain,Drizzle,Fog"
"-77.70","53.63","LA GRANDE RIVIERE A","7093716","2019-07-30 18:00","2019","07","30","18:00","","9.1","","8.1","","93","","","","21","","35","","3.2","","98.19","","","","","","Rain,Drizzle,Fog"
"-77.70","53.63","LA GRANDE RIVIERE A","7093716","2019-07-30 19:00","2019","07","30","19:00","","8.8","","8.0","","95","","","","21","","27","","3.2","","98.24","","","","","","Rain,Drizzle,Fog"
"-77.70","53.63","LA GRANDE RIVIERE A","7093716","2019-07-30 20:00","2019","07","30","20:00","","8.4","","7.7","","95","","","","20","","32","","3.2","","98.25","","","","","","Drizzle,Fog"
"-77.70","53.63","LA GRANDE RIVIERE A","7093716","2019-07-30 21:00","2019","07","30","21:00","","8.3","","7.6","","96","","","","21","","28","","3.2","","98.28","","","","","","Drizzle,Fog"
"-77.70","53.63","LA GRANDE RIVIERE A","7093716","2019-07-30 22:00","2019","07","30","22:00","","8.1","","7.5","","96","","","","22","","29","","3.2","","98.28","","","","","","Drizzle,Fog"
"-77.70","53.63","LA GRANDE RIVIERE A","7093716","2019-07-30 23:00","2019","07","30","23:00","","8.1","","7.4","","95","","","","22","","31","","3.2","","98.29","","","","","","Rain,Drizzle,Fog"
"-77.70","53.63","LA GRANDE RIVIERE A","7093716","2019-07-31 00:00","2019","07","31","00:00","","7.8","","7.0","","95","","","","23","","27","","3.2","","98.28","","","","","","Rain,Drizzle,Fog"
"-77.70","53.63","LA GRANDE RIVIERE A","7093716","2019-07-31 01:00","2019","07","31","01:00","","7.6","","6.9","","95","","","","22","","27","","3.2","","98.29","","","","","","Drizzle,Fog"
"-77.70","53.63","LA GRANDE RIVIERE A","7093716","2019-07-31 02:00","2019","07","31","02:00","","7.5","","6.7","","95","","","","23","","29","","3.2","","98.29","","","","","","Drizzle,Fog"
"-77.70","53.63","LA GRANDE RIVIERE A","7093716","2019-07-31 03:00","2019","07","31","03:00","","7.0","","6.1","","94","","","","24","","30","","3.2","","98.32","","","","","","Drizzle,Fog"
"-77.70","53.63","LA GRANDE RIVIERE A","7093716","2019-07-31 04:00","2019","07","31","04:00","","6.1","","5.4","","95","","","","24","","32","","3.2","","98.35","","","","","","Drizzle,Fog"
"-77.70","53.63","LA GRANDE RIVIERE A","7093716","2019-07-31 05:00","2019","07","31","05:00","","5.6","","4.9","","95","","","","24","","21","","6.4","","98.42","","","","","","Drizzle,Fog"
"-77.70","53.63","LA GRANDE RIVIERE A","7093716","2019-07-31 06:00","2019","07","31","06:00","","5.3","","4.7","","96","","","","23","","21","","6.4","","98.49","","","","","","Drizzle,Fog"
"-77.70","53.63","LA GRANDE RIVIERE A","7093716","2019-07-31 07:00","2019","07","31","07:00","","5.6","","5.0","","96","","","","23","","22","","6.4","","98.54","","","","","","Fog"
"-77.70","53.63","LA GRANDE RIVIERE A","7093716","2019-07-31 08:00","2019","07","31","08:00","","5.9","","5.3","","96","","","","22","","21","","4.8","","98.58","","","","","","Fog"
"-77.70","53.63","LA GRANDE RIVIERE A","7093716","2019-07-31 09:00","2019","07","31","09:00","","5.8","","5.0","","94","","","","24","","25","","6.4","","98.61","","","","","","Drizzle,Fog"
"-77.70","53.63","LA GRANDE RIVIERE A","7093716","2019-07-31 10:00","2019","07","31","10:00","","5.9","","5.0","","94","","","","24","","25","","4.8","","98.63","","","","","","Drizzle,Fog"
"-77.70","53.63","LA GRANDE RIVIERE A","7093716","2019-07-31 11:00","2019","07","31","11:00","","6.2","","5.0","","92","","","","24","","26","","4.8","","98.66","","","","","","Drizzle,Fog"
"-77.70","53.63","LA GRANDE RIVIERE A","7093716","2019-07-31 12:00","2019","07","31","12:00","","6.1","","4.9","","92","","","","24","","30","","6.4","","98.69","","","","","","Drizzle,Fog"
"-77.70","53.63","LA GRANDE RIVIERE A","7093716","2019-07-31 13:00","2019","07","31","13:00","","6.4","","5.2","","92","","","","25","","34","","6.4","","98.74","","","","","","Drizzle,Fog"
"-77.70","53.63","LA GRANDE RIVIERE A","7093716","2019-07-31 14:00","2019","07","31","14:00","","6.7","","5.8","","94","","","","26","","27","","4.0","","98.79","","","","","","Drizzle,Fog"
"-77.70","53.63","LA GRANDE RIVIERE A","7093716","2019-07-31 15:00","2019","07","31","15:00","","6.8","","6.1","","95","","","","25","","27","","3.2","","98.85","","","","","","Drizzle,Fog"
"-77.70","53.63","LA GRANDE RIVIERE A","7093716","2019-07-31 16:00","2019","07","31","16:00","","6.8","","6.1","","95","","","","25","","28","","3.2","","98.90","","","","","","Rain,Drizzle,Fog"
"-77.70","53.63","LA GRANDE RIVIERE A","7093716","2019-07-31 17:00","2019","07","31","17:00","","7.1","","6.5","","96","","","","26","","36","","3.2","","98.91","","","","","","Rain,Drizzle,Fog"
"-77.70","53.63","LA GRANDE RIVIERE A","7093716","2019-07-31 18:00","2019","07","31","18:00","","7.2","","6.6","","96","","","","26","","32","","3.2","","98.94","","","","","","Rain,Drizzle,Fog"
"-77.70","53.63","LA GRANDE RIVIERE A","7093716","2019-07-31 19:00","2019","07","31","19:00","","7.0","","6.5","","97","","","","26","","29","","3.2","","98.93","","","","","","Rain,Fog"
"-77.70","53.63","LA GRANDE RIVIERE A","7093716","2019-07-31 20:00","2019","07","31","20:00","","7.0","","6.5","","97","","","","26","","23","","2.4","","98.93","","","","","","Drizzle,Fog"
"-77.70","53.63","LA GRANDE RIVIERE A","7093716","2019-07-31 21:00","2019","07","31","21:00","","7.1","","6.7","","97","","","","26","","21","","3.2","","98.94","","","","","","Rain,Drizzle,Fog"
"-77.70","53.63","LA GRANDE RIVIERE A","7093716","2019-07-31 22:00","2019","07","31","22:00","","7.2","","6.8","","97","","","","26","","19","","3.2","","98.93","","","","","","Drizzle,Fog"
"-77.70","53.63","LA GRANDE RIVIERE A","7093716","2019-07-31 23:00","2019","07","31","23:00","","7.3","","6.9","","97","","","","26","","19","","2.4","","98.94","","","","","","Drizzle,Fog"
"-77.70","53.63","LA GRANDE RIVIERE A","7093716","2019-08-01 00:00","2019","08","01","00:00","","7.7","","7.3","","97","","","","26","","18","","3.2","","98.92","","","","","","Drizzle"
"-77.70","53.63","LA GRANDE RIVIERE A","7093716","2019-08-01 01:00","2019","08","01","01:00","","7.8","","7.4","","97","","","","25","","19","","12.9","","98.96","","","","","","Drizzle"
"-77.70","53.63","LA GRANDE RIVIERE A","7093716","2019-08-01 02:00","2019","08","01","02:00","","7.3","","6.8","","97","","","","25","","20","","4.8","","98.98","","","","","","Fog"
"-77.70","53.63","LA GRANDE RIVIERE A","7093716","2019-08-01 03:00","2019","08","01","03:00","","6.9","","6.5","","97","","","","25","","16","","2.4","","98.97","","","","","","Fog"
"-77.70","53.63","LA GRANDE RIVIERE A","7093716","2019-08-01 04:00","2019","08","01","04:00","","6.8","","6.4","","97","","","","25","","18","","4.8","","98.97","","","","","","Fog"
"-77.70","53.63","LA GRANDE RIVIERE A","7093716","2019-08-01 05:00","2019","08","01","05:00","","6.8","","6.4","","97","","","","26","","18","","4.8","","98.99","","","","","","Fog"
"-77.70","53.63","LA GRANDE RIVIERE A","7093716","2019-08-01 06:00","2019","08","01","06:00","","6.9","","6.5","","97","","","","25","","16","","6.4","","99.03","","","","","","Drizzle,Fog"
"-77.70","53.63","LA GRANDE RIVIERE A","7093716","2019-08-01 07:00","2019","08","01","07:00","","7.6","","7.0","","96","","","","27","","19","","8.1","","99.05","","","","","","Drizzle,Fog"
"-77.70","53.63","LA GRANDE RIVIERE A","7093716","2019-08-01 08:00","2019","08","01","08:00","","8.6","","7.8","","94","","","","27","","16","","16.1","","99.10","","","","","","Drizzle"
"-77.70","53.63","LA GRANDE RIVIERE A","7093716","2019-08-01 09:00","2019","08","01","09:00","","9.3","","8.6","","95","","","","28","","16","","4.8","","99.12","","","","","","Drizzle,Fog"
"-77.70","53.63","LA GRANDE RIVIERE A","7093716","2019-08-01 10:00","2019","08","01","10:00","","10.4","","8.7","","89","","","","28","","14","","24.1","","99.15","","","","","","Cloudy"
"-77.70","53.63","LA GRANDE RIVIERE A","7093716","2019-08-01 11:00","2019","08","01","11:00","","11.1","","8.8","","85","","","","27","","22","","24.1","","99.17","","","","","","NA"
"-77.70","53.63","LA GRANDE RIVIERE A","7093716","2019-08-01 12:00","2019","08","01","12:00","","14.1","","10.0","","77","","","","29","","17","","24.1","","99.17","","","","","","NA"
"-77.70","53.63","LA GRANDE RIVIERE A","7093716","2019-08-01 13:00","2019","08","01","13:00","","16.1","","10.5","","69","","","","28","","24","","24.1","","99.19","","","","","","Mostly Cloudy"
"-77.70","53.63","LA GRANDE RIVIERE A","7093716","2019-08-01 14:00","2019","08","01","14:00","","16.7","","10.9","","68","","","","26","","21","","24.1","","99.18","","","","","","NA"
"-77.70","53.63","LA GRANDE RIVIERE A","7093716","2019-08-01 15:00","2019","08","01","15:00","","18.0","","10.8","","63","","","","27","","28","","24.1","","99.19","","","","","","NA"
"-77.70","53.63","LA GRANDE RIVIERE A","7093716","2019-08-01 16:00","2019","08","01","16:00","","18.0","","10.7","","62","","","","27","","21","","24.1","","99.19","","","","","","Mostly Cloudy"
"-77.70","53.63","LA GRANDE RIVIERE A","7093716","2019-08-01 17:00","2019","08","01","17:00","","17.2","","10.1","","62","","","","28","","24","","24.1","","99.20","","","","","","NA"
"-77.70","53.63","LA GRANDE RIVIERE A","7093716","2019-08-01 18:00","2019","08","01","18:00","","15.8","","9.8","","68","","","","29","","22","","24.1","","99.25","","","","","","NA"
"-77.70","53.63","LA GRANDE RIVIERE A","7093716","2019-08-01 19:00","2019","08","01","19:00","","14.2","","9.3","","72","","","","28","","18","","24.1","","99.28","","","","","","Cloudy"
"-77.70","53.63","LA GRANDE RIVIERE A","7093716","2019-08-01 20:00","2019","08","01","20:00","","13.0","","9.3","","78","","","","27","","17","","24.1","","99.27","","","","","","NA"
"-77.70","53.63","LA GRANDE RIVIERE A","7093716","2019-08-01 21:00","2019","08","01","21:00","","12.1","","9.5","","84","","","","28","","9","","24.1","","99.28","","","","","","Rain"
"-77.70","53.63","LA GRANDE RIVIERE A","7093716","2019-08-01 22:00","2019","08","01","22:00","","11.2","","9.1","","86","","","","29","","8","","24.1","","99.28","","","","","","Cloudy"
"-77.70","53.63","LA GRANDE RIVIERE A","7093716","2019-08-01 23:00","2019","08","01","23:00","","10.3","","8.5","","89","","","","27","","8","","24.1","","99.27","","","","","","NA"
"-77.70","53.63","LA GRANDE RIVIERE A","7093716","2019-08-02 00:00","2019","08","02","00:00","","9.3","","8.2","","93","","","","26","","8","","24.1","","99.29","","","","","","NA"
"-77.70","53.63","LA GRANDE RIVIERE A","7093716","2019-08-02 01:00","2019","08","02","01:00","","9.3","","8.1","","92","","","","27","","9","","24.1","","99.29","","","","","","Cloudy"
"-77.70","53.63","LA GRANDE RIVIERE A","7093716","2019-08-02 02:00","2019","08","02","02:00","","9.0","","8.1","","94","","","","24","","5","","24.1","","99.31","","","","","","NA"
"-77.70","53.63","LA GRANDE RIVIERE A","7093716","2019-08-02 03:00","2019","08","02","03:00","","9.1","","8.3","","94","","","","27","","10","","24.1","","99.34","","","","","","NA"
"-77.70","53.63","LA GRANDE RIVIERE A","7093716","2019-08-02 04:00","2019","08","02","04:00","","8.6","","7.9","","95","","","","25","","7","","24.1","","99.32","","","","","","Mostly Cloudy"
"-77.70","53.63","LA GRANDE RIVIERE A","7093716","2019-08-02 05:00","2019","08","02","05:00","","8.8","","8.0","","94","","","","27","","4","","24.1","","99.31","","","","","","NA"
"-77.70","53.63","LA GRANDE RIVIERE A","7093716","2019-08-02 06:00","2019","08","02","06:00","","9.5","","8.5","","94","","","","33","","4","","24.1","","99.33","","","","","","NA"
"-77.70","53.63","LA GRANDE RIVIERE A","7093716","2019-08-02 07:00","2019","08","02","07:00","","11.4","","9.0","","85","","","","31","","5","","24.1","","99.34","","","","","","Mostly Cloudy"
"-77.70","53.63","LA GRANDE RIVIERE A","7093716","2019-08-02 08:00","2019","08","02","08:00","","12.8","","8.7","","75","","","","30","","11","","24.1","","99.35","","","","","","NA"
"-77.70","53.63","LA GRANDE RIVIERE A","7093716","2019-08-02 09:00","2019","08","02","09:00","","14.0","","8.2","","68","","","","30","","8","","24.1","","99.34","","","","","","NA"
"-77.70","53.63","LA GRANDE RIVIERE A","7093716","2019-08-02 10:00","2019","08","02","10:00","","15.8","","9.7","","67","","","","28","","10","","24.1","","99.33","","","","","","Cloudy"
"-77.70","53.63","LA GRANDE RIVIERE A","7093716","2019-08-02 11:00","2019","08","02","11:00","","15.5","","9.8","","69","","","","30","","10","","24.1","","99.33","","","","","","NA"
"-77.70","53.63","LA GRANDE RIVIERE A","7093716","2019-08-02 12:00","2019","08","02","12:00","","16.1","","10.1","","67","","","","28","","17","","24.1","","99.31","","","","","","NA"
"-77.70","53.63","LA GRANDE RIVIERE A","7093716","2019-08-02 13:00","2019","08","02","13:00","","16.0","","10.3","","69","","","","32","","14","","24.1","","99.28","","","","","","Cloudy"
"-77.70","53.63","LA GRANDE RIVIERE A","7093716","2019-08-02 14:00","2019","08","02","14:00","","15.7","","10.3","","70","","","","30","","14","","24.1","","99.29","","","","","","NA"
"-77.70","53.63","LA GRANDE RIVIERE A","7093716","2019-08-02 15:00","2019","08","02","15:00","","14.2","","9.9","","75","","","","29","","17","","24.1","","99.31","","","","","","NA"
"-77.70","53.63","LA GRANDE RIVIERE A","7093716","2019-08-02 16:00","2019","08","02","16:00","","14.0","","8.8","","71","","","","31","","14","","24.1","","99.29","","","","","","Mostly Cloudy"
"-77.70","53.63","LA GRANDE RIVIERE A","7093716","2019-08-02 17:00","2019","08","02","17:00","","13.7","","7.9","","68","","","","32","","16","","24.1","","99.29","","","","","","NA"
"-77.70","53.63","LA GRANDE RIVIERE A","7093716","2019-08-02 18:00","2019","08","02","18:00","","13.6","","7.5","","67","","","","33","","10","","24.1","","99.28","","","","","","NA"
"-77.70","53.63","LA GRANDE RIVIERE A","7093716","2019-08-02 19:00","2019","08","02","19:00","","13.4","","8.0","","69","","","","34","","7","","24.1","","99.27","","","","","","Mostly Cloudy"
"-77.70","53.63","LA GRANDE RIVIERE A","7093716","2019-08-02 20:00","2019","08","02","20:00","","12.1","","7.8","","75","","","","28","","22","","24.1","","99.29","","","","","","NA"
"-77.70","53.63","LA GRANDE RIVIERE A","7093716","2019-08-02 21:00","2019","08","02","21:00","","9.1","","6.6","","84","","","","28","","23","","24.1","","99.33","","","","","","NA"
"-77.70","53.63","LA GRANDE RIVIERE A","7093716","2019-08-02 22:00","2019","08","02","22:00","","7.4","","6.0","","91","","","","29","","17","","24.1","","99.33","","","","","","Cloudy"
"-77.70","53.63","LA GRANDE RIVIERE A","7093716","2019-08-02 23:00","2019","08","02","23:00","","7.6","","6.5","","93","","","","30","","10","","19.3","","99.31","","","","","","Drizzle"
"-77.70","53.63","LA GRANDE RIVIERE A","7093716","2019-08-03 00:00","2019","08","03","00:00","","7.0","","6.0","","94","","","","30","","14","","24.1","","99.30","","","","","","Drizzle"
"-77.70","53.63","LA GRANDE RIVIERE A","7093716","2019-08-03 01:00","2019","08","03","01:00","","6.4","","5.8","","96","","","","29","","16","","4.8","","99.31","","","","","","Drizzle,Fog"
"-77.70","53.63","LA GRANDE RIVIERE A","7093716","2019-08-03 02:00","2019","08","03","02:00","","5.9","","5.4","","97","","","","30","","13","","1.6","","99.35","","","","","","Drizzle,Fog"
"-77.70","53.63","LA GRANDE RIVIERE A","7093716","2019-08-03 03:00","2019","08","03","03:00","","5.6","","5.2","","98","","","","29","","13","","0.6","","99.36","","","","","","Drizzle,Fog"
"-77.70","53.63","LA GRANDE RIVIERE A","7093716","2019-08-03 04:00","2019","08","03","04:00","","5.4","","5.0","","98","","","","30","","12","","0.6","","99.38","","","","","","Drizzle,Fog"
"-77.70","53.63","LA GRANDE RIVIERE A","7093716","2019-08-03 05:00","2019","08","03","05:00","","5.2","","4.9","","98","","","","29","","15","","0.4","","99.40","","","","","","Drizzle,Fog"
"-77.70","53.63","LA GRANDE RIVIERE A","7093716","2019-08-03 06:00","2019","08","03","06:00","","5.3","","5.0","","98","","","","29","","12","","0.6","","99.43","","","","","","Drizzle,Fog"
"-77.70","53.63","LA GRANDE RIVIERE A","7093716","2019-08-03 07:00","2019","08","03","07:00","","5.5","","5.1","","98","","","","29","","14","","0.8","","99.45","","","","","","Drizzle,Fog"
"-77.70","53.63","LA GRANDE RIVIERE A","7093716","2019-08-03 08:00","2019","08","03","08:00","","5.5","","5.2","","98","","","","30","","15","","1.6","","99.46","","","","","","Drizzle,Fog"
"-77.70","53.63","LA GRANDE RIVIERE A","7093716","2019-08-03 09:00","2019","08","03","09:00","","5.8","","5.3","","97","","","","31","","13","","4.0","","99.45","","","","","","Drizzle,Fog"
"-77.70","53.63","LA GRANDE RIVIERE A","7093716","2019-08-03 10:00","2019","08","03","10:00","","6.2","","4.9","","91","","","","29","","13","","24.1","","99.46","","","","","","Drizzle"
"-77.70","53.63","LA GRANDE RIVIERE A","7093716","2019-08-03 11:00","2019","08","03","11:00","","6.2","","4.8","","91","","","","27","","17","","24.1","","99.43","","","","","","Drizzle"
"-77.70","53.63","LA GRANDE RIVIERE A","7093716","2019-08-03 12:00","2019","08","03","12:00","","8.3","","4.4","","76","","","","28","","23","","24.1","","99.42","","","","","","NA"
"-77.70","53.63","LA GRANDE RIVIERE A","7093716","2019-08-03 13:00","2019","08","03","13:00","","8.6","","4.2","","73","","","","31","","20","","24.1","","99.45","","","","","","Cloudy"
"-77.70","53.63","LA GRANDE RIVIERE A","7093716","2019-08-03 14:00","2019","08","03","14:00","","9.7","","4.7","","71","","","","26","","15","","24.1","","99.42","","","","","","NA"
"-77.70","53.63","LA GRANDE RIVIERE A","7093716","2019-08-03 15:00","2019","08","03","15:00","","10.2","","4.6","","68","","","","29","","14","","24.1","","99.40","","","","","","NA"
"-77.70","53.63","LA GRANDE RIVIERE A","7093716","2019-08-03 16:00","2019","08","03","16:00","","10.8","","4.9","","67","","","","27","","16","","24.1","","99.41","","","","","","Mostly Cloudy"
"-77.70","53.63","LA GRANDE RIVIERE A","7093716","2019-08-03 17:00","2019","08","03","17:00","","10.4","","4.6","","67","","","","31","","11","","24.1","","99.38","","","","","","NA"
"-77.70","53.63","LA GRANDE RIVIERE A","7093716","2019-08-03 18:00","2019","08","03","18:00","","10.0","","4.8","","70","","","","29","","11","","24.1","","99.38","","","","","","NA"
"-77.70","53.63","LA GRANDE RIVIERE A","7093716","2019-08-03 19:00","2019","08","03","19:00","","9.3","","5.0","","74","","","","29","","9","","24.1","","99.36","","","","","","Mostly Cloudy"
"-77.70","53.63","LA GRANDE RIVIERE A","7093716","2019-08-03 20:00","2019","08","03","20:00","","8.7","","5.0","","78","","","","26","","9","","24.1","","99.39","","","","","","NA"
"-77.70","53.63","LA GRANDE RIVIERE A","7093716","2019-08-03 21:00","2019","08","03","21:00","","6.6","","4.3","","85","","","","26","","9","","24.1","","99.44","","","","","","NA"
"-77.70","53.63","LA GRANDE RIVIERE A","7093716","2019-08-03 22:00","2019","08","03","22:00","","5.7","","4.2","","90","","","","27","","15","","24.1","","99.46","","","","","","Cloudy"
"-77.70","53.63","LA GRANDE RIVIERE A","7093716","2019-08-03 23:00","2019","08","03","23:00","","4.4","","3.5","","94","","","","26","","13","","24.1","","99.47","","","","","","NA"
"-77.70","53.63","LA GRANDE RIVIERE A","7093716","2019-08-04 00:00","2019","08","04","00:00","","4.7","","4.0","","95","","","","26","","7","","11.3","","99.45","","","","","","NA"
"-77.70","53.63","LA GRANDE RIVIERE A","7093716","2019-08-04 01:00","2019","08","04","01:00","","5.4","","4.8","","96","","","","25","","8","","4.8","","99.42","","","","","","Fog"
"-77.70","53.63","LA GRANDE RIVIERE A","7093716","2019-08-04 02:00","2019","08","04","02:00","","5.6","","5.2","","97","","","","28","","5","","0.6","","99.39","","","","","","Drizzle,Fog"
"-77.70","53.63","LA GRANDE RIVIERE A","7093716","2019-08-04 03:00","2019","08","04","03:00","","5.5","","5.2","","98","","","","24","","5","","0.6","","99.37","","","","","","Drizzle,Fog"
"-77.70","53.63","LA GRANDE RIVIERE A","7093716","2019-08-04 04:00","2019","08","04","04:00","","5.8","","5.5","","98","","","","27","","10","","2.0","","99.39","","","","","","Drizzle,Fog"
"-77.70","53.63","LA GRANDE RIVIERE A","7093716","2019-08-04 05:00","2019","08","04","05:00","","6.0","","5.7","","98","","","","29","","7","","0.6","","99.41","","","","","","Drizzle,Fog"
"-77.70","53.63","LA GRANDE RIVIERE A","7093716","2019-08-04 06:00","2019","08","04","06:00","","6.0","","5.7","","98","","","","29","","10","","2.0","","99.40","","","","","","Drizzle,Fog"
"-77.70","53.63","LA GRANDE RIVIERE A","7093716","2019-08-04 07:00","2019","08","04","07:00","","6.2","","5.9","","98","","","","29","","13","","1.6","","99.44","","","","","","Drizzle,Fog"
"-77.70","53.63","LA GRANDE RIVIERE A","7093716","2019-08-04 08:00","2019","08","04","08:00","","7.5","","7.0","","97","","","","28","","15","","4.8","","99.41","","","","","","Drizzle,Fog"
"-77.70","53.63","LA GRANDE RIVIERE A","7093716","2019-08-04 09:00","2019","08","04","09:00","","8.4","","6.8","","89","","","","27","","11","","24.1","","99.35","","","","","","NA"
"-77.70","53.63","LA GRANDE RIVIERE A","7093716","2019-08-04 10:00","2019","08","04","10:00","","10.6","","7.6","","82","","","","2","","4","","24.1","","99.30","","","","","","Mostly Cloudy"
"-77.70","53.63","LA GRANDE RIVIERE A","7093716","2019-08-04 11:00","2019","08","04","11:00","","12.9","","8.0","","72","","","","19","","4","","24.1","","99.29","","","","","","NA"
"-77.70","53.63","LA GRANDE RIVIERE A","7093716","2019-08-04 12:00","2019","08","04","12:00","","14.2","","8.4","","68","","","","25","","7","","24.1","","99.25","","","","","","NA"
"-77.70","53.63","LA GRANDE RIVIERE A","7093716","2019-08-04 13:00","2019","08","04","13:00","","14.7","","8.7","","67","","","","26","","7","","24.1","","99.19","","","","","","Mostly Cloudy"
"-77.70","53.63","LA GRANDE RIVIERE A","7093716","2019-08-04 14:00","2019","08","04","14:00","","14.2","","9.2","","72","","","","12","","8","","24.1","","99.15","","","","","","NA"
"-77.70","53.63","LA GRANDE RIVIERE A","7093716","2019-08-04 15:00","2019","08","04","15:00","","14.3","","8.9","","70","","","","6","","4","","24.1","","99.12","","","","","","NA"
"-77.70","53.63","LA GRANDE RIVIERE A","7093716","2019-08-04 16:00","2019","08","04","16:00","","14.6","","9.3","","70","","","","7","","4","","24.1","","99.06","","","","","","Mostly Cloudy"
"-77.70","53.63","LA GRANDE RIVIERE A","7093716","2019-08-04 17:00","2019","08","04","17:00","","15.1","","9.8","","70","","","","7","","10","","24.1","","99.01","","","","","","NA"
"-77.70","53.63","LA GRANDE RIVIERE A","7093716","2019-08-04 18:00","2019","08","04","18:00","","14.9","","9.4","","69","","","","13","","9","","24.1","","99.00","","","","","","NA"
"-77.70","53.63","LA GRANDE RIVIERE A","7093716","2019-08-04 19:00","2019","08","04","19:00","","14.7","","9.3","","70","","","","14","","6","","24.1","","98.96","","","","","","Mostly Cloudy"
"-77.70","53.63","LA GRANDE RIVIERE A","7093716","2019-08-04 20:00","2019","08","04","20:00","","12.6","","9.4","","81","","","","9","","4","","24.1","","98.99","","","","","","NA"
"-77.70","53.63","LA GRANDE RIVIERE A","7093716","2019-08-04 21:00","2019","08","04","21:00","","11.9","","9.1","","82","","","","9","","13","","24.1","","98.94","","","","","","NA"
"-77.70","53.63","LA GRANDE RIVIERE A","7093716","2019-08-04 22:00","2019","08","04","22:00","","10.1","","8.4","","89","","","","11","","13","","24.1","","98.90","","","","","","Mainly Clear"
"-77.70","53.63","LA GRANDE RIVIERE A","7093716","2019-08-04 23:00","2019","08","04","23:00","","9.5","","8.2","","92","","","","11","","13","","24.1","","98.84","","","","","","NA"
"-77.70","53.63","LA GRANDE RIVIERE A","7093716","2019-08-05 00:00","2019","08","05","00:00","","8.9","","8.2","","95","","","","10","","13","","24.1","","98.76","","","","","","NA"
"-77.70","53.63","LA GRANDE RIVIERE A","7093716","2019-08-05 01:00","2019","08","05","01:00","","8.8","","8.2","","96","","","","11","","12","","24.1","","98.73","","","","","","Clear"
"-77.70","53.63","LA GRANDE RIVIERE A","7093716","2019-08-05 02:00","2019","08","05","02:00","","9.0","","8.3","","95","","","","12","","14","","24.1","","98.66","","","","","","NA"
"-77.70","53.63","LA GRANDE RIVIERE A","7093716","2019-08-05 03:00","2019","08","05","03:00","","8.5","","7.7","","95","","","","11","","14","","24.1","","98.58","","","","","","NA"
"-77.70","53.63","LA GRANDE RIVIERE A","7093716","2019-08-05 04:00","2019","08","05","04:00","","8.5","","7.8","","95","","","","10","","14","","24.1","","98.54","","","","","","Mainly Clear"
"-77.70","53.63","LA GRANDE RIVIERE A","7093716","2019-08-05 05:00","2019","08","05","05:00","","8.8","","7.4","","91","","","","11","","16","","24.1","","98.49","","","","","","NA"
"-77.70","53.63","LA GRANDE RIVIERE A","7093716","2019-08-05 06:00","2019","08","05","06:00","","10.8","","8.7","","87","","","","11","","14","","24.1","","98.44","","","","","","NA"
"-77.70","53.63","LA GRANDE RIVIERE A","7093716","2019-08-05 07:00","2019","08","05","07:00","","13.2","","9.2","","77","","","","10","","20","","24.1","","98.39","","","","","","Mostly Cloudy"
"-77.70","53.63","LA GRANDE RIVIERE A","7093716","2019-08-05 08:00","2019","08","05","08:00","","15.2","","9.4","","68","","","","11","","23","","24.1","","98.34","","","","","","NA"
"-77.70","53.63","LA GRANDE RIVIERE A","7093716","2019-08-05 09:00","2019","08","05","09:00","","16.9","","10.5","","66","","","","11","","17","","24.1","","98.31","","","","","","NA"
"-77.70","53.63","LA GRANDE RIVIERE A","7093716","2019-08-05 10:00","2019","08","05","10:00","","18.2","","9.6","","57","","","","12","","14","","24.1","","98.30","","","","","","Cloudy"
"-77.70","53.63","LA GRANDE RIVIERE A","7093716","2019-08-05 11:00","2019","08","05","11:00","","19.9","","10.1","","53","","","","13","","23","","24.1","","98.24","","","","","","NA"
"-77.70","53.63","LA GRANDE RIVIERE A","7093716","2019-08-05 12:00","2019","08","05","12:00","","19.4","","11.2","","59","","","","13","","16","","24.1","","98.18","","","","","","Rain"
"-77.70","53.63","LA GRANDE RIVIERE A","7093716","2019-08-05 13:00","2019","08","05","13:00","","19.5","","12.2","","62","","","","15","","14","","24.1","","98.17","","","","","","Cloudy"
"-77.70","53.63","LA GRANDE RIVIERE A","7093716","2019-08-05 14:00","2019","08","05","14:00","","19.9","","12.5","","62","","","","16","","15","","24.1","","98.12","","","","","","Rain"
"-77.70","53.63","LA GRANDE RIVIERE A","7093716","2019-08-05 15:00","2019","08","05","15:00","","19.4","","13.4","","68","","","","17","","14","","24.1","","98.12","","","","","","NA"
"-77.70","53.63","LA GRANDE RIVIERE A","7093716","2019-08-05 16:00","2019","08","05","16:00","","19.2","","13.9","","71","","","","16","","10","","24.1","","98.08","","","","","","Cloudy"
"-77.70","53.63","LA GRANDE RIVIERE A","7093716","2019-08-05 17:00","2019","08","05","17:00","","19.0","","15.1","","78","","","","11","","16","","24.1","","98.04","","","","","","Rain"
"-77.70","53.63","LA GRANDE RIVIERE A","7093716","2019-08-05 18:00","2019","08","05","18:00","","19.5","","15.0","","75","","","","15","","14","","24.1","","98.05","","","","","","NA"
"-77.70","53.63","LA GRANDE RIVIERE A","7093716","2019-08-05 19:00","2019","08","05","19:00","","18.2","","14.8","","80","","","","15","","18","","24.1","","98.02","","","","","","Rain"
"-77.70","53.63","LA GRANDE RIVIERE A","7093716","2019-08-05 20:00","2019","08","05","20:00","","17.1","","15.3","","89","","","","12","","11","","24.1","","98.01","","","","","","Rain"
"-77.70","53.63","LA GRANDE RIVIERE A","7093716","2019-08-05 21:00","2019","08","05","21:00","","17.0","","14.7","","86","","","","18","","8","","24.1","","97.99","","","","","","NA"
"-77.70","53.63","LA GRANDE RIVIERE A","7093716","2019-08-05 22:00","2019","08","05","22:00","","16.3","","15.0","","92","","","","15","","17","","16.1","","98.02","","","","","","Rain"
"-77.70","53.63","LA GRANDE RIVIERE A","7093716","2019-08-05 23:00","2019","08","05","23:00","","16.2","","14.9","","92","","","","18","","13","","24.1","","97.98","","","","","","NA"
"-77.70","53.63","LA GRANDE RIVIERE A","7093716","2019-08-06 00:00","2019","08","06","00:00","","15.9","","14.7","","93","","","","16","","8","","24.1","","97.95","","","","","","NA"
"-77.70","53.63","LA GRANDE RIVIERE A","7093716","2019-08-06 01:00","2019","08","06","01:00","","15.8","","14.7","","93","","","","16","","11","","24.1","","97.94","","","","","","Cloudy"
"-77.70","53.63","LA GRANDE RIVIERE A","7093716","2019-08-06 02:00","2019","08","06","02:00","","15.7","","14.7","","94","","","","17","","7","","24.1","","97.92","","","","","","NA"
"-77.70","53.63","LA GRANDE RIVIERE A","7093716","2019-08-06 03:00","2019","08","06","03:00","","15.4","","14.7","","95","","","","25","","4","","24.1","","97.91","","","","","","Drizzle"
"-77.70","53.63","LA GRANDE RIVIERE A","7093716","2019-08-06 04:00","2019","08","06","04:00","","14.6","","14.1","","97","","","","16","","8","","24.1","","97.88","","","","","","Drizzle"
"-77.70","53.63","LA GRANDE RIVIERE A","7093716","2019-08-06 05:00","2019","08","06","05:00","","14.6","","14.2","","98","","","","","","0","","0.6","","97.90","","","","","","Fog"
"-77.70","53.63","LA GRANDE RIVIERE A","7093716","2019-08-06 06:00","2019","08","06","06:00","","15.0","","14.7","","98","","","","11","","5","","1.6","","97.91","","","","","","Fog"
"-77.70","53.63","LA GRANDE RIVIERE A","7093716","2019-08-06 07:00","2019","08","06","07:00","","15.1","","14.7","","98","","","","11","","7","","8.1","","97.91","","","","","","Fog"
"-77.70","53.63","LA GRANDE RIVIERE A","7093716","2019-08-06 08:00","2019","08","06","08:00","","16.7","","13.9","","83","","","","24","","9","","24.1","","97.92","","","","","","NA"
"-77.70","53.63","LA GRANDE RIVIERE A","7093716","2019-08-06 09:00","2019","08","06","09:00","","17.7","","13.4","","75","","","","25","","9","","24.1","","97.90","","","","","","NA"
"-77.70","53.63","LA GRANDE RIVIERE A","7093716","2019-08-06 10:00","2019","08","06","10:00","","17.9","","13.7","","76","","","","29","","10","","24.1","","97.90","","","","","","Cloudy"
"-77.70","53.63","LA GRANDE RIVIERE A","7093716","2019-08-06 11:00","2019","08","06","11:00","","16.6","","13.6","","82","","","","28","","13","","24.1","","97.93","","","","","","NA"
"-77.70","53.63","LA GRANDE RIVIERE A","7093716","2019-08-06 12:00","2019","08","06","12:00","","16.3","","13.7","","84","","","","32","","12","","16.1","","97.93","","","","","","Rain Showers"
"-77.70","53.63","LA GRANDE RIVIERE A","7093716","2019-08-06 13:00","2019","08","06","13:00","","18.3","","13.8","","75","","","","32","","11","","24.1","","97.94","","","","","","Mostly Cloudy"
"-77.70","53.63","LA GRANDE RIVIERE A","7093716","2019-08-06 14:00","2019","08","06","14:00","","19.0","","13.3","","69","","","","30","","15","","24.1","","97.92","","","","","","NA"
"-77.70","53.63","LA GRANDE RIVIERE A","7093716","2019-08-06 15:00","2019","08","06","15:00","","19.2","","13.4","","69","","","","29","","11","","24.1","","97.93","","","","","","NA"
"-77.70","53.63","LA GRANDE RIVIERE A","7093716","2019-08-06 16:00","2019","08","06","16:00","","19.8","","13.1","","65","","","","28","","18","","24.1","","97.96","","","","","","Mostly Cloudy"
"-77.70","53.63","LA GRANDE RIVIERE A","7093716","2019-08-06 17:00","2019","08","06","17:00","","18.2","","13.9","","76","","","","28","","24","","24.1","","98.01","","","","","","NA"
"-77.70","53.63","LA GRANDE RIVIERE A","7093716","2019-08-06 18:00","2019","08","06","18:00","","17.2","","13.2","","77","","","","28","","26","","24.1","","98.07","","","","","","NA"
"-77.70","53.63","LA GRANDE RIVIERE A","7093716","2019-08-06 19:00","2019","08","06","19:00","","16.8","","13.1","","79","","","","28","","15","","24.1","","98.10","","","","","","Mostly Cloudy"
"-77.70","53.63","LA GRANDE RIVIERE A","7093716","2019-08-06 20:00","2019","08","06","20:00","","15.4","","12.6","","83","","","","25","","9","","24.1","","98.14","","","","","","NA"
"-77.70","53.63","LA GRANDE RIVIERE A","7093716","2019-08-06 21:00","2019","08","06","21:00","","13.6","","12.1","","90","","","","25","","10","","24.1","","98.18","","","","","","NA"
"-77.70","53.63","LA GRANDE RIVIERE A","7093716","2019-08-06 22:00","2019","08","06","22:00","","13.1","","11.8","","92","","","","23","","6","","24.1","","98.18","","","","","","Mainly Clear"
"-77.70","53.63","LA GRANDE RIVIERE A","7093716","2019-08-06 23:00","2019","08","06","23:00","","12.6","","11.7","","94","","","","23","","10","","24.1","","98.20","","","","","","NA"
"-77.70","53.63","LA GRANDE RIVIERE A","7093716","2019-08-07 00:00","2019","08","07","00:00","","11.8","","11.4","","97","","","","21","","10","","24.1","","98.17","","","","","","NA"
"-77.70","53.63","LA GRANDE RIVIERE A","7093716","2019-08-07 01:00","2019","08","07","01:00","","11.1","","10.7","","98","","","","21","","8","","11.3","","98.19","","","","","","Mostly Cloudy"
"-77.70","53.63","LA GRANDE RIVIERE A","7093716","2019-08-07 02:00","2019","08","07","02:00","","11.1","","10.8","","98","","","","19","","11","","24.1","","98.20","","","","","","NA"
"-77.70","53.63","LA GRANDE RIVIERE A","7093716","2019-08-07 03:00","2019","08","07","03:00","","10.6","","10.2","","98","","","","17","","7","","24.1","","98.21","","","","","","NA"
"-77.70","53.63","LA GRANDE RIVIERE A","7093716","2019-08-07 04:00","2019","08","07","04:00","","11.2","","10.5","","96","","","","16","","15","","24.1","","98.23","","","","","","Cloudy"
"-77.70","53.63","LA GRANDE RIVIERE A","7093716","2019-08-07 05:00","2019","08","07","05:00","","11.0","","10.1","","94","","","","13","","15","","24.1","","98.22","","","","","","NA"
"-77.70","53.63","LA GRANDE RIVIERE A","7093716","2019-08-07 06:00","2019","08","07","06:00","","11.7","","10.5","","92","","","","13","","16","","24.1","","98.22","","","","","","NA"
"-77.70","53.63","LA GRANDE RIVIERE A","7093716","2019-08-07 07:00","2019","08","07","07:00","","14.3","","11.6","","84","","","","15","","18","","24.1","","98.20","","","","","","Mostly Cloudy"
"-77.70","53.63","LA GRANDE RIVIERE A","7093716","2019-08-07 08:00","2019","08","07","08:00","","15.4","","11.8","","79","","","","16","","14","","24.1","","98.20","","","","","","NA"
"-77.70","53.63","LA GRANDE RIVIERE A","7093716","2019-08-07 09:00","2019","08","07","09:00","","17.9","","12.8","","72","","","","17","","17","","24.1","","98.17","","","","","","NA"
"-77.70","53.63","LA GRANDE RIVIERE A","7093716","2019-08-07 10:00","2019","08","07","10:00","","19.4","","12.7","","65","","","","18","","18","","24.1","","98.18","","","","","","Cloudy"
"-77.70","53.63","LA GRANDE RIVIERE A","7093716","2019-08-07 11:00","2019","08","07","11:00","","21.4","","12.8","","57","","","","18","","21","","24.1","","98.14","","","","","","NA"
"-77.70","53.63","LA GRANDE RIVIERE A","7093716","2019-08-07 12:00","2019","08","07","12:00","","23.4","","10.9","","45","","","","19","","23","","24.1","","98.08","","25","","","","NA"
"-77.70","53.63","LA GRANDE RIVIERE A","7093716","2019-08-07 13:00","2019","08","07","13:00","","23.7","","10.8","","44","","","","20","","22","","24.1","","98.04","","25","","","","Mostly Cloudy"
"-77.70","53.63","LA GRANDE RIVIERE A","7093716","2019-08-07 14:00","2019","08","07","14:00","","24.8","","10.8","","41","","","","19","","23","","24.1","","97.99","","26","","","","NA"
"-77.70","53.63","LA GRANDE RIVIERE A","7093716","2019-08-07 15:00","2019","08","07","15:00","","25.4","","10.5","","39","","","","19","","21","","24.1","","97.97","","27","","","","NA"
"-77.70","53.63","LA GRANDE RIVIERE A","7093716","2019-08-07 16:00","2019","08","07","16:00","","24.9","","10.1","","39","","","","19","","24","","24.1","","97.95","","26","","","","Mostly Cloudy"
"-77.70","53.63","LA GRANDE RIVIERE A","7093716","2019-08-07 17:00","2019","08","07","17:00","","24.6","","11.1","","42","","","","21","","19","","24.1","","97.96","","26","","","","NA"
"-77.70","53.63","LA GRANDE RIVIERE A","7093716","2019-08-07 18:00","2019","08","07","18:00","","23.3","","9.9","","42","","","","19","","7","","24.1","","97.94","","25","","","","NA"
"-77.70","53.63","LA GRANDE RIVIERE A","7093716","2019-08-07 19:00","2019","08","07","19:00","","17.1","","14.1","","83","","","","25","","22","","19.3","","98.03","","","","","","Rain"
"-77.70","53.63","LA GRANDE RIVIERE A","7093716","2019-08-07 20:00","2019","08","07","20:00","","16.2","","14.2","","88","","","","19","","3","","19.3","","98.03","","","","","","Rain"
"-77.70","53.63","LA GRANDE RIVIERE A","7093716","2019-08-07 21:00","2019","08","07","21:00","","16.1","","14.3","","89","","","","21","","4","","24.1","","98.01","","","","","","Rain"
"-77.70","53.63","LA GRANDE RIVIERE A","7093716","2019-08-07 22:00","2019","08","07","22:00","","15.3","","14.6","","95","","","","14","","12","","24.1","","98.03","","","","","","Rain"
"-77.70","53.63","LA GRANDE RIVIERE A","7093716","2019-08-07 23:00","2019","08","07","23:00","","15.4","","14.7","","96","","","","15","","12","","19.3","","98.00","","","","","","Rain"
"-77.70","53.63","LA GRANDE RIVIERE A","7093716","2019-08-08 00:00","2019","08","08","00:00","","15.4","","14.8","","96","","","","19","","8","","24.1","","97.99","","","","","","Rain"
"-77.70","53.63","LA GRANDE RIVIERE A","7093716","2019-08-08 01:00","2019","08","08","01:00","","15.5","","15.0","","97","","","","18","","10","","11.3","","98.00","","","","","","Rain"
"-77.70","53.63","LA GRANDE RIVIERE A","7093716","2019-08-08 02:00","2019","08","08","02:00","","15.4","","14.9","","97","","","","19","","9","","8.1","","97.97","","","","","","Rain,Fog"
"-77.70","53.63","LA GRANDE RIVIERE A","7093716","2019-08-08 03:00","2019","08","08","03:00","","15.3","","14.9","","98","","","","19","","7","","4.8","","97.95","","","","","","Rain,Fog"
"-77.70","53.63","LA GRANDE RIVIERE A","7093716","2019-08-08 04:00","2019","08","08","04:00","","15.3","","14.9","","98","","","","20","","7","","2.4","","97.92","","","","","","Rain,Fog"
"-77.70","53.63","LA GRANDE RIVIERE A","7093716","2019-08-08 05:00","2019","08","08","05:00","","15.3","","15.0","","98","","","","20","","9","","0.6","","97.91","","","","","","Fog"
"-77.70","53.63","LA GRANDE RIVIERE A","7093716","2019-08-08 06:00","2019","08","08","06:00","","15.1","","14.9","","98","","","","19","","7","","2.0","","97.89","","","","","","Fog"
"-77.70","53.63","LA GRANDE RIVIERE A","7093716","2019-08-08 07:00","2019","08","08","07:00","","15.3","","15.0","","98","","","","24","","6","","4.0","","97.89","","","","","","Fog"
"-77.70","53.63","LA GRANDE RIVIERE A","7093716","2019-08-08 08:00","2019","08","08","08:00","","15.4","","14.9","","97","","","","17","","6","","4.8","","97.87","","","","","","Fog"
"-77.70","53.63","LA GRANDE RIVIERE A","7093716","2019-08-08 09:00","2019","08","08","09:00","","15.8","","14.9","","94","","","","13","","6","","24.1","","97.83","","","","","","NA"
"-77.70","53.63","LA GRANDE RIVIERE A","7093716","2019-08-08 10:00","2019","08","08","10:00","","16.2","","15.0","","92","","","","11","","7","","24.1","","97.80","","","","","","Cloudy"
"-77.70","53.63","LA GRANDE RIVIERE A","7093716","2019-08-08 11:00","2019","08","08","11:00","","17.2","","15.1","","88","","","","12","","12","","24.1","","97.79","","","","","","NA"
"-77.70","53.63","LA GRANDE RIVIERE A","7093716","2019-08-08 12:00","2019","08","08","12:00","","18.0","","14.6","","80","","","","12","","10","","24.1","","97.76","","","","","","NA"
"-77.70","53.63","LA GRANDE RIVIERE A","7093716","2019-08-08 13:00","2019","08","08","13:00","","18.9","","14.6","","76","","","","13","","11","","24.1","","97.71","","","","","","Mostly Cloudy"
"-77.70","53.63","LA GRANDE RIVIERE A","7093716","2019-08-08 14:00","2019","08","08","14:00","","18.6","","14.8","","79","","","","12","","12","","24.1","","97.66","","","","","","NA"
"-77.70","53.63","LA GRANDE RIVIERE A","7093716","2019-08-08 15:00","2019","08","08","15:00","","18.2","","14.7","","80","","","","12","","13","","24.1","","97.64","","","","","","NA"
"-77.70","53.63","LA GRANDE RIVIERE A","7093716","2019-08-08 16:00","2019","08","08","16:00","","18.1","","14.6","","80","","","","12","","12","","24.1","","97.62","","","","","","Cloudy"
"-77.70","53.63","LA GRANDE RIVIERE A","7093716","2019-08-08 17:00","2019","08","08","17:00","","17.8","","14.8","","82","","","","10","","5","","24.1","","97.61","","","","","","NA"
"-77.70","53.63","LA GRANDE RIVIERE A","7093716","2019-08-08 18:00","2019","08","08","18:00","","17.4","","14.7","","84","","","","11","","11","","24.1","","97.61","","","","","","NA"
"-77.70","53.63","LA GRANDE RIVIERE A","7093716","2019-08-08 19:00","2019","08","08","19:00","","16.5","","14.9","","90","","","","10","","9","","24.1","","97.63","","","","","","Rain"
"-77.70","53.63","LA GRANDE RIVIERE A","7093716","2019-08-08 20:00","2019","08","08","20:00","","16.0","","14.8","","93","","","","","","0","","24.1","","97.60","","","","","","NA"
"-77.70","53.63","LA GRANDE RIVIERE A","7093716","2019-08-08 21:00","2019","08","08","21:00","","15.6","","14.7","","95","","","","","","0","","24.1","","97.52","","","","","","Rain"
"-77.70","53.63","LA GRANDE RIVIERE A","7093716","2019-08-08 22:00","2019","08","08","22:00","","15.3","","14.5","","95","","","","30","","5","","24.1","","97.44","","","","","","Rain"
"-77.70","53.63","LA GRANDE RIVIERE A","7093716","2019-08-08 23:00","2019","08","08","23:00","","15.1","","14.3","","95","","","","30","","3","","24.1","","97.38","","","","","","Rain"
"-77.70","53.63","LA GRANDE RIVIERE A","7093716","2019-08-09 00:00","2019","08","09","00:00","","14.8","","14.4","","97","","","","27","","7","","24.1","","97.36","","","","","","Rain"
"-77.70","53.63","LA GRANDE RIVIERE A","7093716","2019-08-09 01:00","2019","08","09","01:00","","14.4","","14.1","","98","","","","27","","5","","24.1","","97.29","","","","","","Rain"
"-77.70","53.63","LA GRANDE RIVIERE A","7093716","2019-08-09 02:00","2019","08","09","02:00","","14.4","","14.1","","98","","","","27","","7","","0.8","","97.24","","","","","","Rain,Fog"
"-77.70","53.63","LA GRANDE RIVIERE A","7093716","2019-08-09 03:00","2019","08","09","03:00","","14.3","","14.1","","98","","","","28","","6","","0.4","","97.22","","","","","","Fog"
"-77.70","53.63","LA GRANDE RIVIERE A","7093716","2019-08-09 04:00","2019","08","09","04:00","","14.2","","14.0","","98","","","","28","","12","","1.6","","97.18","","","","","","Rain,Fog"
"-77.70","53.63","LA GRANDE RIVIERE A","7093716","2019-08-09 05:00","2019","08","09","05:00","","14.4","","14.1","","98","","","","28","","13","","2.4","","97.18","","","","","","Rain,Fog"
"-77.70","53.63","LA GRANDE RIVIERE A","7093716","2019-08-09 06:00","2019","08","09","06:00","","14.1","","13.8","","98","","","","30","","10","","4.0","","97.18","","","","","","Moderate Rain,Fog"
"-77.70","53.63","LA GRANDE RIVIERE A","7093716","2019-08-09 07:00","2019","08","09","07:00","","13.8","","13.5","","98","","","","27","","15","","0.4","","97.19","","","","","","Rain,Fog"
"-77.70","53.63","LA GRANDE RIVIERE A","7093716","2019-08-09 08:00","2019","08","09","08:00","","13.5","","13.2","","98","","","","28","","14","","1.6","","97.18","","","","","","Rain,Fog"
"-77.70","53.63","LA GRANDE RIVIERE A","7093716","2019-08-09 09:00","2019","08","09","09:00","","14.0","","13.8","","98","","","","29","","12","","8.1","","97.16","","","","","","Rain,Fog"
"-77.70","53.63","LA GRANDE RIVIERE A","7093716","2019-08-09 10:00","2019","08","09","10:00","","15.0","","14.1","","95","","","","29","","9","","24.1","","97.18","","","","","","Cloudy"
"-77.70","53.63","LA GRANDE RIVIERE A","7093716","2019-08-09 11:00","2019","08","09","11:00","","16.0","","13.4","","84","","","","30","","15","","24.1","","97.19","","","","","","NA"
"-77.70","53.63","LA GRANDE RIVIERE A","7093716","2019-08-09 12:00","2019","08","09","12:00","","16.3","","13.7","","84","","","","28","","21","","24.1","","97.22","","","","","","NA"
"-77.70","53.63","LA GRANDE RIVIERE A","7093716","2019-08-09 13:00","2019","08","09","13:00","","16.9","","13.2","","78","","","","29","","19","","24.1","","97.23","","","","","","Cloudy"
"-77.70","53.63","LA GRANDE RIVIERE A","7093716","2019-08-09 14:00","2019","08","09","14:00","","16.7","","13.5","","81","","","","28","","23","","24.1","","97.26","","","","","","NA"
"-77.70","53.63","LA GRANDE RIVIERE A","7093716","2019-08-09 15:00","2019","08","09","15:00","","16.0","","13.3","","84","","","","27","","29","","24.1","","97.30","","","","","","NA"
"-77.70","53.63","LA GRANDE RIVIERE A","7093716","2019-08-09 16:00","2019","08","09","16:00","","14.9","","12.6","","86","","","","26","","26","","24.1","","97.37","","","","","","Cloudy"
"-77.70","53.63","LA GRANDE RIVIERE A","7093716","2019-08-09 17:00","2019","08","09","17:00","","14.2","","12.5","","89","","","","29","","23","","24.1","","97.43","","","","","","Rain Showers"
"-77.70","53.63","LA GRANDE RIVIERE A","7093716","2019-08-09 18:00","2019","08","09","18:00","","12.7","","11.2","","91","","","","28","","27","","24.1","","97.52","","","","","","NA"
"-77.70","53.63","LA GRANDE RIVIERE A","7093716","2019-08-09 19:00","2019","08","09","19:00","","12.1","","10.2","","88","","","","28","","28","","24.1","","97.54","","","","","","Cloudy"
"-77.70","53.63","LA GRANDE RIVIERE A","7093716","2019-08-09 20:00","2019","08","09","20:00","","10.9","","9.2","","90","","","","26","","20","","24.1","","97.58","","","","","","NA"
"-77.70","53.63","LA GRANDE RIVIERE A","7093716","2019-08-09 21:00","2019","08","09","21:00","","9.8","","8.8","","93","","","","26","","29","","24.1","","97.61","","","","","","NA"
"-77.70","53.63","LA GRANDE RIVIERE A","7093716","2019-08-09 22:00","2019","08","09","22:00","","9.3","","8.7","","96","","","","27","","30","","4.8","","97.59","","","","","","Moderate Rain,Fog"
"-77.70","53.63","LA GRANDE RIVIERE A","7093716","2019-08-09 23:00","2019","08","09","23:00","","8.8","","8.1","","95","","","","26","","26","","11.3","","97.57","","","","","","NA"
"-77.70","53.63","LA GRANDE RIVIERE A","7093716","2019-08-10 00:00","2019","08","10","00:00","","8.2","","7.8","","97","","","","26","","27","","3.2","","97.57","","","","","","Drizzle,Fog"
"-77.70","53.63","LA GRANDE RIVIERE A","7093716","2019-08-10 01:00","2019","08","10","01:00","","8.0","","7.5","","97","","","","25","","24","","4.8","","97.56","","","","","","Drizzle,Fog"
"-77.70","53.63","LA GRANDE RIVIERE A","7093716","2019-08-10 02:00","2019","08","10","02:00","","7.9","","7.5","","97","","","","26","","24","","4.8","","97.59","","","","","","Drizzle,Fog"
"-77.70","53.63","LA GRANDE RIVIERE A","7093716","2019-08-10 03:00","2019","08","10","03:00","","7.8","","7.3","","97","","","","27","","33","","4.8","","97.57","","","","","","Drizzle,Fog"
"-77.70","53.63","LA GRANDE RIVIERE A","7093716","2019-08-10 04:00","2019","08","10","04:00","","7.3","","6.7","","96","","","","27","","34","","4.8","","97.58","","","","","","Drizzle,Fog"
"-77.70","53.63","LA GRANDE RIVIERE A","7093716","2019-08-10 05:00","2019","08","10","05:00","","6.9","","6.4","","96","","","","27","","37","","3.2","","97.60","","","","","","Drizzle,Fog"
"-77.70","53.63","LA GRANDE RIVIERE A","7093716","2019-08-10 06:00","2019","08","10","06:00","","6.8","","6.2","","96","","","","27","","31","","4.8","","97.65","","","","","","Drizzle,Fog"
"-77.70","53.63","LA GRANDE RIVIERE A","7093716","2019-08-10 07:00","2019","08","10","07:00","","6.5","","6.0","","96","","","","27","","32","","3.2","","97.66","","","","","","Rain,Drizzle,Fog"
"-77.70","53.63","LA GRANDE RIVIERE A","7093716","2019-08-10 08:00","2019","08","10","08:00","","6.7","","6.1","","96","","","","27","","30","","4.8","","97.70","","","","","","Rain,Drizzle,Fog"
"-77.70","53.63","LA GRANDE RIVIERE A","7093716","2019-08-10 09:00","2019","08","10","09:00","","6.9","","6.2","","96","","","","26","","27","","4.8","","97.75","","","","","","Rain,Drizzle,Fog"
"-77.70","53.63","LA GRANDE RIVIERE A","7093716","2019-08-10 10:00","2019","08","10","10:00","","7.2","","6.4","","95","","","","27","","26","","4.8","","97.78","","","","","","Drizzle,Fog"
"-77.70","53.63","LA GRANDE RIVIERE A","7093716","2019-08-10 11:00","2019","08","10","11:00","","7.3","","6.7","","96","","","","28","","30","","2.4","","97.79","","","","","","Rain,Drizzle,Fog"
"-77.70","53.63","LA GRANDE RIVIERE A","7093716","2019-08-10 12:00","2019","08","10","12:00"
"-77.70","53.63","LA GRANDE RIVIERE A","7093716","2019-08-10 13:00","2019","08","10","13:00","","7.4","","6.8","","96","","","","26","","30","","3.2","","97.87","","","","","","Drizzle,Fog"
"-77.70","53.63","LA GRANDE RIVIERE A","7093716","2019-08-10 14:00","2019","08","10","14:00","","7.2","","6.7","","96","","","","27","","28","","3.2","","97.92","","","","","","Rain,Drizzle,Fog"
"-77.70","53.63","LA GRANDE RIVIERE A","7093716","2019-08-10 15:00","2019","08","10","15:00","","7.0","","6.4","","96","","","","27","","33","","3.2","","97.96","","","","","","Rain,Drizzle,Fog"
"-77.70","53.63","LA GRANDE RIVIERE A","7093716","2019-08-10 16:00","2019","08","10","16:00","","7.2","","6.6","","96","","","","27","","31","","3.2","","98.00","","","","","","Rain,Drizzle,Fog"
"-77.70","53.63","LA GRANDE RIVIERE A","7093716","2019-08-10 17:00","2019","08","10","17:00","","7.1","","6.7","","97","","","","28","","26","","3.2","","98.03","","","","","","Rain,Fog"
"-77.70","53.63","LA GRANDE RIVIERE A","7093716","2019-08-10 18:00","2019","08","10","18:00","","7.4","","7.0","","97","","","","26","","26","","3.2","","98.04","","","","","","Rain,Fog"
"-77.70","53.63","LA GRANDE RIVIERE A","7093716","2019-08-10 19:00","2019","08","10","19:00","","7.8","","7.5","","98","","","","27","","25","","1.2","","98.06","","","","","","Rain,Fog"
"-77.70","53.63","LA GRANDE RIVIERE A","7093716","2019-08-10 20:00","2019","08","10","20:00","","8.1","","7.8","","98","","","","27","","23","","2.4","","98.06","","","","","","Rain,Fog"
"-77.70","53.63","LA GRANDE RIVIERE A","7093716","2019-08-10 21:00","2019","08","10","21:00","","8.2","","7.9","","98","","","","26","","22","","1.2","","98.07","","","","","","Rain,Fog"
"-77.70","53.63","LA GRANDE RIVIERE A","7093716","2019-08-10 22:00","2019","08","10","22:00","","8.3","","8.0","","98","","","","27","","21","","1.2","","98.06","","","","","","Rain,Fog"
"-77.70","53.63","LA GRANDE RIVIERE A","7093716","2019-08-10 23:00","2019","08","10","23:00","","8.6","","8.3","","98","","","","27","","20","","0.6","","98.06","","","","","","Fog"
"-77.70","53.63","LA GRANDE RIVIERE A","7093716","2019-08-11 00:00","2019","08","11","00:00","","8.0","","7.7","","98","","","","26","","18","","1.0","","98.08","","","","","","Fog"
"-77.70","53.63","LA GRANDE RIVIERE A","7093716","2019-08-11 01:00","2019","08","11","01:00","","7.5","","7.2","","98","","","","26","","16","","0.6","","98.08","","","","","","Fog"
"-77.70","53.63","LA GRANDE RIVIERE A","7093716","2019-08-11 02:00","2019","08","11","02:00","","6.9","","6.6","","98","","","","25","","18","","0.6","","98.08","","","","","","Fog"
"-77.70","53.63","LA GRANDE RIVIERE A","7093716","2019-08-11 03:00","2019","08","11","03:00","","7.0","","6.8","","98","","","","25","","14","","0.6","","98.11","","","","","","Fog"
"-77.70","53.63","LA GRANDE RIVIERE A","7093716","2019-08-11 04:00","2019","08","11","04:00","","7.0","","6.8","","99","","","","23","","14","","0.6","","98.10","","","","","","Fog"
"-77.70","53.63","LA GRANDE RIVIERE A","7093716","2019-08-11 05:00","2019","08","11","05:00","","6.6","","6.4","","99","","","","23","","9","","0.6","","98.12","","","","","","Fog"
"-77.70","53.63","LA GRANDE RIVIERE A","7093716","2019-08-11 06:00","2019","08","11","06:00","","8.1","","7.9","","99","","","","22","","13","","3.2","","98.10","","","","","","Fog"
"-77.70","53.63","LA GRANDE RIVIERE A","7093716","2019-08-11 07:00","2019","08","11","07:00","","10.1","","9.7","","97","","","","22","","8","","24.1","","98.06","","","","","","Rain"
"-77.70","53.63","LA GRANDE RIVIERE A","7093716","2019-08-11 08:00","2019","08","11","08:00","","10.5","","9.9","","96","","","","19","","10","","24.1","","98.04","","","","","","Rain"
"-77.70","53.63","LA GRANDE RIVIERE A","7093716","2019-08-11 09:00","2019","08","11","09:00","","11.1","","10.3","","95","","","","16","","9","","11.3","","98.03","","","","","","Rain"
"-77.70","53.63","LA GRANDE RIVIERE A","7093716","2019-08-11 10:00","2019","08","11","10:00","","12.0","","11.3","","96","","","","10","","8","","16.1","","98.02","","","","","","Rain"
"-77.70","53.63","LA GRANDE RIVIERE A","7093716","2019-08-11 11:00","2019","08","11","11:00","","14.1","","13.0","","93","","","","12","","8","","16.1","","97.97","","","","","","NA"
"-77.70","53.63","LA GRANDE RIVIERE A","7093716","2019-08-11 12:00","2019","08","11","12:00","","14.7","","13.1","","90","","","","22","","16","","16.1","","98.00","","","","","","NA"
"-77.70","53.63","LA GRANDE RIVIERE A","7093716","2019-08-11 13:00","2019","08","11","13:00","","18.6","","11.2","","62","","","","28","","38","","19.3","","98.03","","","","","","Mainly Clear"
"-77.70","53.63","LA GRANDE RIVIERE A","7093716","2019-08-11 14:00","2019","08","11","14:00","","18.9","","10.1","","56","","","","27","","33","","24.1","","98.08","","","","","","NA"
"-77.70","53.63","LA GRANDE RIVIERE A","7093716","2019-08-11 15:00","2019","08","11","15:00","","18.5","","11.3","","63","","","","28","","29","","24.1","","98.13","","","","","","NA"
"-77.70","53.63","LA GRANDE RIVIERE A","7093716","2019-08-11 16:00","2019","08","11","16:00","","16.4","","9.5","","63","","","","27","","37","","24.1","","98.17","","","","","","Mostly Cloudy"
"-77.70","53.63","LA GRANDE RIVIERE A","7093716","2019-08-11 17:00","2019","08","11","17:00","","15.8","","8.8","","63","","","","27","","29","","24.1","","98.23","","","","","","NA"
"-77.70","53.63","LA GRANDE RIVIERE A","7093716","2019-08-11 18:00","2019","08","11","18:00","","15.2","","8.6","","65","","","","28","","26","","24.1","","98.28","","","","","","NA"
"-77.70","53.63","LA GRANDE RIVIERE A","7093716","2019-08-11 19:00","2019","08","11","19:00","","13.6","","8.8","","73","","","","27","","23","","24.1","","98.30","","","","","","Mainly Clear"
"-77.70","53.63","LA GRANDE RIVIERE A","7093716","2019-08-11 20:00","2019","08","11","20:00","","11.5","","8.7","","83","","","","25","","12","","24.1","","98.29","","","","","","NA"
"-77.70","53.63","LA GRANDE RIVIERE A","7093716","2019-08-11 21:00","2019","08","11","21:00","","11.1","","8.7","","85","","","","25","","10","","24.1","","98.29","","","","","","NA"
"-77.70","53.63","LA GRANDE RIVIERE A","7093716","2019-08-11 22:00","2019","08","11","22:00","","11.4","","9.0","","85","","","","22","","11","","24.1","","98.23","","","","","","Mostly Cloudy"
"-77.70","53.63","LA GRANDE RIVIERE A","7093716","2019-08-11 23:00","2019","08","11","23:00","","10.5","","8.8","","89","","","","22","","5","","24.1","","98.22","","","","","","NA"
"-77.70","53.63","LA GRANDE RIVIERE A","7093716","2019-08-12 00:00","2019","08","12","00:00","","10.1","","8.9","","92","","","","20","","7","","24.1","","98.16","","","","","","NA"
"-77.70","53.63","LA GRANDE RIVIERE A","7093716","2019-08-12 01:00","2019","08","12","01:00","","11.0","","8.8","","86","","","","23","","15","","24.1","","98.11","","","","","","Cloudy"
"-77.70","53.63","LA GRANDE RIVIERE A","7093716","2019-08-12 02:00","2019","08","12","02:00","","10.5","","9.3","","92","","","","21","","14","","24.1","","98.05","","","","","","Rain"
"-77.70","53.63","LA GRANDE RIVIERE A","7093716","2019-08-12 03:00","2019","08","12","03:00","","10.7","","10.0","","95","","","","23","","17","","24.1","","97.99","","","","","","Rain"
"-77.70","53.63","LA GRANDE RIVIERE A","7093716","2019-08-12 04:00","2019","08","12","04:00","","10.9","","10.0","","94","","","","23","","9","","12.9","","97.98","","","","","","Rain"
"-77.70","53.63","LA GRANDE RIVIERE A","7093716","2019-08-12 05:00","2019","08","12","05:00","","10.2","","9.7","","97","","","","23","","9","","6.4","","97.96","","","","","","Rain,Fog"
"-77.70","53.63","LA GRANDE RIVIERE A","7093716","2019-08-12 06:00","2019","08","12","06:00","","9.6","","9.1","","97","","","","27","","17","","4.8","","98.00","","","","","","Drizzle,Fog"
"-77.70","53.63","LA GRANDE RIVIERE A","7093716","2019-08-12 07:00","2019","08","12","07:00","","7.6","","7.4","","99","","","","27","","17","","2.4","","98.03","","","","","","Cloudy"
"-77.70","53.63","LA GRANDE RIVIERE A","7093716","2019-08-12 08:00","2019","08","12","08:00","","8.7","","7.1","","90","","","","27","","17","","4.8","","98.06","","","","","","Drizzle,Fog"
"-77.70","53.63","LA GRANDE RIVIERE A","7093716","2019-08-12 09:00","2019","08","12","09:00","","8.9","","7.6","","91","","","","27","","17","","8.1","","98.05","","","","","","Fog"
"-77.70","53.63","LA GRANDE RIVIERE A","7093716","2019-08-12 10:00","2019","08","12","10:00","","10.2","","8.7","","90","","","","27","","17","","16.1","","98.05","","","","","","Rain"
"-77.70","53.63","LA GRANDE RIVIERE A","7093716","2019-08-12 11:00","2019","08","12","11:00","","10.4","","9.2","","92","","","","27","","9","","11.3","","98.06","","","","","","Rain"
"-77.70","53.63","LA GRANDE RIVIERE A","7093716","2019-08-12 12:00","2019","08","12","12:00","","10.2","","9.1","","93","","","","22","","12","","9.7","","98.05","","","","","","Rain,Fog"
"-77.70","53.63","LA GRANDE RIVIERE A","7093716","2019-08-12 13:00","2019","08","12","13:00","","10.7","","9.8","","94","","","","24","","13","","6.4","","98.04","","","","","","Rain,Fog"
"-77.70","53.63","LA GRANDE RIVIERE A","7093716","2019-08-12 14:00","2019","08","12","14:00","","11.7","","10.0","","89","","","","22","","13","","8.1","","98.02","","","","","","Rain,Fog"
"-77.70","53.63","LA GRANDE RIVIERE A","7093716","2019-08-12 15:00","2019","08","12","15:00","","11.9","","10.5","","91","","","","27","","19","","16.1","","98.04","","","","","","Rain"
"-77.70","53.63","LA GRANDE RIVIERE A","7093716","2019-08-12 16:00","2019","08","12","16:00","","11.7","","10.3","","91","","","","28","","19","","24.1","","98.05","","","","","","Cloudy"
"-77.70","53.63","LA GRANDE RIVIERE A","7093716","2019-08-12 17:00","2019","08","12","17:00","","11.7","","9.3","","85","","","","30","","18","","16.1","","98.06","","","","","","NA"
"-77.70","53.63","LA GRANDE RIVIERE A","7093716","2019-08-12 18:00","2019","08","12","18:00","","10.9","","10.0","","94","","","","31","","15","","11.3","","98.11","","","","","","Rain"
"-77.70","53.63","LA GRANDE RIVIERE A","7093716","2019-08-12 19:00","2019","08","12","19:00","","10.6","","9.7","","94","","","","31","","12","","19.3","","98.19","","","","","","Rain"
"-77.70","53.63","LA GRANDE RIVIERE A","7093716","2019-08-12 20:00","2019","08","12","20:00","","10.0","","9.3","","96","","","","29","","12","","24.1","","98.26","","","","","","NA"
"-77.70","53.63","LA GRANDE RIVIERE A","7093716","2019-08-12 21:00","2019","08","12","21:00","","9.0","","8.6","","97","","","","29","","15","","24.1","","98.30","","","","","","NA"
"-77.70","53.63","LA GRANDE RIVIERE A","7093716","2019-08-12 22:00","2019","08","12","22:00","","8.3","","7.9","","97","","","","29","","15","","24.1","","98.34","","","","","","Cloudy"
"-77.70","53.63","LA GRANDE RIVIERE A","7093716","2019-08-12 23:00","2019","08","12","23:00","","8.0","","7.5","","96","","","","31","","14","","24.1","","98.37","","","","","","NA"
"-77.70","53.63","LA GRANDE RIVIERE A","7093716","2019-08-13 00:00","2019","08","13","00:00","","7.6","","7.0","","96","","","","31","","15","","24.1","","98.42","","","","","","Drizzle"
"-77.70","53.63","LA GRANDE RIVIERE A","7093716","2019-08-13 01:00","2019","08","13","01:00","","6.9","","6.5","","97","","","","30","","15","","12.9","","98.45","","","","","","Drizzle"
"-77.70","53.63","LA GRANDE RIVIERE A","7093716","2019-08-13 02:00","2019","08","13","02:00","","5.8","","5.4","","98","","","","30","","17","","0.6","","98.47","","","","","","Fog"
"-77.70","53.63","LA GRANDE RIVIERE A","7093716","2019-08-13 03:00","2019","08","13","03:00","","5.6","","5.3","","98","","","","29","","16","","0.6","","98.51","","","","","","Fog"
"-77.70","53.63","LA GRANDE RIVIERE A","7093716","2019-08-13 04:00","2019","08","13","04:00","","4.4","","4.1","","98","","","","31","","13","","4.8","","98.56","","","","","","Fog"
"-77.70","53.63","LA GRANDE RIVIERE A","7093716","2019-08-13 05:00","2019","08","13","05:00","","4.6","","4.3","","98","","","","34","","7","","1.2","","98.56","","","","","","Fog"
"-77.70","53.63","LA GRANDE RIVIERE A","7093716","2019-08-13 06:00","2019","08","13","06:00","","5.2","","4.9","","98","","","","29","","9","","6.4","","98.63","","","","","","Fog"
"-77.70","53.63","LA GRANDE RIVIERE A","7093716","2019-08-13 07:00","2019","08","13","07:00","","6.6","","6.3","","98","","","","27","","5","","3.2","","98.67","","","","","","Fog"
"-77.70","53.63","LA GRANDE RIVIERE A","7093716","2019-08-13 08:00","2019","08","13","08:00","","6.7","","6.3","","97","","","","26","","19","","1.6","","98.77","","","","","","Drizzle,Fog"
"-77.70","53.63","LA GRANDE RIVIERE A","7093716","2019-08-13 09:00","2019","08","13","09:00","","8.1","","7.3","","95","","","","26","","16","","6.4","","98.78","","","","","","Fog"
"-77.70","53.63","LA GRANDE RIVIERE A","7093716","2019-08-13 10:00","2019","08","13","10:00","","8.3","","7.3","","94","","","","26","","21","","4.8","","98.81","","","","","","Drizzle,Fog"
"-77.70","53.63","LA GRANDE RIVIERE A","7093716","2019-08-13 11:00","2019","08","13","11:00","","8.9","","8.1","","94","","","","25","","21","","6.4","","98.82","","","","","","Fog"
"-77.70","53.63","LA GRANDE RIVIERE A","7093716","2019-08-13 12:00","2019","08","13","12:00","","9.2","","8.2","","94","","","","26","","21","","6.4","","98.84","","","","","","Drizzle"
"-77.70","53.63","LA GRANDE RIVIERE A","7093716","2019-08-13 13:00","2019","08","13","13:00","","9.3","","7.7","","89","","","","26","","22","","9.7","","98.84","","","","","","Drizzle"
"-77.70","53.63","LA GRANDE RIVIERE A","7093716","2019-08-13 14:00","2019","08","13","14:00","","10.0","","8.0","","87","","","","27","","21","","16.1","","98.85","","","","","","Drizzle"
"-77.70","53.63","LA GRANDE RIVIERE A","7093716","2019-08-13 15:00","2019","08","13","15:00","","10.4","","7.7","","83","","","","27","","27","","19.3","","98.85","","","","","","NA"
"-77.70","53.63","LA GRANDE RIVIERE A","7093716","2019-08-13 16:00","2019","08","13","16:00","","9.7","","7.7","","87","","","","26","","26","","19.3","","98.86","","","","","","Cloudy"
"-77.70","53.63","LA GRANDE RIVIERE A","7093716","2019-08-13 17:00","2019","08","13","17:00","","8.7","","7.5","","92","","","","26","","24","","19.3","","98.90","","","","","","NA"
"-77.70","53.63","LA GRANDE RIVIERE A","7093716","2019-08-13 18:00","2019","08","13","18:00","","8.3","","7.4","","94","","","","26","","21","","9.7","","98.90","","","","","","Drizzle"
"-77.70","53.63","LA GRANDE RIVIERE A","7093716","2019-08-13 19:00","2019","08","13","19:00","","7.9","","7.4","","97","","","","26","","20","","2.4","","98.92","","","","","","Drizzle,Fog"
"-77.70","53.63","LA GRANDE RIVIERE A","7093716","2019-08-13 20:00","2019","08","13","20:00","","7.3","","6.9","","97","","","","26","","17","","2.4","","98.93","","","","","","Drizzle,Fog"
"-77.70","53.63","LA GRANDE RIVIERE A","7093716","2019-08-13 21:00","2019","08","13","21:00","","6.9","","6.6","","98","","","","25","","20","","2.4","","98.95","","","","","","Rain,Drizzle,Fog"
"-77.70","53.63","LA GRANDE RIVIERE A","7093716","2019-08-13 22:00","2019","08","13","22:00","","6.6","","6.2","","98","","","","25","","16","","2.4","","98.94","","","","","","Drizzle,Fog"
"-77.70","53.63","LA GRANDE RIVIERE A","7093716","2019-08-13 23:00","2019","08","13","23:00","","6.5","","6.2","","98","","","","25","","12","","2.4","","98.92","","","","","","Drizzle,Fog"
"-77.70","53.63","LA GRANDE RIVIERE A","7093716","2019-08-14 00:00","2019","08","14","00:00","","6.4","","6.1","","98","","","","25","","13","","2.4","","98.92","","","","","","Drizzle,Fog"
"-77.70","53.63","LA GRANDE RIVIERE A","7093716","2019-08-14 01:00","2019","08","14","01:00","","6.5","","6.2","","98","","","","26","","13","","2.4","","98.91","","","","","","Drizzle,Fog"
"-77.70","53.63","LA GRANDE RIVIERE A","7093716","2019-08-14 02:00","2019","08","14","02:00","","6.3","","6.1","","98","","","","25","","13","","2.4","","98.92","","","","","","Drizzle,Fog"
"-77.70","53.63","LA GRANDE RIVIERE A","7093716","2019-08-14 03:00","2019","08","14","03:00","","6.3","","6.1","","98","","","","25","","17","","2.0","","98.93","","","","","","Drizzle,Fog"
"-77.70","53.63","LA GRANDE RIVIERE A","7093716","2019-08-14 04:00","2019","08","14","04:00","","6.2","","6.0","","98","","","","26","","13","","2.0","","98.96","","","","","","Drizzle,Fog"
"-77.70","53.63","LA GRANDE RIVIERE A","7093716","2019-08-14 05:00","2019","08","14","05:00","","6.2","","6.0","","98","","","","26","","17","","1.2","","98.99","","","","","","Drizzle,Fog"
"-77.70","53.63","LA GRANDE RIVIERE A","7093716","2019-08-14 06:00","2019","08","14","06:00","","6.5","","6.2","","98","","","","26","","13","","1.2","","99.01","","","","","","Fog"
"-77.70","53.63","LA GRANDE RIVIERE A","7093716","2019-08-14 07:00","2019","08","14","07:00","","6.7","","6.4","","98","","","","26","","12","","0.8","","99.04","","","","","","Fog"
"-77.70","53.63","LA GRANDE RIVIERE A","7093716","2019-08-14 08:00","2019","08","14","08:00","","7.0","","6.7","","98","","","","26","","15","","6.4","","99.07","","","","","","Rain,Fog"
"-77.70","53.63","LA GRANDE RIVIERE A","7093716","2019-08-14 09:00","2019","08","14","09:00","","7.5","","7.3","","98","","","","25","","16","","1.6","","99.06","","","","","","Fog"
"-77.70","53.63","LA GRANDE RIVIERE A","7093716","2019-08-14 10:00","2019","08","14","10:00","","8.6","","7.9","","96","","","","27","","15","","9.7","","99.06","","","","","","Drizzle"
"-77.70","53.63","LA GRANDE RIVIERE A","7093716","2019-08-14 11:00","2019","08","14","11:00","","9.2","","8.4","","95","","","","25","","17","","9.7","","99.08","","","","","","Drizzle"
"-77.70","53.63","LA GRANDE RIVIERE A","7093716","2019-08-14 12:00","2019","08","14","12:00","","9.8","","8.5","","91","","","","25","","18","","16.1","","99.07","","","","","","NA"
"-77.70","53.63","LA GRANDE RIVIERE A","7093716","2019-08-14 13:00","2019","08","14","13:00","","11.4","","8.9","","85","","","","24","","14","","24.1","","99.06","","","","","","Cloudy"
"-77.70","53.63","LA GRANDE RIVIERE A","7093716","2019-08-14 14:00","2019","08","14","14:00","","12.1","","9.0","","81","","","","28","","13","","24.1","","99.06","","","","","","NA"
"-77.70","53.63","LA GRANDE RIVIERE A","7093716","2019-08-14 15:00","2019","08","14","15:00","","11.8","","9.2","","84","","","","25","","16","","24.1","","99.07","","","","","","Rain"
"-77.70","53.63","LA GRANDE RIVIERE A","7093716","2019-08-14 16:00","2019","08","14","16:00","","12.2","","8.8","","80","","","","25","","15","","24.1","","99.09","","","","","","Mostly Cloudy"
"-77.70","53.63","LA GRANDE RIVIERE A","7093716","2019-08-14 17:00","2019","08","14","17:00","","12.5","","8.7","","78","","","","25","","13","","24.1","","99.09","","","","","","NA"
"-77.70","53.63","LA GRANDE RIVIERE A","7093716","2019-08-14 18:00","2019","08","14","18:00","","11.9","","8.6","","80","","","","23","","10","","24.1","","99.07","","","","","","NA"
"-77.70","53.63","LA GRANDE RIVIERE A","7093716","2019-08-14 19:00","2019","08","14","19:00","","11.3","","8.2","","81","","","","22","","13","","24.1","","99.08","","","","","","Mostly Cloudy"
"-77.70","53.63","LA GRANDE RIVIERE A","7093716","2019-08-14 20:00","2019","08","14","20:00","","10.7","","7.9","","83","","","","22","","9","","24.1","","99.12","","","","","","NA"
"-77.70","53.63","LA GRANDE RIVIERE A","7093716","2019-08-14 21:00","2019","08","14","21:00","","10.4","","8.2","","86","","","","19","","6","","24.1","","99.13","","","","","","NA"
"-77.70","53.63","LA GRANDE RIVIERE A","7093716","2019-08-14 22:00","2019","08","14","22:00","","9.7","","8.0","","89","","","","16","","5","","24.1","","99.08","","","","","","Mostly Cloudy"
"-77.70","53.63","LA GRANDE RIVIERE A","7093716","2019-08-14 23:00","2019","08","14","23:00","","9.1","","7.5","","90","","","","17","","10","","24.1","","99.08","","","","","","NA"
"-77.70","53.63","LA GRANDE RIVIERE A","7093716","2019-08-15 00:00","2019","08","15","00:00","","8.2","","7.7","","96","","","","17","","10","","24.1","","99.07","","","","","","NA"
"-77.70","53.63","LA GRANDE RIVIERE A","7093716","2019-08-15 01:00","2019","08","15","01:00","","8.3","","7.6","","95","","","","19","","12","","24.1","","99.08","","","","","","Mostly Cloudy"
"-77.70","53.63","LA GRANDE RIVIERE A","7093716","2019-08-15 02:00","2019","08","15","02:00","","8.6","","7.9","","95","","","","16","","15","","24.1","","99.00","","","","","","Rain"
"-77.70","53.63","LA GRANDE RIVIERE A","7093716","2019-08-15 03:00","2019","08","15","03:00","","8.5","","7.8","","95","","","","15","","15","","24.1","","98.94","","","","","","NA"
"-77.70","53.63","LA GRANDE RIVIERE A","7093716","2019-08-15 04:00","2019","08","15","04:00","","8.9","","7.7","","93","","","","16","","22","","24.1","","98.89","","","","","","Mostly Cloudy"
"-77.70","53.63","LA GRANDE RIVIERE A","7093716","2019-08-15 05:00","2019","08","15","05:00","","8.8","","7.6","","92","","","","17","","21","","24.1","","98.87","","","","","","NA"
"-77.70","53.63","LA GRANDE RIVIERE A","7093716","2019-08-15 06:00","2019","08","15","06:00","","9.6","","8.0","","90","","","","17","","20","","24.1","","98.85","","","","","","NA"
"-77.70","53.63","LA GRANDE RIVIERE A","7093716","2019-08-15 07:00","2019","08","15","07:00","","11.8","","8.9","","82","","","","18","","20","","24.1","","98.84","","","","","","Cloudy"
"-77.70","53.63","LA GRANDE RIVIERE A","7093716","2019-08-15 08:00","2019","08","15","08:00","","14.4","","9.4","","72","","","","20","","18","","24.1","","98.83","","","","","","NA"
"-77.70","53.63","LA GRANDE RIVIERE A","7093716","2019-08-15 09:00","2019","08","15","09:00","","16.1","","9.2","","63","","","","20","","20","","24.1","","98.77","","","","","","NA"
"-77.70","53.63","LA GRANDE RIVIERE A","7093716","2019-08-15 10:00","2019","08","15","10:00","","18.9","","9.3","","53","","","","21","","34","","24.1","","98.75","","","","","","Cloudy"
"-77.70","53.63","LA GRANDE RIVIERE A","7093716","2019-08-15 11:00","2019","08","15","11:00","","19.6","","7.8","","46","","","","21","","41","","24.1","","98.74","","","","","","NA"
"-77.70","53.63","LA GRANDE RIVIERE A","7093716","2019-08-15 12:00","2019","08","15","12:00","","20.2","","7.5","","43","","","","21","","40","","24.1","","98.72","","","","","","NA"
"-77.70","53.63","LA GRANDE RIVIERE A","7093716","2019-08-15 13:00","2019","08","15","13:00","","22.0","","8.1","","40","","","","23","","27","","24.1","","98.70","","","","","","Cloudy"
"-77.70","53.63","LA GRANDE RIVIERE A","7093716","2019-08-15 14:00","2019","08","15","14:00","","22.1","","6.9","","37","","","","21","","34","","24.1","","98.69","","","","","","NA"
"-77.70","53.63","LA GRANDE RIVIERE A","7093716","2019-08-15 15:00","2019","08","15","15:00","","20.0","","7.3","","43","","","","23","","25","","24.1","","98.73","","","","","","NA"
"-77.70","53.63","LA GRANDE RIVIERE A","7093716","2019-08-15 16:00","2019","08","15","16:00","","18.7","","8.9","","53","","","","21","","18","","19.3","","98.73","","","","","","Rain"
"-77.70","53.63","LA GRANDE RIVIERE A","7093716","2019-08-15 17:00","2019","08","15","17:00","","19.4","","8.4","","49","","","","23","","26","","19.3","","98.74","","","","","","Rain"
"-77.70","53.63","LA GRANDE RIVIERE A","7093716","2019-08-15 18:00","2019","08","15","18:00","","16.6","","10.3","","66","","","","26","","14","","19.3","","98.76","","","","","","NA"
"-77.70","53.63","LA GRANDE RIVIERE A","7093716","2019-08-15 19:00","2019","08","15","19:00","","14.3","","11.6","","84","","","","31","","8","","19.3","","98.80","","","","","","Rain"
"-77.70","53.63","LA GRANDE RIVIERE A","7093716","2019-08-15 20:00","2019","08","15","20:00","","13.7","","12.0","","89","","","","25","","8","","19.3","","98.80","","","","","","Rain"
"-77.70","53.63","LA GRANDE RIVIERE A","7093716","2019-08-15 21:00","2019","08","15","21:00","","13.2","","12.2","","93","","","","19","","12","","19.3","","98.84","","","","","","Rain"
"-77.70","53.63","LA GRANDE RIVIERE A","7093716","2019-08-15 22:00","2019","08","15","22:00","","13.3","","11.6","","90","","","","17","","11","","24.1","","98.77","","","","","","Rain"
"-77.70","53.63","LA GRANDE RIVIERE A","7093716","2019-08-15 23:00","2019","08","15","23:00","","12.9","","11.3","","90","","","","17","","10","","24.1","","98.73","","","","","","Rain"
"-77.70","53.63","LA GRANDE RIVIERE A","7093716","2019-08-16 00:00","2019","08","16","00:00","","12.9","","11.1","","89","","","","19","","10","","24.1","","98.74","","","","","","Rain"
"-77.70","53.63","LA GRANDE RIVIERE A","7093716","2019-08-16 01:00","2019","08","16","01:00","","12.5","","10.7","","88","","","","18","","13","","24.1","","98.73","","","","","","Mostly Cloudy"
"-77.70","53.63","LA GRANDE RIVIERE A","7093716","2019-08-16 02:00","2019","08","16","02:00","","12.3","","10.6","","89","","","","18","","16","","24.1","","98.73","","","","","","Rain"
"-77.70","53.63","LA GRANDE RIVIERE A","7093716","2019-08-16 03:00","2019","08","16","03:00","","11.9","","10.5","","91","","","","18","","12","","24.1","","98.73","","","","","","NA"
"-77.70","53.63","LA GRANDE RIVIERE A","7093716","2019-08-16 04:00","2019","08","16","04:00","","11.8","","10.3","","90","","","","18","","13","","24.1","","98.73","","","","","","Mostly Cloudy"
"-77.70","53.63","LA GRANDE RIVIERE A","7093716","2019-08-16 05:00","2019","08","16","05:00","","11.9","","10.2","","89","","","","18","","11","","24.1","","98.73","","","","","","NA"
"-77.70","53.63","LA GRANDE RIVIERE A","7093716","2019-08-16 06:00","2019","08","16","06:00","","12.2","","10.2","","87","","","","17","","11","","24.1","","98.74","","","","","","NA"
"-77.70","53.63","LA GRANDE RIVIERE A","7093716","2019-08-16 07:00","2019","08","16","07:00","","13.3","","10.6","","83","","","","17","","13","","24.1","","98.73","","","","","","Mostly Cloudy"
"-77.70","53.63","LA GRANDE RIVIERE A","7093716","2019-08-16 08:00","2019","08","16","08:00","","14.6","","11.4","","81","","","","18","","18","","24.1","","98.70","","","","","","NA"
"-77.70","53.63","LA GRANDE RIVIERE A","7093716","2019-08-16 09:00","2019","08","16","09:00","","16.8","","12.1","","73","","","","17","","15","","24.1","","98.68","","","","","","NA"
"-77.70","53.63","LA GRANDE RIVIERE A","7093716","2019-08-16 10:00","2019","08","16","10:00","","19.4","","12.2","","63","","","","19","","21","","24.1","","98.68","","","","","","Mostly Cloudy"
"-77.70","53.63","LA GRANDE RIVIERE A","7093716","2019-08-16 11:00","2019","08","16","11:00","","21.4","","12.0","","55","","","","21","","27","","24.1","","98.64","","","","","","NA"
"-77.70","53.63","LA GRANDE RIVIERE A","7093716","2019-08-16 12:00","2019","08","16","12:00","","22.2","","12.2","","53","","","","20","","23","","24.1","","98.62","","25","","","","NA"
"-77.70","53.63","LA GRANDE RIVIERE A","7093716","2019-08-16 13:00","2019","08","16","13:00","","23.3","","11.8","","48","","","","22","","27","","24.1","","98.60","","25","","","","Mostly Cloudy"
"-77.70","53.63","LA GRANDE RIVIERE A","7093716","2019-08-16 14:00","2019","08","16","14:00","","23.6","","10.1","","42","","","","20","","31","","24.1","","98.59","","25","","","","NA"
"-77.70","53.63","LA GRANDE RIVIERE A","7093716","2019-08-16 15:00","2019","08","16","15:00","","23.5","","10.8","","44","","","","22","","27","","24.1","","98.56","","25","","","","NA"
"-77.70","53.63","LA GRANDE RIVIERE A","7093716","2019-08-16 16:00","2019","08","16","16:00","","23.6","","10.9","","44","","","","22","","22","","24.1","","98.54","","25","","","","Mostly Cloudy"
"-77.70","53.63","LA GRANDE RIVIERE A","7093716","2019-08-16 17:00","2019","08","16","17:00","","22.6","","10.3","","45","","","","21","","24","","24.1","","98.52","","","","","","NA"
"-77.70","53.63","LA GRANDE RIVIERE A","7093716","2019-08-16 18:00","2019","08","16","18:00","","22.5","","11.2","","48","","","","21","","18","","24.1","","98.51","","","","","","NA"
"-77.70","53.63","LA GRANDE RIVIERE A","7093716","2019-08-16 19:00","2019","08","16","19:00","","20.7","","11.1","","54","","","","20","","13","","24.1","","98.53","","","","","","Cloudy"
"-77.70","53.63","LA GRANDE RIVIERE A","7093716","2019-08-16 20:00","2019","08","16","20:00","","19.4","","11.3","","59","","","","18","","12","","24.1","","98.52","","","","","","NA"
"-77.70","53.63","LA GRANDE RIVIERE A","7093716","2019-08-16 21:00","2019","08","16","21:00","","18.9","","11.4","","62","","","","18","","14","","24.1","","98.50","","","","","","NA"
"-77.70","53.63","LA GRANDE RIVIERE A","7093716","2019-08-16 22:00","2019","08","16","22:00","","15.8","","13.7","","87","","","","24","","16","","16.1","","98.63","","","","","","Rain Showers"
"-77.70","53.63","LA GRANDE RIVIERE A","7093716","2019-08-16 23:00","2019","08","16","23:00","","14.7","","13.2","","91","","","","33","","4","","24.1","","98.57","","","","","","Rain Showers"
"-77.70","53.63","LA GRANDE RIVIERE A","7093716","2019-08-17 00:00","2019","08","17","00:00","","14.7","","13.1","","90","","","","5","","4","","24.1","","98.55","","","","","","Rain Showers"
"-77.70","53.63","LA GRANDE RIVIERE A","7093716","2019-08-17 01:00","2019","08","17","01:00","","14.3","","13.4","","94","","","","13","","11","","24.1","","98.53","","","","","","Rain Showers"
"-77.70","53.63","LA GRANDE RIVIERE A","7093716","2019-08-17 02:00","2019","08","17","02:00","","14.2","","13.2","","94","","","","12","","13","","24.1","","98.51","","","","","","NA"
"-77.70","53.63","LA GRANDE RIVIERE A","7093716","2019-08-17 03:00","2019","08","17","03:00","","14.5","","13.2","","92","","","","13","","17","","24.1","","98.47","","","","","","Rain"
"-77.70","53.63","LA GRANDE RIVIERE A","7093716","2019-08-17 04:00","2019","08","17","04:00","","14.4","","12.7","","89","","","","16","","14","","24.1","","98.48","","","","","","Rain"
"-77.70","53.63","LA GRANDE RIVIERE A","7093716","2019-08-17 05:00","2019","08","17","05:00","","13.8","","12.7","","93","","","","18","","15","","9.7","","98.48","","","","","","Rain,Fog"
"-77.70","53.63","LA GRANDE RIVIERE A","7093716","2019-08-17 06:00","2019","08","17","06:00","","13.6","","12.8","","95","","","","18","","16","","24.1","","98.47","","","","","","Rain"
"-77.70","53.63","LA GRANDE RIVIERE A","7093716","2019-08-17 07:00","2019","08","17","07:00","","14.2","","13.5","","96","","","","18","","16","","24.1","","98.49","","","","","","Rain"
"-77.70","53.63","LA GRANDE RIVIERE A","7093716","2019-08-17 08:00","2019","08","17","08:00","","15.2","","14.4","","95","","","","17","","17","","24.1","","98.49","","","","","","NA"
"-77.70","53.63","LA GRANDE RIVIERE A","7093716","2019-08-17 09:00","2019","08","17","09:00","","16.3","","14.5","","89","","","","21","","21","","24.1","","98.51","","","","","","NA"
"-77.70","53.63","LA GRANDE RIVIERE A","7093716","2019-08-17 10:00","2019","08","17","10:00","","17.2","","14.8","","86","","","","20","","23","","24.1","","98.51","","","","","","Mostly Cloudy"
"-77.70","53.63","LA GRANDE RIVIERE A","7093716","2019-08-17 11:00","2019","08","17","11:00","","18.6","","15.2","","80","","","","22","","22","","24.1","","98.48","","","","","","NA"
"-77.70","53.63","LA GRANDE RIVIERE A","7093716","2019-08-17 12:00","2019","08","17","12:00","","19.3","","15.0","","76","","","","22","","20","","24.1","","98.49","","","","","","NA"
"-77.70","53.63","LA GRANDE RIVIERE A","7093716","2019-08-17 13:00","2019","08","17","13:00","","20.1","","15.0","","72","","","","21","","25","","24.1","","98.47","","","","","","Mostly Cloudy"
"-77.70","53.63","LA GRANDE RIVIERE A","7093716","2019-08-17 14:00","2019","08","17","14:00","","20.6","","15.1","","70","","","","22","","25","","24.1","","98.50","","25","","","","NA"
"-77.70","53.63","LA GRANDE RIVIERE A","7093716","2019-08-17 15:00","2019","08","17","15:00","","21.4","","14.7","","65","","","","23","","23","","24.1","","98.54","","25","","","","NA"
"-77.70","53.63","LA GRANDE RIVIERE A","7093716","2019-08-17 16:00","2019","08","17","16:00","","21.1","","14.5","","65","","","","24","","28","","24.1","","98.56","","25","","","","Mostly Cloudy"
"-77.70","53.63","LA GRANDE RIVIERE A","7093716","2019-08-17 17:00","2019","08","17","17:00","","20.7","","14.4","","67","","","","22","","18","","24.1","","98.52","","","","","","NA"
"-77.70","53.63","LA GRANDE RIVIERE A","7093716","2019-08-17 18:00","2019","08","17","18:00","","20.4","","14.7","","69","","","","23","","13","","24.1","","98.53","","","","","","NA"
"-77.70","53.63","LA GRANDE RIVIERE A","7093716","2019-08-17 19:00","2019","08","17","19:00","","19.4","","14.9","","75","","","","22","","9","","24.1","","98.57","","","","","","Mostly Cloudy"
"-77.70","53.63","LA GRANDE RIVIERE A","7093716","2019-08-17 20:00","2019","08","17","20:00","","17.1","","14.5","","85","","","","19","","8","","24.1","","98.61","","","","","","NA"
"-77.70","53.63","LA GRANDE RIVIERE A","7093716","2019-08-17 21:00","2019","08","17","21:00","","16.5","","14.4","","87","","","","22","","8","","24.1","","98.61","","","","","","NA"
"-77.70","53.63","LA GRANDE RIVIERE A","7093716","2019-08-17 22:00","2019","08","17","22:00","","15.2","","13.8","","91","","","","22","","7","","24.1","","98.62","","","","","","Mainly Clear"
"-77.70","53.63","LA GRANDE RIVIERE A","7093716","2019-08-17 23:00","2019","08","17","23:00","","14.8","","13.8","","94","","","","22","","7","","24.1","","98.63","","","","","","NA"
"-77.70","53.63","LA GRANDE RIVIERE A","7093716","2019-08-18 00:00","2019","08","18","00:00","","14.6","","13.9","","96","","","","18","","7","","24.1","","98.62","","","","","","NA"
"-77.70","53.63","LA GRANDE RIVIERE A","7093716","2019-08-18 01:00","2019","08","18","01:00","","14.5","","13.9","","96","","","","19","","9","","24.1","","98.62","","","","","","Mainly Clear"
"-77.70","53.63","LA GRANDE RIVIERE A","7093716","2019-08-18 02:00","2019","08","18","02:00","","14.0","","13.5","","97","","","","18","","9","","24.1","","98.64","","","","","","NA"
"-77.70","53.63","LA GRANDE RIVIERE A","7093716","2019-08-18 03:00","2019","08","18","03:00","","14.3","","13.6","","96","","","","18","","9","","24.1","","98.65","","","","","","NA"
"-77.70","53.63","LA GRANDE RIVIERE A","7093716","2019-08-18 04:00","2019","08","18","04:00","","14.3","","13.5","","95","","","","17","","13","","24.1","","98.65","","","","","","Mainly Clear"
"-77.70","53.63","LA GRANDE RIVIERE A","7093716","2019-08-18 05:00","2019","08","18","05:00","","12.1","","11.6","","97","","","","14","","9","","24.1","","98.65","","","","","","NA"
"-77.70","53.63","LA GRANDE RIVIERE A","7093716","2019-08-18 06:00","2019","08","18","06:00","","12.2","","11.9","","98","","","","13","","9","","9.7","","98.66","","","","","","Fog"
"-77.70","53.63","LA GRANDE RIVIERE A","7093716","2019-08-18 07:00","2019","08","18","07:00","","15.4","","14.0","","91","","","","10","","9","","24.1","","98.67","","","","","","Mainly Clear"
"-77.70","53.63","LA GRANDE RIVIERE A","7093716","2019-08-18 08:00","2019","08","18","08:00","","19.4","","14.8","","75","","","","16","","14","","24.1","","98.63","","","","","","NA"
"-77.70","53.63","LA GRANDE RIVIERE A","7093716","2019-08-18 09:00","2019","08","18","09:00","","22.4","","14.7","","61","","","","16","","17","","24.1","","98.60","","26","","","","NA"
"-77.70","53.63","LA GRANDE RIVIERE A","7093716","2019-08-18 10:00","2019","08","18","10:00","","24.1","","15.3","","58","","","","18","","14","","24.1","","98.60","","28","","","","Mainly Clear"
"-77.70","53.63","LA GRANDE RIVIERE A","7093716","2019-08-18 11:00","2019","08","18","11:00","","25.4","","14.5","","50","","","","15","","22","","24.1","","98.53","","29","","","","NA"
"-77.70","53.63","LA GRANDE RIVIERE A","7093716","2019-08-18 12:00","2019","08","18","12:00","","26.4","","12.1","","41","","","","19","","12","","24.1","","98.45","","29","","","","NA"
"-77.70","53.63","LA GRANDE RIVIERE A","7093716","2019-08-18 13:00","2019","08","18","13:00","","27.1","","13.5","","42","","","","17","","16","","24.1","","98.48","","30","","","","Mostly Cloudy"
"-77.70","53.63","LA GRANDE RIVIERE A","7093716","2019-08-18 14:00","2019","08","18","14:00","","26.8","","14.4","","46","","","","21","","20","","24.1","","98.51","","30","","","","NA"
"-77.70","53.63","LA GRANDE RIVIERE A","7093716","2019-08-18 15:00","2019","08","18","15:00","","27.9","","13.5","","41","","","","22","","22","","24.1","","98.43","","31","","","","NA"
"-77.70","53.63","LA GRANDE RIVIERE A","7093716","2019-08-18 16:00","2019","08","18","16:00","","27.0","","13.5","","43","","","","18","","18","","24.1","","98.37","","30","","","","Mostly Cloudy"
"-77.70","53.63","LA GRANDE RIVIERE A","7093716","2019-08-18 17:00","2019","08","18","17:00","","27.0","","14.2","","45","","","","17","","17","","24.1","","98.29","","30","","","","NA"
"-77.70","53.63","LA GRANDE RIVIERE A","7093716","2019-08-18 18:00","2019","08","18","18:00","","26.3","","14.4","","47","","","","16","","9","","24.1","","98.23","","30","","","","NA"
"-77.70","53.63","LA GRANDE RIVIERE A","7093716","2019-08-18 19:00","2019","08","18","19:00","","24.6","","15.2","","55","","","","13","","9","","24.1","","98.19","","29","","","","Mostly Cloudy"
"-77.70","53.63","LA GRANDE RIVIERE A","7093716","2019-08-18 20:00","2019","08","18","20:00","","22.9","","14.0","","57","","","","13","","14","","24.1","","98.16","","26","","","","NA"
"-77.70","53.63","LA GRANDE RIVIERE A","7093716","2019-08-18 21:00","2019","08","18","21:00","","19.9","","14.0","","68","","","","11","","14","","24.1","","98.14","","","","","","NA"
"-77.70","53.63","LA GRANDE RIVIERE A","7093716","2019-08-18 22:00","2019","08","18","22:00","","19.2","","13.9","","71","","","","12","","15","","24.1","","98.06","","","","","","Mostly Cloudy"
"-77.70","53.63","LA GRANDE RIVIERE A","7093716","2019-08-18 23:00","2019","08","18","23:00","","20.2","","13.8","","66","","","","13","","16","","24.1","","97.97","","","","","","NA"
"-77.70","53.63","LA GRANDE RIVIERE A","7093716","2019-08-19 00:00","2019","08","19","00:00","","21.1","","14.0","","63","","","","14","","18","","24.1","","97.88","","","","","","NA"
"-77.70","53.63","LA GRANDE RIVIERE A","7093716","2019-08-19 01:00","2019","08","19","01:00","","20.7","","14.3","","67","","","","14","","20","","24.1","","97.82","","","","","","Mostly Cloudy"
"-77.70","53.63","LA GRANDE RIVIERE A","7093716","2019-08-19 02:00","2019","08","19","02:00","","19.9","","14.7","","72","","","","14","","20","","24.1","","97.76","","","","","","NA"
"-77.70","53.63","LA GRANDE RIVIERE A","7093716","2019-08-19 03:00","2019","08","19","03:00","","19.6","","14.9","","74","","","","13","","21","","24.1","","97.68","","","","","","NA"
"-77.70","53.63","LA GRANDE RIVIERE A","7093716","2019-08-19 04:00","2019","08","19","04:00","","18.9","","15.2","","78","","","","12","","19","","24.1","","97.57","","","","","","Cloudy"
"-77.70","53.63","LA GRANDE RIVIERE A","7093716","2019-08-19 05:00","2019","08","19","05:00","","18.7","","15.1","","79","","","","11","","24","","24.1","","97.39","","","","","","NA"
"-77.70","53.63","LA GRANDE RIVIERE A","7093716","2019-08-19 06:00","2019","08","19","06:00","","18.3","","15.1","","81","","","","10","","18","","24.1","","97.29","","","","","","NA"
"-77.70","53.63","LA GRANDE RIVIERE A","7093716","2019-08-19 07:00","2019","08","19","07:00","","17.2","","16.2","","94","","","","11","","19","","2.8","","97.18","","","","","","Heavy Rain Showers,Fog"
"-77.70","53.63","LA GRANDE RIVIERE A","7093716","2019-08-19 08:00","2019","08","19","08:00","","17.1","","16.4","","96","","","","12","","17","","4.8","","97.05","","","","","","Rain Showers,Fog"
"-77.70","53.63","LA GRANDE RIVIERE A","7093716","2019-08-19 09:00","2019","08","19","09:00","","17.6","","17.0","","96","","","","19","","11","","6.4","","96.97","","","","","","Rain Showers,Fog"
"-77.70","53.63","LA GRANDE RIVIERE A","7093716","2019-08-19 10:00","2019","08","19","10:00","","16.8","","15.9","","95","","","","22","","23","","24.1","","97.06","","","","","","Rain"
"-77.70","53.63","LA GRANDE RIVIERE A","7093716","2019-08-19 11:00","2019","08","19","11:00","","16.8","","15.6","","92","","","","25","","30","","24.1","","97.15","","","","","","NA"
"-77.70","53.63","LA GRANDE RIVIERE A","7093716","2019-08-19 12:00","2019","08","19","12:00","","15.4","","14.6","","95","","","","25","","26","","4.8","","97.30","","","","","","Drizzle,Fog"
"-77.70","53.63","LA GRANDE RIVIERE A","7093716","2019-08-19 13:00","2019","08","19","13:00","","13.0","","12.3","","96","","","","25","","32","","2.4","","97.51","","","","","","Drizzle,Fog"
"-77.70","53.63","LA GRANDE RIVIERE A","7093716","2019-08-19 14:00","2019","08","19","14:00","","13.9","","11.5","","85","","","","26","","45","","24.1","","97.67","","","","","","NA"
"-77.70","53.63","LA GRANDE RIVIERE A","7093716","2019-08-19 15:00","2019","08","19","15:00","","15.1","","11.4","","79","","","","27","","35","","24.1","","97.78","","","","","","NA"
"-77.70","53.63","LA GRANDE RIVIERE A","7093716","2019-08-19 16:00","2019","08","19","16:00","","15.9","","12.2","","78","","","","24","","28","","24.1","","97.87","","","","","","Mostly Cloudy"
"-77.70","53.63","LA GRANDE RIVIERE A","7093716","2019-08-19 17:00","2019","08","19","17:00","","16.3","","12.8","","80","","","","24","","15","","24.1","","97.90","","","","","","NA"
"-77.70","53.63","LA GRANDE RIVIERE A","7093716","2019-08-19 18:00","2019","08","19","18:00","","17.6","","11.6","","68","","","","24","","22","","24.1","","97.93","","","","","","NA"
"-77.70","53.63","LA GRANDE RIVIERE A","7093716","2019-08-19 19:00","2019","08","19","19:00","","16.2","","10.9","","71","","","","23","","21","","24.1","","97.96","","","","","","Cloudy"
"-77.70","53.63","LA GRANDE RIVIERE A","7093716","2019-08-19 20:00","2019","08","19","20:00","","15.1","","11.1","","77","","","","23","","19","","24.1","","98.01","","","","","","Rain Showers"
"-77.70","53.63","LA GRANDE RIVIERE A","7093716","2019-08-19 21:00","2019","08","19","21:00","","13.9","","10.1","","78","","","","24","","13","","24.1","","98.02","","","","","","Rain Showers"
"-77.70","53.63","LA GRANDE RIVIERE A","7093716","2019-08-19 22:00","2019","08","19","22:00","","13.1","","9.8","","81","","","","22","","17","","24.1","","98.04","","","","","","Mostly Cloudy"
"-77.70","53.63","LA GRANDE RIVIERE A","7093716","2019-08-19 23:00","2019","08","19","23:00","","12.7","","9.9","","83","","","","22","","17","","24.1","","98.03","","","","","","NA"
"-77.70","53.63","LA GRANDE RIVIERE A","7093716","2019-08-20 00:00","2019","08","20","00:00","","12.4","","10.1","","86","","","","22","","10","","24.1","","98.07","","","","","","NA"
"-77.70","53.63","LA GRANDE RIVIERE A","7093716","2019-08-20 01:00","2019","08","20","01:00","","12.3","","10.2","","87","","","","21","","16","","24.1","","98.09","","","","","","Cloudy"
"-77.70","53.63","LA GRANDE RIVIERE A","7093716","2019-08-20 02:00","2019","08","20","02:00","","12.6","","9.9","","84","","","","23","","16","","24.1","","98.10","","","","","","NA"
"-77.70","53.63","LA GRANDE RIVIERE A","7093716","2019-08-20 03:00","2019","08","20","03:00","","12.4","","10.3","","86","","","","24","","14","","24.1","","98.11","","","","","","NA"
"-77.70","53.63","LA GRANDE RIVIERE A","7093716","2019-08-20 04:00","2019","08","20","04:00","","11.7","","9.8","","88","","","","24","","18","","24.1","","98.14","","","","","","Cloudy"
"-77.70","53.63","LA GRANDE RIVIERE A","7093716","2019-08-20 05:00","2019","08","20","05:00","","11.2","","9.5","","89","","","","24","","16","","24.1","","98.18","","","","","","NA"
"-77.70","53.63","LA GRANDE RIVIERE A","7093716","2019-08-20 06:00","2019","08","20","06:00","","11.6","","9.9","","89","","","","24","","16","","24.1","","98.20","","","","","","NA"
"-77.70","53.63","LA GRANDE RIVIERE A","7093716","2019-08-20 07:00","2019","08","20","07:00","","13.3","","10.7","","84","","","","25","","13","","24.1","","98.22","","","","","","Mainly Clear"
"-77.70","53.63","LA GRANDE RIVIERE A","7093716","2019-08-20 08:00","2019","08","20","08:00","","14.4","","10.8","","78","","","","26","","15","","24.1","","98.26","","","","","","NA"
"-77.70","53.63","LA GRANDE RIVIERE A","7093716","2019-08-20 09:00","2019","08","20","09:00","","14.9","","10.6","","75","","","","24","","22","","24.1","","98.28","","","","","","NA"
"-77.70","53.63","LA GRANDE RIVIERE A","7093716","2019-08-20 10:00","2019","08","20","10:00","","15.6","","10.8","","73","","","","25","","23","","24.1","","98.31","","","","","","Mostly Cloudy"
"-77.70","53.63","LA GRANDE RIVIERE A","7093716","2019-08-20 11:00","2019","08","20","11:00","","17.5","","11.4","","67","","","","25","","17","","24.1","","98.30","","","","","","NA"
"-77.70","53.63","LA GRANDE RIVIERE A","7093716","2019-08-20 12:00","2019","08","20","12:00","","18.5","","9.9","","57","","","","23","","34","","24.1","","98.29","","","","","","NA"
"-77.70","53.63","LA GRANDE RIVIERE A","7093716","2019-08-20 13:00","2019","08","20","13:00","","18.9","","10.0","","56","","","","26","","29","","24.1","","98.31","","","","","","Mostly Cloudy"
"-77.70","53.63","LA GRANDE RIVIERE A","7093716","2019-08-20 14:00","2019","08","20","14:00","","18.4","","7.5","","49","","","","27","","32","","24.1","","98.34","","","","","","NA"
"-77.70","53.63","LA GRANDE RIVIERE A","7093716","2019-08-20 15:00","2019","08","20","15:00","","18.1","","8.8","","54","","","","24","","29","","24.1","","98.41","","","","","","NA"
"-77.70","53.63","LA GRANDE RIVIERE A","7093716","2019-08-20 16:00","2019","08","20","16:00","","17.9","","8.2","","53","","","","26","","26","","24.1","","98.45","","","","","","Mostly Cloudy"
"-77.70","53.63","LA GRANDE RIVIERE A","7093716","2019-08-20 17:00","2019","08","20","17:00","","17.1","","8.8","","58","","","","26","","22","","24.1","","98.46","","","","","","NA"
"-77.70","53.63","LA GRANDE RIVIERE A","7093716","2019-08-20 18:00","2019","08","20","18:00","","16.0","","8.8","","62","","","","27","","23","","24.1","","98.45","","","","","","NA"
"-77.70","53.63","LA GRANDE RIVIERE A","7093716","2019-08-20 19:00","2019","08","20","19:00","","14.8","","9.1","","68","","","","25","","15","","24.1","","98.49","","","","","","Mostly Cloudy"
"-77.70","53.63","LA GRANDE RIVIERE A","7093716","2019-08-20 20:00","2019","08","20","20:00","","12.4","","9.4","","82","","","","27","","5","","24.1","","98.53","","","","","","NA"
"-77.70","53.63","LA GRANDE RIVIERE A","7093716","2019-08-20 21:00","2019","08","20","21:00","","11.6","","8.9","","83","","","","26","","5","","24.1","","98.55","","","","","","NA"
"-77.70","53.63","LA GRANDE RIVIERE A","7093716","2019-08-20 22:00","2019","08","20","22:00","","11.3","","8.9","","85","","","","25","","7","","24.1","","98.55","","","","","","Mostly Cloudy"
"-77.70","53.63","LA GRANDE RIVIERE A","7093716","2019-08-20 23:00","2019","08","20","23:00","","11.1","","9.1","","88","","","","27","","7","","24.1","","98.55","","","","","","NA"
"-77.70","53.63","LA GRANDE RIVIERE A","7093716","2019-08-21 00:00","2019","08","21","00:00","","10.8","","9.3","","90","","","","28","","3","","24.1","","98.56","","","","","","Rain"
"-77.70","53.63","LA GRANDE RIVIERE A","7093716","2019-08-21 01:00","2019","08","21","01:00","","9.3","","8.6","","95","","","","14","","6","","24.1","","98.56","","","","","","Rain"
"-77.70","53.63","LA GRANDE RIVIERE A","7093716","2019-08-21 02:00","2019","08","21","02:00","","8.9","","8.2","","95","","","","","","0","","24.1","","98.58","","","","","","NA"
"-77.70","53.63","LA GRANDE RIVIERE A","7093716","2019-08-21 03:00","2019","08","21","03:00","","10.4","","9.7","","95","","","","11","","7","","24.1","","98.60","","","","","","NA"
"-77.70","53.63","LA GRANDE RIVIERE A","7093716","2019-08-21 04:00","2019","08","21","04:00","","10.4","","9.5","","94","","","","11","","6","","24.1","","98.59","","","","","","Cloudy"
"-77.70","53.63","LA GRANDE RIVIERE A","7093716","2019-08-21 05:00","2019","08","21","05:00","","10.4","","9.4","","94","","","","13","","7","","24.1","","98.61","","","","","","NA"
"-77.70","53.63","LA GRANDE RIVIERE A","7093716","2019-08-21 06:00","2019","08","21","06:00","","10.7","","9.5","","92","","","","17","","5","","24.1","","98.65","","","","","","NA"
"-77.70","53.63","LA GRANDE RIVIERE A","7093716","2019-08-21 07:00","2019","08","21","07:00","","11.6","","9.7","","88","","","","17","","9","","24.1","","98.66","","","","","","Mostly Cloudy"
"-77.70","53.63","LA GRANDE RIVIERE A","7093716","2019-08-21 08:00","2019","08","21","08:00","","13.0","","10.1","","82","","","","14","","10","","24.1","","98.67","","","","","","NA"
"-77.70","53.63","LA GRANDE RIVIERE A","7093716","2019-08-21 09:00","2019","08","21","09:00","","14.0","","10.1","","77","","","","11","","7","","24.1","","98.68","","","","","","NA"
"-77.70","53.63","LA GRANDE RIVIERE A","7093716","2019-08-21 10:00","2019","08","21","10:00","","15.2","","9.9","","71","","","","13","","9","","24.1","","98.70","","","","","","Mostly Cloudy"
"-77.70","53.63","LA GRANDE RIVIERE A","7093716","2019-08-21 11:00","2019","08","21","11:00","","16.2","","9.2","","63","","","","12","","9","","24.1","","98.71","","","","","","NA"
"-77.70","53.63","LA GRANDE RIVIERE A","7093716","2019-08-21 12:00","2019","08","21","12:00","","17.4","","7.8","","53","","","","20","","10","","24.1","","98.71","","","","","","Rain Showers"
"-77.70","53.63","LA GRANDE RIVIERE A","7093716","2019-08-21 13:00","2019","08","21","13:00","","17.3","","8.9","","58","","","","12","","6","","24.1","","98.76","","","","","","Mostly Cloudy"
"-77.70","53.63","LA GRANDE RIVIERE A","7093716","2019-08-21 14:00","2019","08","21","14:00","","15.7","","10.4","","71","","","","8","","13","","19.3","","98.79","","","","","","Heavy Rain Showers"
"-77.70","53.63","LA GRANDE RIVIERE A","7093716","2019-08-21 15:00","2019","08","21","15:00","","14.9","","12.6","","86","","","","5","","13","","24.1","","98.81","","","","","","NA"
"-77.70","53.63","LA GRANDE RIVIERE A","7093716","2019-08-21 16:00","2019","08","21","16:00","","15.7","","10.8","","73","","","","6","","16","","24.1","","98.80","","","","","","Mostly Cloudy"
"-77.70","53.63","LA GRANDE RIVIERE A","7093716","2019-08-21 17:00","2019","08","21","17:00","","15.3","","10.0","","70","","","","4","","13","","24.1","","98.82","","","","","","NA"
"-77.70","53.63","LA GRANDE RIVIERE A","7093716","2019-08-21 18:00","2019","08","21","18:00","","15.0","","10.3","","74","","","","2","","5","","24.1","","98.86","","","","","","NA"
"-77.70","53.63","LA GRANDE RIVIERE A","7093716","2019-08-21 19:00","2019","08","21","19:00","","14.5","","11.4","","82","","","","1","","5","","24.1","","98.87","","","","","","Mostly Cloudy"
"-77.70","53.63","LA GRANDE RIVIERE A","7093716","2019-08-21 20:00","2019","08","21","20:00","","13.7","","10.9","","83","","","","1","","7","","24.1","","98.86","","","","","","NA"
"-77.70","53.63","LA GRANDE RIVIERE A","7093716","2019-08-21 21:00","2019","08","21","21:00","","12.2","","10.2","","87","","","","36","","6","","24.1","","98.88","","","","","","NA"
"-77.70","53.63","LA GRANDE RIVIERE A","7093716","2019-08-21 22:00","2019","08","21","22:00","","11.4","","9.8","","90","","","","2","","6","","24.1","","98.94","","","","","","Mostly Cloudy"
"-77.70","53.63","LA GRANDE RIVIERE A","7093716","2019-08-21 23:00","2019","08","21","23:00","","11.6","","9.4","","87","","","","3","","7","","24.1","","98.95","","","","","","NA"
"-77.70","53.63","LA GRANDE RIVIERE A","7093716","2019-08-22 00:00","2019","08","22","00:00","","11.3","","9.1","","86","","","","2","","7","","24.1","","98.92","","","","","","NA"
"-77.70","53.63","LA GRANDE RIVIERE A","7093716","2019-08-22 01:00","2019","08","22","01:00","","11.1","","8.6","","84","","","","3","","9","","24.1","","98.93","","","","","","Mostly Cloudy"
"-77.70","53.63","LA GRANDE RIVIERE A","7093716","2019-08-22 02:00","2019","08","22","02:00","","10.2","","8.4","","88","","","","2","","8","","24.1","","98.93","","","","","","NA"
"-77.70","53.63","LA GRANDE RIVIERE A","7093716","2019-08-22 03:00","2019","08","22","03:00","","10.0","","8.3","","90","","","","2","","9","","24.1","","98.94","","","","","","NA"
"-77.70","53.63","LA GRANDE RIVIERE A","7093716","2019-08-22 04:00","2019","08","22","04:00","","9.5","","8.2","","92","","","","3","","10","","24.1","","98.95","","","","","","Mainly Clear"
"-77.70","53.63","LA GRANDE RIVIERE A","7093716","2019-08-22 05:00","2019","08","22","05:00","","9.3","","8.2","","92","","","","2","","9","","24.1","","99.01","","","","","","NA"
"-77.70","53.63","LA GRANDE RIVIERE A","7093716","2019-08-22 06:00","2019","08","22","06:00","","9.8","","8.7","","92","","","","1","","7","","24.1","","99.02","","","","","","NA"
"-77.70","53.63","LA GRANDE RIVIERE A","7093716","2019-08-22 07:00","2019","08","22","07:00","","11.7","","9.2","","84","","","","3","","9","","24.1","","99.05","","","","","","Mainly Clear"
"-77.70","53.63","LA GRANDE RIVIERE A","7093716","2019-08-22 08:00","2019","08","22","08:00","","12.8","","9.2","","79","","","","2","","9","","24.1","","99.06","","","","","","NA"
"-77.70","53.63","LA GRANDE RIVIERE A","7093716","2019-08-22 09:00","2019","08","22","09:00","","15.0","","8.6","","65","","","","2","","12","","24.1","","99.06","","","","","","NA"
"-77.70","53.63","LA GRANDE RIVIERE A","7093716","2019-08-22 10:00","2019","08","22","10:00","","16.0","","9.1","","63","","","","2","","11","","24.1","","99.06","","","","","","Mostly Cloudy"
"-77.70","53.63","LA GRANDE RIVIERE A","7093716","2019-08-22 11:00","2019","08","22","11:00","","16.7","","6.7","","51","","","","33","","19","","24.1","","99.04","","","","","","NA"
"-77.70","53.63","LA GRANDE RIVIERE A","7093716","2019-08-22 12:00","2019","08","22","12:00","","17.6","","6.6","","48","","","","36","","16","","24.1","","99.04","","","","","","NA"
"-77.70","53.63","LA GRANDE RIVIERE A","7093716","2019-08-22 13:00","2019","08","22","13:00","","17.2","","7.0","","51","","","","34","","15","","24.1","","99.04","","","","","","Mostly Cloudy"
"-77.70","53.63","LA GRANDE RIVIERE A","7093716","2019-08-22 14:00","2019","08","22","14:00","","17.0","","9.2","","60","","","","35","","10","","24.1","","99.06","","","","","","NA"
"-77.70","53.63","LA GRANDE RIVIERE A","7093716","2019-08-22 15:00","2019","08","22","15:00","","16.1","","9.0","","62","","","","4","","15","","24.1","","99.09","","","","","","NA"
"-77.70","53.63","LA GRANDE RIVIERE A","7093716","2019-08-22 16:00","2019","08","22","16:00","","15.7","","9.3","","65","","","","36","","8","","24.1","","99.10","","","","","","Mostly Cloudy"
"-77.70","53.63","LA GRANDE RIVIERE A","7093716","2019-08-22 17:00","2019","08","22","17:00","","16.8","","9.0","","60","","","","34","","10","","24.1","","99.09","","","","","","NA"
"-77.70","53.63","LA GRANDE RIVIERE A","7093716","2019-08-22 18:00","2019","08","22","18:00","","16.4","","9.0","","61","","","","32","","14","","24.1","","99.10","","","","","","NA"
"-77.70","53.63","LA GRANDE RIVIERE A","7093716","2019-08-22 19:00","2019","08","22","19:00","","15.3","","9.3","","67","","","","32","","12","","24.1","","99.11","","","","","","Mainly Clear"
"-77.70","53.63","LA GRANDE RIVIERE A","7093716","2019-08-22 20:00","2019","08","22","20:00","","13.2","","9.3","","77","","","","31","","12","","24.1","","99.13","","","","","","NA"
"-77.70","53.63","LA GRANDE RIVIERE A","7093716","2019-08-22 21:00","2019","08","22","21:00","","12.8","","10.2","","84","","","","34","","12","","24.1","","99.18","","","","","","NA"
"-77.70","53.63","LA GRANDE RIVIERE A","7093716","2019-08-22 22:00","2019","08","22","22:00","","11.7","","9.8","","88","","","","35","","7","","24.1","","99.21","","","","","","Mainly Clear"
"-77.70","53.63","LA GRANDE RIVIERE A","7093716","2019-08-22 23:00","2019","08","22","23:00","","10.7","","9.2","","91","","","","34","","8","","24.1","","99.23","","","","","","NA"
"-77.70","53.63","LA GRANDE RIVIERE A","7093716","2019-08-23 00:00","2019","08","23","00:00","","10.3","","9.0","","92","","","","34","","8","","24.1","","99.25","","","","","","NA"
"-77.70","53.63","LA GRANDE RIVIERE A","7093716","2019-08-23 01:00","2019","08","23","01:00","","9.7","","8.4","","91","","","","33","","5","","24.1","","99.27","","","","","","Mainly Clear"
"-77.70","53.63","LA GRANDE RIVIERE A","7093716","2019-08-23 02:00","2019","08","23","02:00","","8.4","","7.6","","95","","","","33","","8","","24.1","","99.27","","","","","","NA"
"-77.70","53.63","LA GRANDE RIVIERE A","7093716","2019-08-23 03:00","2019","08","23","03:00","","8.6","","7.6","","94","","","","33","","8","","24.1","","99.31","","","","","","NA"
"-77.70","53.63","LA GRANDE RIVIERE A","7093716","2019-08-23 04:00","2019","08","23","04:00","","8.1","","7.3","","95","","","","34","","8","","24.1","","99.37","","","","","","Mainly Clear"
"-77.70","53.63","LA GRANDE RIVIERE A","7093716","2019-08-23 05:00","2019","08","23","05:00","","8.3","","7.4","","94","","","","36","","4","","24.1","","99.41","","","","","","NA"
"-77.70","53.63","LA GRANDE RIVIERE A","7093716","2019-08-23 06:00","2019","08","23","06:00","","9.2","","7.8","","91","","","","33","","7","","24.1","","99.49","","","","","","NA"
"-77.70","53.63","LA GRANDE RIVIERE A","7093716","2019-08-23 07:00","2019","08","23","07:00","","10.9","","8.5","","85","","","","34","","10","","24.1","","99.56","","","","","","Mainly Clear"
"-77.70","53.63","LA GRANDE RIVIERE A","7093716","2019-08-23 08:00","2019","08","23","08:00","","12.4","","8.4","","77","","","","36","","12","","24.1","","99.59","","","","","","NA"
"-77.70","53.63","LA GRANDE RIVIERE A","7093716","2019-08-23 09:00","2019","08","23","09:00","","14.3","","7.8","","65","","","","35","","13","","24.1","","99.61","","","","","","NA"
"-77.70","53.63","LA GRANDE RIVIERE A","7093716","2019-08-23 10:00","2019","08","23","10:00","","15.4","","7.3","","58","","","","2","","15","","24.1","","99.64","","","","","","Mainly Clear"
"-77.70","53.63","LA GRANDE RIVIERE A","7093716","2019-08-23 11:00","2019","08","23","11:00","","16.3","","7.0","","54","","","","3","","10","","24.1","","99.65","","","","","","NA"
"-77.70","53.63","LA GRANDE RIVIERE A","7093716","2019-08-23 12:00","2019","08","23","12:00","","18.0","","6.8","","48","","","","34","","13","","24.1","","99.66","","","","","","NA"
"-77.70","53.63","LA GRANDE RIVIERE A","7093716","2019-08-23 13:00","2019","08","23","13:00","","19.0","","5.2","","40","","","","34","","8","","24.1","","99.68","","","","","","Mainly Clear"
"-77.70","53.63","LA GRANDE RIVIERE A","7093716","2019-08-23 14:00","2019","08","23","14:00","","19.8","","5.0","","38","","","","35","","15","","24.1","","99.71","","","","","","NA"
"-77.70","53.63","LA GRANDE RIVIERE A","7093716","2019-08-23 15:00","2019","08","23","15:00","","20.2","","5.8","","39","","","","33","","13","","24.1","","99.73","","","","","","NA"
"-77.70","53.63","LA GRANDE RIVIERE A","7093716","2019-08-23 16:00","2019","08","23","16:00","","20.4","","3.7","","33","","","","34","","11","","24.1","","99.74","","","","","","Mainly Clear"
"-77.70","53.63","LA GRANDE RIVIERE A","7093716","2019-08-23 17:00","2019","08","23","17:00","","20.3","","4.1","","34","","","","1","","8","","24.1","","99.76","","","","","","NA"
"-77.70","53.63","LA GRANDE RIVIERE A","7093716","2019-08-23 18:00","2019","08","23","18:00","","19.6","","4.0","","35","","","","36","","9","","24.1","","99.77","","","","","","NA"
"-77.70","53.63","LA GRANDE RIVIERE A","7093716","2019-08-23 19:00","2019","08","23","19:00","","17.5","","7.9","","53","","","","34","","5","","24.1","","99.81","","","","","","Mainly Clear"
"-77.70","53.63","LA GRANDE RIVIERE A","7093716","2019-08-23 20:00","2019","08","23","20:00","","14.5","","7.4","","62","","","","32","","4","","24.1","","99.86","","","","","","NA"
"-77.70","53.63","LA GRANDE RIVIERE A","7093716","2019-08-23 21:00","2019","08","23","21:00","","13.0","","6.7","","65","","","","32","","7","","24.1","","99.90","","","","","","NA"
"-77.70","53.63","LA GRANDE RIVIERE A","7093716","2019-08-23 22:00","2019","08","23","22:00","","10.7","","6.8","","76","","","","29","","5","","24.1","","99.95","","","","","","Clear"
"-77.70","53.63","LA GRANDE RIVIERE A","7093716","2019-08-23 23:00","2019","08","23","23:00","","8.7","","6.6","","87","","","","28","","9","","24.1","","100.03","","","","","","NA"
"-77.70","53.63","LA GRANDE RIVIERE A","7093716","2019-08-24 00:00","2019","08","24","00:00","","8.4","","5.4","","82","","","","28","","5","","24.1","","100.06","","","","","","NA"
"-77.70","53.63","LA GRANDE RIVIERE A","7093716","2019-08-24 01:00","2019","08","24","01:00","","7.2","","4.6","","84","","","","27","","8","","24.1","","100.07","","","","","","Clear"
"-77.70","53.63","LA GRANDE RIVIERE A","7093716","2019-08-24 02:00","2019","08","24","02:00","","6.3","","4.1","","86","","","","26","","5","","24.1","","100.09","","","","","","NA"
"-77.70","53.63","LA GRANDE RIVIERE A","7093716","2019-08-24 03:00","2019","08","24","03:00","","5.5","","3.8","","89","","","","24","","6","","24.1","","100.10","","","","","","NA"
"-77.70","53.63","LA GRANDE RIVIERE A","7093716","2019-08-24 04:00","2019","08","24","04:00","","5.3","","3.8","","90","","","","27","","9","","24.1","","100.11","","","","","","Mainly Clear"
"-77.70","53.63","LA GRANDE RIVIERE A","7093716","2019-08-24 05:00","2019","08","24","05:00","","4.6","","3.5","","93","","","","25","","6","","24.1","","100.15","","","","","","NA"
"-77.70","53.63","LA GRANDE RIVIERE A","7093716","2019-08-24 06:00","2019","08","24","06:00","","5.0","","4.4","","96","","","","24","","8","","24.1","","100.22","","","","","","NA"
"-77.70","53.63","LA GRANDE RIVIERE A","7093716","2019-08-24 07:00","2019","08","24","07:00","","7.7","","6.0","","89","","","","25","","12","","24.1","","100.28","","","","","","Mainly Clear"
"-77.70","53.63","LA GRANDE RIVIERE A","7093716","2019-08-24 08:00","2019","08","24","08:00","","12.0","","6.8","","70","","","","25","","16","","24.1","","100.29","","","","","","NA"
"-77.70","53.63","LA GRANDE RIVIERE A","7093716","2019-08-24 09:00","2019","08","24","09:00","","14.6","","5.9","","56","","","","23","","12","","24.1","","100.26","","","","","","NA"
"-77.70","53.63","LA GRANDE RIVIERE A","7093716","2019-08-24 10:00","2019","08","24","10:00","","16.0","","6.4","","53","","","","25","","17","","24.1","","100.27","","","","","","Mostly Cloudy"
"-77.70","53.63","LA GRANDE RIVIERE A","7093716","2019-08-24 11:00","2019","08","24","11:00","","17.3","","6.4","","48","","","","26","","15","","24.1","","100.27","","","","","","NA"
"-77.70","53.63","LA GRANDE RIVIERE A","7093716","2019-08-24 12:00","2019","08","24","12:00","","18.6","","5.3","","41","","","","27","","15","","24.1","","100.26","","","","","","NA"
"-77.70","53.63","LA GRANDE RIVIERE A","7093716","2019-08-24 13:00","2019","08","24","13:00","","19.9","","5.0","","37","","","","26","","18","","24.1","","100.22","","","","","","Mostly Cloudy"
"-77.70","53.63","LA GRANDE RIVIERE A","7093716","2019-08-24 14:00","2019","08","24","14:00","","19.8","","4.7","","37","","","","24","","10","","24.1","","100.17","","","","","","NA"
"-77.70","53.63","LA GRANDE RIVIERE A","7093716","2019-08-24 15:00","2019","08","24","15:00","","20.9","","4.5","","34","","","","26","","10","","24.1","","100.13","","","","","","NA"
"-77.70","53.63","LA GRANDE RIVIERE A","7093716","2019-08-24 16:00","2019","08","24","16:00","","21.1","","4.4","","33","","","","26","","23","","24.1","","100.12","","","","","","Mainly Clear"
"-77.70","53.63","LA GRANDE RIVIERE A","7093716","2019-08-24 17:00","2019","08","24","17:00","","20.4","","5.5","","37","","","","20","","18","","24.1","","100.09","","","","","","NA"
"-77.70","53.63","LA GRANDE RIVIERE A","7093716","2019-08-24 18:00","2019","08","24","18:00","","19.6","","7.0","","44","","","","22","","20","","24.1","","100.08","","","","","","NA"
"-77.70","53.63","LA GRANDE RIVIERE A","7093716","2019-08-24 19:00","2019","08","24","19:00","","17.5","","7.5","","52","","","","22","","13","","24.1","","100.08","","","","","","Mainly Clear"
"-77.70","53.63","LA GRANDE RIVIERE A","7093716","2019-08-24 20:00","2019","08","24","20:00","","14.9","","7.9","","63","","","","20","","10","","24.1","","100.11","","","","","","NA"
"-77.70","53.63","LA GRANDE RIVIERE A","7093716","2019-08-24 21:00","2019","08","24","21:00","","14.3","","8.6","","69","","","","19","","11","","24.1","","100.12","","","","","","NA"
"-77.70","53.63","LA GRANDE RIVIERE A","7093716","2019-08-24 22:00","2019","08","24","22:00","","13.2","","8.0","","70","","","","18","","13","","24.1","","100.12","","","","","","Mostly Cloudy"
"-77.70","53.63","LA GRANDE RIVIERE A","7093716","2019-08-24 23:00","2019","08","24","23:00","","12.7","","7.5","","71","","","","18","","15","","24.1","","100.09","","","","","","NA"
"-77.70","53.63","LA GRANDE RIVIERE A","7093716","2019-08-25 00:00","2019","08","25","00:00","","12.4","","6.9","","69","","","","17","","15","","24.1","","100.06","","","","","","NA"
"-77.70","53.63","LA GRANDE RIVIERE A","7093716","2019-08-25 01:00","2019","08","25","01:00","","11.8","","6.5","","70","","","","17","","16","","24.1","","100.04","","","","","","Clear"
"-77.70","53.63","LA GRANDE RIVIERE A","7093716","2019-08-25 02:00","2019","08","25","02:00","","11.5","","6.1","","70","","","","17","","14","","24.1","","100.04","","","","","","NA"
"-77.70","53.63","LA GRANDE RIVIERE A","7093716","2019-08-25 03:00","2019","08","25","03:00","","11.3","","6.0","","70","","","","17","","17","","24.1","","100.03","","","","","","NA"
"-77.70","53.63","LA GRANDE RIVIERE A","7093716","2019-08-25 04:00","2019","08","25","04:00","","11.7","","5.5","","65","","","","17","","19","","24.1","","100.02","","","","","","Mainly Clear"
"-77.70","53.63","LA GRANDE RIVIERE A","7093716","2019-08-25 05:00","2019","08","25","05:00","","11.3","","5.2","","66","","","","17","","17","","24.1","","100.01","","","","","","NA"
"-77.70","53.63","LA GRANDE RIVIERE A","7093716","2019-08-25 06:00","2019","08","25","06:00","","11.8","","5.7","","66","","","","17","","17","","24.1","","99.99","","","","","","NA"
"-77.70","53.63","LA GRANDE RIVIERE A","7093716","2019-08-25 07:00","2019","08","25","07:00","","13.4","","6.5","","63","","","","17","","19","","24.1","","99.96","","","","","","Mainly Clear"
"-77.70","53.63","LA GRANDE RIVIERE A","7093716","2019-08-25 08:00","2019","08","25","08:00","","16.4","","7.6","","56","","","","19","","17","","24.1","","99.94","","","","","","NA"
"-77.70","53.63","LA GRANDE RIVIERE A","7093716","2019-08-25 09:00","2019","08","25","09:00","","19.1","","8.4","","50","","","","21","","18","","24.1","","99.95","","","","","","NA"
"-77.70","53.63","LA GRANDE RIVIERE A","7093716","2019-08-25 10:00","2019","08","25","10:00","","20.6","","9.7","","49","","","","20","","18","","24.1","","99.92","","","","","","Mainly Clear"
"-77.70","53.63","LA GRANDE RIVIERE A","7093716","2019-08-25 11:00","2019","08","25","11:00","","22.5","","9.3","","42","","","","20","","27","","24.1","","99.89","","","","","","NA"
"-77.70","53.63","LA GRANDE RIVIERE A","7093716","2019-08-25 12:00","2019","08","25","12:00","","23.9","","9.3","","39","","","","22","","23","","24.1","","99.87","","25","","","","NA"
"-77.70","53.63","LA GRANDE RIVIERE A","7093716","2019-08-25 13:00","2019","08","25","13:00","","24.1","","8.6","","37","","","","23","","30","","24.1","","99.83","","25","","","","Mainly Clear"
"-77.70","53.63","LA GRANDE RIVIERE A","7093716","2019-08-25 14:00","2019","08","25","14:00","","24.4","","7.8","","34","","","","21","","26","","24.1","","99.79","","25","","","","NA"
"-77.70","53.63","LA GRANDE RIVIERE A","7093716","2019-08-25 15:00","2019","08","25","15:00","","24.4","","7.4","","33","","","","21","","30","","24.1","","99.77","","25","","","","NA"
"-77.70","53.63","LA GRANDE RIVIERE A","7093716","2019-08-25 16:00","2019","08","25","16:00","","24.1","","7.3","","34","","","","21","","28","","24.1","","99.70","","","","","","Mainly Clear"
"-77.70","53.63","LA GRANDE RIVIERE A","7093716","2019-08-25 17:00","2019","08","25","17:00","","23.0","","8.0","","38","","","","21","","30","","24.1","","99.69","","","","","","NA"
"-77.70","53.63","LA GRANDE RIVIERE A","7093716","2019-08-25 18:00","2019","08","25","18:00","","22.1","","8.8","","42","","","","21","","16","","24.1","","99.68","","","","","","NA"
"-77.70","53.63","LA GRANDE RIVIERE A","7093716","2019-08-25 19:00","2019","08","25","19:00","","20.3","","8.6","","47","","","","22","","11","","24.1","","99.66","","","","","","Mainly Clear"
"-77.70","53.63","LA GRANDE RIVIERE A","7093716","2019-08-25 20:00","2019","08","25","20:00","","17.6","","9.4","","58","","","","21","","7","","24.1","","99.68","","","","","","NA"
"-77.70","53.63","LA GRANDE RIVIERE A","7093716","2019-08-25 21:00","2019","08","25","21:00","","17.1","","9.2","","59","","","","18","","10","","24.1","","99.65","","","","","","NA"
"-77.70","53.63","LA GRANDE RIVIERE A","7093716","2019-08-25 22:00","2019","08","25","22:00","","16.6","","9.2","","62","","","","16","","11","","24.1","","99.64","","","","","","Clear"
"-77.70","53.63","LA GRANDE RIVIERE A","7093716","2019-08-25 23:00","2019","08","25","23:00","","16.4","","8.9","","61","","","","16","","14","","24.1","","99.62","","","","","","NA"
"-77.70","53.63","LA GRANDE RIVIERE A","7093716","2019-08-26 00:00","2019","08","26","00:00","","15.8","","9.0","","64","","","","16","","14","","24.1","","99.62","","","","","","NA"
"-77.70","53.63","LA GRANDE RIVIERE A","7093716","2019-08-26 01:00","2019","08","26","01:00","","15.7","","9.0","","64","","","","17","","18","","24.1","","99.62","","","","","","Clear"
"-77.70","53.63","LA GRANDE RIVIERE A","7093716","2019-08-26 02:00","2019","08","26","02:00","","14.5","","9.0","","69","","","","17","","18","","24.1","","99.63","","","","","","NA"
"-77.70","53.63","LA GRANDE RIVIERE A","7093716","2019-08-26 03:00","2019","08","26","03:00","","14.4","","8.8","","69","","","","17","","19","","24.1","","99.62","","","","","","NA"
"-77.70","53.63","LA GRANDE RIVIERE A","7093716","2019-08-26 04:00","2019","08","26","04:00","","13.8","","8.8","","72","","","","17","","18","","24.1","","99.61","","","","","","Mainly Clear"
"-77.70","53.63","LA GRANDE RIVIERE A","7093716","2019-08-26 05:00","2019","08","26","05:00","","13.5","","9.1","","74","","","","17","","20","","24.1","","99.63","","","","","","NA"
"-77.70","53.63","LA GRANDE RIVIERE A","7093716","2019-08-26 06:00","2019","08","26","06:00","","14.0","","9.5","","74","","","","17","","20","","24.1","","99.64","","","","","","NA"
"-77.70","53.63","LA GRANDE RIVIERE A","7093716","2019-08-26 07:00","2019","08","26","07:00","","15.5","","10.2","","70","","","","17","","18","","24.1","","99.64","","","","","","Clear"
"-77.70","53.63","LA GRANDE RIVIERE A","7093716","2019-08-26 08:00","2019","08","26","08:00","","18.0","","11.1","","64","","","","18","","19","","24.1","","99.64","","","","","","NA"
"-77.70","53.63","LA GRANDE RIVIERE A","7093716","2019-08-26 09:00","2019","08","26","09:00","","20.4","","11.9","","58","","","","18","","20","","24.1","","99.61","","","","","","NA"
"-77.70","53.63","LA GRANDE RIVIERE A","7093716","2019-08-26 10:00","2019","08","26","10:00","","22.7","","11.2","","48","","","","16","","17","","24.1","","99.58","","25","","","","Clear"
"-77.70","53.63","LA GRANDE RIVIERE A","7093716","2019-08-26 11:00","2019","08","26","11:00","","24.9","","11.9","","43","","","","17","","18","","24.1","","99.55","","27","","","","NA"
"-77.70","53.63","LA GRANDE RIVIERE A","7093716","2019-08-26 12:00","2019","08","26","12:00","","26.5","","11.1","","37","","","","20","","22","","24.1","","99.49","","28","","","","NA"
"-77.70","53.63","LA GRANDE RIVIERE A","7093716","2019-08-26 13:00","2019","08","26","13:00","","26.7","","10.7","","36","","","","22","","19","","24.1","","99.46","","28","","","","Mainly Clear"
"-77.70","53.63","LA GRANDE RIVIERE A","7093716","2019-08-26 14:00","2019","08","26","14:00","","26.8","","10.7","","36","","","","22","","25","","24.1","","99.42","","28","","","","NA"
"-77.70","53.63","LA GRANDE RIVIERE A","7093716","2019-08-26 15:00","2019","08","26","15:00","","26.7","","11.3","","38","","","","21","","23","","24.1","","99.37","","29","","","","NA"
"-77.70","53.63","LA GRANDE RIVIERE A","7093716","2019-08-26 16:00","2019","08","26","16:00","","26.6","","10.7","","36","","","","22","","21","","24.1","","99.31","","28","","","","Mainly Clear"
"-77.70","53.63","LA GRANDE RIVIERE A","7093716","2019-08-26 17:00","2019","08","26","17:00","","26.7","","10.8","","36","","","","23","","17","","24.1","","99.27","","28","","","","NA"
"-77.70","53.63","LA GRANDE RIVIERE A","7093716","2019-08-26 18:00","2019","08","26","18:00","","25.8","","10.5","","38","","","","22","","9","","24.1","","99.25","","27","","","","NA"
"-77.70","53.63","LA GRANDE RIVIERE A","7093716","2019-08-26 19:00","2019","08","26","19:00","","22.3","","12.8","","54","","","","19","","4","","24.1","","99.22","","25","","","","Mainly Clear"
"-77.70","53.63","LA GRANDE RIVIERE A","7093716","2019-08-26 20:00","2019","08","26","20:00","","20.3","","11.1","","55","","","","17","","8","","24.1","","99.23","","","","","","NA"
"-77.70","53.63","LA GRANDE RIVIERE A","7093716","2019-08-26 21:00","2019","08","26","21:00","","18.8","","11.5","","62","","","","14","","10","","24.1","","99.20","","","","","","NA"
"-77.70","53.63","LA GRANDE RIVIERE A","7093716","2019-08-26 22:00","2019","08","26","22:00","","20.6","","11.3","","55","","","","15","","14","","24.1","","99.18","","","","","","Mainly Clear"
"-77.70","53.63","LA GRANDE RIVIERE A","7093716","2019-08-26 23:00","2019","08","26","23:00","","19.0","","11.1","","60","","","","16","","12","","24.1","","99.14","","","","","","NA"
"-77.70","53.63","LA GRANDE RIVIERE A","7093716","2019-08-27 00:00","2019","08","27","00:00","","18.6","","10.6","","59","","","","15","","13","","24.1","","99.11","","","","","","NA"
"-77.70","53.63","LA GRANDE RIVIERE A","7093716","2019-08-27 01:00","2019","08","27","01:00","","18.5","","10.4","","59","","","","17","","12","","24.1","","99.08","","","","","","Mostly Cloudy"
"-77.70","53.63","LA GRANDE RIVIERE A","7093716","2019-08-27 02:00","2019","08","27","02:00","","18.2","","10.6","","61","","","","16","","15","","24.1","","99.03","","","","","","NA"
"-77.70","53.63","LA GRANDE RIVIERE A","7093716","2019-08-27 03:00","2019","08","27","03:00","","17.6","","10.8","","64","","","","15","","14","","24.1","","98.98","","","","","","NA"
"-77.70","53.63","LA GRANDE RIVIERE A","7093716","2019-08-27 04:00","2019","08","27","04:00","","16.8","","10.8","","67","","","","14","","17","","24.1","","98.94","","","","","","Mostly Cloudy"
"-77.70","53.63","LA GRANDE RIVIERE A","7093716","2019-08-27 05:00","2019","08","27","05:00","","15.6","","11.2","","75","","","","12","","15","","24.1","","98.88","","","","","","NA"
"-77.70","53.63","LA GRANDE RIVIERE A","7093716","2019-08-27 06:00","2019","08","27","06:00","","15.3","","11.1","","76","","","","11","","17","","24.1","","98.83","","","","","","NA"
"-77.70","53.63","LA GRANDE RIVIERE A","7093716","2019-08-27 07:00","2019","08","27","07:00","","16.3","","11.4","","73","","","","13","","16","","24.1","","98.80","","","","","","Cloudy"
"-77.70","53.63","LA GRANDE RIVIERE A","7093716","2019-08-27 08:00","2019","08","27","08:00","","18.4","","11.9","","65","","","","13","","18","","24.1","","98.75","","","","","","NA"
"-77.70","53.63","LA GRANDE RIVIERE A","7093716","2019-08-27 09:00","2019","08","27","09:00","","21.1","","12.8","","59","","","","13","","18","","24.1","","98.69","","","","","","NA"
"-77.70","53.63","LA GRANDE RIVIERE A","7093716","2019-08-27 10:00","2019","08","27","10:00","","23.2","","11.8","","48","","","","14","","17","","24.1","","98.60","","25","","","","Mostly Cloudy"
"-77.70","53.63","LA GRANDE RIVIERE A","7093716","2019-08-27 11:00","2019","08","27","11:00","","25.1","","10.7","","40","","","","15","","33","","24.1","","98.49","","27","","","","NA"
"-77.70","53.63","LA GRANDE RIVIERE A","7093716","2019-08-27 12:00","2019","08","27","12:00","","25.8","","9.8","","36","","","","14","","39","","24.1","","98.39","","27","","","","NA"
"-77.70","53.63","LA GRANDE RIVIERE A","7093716","2019-08-27 13:00","2019","08","27","13:00","","24.9","","11.1","","42","","","","13","","33","","24.1","","98.32","","27","","","","Cloudy"
"-77.70","53.63","LA GRANDE RIVIERE A","7093716","2019-08-27 14:00","2019","08","27","14:00","","24.7","","11.0","","42","","","","13","","34","","24.1","","98.20","","26","","","","NA"
"-77.70","53.63","LA GRANDE RIVIERE A","7093716","2019-08-27 15:00","2019","08","27","15:00","","25.1","","10.9","","40","","","","12","","37","","24.1","","98.14","","27","","","","NA"
"-77.70","53.63","LA GRANDE RIVIERE A","7093716","2019-08-27 16:00","2019","08","27","16:00","","24.1","","10.8","","43","","","","13","","34","","24.1","","98.07","","26","","","","Cloudy"
"-77.70","53.63","LA GRANDE RIVIERE A","7093716","2019-08-27 17:00","2019","08","27","17:00","","24.2","","11.5","","44","","","","13","","32","","24.1","","98.02","","26","","","","NA"
"-77.70","53.63","LA GRANDE RIVIERE A","7093716","2019-08-27 18:00","2019","08","27","18:00","","23.7","","11.8","","47","","","","13","","23","","24.1","","98.00","","26","","","","NA"
"-77.70","53.63","LA GRANDE RIVIERE A","7093716","2019-08-27 19:00","2019","08","27","19:00","","18.4","","13.8","","74","","","","18","","26","","24.1","","98.13","","","","","","Rain Showers"
"-77.70","53.63","LA GRANDE RIVIERE A","7093716","2019-08-27 20:00","2019","08","27","20:00","","16.9","","14.3","","85","","","","15","","23","","24.1","","98.12","","","","","","Rain Showers"
"-77.70","53.63","LA GRANDE RIVIERE A","7093716","2019-08-27 21:00","2019","08","27","21:00","","17.3","","14.1","","81","","","","15","","33","","24.1","","98.05","","","","","","Rain Showers"
"-77.70","53.63","LA GRANDE RIVIERE A","7093716","2019-08-27 22:00","2019","08","27","22:00","","17.2","","14.5","","84","","","","14","","27","","24.1","","97.99","","","","","","Rain Showers"
"-77.70","53.63","LA GRANDE RIVIERE A","7093716","2019-08-27 23:00","2019","08","27","23:00","","17.3","","14.8","","85","","","","14","","25","","24.1","","97.96","","","","","","NA"
"-77.70","53.63","LA GRANDE RIVIERE A","7093716","2019-08-28 00:00","2019","08","28","00:00","","17.9","","15.3","","85","","","","15","","23","","24.1","","97.95","","","","","","NA"
"-77.70","53.63","LA GRANDE RIVIERE A","7093716","2019-08-28 01:00","2019","08","28","01:00","","18.0","","15.6","","86","","","","15","","22","","24.1","","97.93","","","","","","Cloudy"
"-77.70","53.63","LA GRANDE RIVIERE A","7093716","2019-08-28 02:00","2019","08","28","02:00","","18.1","","15.8","","86","","","","14","","22","","24.1","","97.91","","","","","","NA"
"-77.70","53.63","LA GRANDE RIVIERE A","7093716","2019-08-28 03:00","2019","08","28","03:00","","18.2","","15.8","","86","","","","15","","17","","24.1","","97.89","","","","","","NA"
"-77.70","53.63","LA GRANDE RIVIERE A","7093716","2019-08-28 04:00","2019","08","28","04:00","","17.9","","15.7","","87","","","","14","","19","","24.1","","97.86","","","","","","Cloudy"
"-77.70","53.63","LA GRANDE RIVIERE A","7093716","2019-08-28 05:00","2019","08","28","05:00","","17.8","","15.8","","88","","","","14","","17","","24.1","","97.85","","","","","","NA"
"-77.70","53.63","LA GRANDE RIVIERE A","7093716","2019-08-28 06:00","2019","08","28","06:00","","18.0","","15.9","","87","","","","14","","18","","24.1","","97.85","","","","","","NA"
"-77.70","53.63","LA GRANDE RIVIERE A","7093716","2019-08-28 07:00","2019","08","28","07:00","","18.4","","15.9","","86","","","","14","","22","","24.1","","97.84","","","","","","Cloudy"
"-77.70","53.63","LA GRANDE RIVIERE A","7093716","2019-08-28 08:00","2019","08","28","08:00","","18.9","","15.9","","83","","","","15","","24","","24.1","","97.80","","","","","","NA"
"-77.70","53.63","LA GRANDE RIVIERE A","7093716","2019-08-28 09:00","2019","08","28","09:00","","20.1","","15.6","","75","","","","17","","32","","24.1","","97.76","","","","","","NA"
"-77.70","53.63","LA GRANDE RIVIERE A","7093716","2019-08-28 10:00","2019","08","28","10:00","","21.1","","14.7","","66","","","","16","","28","","24.1","","97.74","","25","","","","Mostly Cloudy"
"-77.70","53.63","LA GRANDE RIVIERE A","7093716","2019-08-28 11:00","2019","08","28","11:00","","21.4","","12.5","","57","","","","19","","26","","24.1","","97.73","","","","","","NA"
"-77.70","53.63","LA GRANDE RIVIERE A","7093716","2019-08-28 12:00","2019","08","28","12:00","","21.9","","10.8","","49","","","","19","","28","","24.1","","97.68","","","","","","NA"
"-77.70","53.63","LA GRANDE RIVIERE A","7093716","2019-08-28 13:00","2019","08","28","13:00","","22.9","","10.2","","44","","","","17","","29","","24.1","","97.65","","","","","","Mostly Cloudy"
"-77.70","53.63","LA GRANDE RIVIERE A","7093716","2019-08-28 14:00","2019","08","28","14:00","","23.7","","10.3","","42","","","","17","","21","","24.1","","97.59","","25","","","","NA"
"-77.70","53.63","LA GRANDE RIVIERE A","7093716","2019-08-28 15:00","2019","08","28","15:00","","24.1","","8.9","","38","","","","17","","31","","24.1","","97.55","","25","","","","NA"
"-77.70","53.63","LA GRANDE RIVIERE A","7093716","2019-08-28 16:00","2019","08","28","16:00","","23.5","","9.2","","40","","","","18","","21","","24.1","","97.54","","","","","","Mostly Cloudy"
"-77.70","53.63","LA GRANDE RIVIERE A","7093716","2019-08-28 17:00","2019","08","28","17:00","","23.8","","9.9","","41","","","","20","","18","","24.1","","97.52","","25","","","","NA"
"-77.70","53.63","LA GRANDE RIVIERE A","7093716","2019-08-28 18:00","2019","08","28","18:00","","22.3","","10.8","","48","","","","20","","13","","24.1","","97.50","","","","","","NA"
"-77.70","53.63","LA GRANDE RIVIERE A","7093716","2019-08-28 19:00","2019","08","28","19:00","","19.7","","11.2","","58","","","","20","","9","","24.1","","97.54","","","","","","Mainly Clear"
"-77.70","53.63","LA GRANDE RIVIERE A","7093716","2019-08-28 20:00","2019","08","28","20:00","","17.1","","11.0","","67","","","","21","","20","","24.1","","97.60","","","","","","NA"
"-77.70","53.63","LA GRANDE RIVIERE A","7093716","2019-08-28 21:00","2019","08","28","21:00","","15.5","","10.3","","71","","","","19","","16","","24.1","","97.54","","","","","","NA"
"-77.70","53.63","LA GRANDE RIVIERE A","7093716","2019-08-28 22:00","2019","08","28","22:00","","14.5","","10.1","","75","","","","15","","13","","24.1","","97.51","","","","","","Mostly Cloudy"
"-77.70","53.63","LA GRANDE RIVIERE A","7093716","2019-08-28 23:00","2019","08","28","23:00","","14.5","","10.4","","76","","","","14","","15","","24.1","","97.50","","","","","","NA"
"-77.70","53.63","LA GRANDE RIVIERE A","7093716","2019-08-29 00:00","2019","08","29","00:00","","15.0","","10.9","","76","","","","17","","17","","24.1","","97.51","","","","","","NA"
"-77.70","53.63","LA GRANDE RIVIERE A","7093716","2019-08-29 01:00","2019","08","29","01:00","","14.3","","10.1","","75","","","","18","","21","","24.1","","97.51","","","","","","Cloudy"
"-77.70","53.63","LA GRANDE RIVIERE A","7093716","2019-08-29 02:00","2019","08","29","02:00","","13.8","","10.6","","81","","","","18","","17","","24.1","","97.50","","","","","","NA"
"-77.70","53.63","LA GRANDE RIVIERE A","7093716","2019-08-29 03:00","2019","08","29","03:00","","13.4","","10.9","","85","","","","18","","20","","24.1","","97.49","","","","","","NA"
"-77.70","53.63","LA GRANDE RIVIERE A","7093716","2019-08-29 04:00","2019","08","29","04:00","","12.7","","12.0","","95","","","","17","","20","","9.7","","97.50","","","","","","Rain,Fog"
"-77.70","53.63","LA GRANDE RIVIERE A","7093716","2019-08-29 05:00","2019","08","29","05:00","","12.6","","12.0","","96","","","","19","","18","","6.4","","97.52","","","","","","Rain,Fog"
"-77.70","53.63","LA GRANDE RIVIERE A","7093716","2019-08-29 06:00","2019","08","29","06:00","","12.5","","11.8","","96","","","","19","","19","","6.4","","97.52","","","","","","Rain,Fog"
"-77.70","53.63","LA GRANDE RIVIERE A","7093716","2019-08-29 07:00","2019","08","29","07:00","","12.2","","10.7","","91","","","","19","","15","","24.1","","97.54","","","","","","Rain"
"-77.70","53.63","LA GRANDE RIVIERE A","7093716","2019-08-29 08:00","2019","08","29","08:00","","12.5","","11.6","","94","","","","18","","17","","4.8","","97.51","","","","","","Rain,Fog"
"-77.70","53.63","LA GRANDE RIVIERE A","7093716","2019-08-29 09:00","2019","08","29","09:00","","11.6","","10.2","","91","","","","21","","40","","4.8","","97.53","","","","","","Rain,Fog"
"-77.70","53.63","LA GRANDE RIVIERE A","7093716","2019-08-29 10:00","2019","08","29","10:00","","11.3","","10.0","","92","","","","20","","21","","4.8","","97.57","","","","","","Rain,Fog"
"-77.70","53.63","LA GRANDE RIVIERE A","7093716","2019-08-29 11:00","2019","08","29","11:00","","12.7","","10.2","","84","","","","21","","21","","24.1","","97.54","","","","","","Rain"
"-77.70","53.63","LA GRANDE RIVIERE A","7093716","2019-08-29 12:00","2019","08","29","12:00","","11.6","","9.3","","85","","","","22","","33","","24.1","","97.56","","","","","","Rain"
"-77.70","53.63","LA GRANDE RIVIERE A","7093716","2019-08-29 13:00","2019","08","29","13:00","","14.6","","8.7","","68","","","","23","","25","","24.1","","97.58","","","","","","Cloudy"
"-77.70","53.63","LA GRANDE RIVIERE A","7093716","2019-08-29 14:00","2019","08","29","14:00","","15.6","","8.4","","62","","","","21","","30","","24.1","","97.60","","","","","","NA"
"-77.70","53.63","LA GRANDE RIVIERE A","7093716","2019-08-29 15:00","2019","08","29","15:00","","16.5","","8.1","","57","","","","21","","30","","24.1","","97.56","","","","","","NA"
"-77.70","53.63","LA GRANDE RIVIERE A","7093716","2019-08-29 16:00","2019","08","29","16:00","","17.3","","6.7","","49","","","","21","","22","","24.1","","97.55","","","","","","Mostly Cloudy"
"-77.70","53.63","LA GRANDE RIVIERE A","7093716","2019-08-29 17:00","2019","08","29","17:00","","17.1","","7.1","","51","","","","20","","23","","24.1","","97.56","","","","","","NA"
"-77.70","53.63","LA GRANDE RIVIERE A","7093716","2019-08-29 18:00","2019","08","29","18:00","","16.9","","7.4","","53","","","","19","","18","","24.1","","97.55","","","","","","NA"
"-77.70","53.63","LA GRANDE RIVIERE A","7093716","2019-08-29 19:00","2019","08","29","19:00","","16.1","","7.5","","57","","","","17","","18","","24.1","","97.53","","","","","","Mostly Cloudy"
"-77.70","53.63","LA GRANDE RIVIERE A","7093716","2019-08-29 20:00","2019","08","29","20:00","","16.3","","7.8","","57","","","","17","","19","","24.1","","97.51","","","","","","NA"
"-77.70","53.63","LA GRANDE RIVIERE A","7093716","2019-08-29 21:00","2019","08","29","21:00","","16.6","","8.8","","60","","","","20","","26","","24.1","","97.55","","","","","","NA"
"-77.70","53.63","LA GRANDE RIVIERE A","7093716","2019-08-29 22:00","2019","08","29","22:00","","15.5","","10.3","","71","","","","19","","24","","24.1","","97.55","","","","","","Rain"
"-77.70","53.63","LA GRANDE RIVIERE A","7093716","2019-08-29 23:00","2019","08","29","23:00","","13.9","","10.6","","80","","","","20","","17","","24.1","","97.51","","","","","","NA"
"-77.70","53.63","LA GRANDE RIVIERE A","7093716","2019-08-30 00:00","2019","08","30","00:00","","13.5","","10.2","","80","","","","18","","18","","24.1","","97.47","","","","","","NA"
"-77.70","53.63","LA GRANDE RIVIERE A","7093716","2019-08-30 01:00","2019","08","30","01:00","","12.8","","10.7","","87","","","","19","","17","","24.1","","97.44","","","","","","Mostly Cloudy"
"-77.70","53.63","LA GRANDE RIVIERE A","7093716","2019-08-30 02:00","2019","08","30","02:00","","11.8","","10.3","","90","","","","18","","16","","24.1","","97.43","","","","","","NA"
"-77.70","53.63","LA GRANDE RIVIERE A","7093716","2019-08-30 03:00","2019","08","30","03:00","","11.0","","9.7","","92","","","","17","","12","","24.1","","97.40","","","","","","NA"
"-77.70","53.63","LA GRANDE RIVIERE A","7093716","2019-08-30 04:00","2019","08","30","04:00","","11.6","","9.5","","87","","","","16","","10","","24.1","","97.37","","","","","","Cloudy"
"-77.70","53.63","LA GRANDE RIVIERE A","7093716","2019-08-30 05:00","2019","08","30","05:00","","11.7","","9.5","","87","","","","15","","10","","24.1","","97.35","","","","","","Drizzle"
"-77.70","53.63","LA GRANDE RIVIERE A","7093716","2019-08-30 06:00","2019","08","30","06:00","","11.8","","9.7","","87","","","","17","","9","","24.1","","97.33","","","","","","NA"
"-77.70","53.63","LA GRANDE RIVIERE A","7093716","2019-08-30 07:00","2019","08","30","07:00","","12.0","","10.2","","89","","","","18","","8","","9.7","","97.32","","","","","","Drizzle,Fog"
"-77.70","53.63","LA GRANDE RIVIERE A","7093716","2019-08-30 08:00","2019","08","30","08:00","","11.4","","10.7","","95","","","","19","","9","","9.7","","97.31","","","","","","Rain,Fog"
"-77.70","53.63","LA GRANDE RIVIERE A","7093716","2019-08-30 09:00","2019","08","30","09:00","","10.7","","10.1","","96","","","","28","","20","","1.6","","97.38","","","","","","Rain,Drizzle,Fog"
"-77.70","53.63","LA GRANDE RIVIERE A","7093716","2019-08-30 10:00","2019","08","30","10:00","","11.4","","10.2","","92","","","","26","","18","","24.1","","97.41","","","","","","Cloudy"
"-77.70","53.63","LA GRANDE RIVIERE A","7093716","2019-08-30 11:00","2019","08","30","11:00","","11.9","","10.9","","94","","","","26","","24","","6.4","","97.46","","","","","","Drizzle,Fog"
"-77.70","53.63","LA GRANDE RIVIERE A","7093716","2019-08-30 12:00","2019","08","30","12:00","","11.9","","10.1","","89","","","","26","","24","","6.4","","97.51","","","","","","Drizzle,Fog"
"-77.70","53.63","LA GRANDE RIVIERE A","7093716","2019-08-30 13:00","2019","08","30","13:00","","10.8","","9.2","","89","","","","25","","33","","16.1","","97.62","","","","","","Rain,Drizzle,Fog"
"-77.70","53.63","LA GRANDE RIVIERE A","7093716","2019-08-30 14:00","2019","08","30","14:00","","10.5","","8.4","","87","","","","26","","32","","9.7","","97.70","","","","","","Drizzle,Fog"
"-77.70","53.63","LA GRANDE RIVIERE A","7093716","2019-08-30 15:00","2019","08","30","15:00","","10.1","","8.2","","88","","","","25","","29","","9.7","","97.77","","","","","","Drizzle,Fog"
"-77.70","53.63","LA GRANDE RIVIERE A","7093716","2019-08-30 16:00","2019","08","30","16:00","","8.8","","6.9","","88","","","","26","","43","","9.7","","97.90","","","","","","Rain,Drizzle,Fog"
"-77.70","53.63","LA GRANDE RIVIERE A","7093716","2019-08-30 17:00","2019","08","30","17:00","","7.8","","7.1","","95","","","","26","","33","","4.8","","98.01","","","","","","Rain,Drizzle,Fog"
"-77.70","53.63","LA GRANDE RIVIERE A","7093716","2019-08-30 18:00","2019","08","30","18:00","","7.1","","6.2","","94","","","","27","","35","","4.8","","98.13","","","","","","Rain,Drizzle,Fog"
"-77.70","53.63","LA GRANDE RIVIERE A","7093716","2019-08-30 19:00","2019","08","30","19:00","","6.4","","5.5","","94","","","","28","","30","","3.2","","98.25","","","","","","Rain,Drizzle,Fog"
"-77.70","53.63","LA GRANDE RIVIERE A","7093716","2019-08-30 20:00","2019","08","30","20:00","","5.8","","5.0","","94","","","","28","","41","","4.8","","98.39","","","","","","Drizzle,Fog"
"-77.70","53.63","LA GRANDE RIVIERE A","7093716","2019-08-30 21:00","2019","08","30","21:00","","5.5","","4.8","","95","","","","28","","36","","4.8","","98.52","","","","","","Drizzle,Fog"
"-77.70","53.63","LA GRANDE RIVIERE A","7093716","2019-08-30 22:00","2019","08","30","22:00","","5.0","","4.3","","95","","","","28","","32","","4.8","","98.62","","","","","","Drizzle,Fog"
"-77.70","53.63","LA GRANDE RIVIERE A","7093716","2019-08-30 23:00","2019","08","30","23:00","","4.4","","3.6","","94","","","","29","","29","","24.1","","98.72","","","","","","Rain"
"-77.70","53.63","LA GRANDE RIVIERE A","7093716","2019-08-31 00:00","2019","08","31","00:00","","4.2","","3.3","","94","","","","29","","25","","16.1","","98.82","","","","","","Rain"
"-77.70","53.63","LA GRANDE RIVIERE A","7093716","2019-08-31 01:00","2019","08","31","01:00","","3.8","","3.1","","95","","","","27","","32","","4.8","","98.89","","","","","","Rain,Fog"
"-77.70","53.63","LA GRANDE RIVIERE A","7093716","2019-08-31 02:00","2019","08","31","02:00","","3.8","","3.2","","96","","","","27","","22","","4.8","","98.98","","","","","","Rain,Fog"
"-77.70","53.63","LA GRANDE RIVIERE A","7093716","2019-08-31 03:00","2019","08","31","03:00","","3.8","","3.2","","96","","","","27","","28","","4.8","","99.04","","","","","","Rain,Fog"
"-77.70","53.63","LA GRANDE RIVIERE A","7093716","2019-08-31 04:00","2019","08","31","04:00","","3.6","","2.6","","93","","","","27","","34","","11.3","","99.12","","","","","","Drizzle"
"-77.70","53.63","LA GRANDE RIVIERE A","7093716","2019-08-31 05:00","2019","08","31","05:00","","3.4","","2.5","","94","","","","26","","25","","6.4","","99.19","","","","","","Drizzle,Fog"
"-77.70","53.63","LA GRANDE RIVIERE A","7093716","2019-08-31 06:00","2019","08","31","06:00","","3.1","","2.1","","93","","","","26","","28","","8.1","","99.25","","","","","","Rain,Fog"
"-77.70","53.63","LA GRANDE RIVIERE A","7093716","2019-08-31 07:00","2019","08","31","07:00","","3.3","","2.1","","92","","","","26","","24","","24.1","","99.28","","","","","","Rain"
"-77.70","53.63","LA GRANDE RIVIERE A","7093716","2019-08-31 08:00","2019","08","31","08:00","","3.7","","1.6","","86","","","","27","","38","","16.1","","99.38","","","","","","Rain"
"-77.70","53.63","LA GRANDE RIVIERE A","7093716","2019-08-31 09:00","2019","08","31","09:00","","5.4","","2.4","","81","","","","27","","30","","9.7","","99.43","","","","","","Rain,Fog"
"-77.70","53.63","LA GRANDE RIVIERE A","7093716","2019-08-31 10:00","2019","08","31","10:00","","4.5","","2.0","","84","","","","28","","39","","9.7","","99.49","","","","","","Rain,Fog"
"-77.70","53.63","LA GRANDE RIVIERE A","7093716","2019-08-31 11:00","2019","08","31","11:00","","6.3","","4.3","","87","","","","27","","30","","24.1","","99.53","","","","","","Rain Showers"
"-77.70","53.63","LA GRANDE RIVIERE A","7093716","2019-08-31 12:00","2019","08","31","12:00","","3.9","","2.4","","90","","","","29","","30","","24.1","","99.60","","","","","","Rain Showers"
"-77.70","53.63","LA GRANDE RIVIERE A","7093716","2019-08-31 13:00","2019","08","31","13:00","","4.6","","2.5","","86","","","","28","","41","","24.1","","99.69","","","","","","Rain Showers"
"-77.70","53.63","LA GRANDE RIVIERE A","7093716","2019-08-31 14:00","2019","08","31","14:00","","6.7","","0.8","","66","","","","27","","46","","24.1","","99.70","","","","","","Rain Showers"
"-77.70","53.63","LA GRANDE RIVIERE A","7093716","2019-08-31 15:00","2019","08","31","15:00","","7.9","","-0.3","","56","","","","27","","40","","24.1","","99.75","","","","","","NA"
"-77.70","53.63","LA GRANDE RIVIERE A","7093716","2019-08-31 16:00","2019","08","31","16:00","","8.4","","0.6","","58","","","","27","","34","","24.1","","99.78","","","","","","Mostly Cloudy"
"-77.70","53.63","LA GRANDE RIVIERE A","7093716","2019-08-31 17:00","2019","08","31","17:00","","8.7","","-0.2","","53","","","","27","","36","","24.1","","99.85","","","","","","NA"
"-77.70","53.63","LA GRANDE RIVIERE A","7093716","2019-08-31 18:00","2019","08","31","18:00","","7.9","","-1.1","","53","","","","26","","26","","24.1","","99.86","","","","","","NA"
"-77.70","53.63","LA GRANDE RIVIERE A","7093716","2019-08-31 19:00","2019","08","31","19:00","","6.7","","-0.7","","59","","","","24","","9","","24.1","","99.87","","","","","","Cloudy"
"-77.70","53.63","LA GRANDE RIVIERE A","7093716","2019-08-31 20:00","2019","08","31","20:00","","6.3","","-0.5","","61","","","","22","","12","","24.1","","99.86","","","","","","NA"
"-77.70","53.63","LA GRANDE RIVIERE A","7093716","2019-08-31 21:00","2019","08","31","21:00","","7.1","","2.1","","70","","","","21","","13","","24.1","","99.81","","","","","","NA"
"-77.70","53.63","LA GRANDE RIVIERE A","7093716","2019-08-31 22:00","2019","08","31","22:00","","6.8","","2.7","","75","","","","19","","16","","24.1","","99.74","","","","","","Cloudy"
"-77.70","53.63","LA GRANDE RIVIERE A","7093716","2019-08-31 23:00","2019","08","31","23:00","","7.3","","3.4","","76","","","","19","","17","","24.1","","99.69","","","","","","NA"
"-77.70","53.63","LA GRANDE RIVIERE A","7093716","2019-09-01 00:00","2019","09","01","00:00","","7.7","","3.9","","77","","","","20","","14","","24.1","","99.66","","","","","","Rain"
"-77.70","53.63","LA GRANDE RIVIERE A","7093716","2019-09-01 01:00","2019","09","01","01:00","","7.5","","3.9","","78","","","","19","","16","","24.1","","99.62","","","","","","Cloudy"
"-77.70","53.63","LA GRANDE RIVIERE A","7093716","2019-09-01 02:00","2019","09","01","02:00","","7.9","","3.1","","72","","","","19","","18","","24.1","","99.56","","","","","","Rain"
"-77.70","53.63","LA GRANDE RIVIERE A","7093716","2019-09-01 03:00","2019","09","01","03:00","","7.8","","1.6","","64","","","","19","","22","","24.1","","99.50","","","","","","Rain"
"-77.70","53.63","LA GRANDE RIVIERE A","7093716","2019-09-01 04:00","2019","09","01","04:00","","7.7","","0.8","","62","","","","19","","21","","24.1","","99.42","","","","","","Cloudy"
"-77.70","53.63","LA GRANDE RIVIERE A","7093716","2019-09-01 05:00","2019","09","01","05:00","","7.5","","0.9","","63","","","","18","","22","","24.1","","99.33","","","","","","Rain Showers"
"-77.70","53.63","LA GRANDE RIVIERE A","7093716","2019-09-01 06:00","2019","09","01","06:00","","7.6","","1.8","","67","","","","18","","16","","24.1","","99.24","","","","","","Rain Showers"
"-77.70","53.63","LA GRANDE RIVIERE A","7093716","2019-09-01 07:00","2019","09","01","07:00","","9.0","","2.6","","64","","","","19","","24","","24.1","","99.10","","","","","","Rain Showers"
"-77.70","53.63","LA GRANDE RIVIERE A","7093716","2019-09-01 08:00","2019","09","01","08:00","","11.2","","4.3","","62","","","","20","","29","","24.1","","99.02","","","","","","NA"
"-77.70","53.63","LA GRANDE RIVIERE A","7093716","2019-09-01 09:00","2019","09","01","09:00","","12.7","","5.6","","61","","","","21","","40","","24.1","","98.94","","","","","","NA"
"-77.70","53.63","LA GRANDE RIVIERE A","7093716","2019-09-01 10:00","2019","09","01","10:00","","14.1","","7.1","","63","","","","22","","20","","24.1","","98.91","","","","","","Cloudy"
"-77.70","53.63","LA GRANDE RIVIERE A","7093716","2019-09-01 11:00","2019","09","01","11:00","","16.4","","7.8","","56","","","","22","","30","","24.1","","98.80","","","","","","NA"
"-77.70","53.63","LA GRANDE RIVIERE A","7093716","2019-09-01 12:00","2019","09","01","12:00","","17.5","","8.7","","56","","","","22","","26","","24.1","","98.72","","","","","","NA"
"-77.70","53.63","LA GRANDE RIVIERE A","7093716","2019-09-01 13:00","2019","09","01","13:00","","14.9","","10.6","","75","","","","23","","24","","24.1","","98.66","","","","","","Rain Showers"
"-77.70","53.63","LA GRANDE RIVIERE A","7093716","2019-09-01 14:00","2019","09","01","14:00","","17.0","","9.5","","61","","","","22","","36","","24.1","","98.58","","","","","","NA"
"-77.70","53.63","LA GRANDE RIVIERE A","7093716","2019-09-01 15:00","2019","09","01","15:00","","15.6","","9.4","","66","","","","23","","31","","24.1","","98.57","","","","","","NA"
"-77.70","53.63","LA GRANDE RIVIERE A","7093716","2019-09-01 16:00","2019","09","01","16:00","","14.5","","9.5","","71","","","","23","","28","","24.1","","98.56","","","","","","Mostly Cloudy"
"-77.70","53.63","LA GRANDE RIVIERE A","7093716","2019-09-01 17:00","2019","09","01","17:00","","13.4","","9.7","","78","","","","24","","20","","24.1","","98.57","","","","","","Rain Showers"
"-77.70","53.63","LA GRANDE RIVIERE A","7093716","2019-09-01 18:00","2019","09","01","18:00","","12.5","","10.0","","85","","","","24","","10","","24.1","","98.54","","","","","","Rain Showers"
"-77.70","53.63","LA GRANDE RIVIERE A","7093716","2019-09-01 19:00","2019","09","01","19:00","","10.4","","9.6","","94","","","","30","","7","","4.8","","98.54","","","","","","Rain Showers,Fog"
"-77.70","53.63","LA GRANDE RIVIERE A","7093716","2019-09-01 20:00","2019","09","01","20:00","","9.8","","9.2","","96","","","","31","","7","","24.1","","98.53","","","","","","Rain"
"-77.70","53.63","LA GRANDE RIVIERE A","7093716","2019-09-01 21:00","2019","09","01","21:00","","9.1","","8.5","","96","","","","32","","12","","24.1","","98.52","","","","","","Rain"
"-77.70","53.63","LA GRANDE RIVIERE A","7093716","2019-09-01 22:00","2019","09","01","22:00","","7.9","","7.2","","96","","","","33","","14","","24.1","","98.53","","","","","","Rain"
"-77.70","53.63","LA GRANDE RIVIERE A","7093716","2019-09-01 23:00","2019","09","01","23:00","","6.7","","6.0","","95","","","","32","","20","","16.1","","98.57","","","","","","Rain Showers"
"-77.70","53.63","LA GRANDE RIVIERE A","7093716","2019-09-02 00:00","2019","09","02","00:00","","6.0","","5.4","","96","","","","32","","15","","24.1","","98.57","","","","","","Drizzle"
"-77.70","53.63","LA GRANDE RIVIERE A","7093716","2019-09-02 01:00","2019","09","02","01:00","","4.8","","4.3","","96","","","","32","","17","","4.8","","98.62","","","","","","Drizzle,Fog"
"-77.70","53.63","LA GRANDE RIVIERE A","7093716","2019-09-02 02:00","2019","09","02","02:00","","3.6","","2.9","","96","","","","32","","16","","24.1","","98.68","","","","","","Drizzle"
"-77.70","53.63","LA GRANDE RIVIERE A","7093716","2019-09-02 03:00","2019","09","02","03:00","","3.1","","2.3","","94","","","","30","","9","","24.1","","98.69","","","","","","NA"
"-77.70","53.63","LA GRANDE RIVIERE A","7093716","2019-09-02 04:00","2019","09","02","04:00","","2.8","","1.8","","93","","","","29","","10","","24.1","","98.72","","","","","","Cloudy"
"-77.70","53.63","LA GRANDE RIVIERE A","7093716","2019-09-02 05:00","2019","09","02","05:00","","2.6","","1.7","","94","","","","28","","10","","24.1","","98.73","","","","","","NA"
"-77.70","53.63","LA GRANDE RIVIERE A","7093716","2019-09-02 06:00","2019","09","02","06:00","","1.7","","1.0","","95","","","","25","","10","","24.1","","98.78","","","","","","NA"
"-77.70","53.63","LA GRANDE RIVIERE A","7093716","2019-09-02 07:00","2019","09","02","07:00","","3.3","","1.8","","90","","","","25","","13","","24.1","","98.79","","","","","","Mainly Clear"
"-77.70","53.63","LA GRANDE RIVIERE A","7093716","2019-09-02 08:00","2019","09","02","08:00","","5.2","","2.1","","81","","","","25","","18","","24.1","","98.78","","","","","","NA"
"-77.70","53.63","LA GRANDE RIVIERE A","7093716","2019-09-02 09:00","2019","09","02","09:00","","6.1","","2.0","","75","","","","25","","22","","24.1","","98.71","","","","","","Rain Showers"
"-77.70","53.63","LA GRANDE RIVIERE A","7093716","2019-09-02 10:00","2019","09","02","10:00","","7.2","","1.2","","65","","","","25","","28","","24.1","","98.68","","","","","","Rain Showers"
"-77.70","53.63","LA GRANDE RIVIERE A","7093716","2019-09-02 11:00","2019","09","02","11:00","","7.9","","0.5","","59","","","","25","","30","","24.1","","98.64","","","","","","NA"
"-77.70","53.63","LA GRANDE RIVIERE A","7093716","2019-09-02 12:00","2019","09","02","12:00","","6.2","","2.4","","76","","","","25","","42","","9.7","","98.66","","","","","","Rain Showers"
"-77.70","53.63","LA GRANDE RIVIERE A","7093716","2019-09-02 13:00","2019","09","02","13:00","","7.0","","1.9","","70","","","","26","","41","","24.1","","98.66","","","","","","Rain Showers"
"-77.70","53.63","LA GRANDE RIVIERE A","7093716","2019-09-02 14:00","2019","09","02","14:00","","5.6","","3.3","","85","","","","25","","40","","19.3","","98.69","","","","","","Rain Showers"
"-77.70","53.63","LA GRANDE RIVIERE A","7093716","2019-09-02 15:00","2019","09","02","15:00","","5.4","","3.3","","87","","","","25","","39","","19.3","","98.71","","","","","","Rain Showers"
"-77.70","53.63","LA GRANDE RIVIERE A","7093716","2019-09-02 16:00","2019","09","02","16:00","","5.4","","3.6","","88","","","","26","","40","","9.7","","98.79","","","","","","Rain Showers,Fog"
"-77.70","53.63","LA GRANDE RIVIERE A","7093716","2019-09-02 17:00","2019","09","02","17:00","","5.1","","3.1","","87","","","","26","","40","","9.7","","98.85","","","","","","Rain Showers,Fog"
"-77.70","53.63","LA GRANDE RIVIERE A","7093716","2019-09-02 18:00","2019","09","02","18:00","","4.2","","2.9","","91","","","","27","","35","","9.7","","98.91","","","","","","Rain Showers,Fog"
"-77.70","53.63","LA GRANDE RIVIERE A","7093716","2019-09-02 19:00","2019","09","02","19:00","","4.0","","3.0","","93","","","","26","","33","","6.4","","98.92","","","","","","Rain Showers,Fog"
"-77.70","53.63","LA GRANDE RIVIERE A","7093716","2019-09-02 20:00","2019","09","02","20:00","","4.0","","2.9","","93","","","","26","","34","","16.1","","98.93","","","","","","Rain"
"-77.70","53.63","LA GRANDE RIVIERE A","7093716","2019-09-02 21:00","2019","09","02","21:00","","3.7","","2.7","","93","","","","27","","32","","11.3","","98.94","","","","","","Rain"
"-77.70","53.63","LA GRANDE RIVIERE A","7093716","2019-09-02 22:00","2019","09","02","22:00","","3.6","","2.8","","94","","","","27","","32","","24.1","","98.96","","","","","","Rain"
"-77.70","53.63","LA GRANDE RIVIERE A","7093716","2019-09-02 23:00","2019","09","02","23:00","","3.6","","2.7","","94","","","","26","","34","","16.1","","98.99","","","","","","Rain"
"-77.70","53.63","LA GRANDE RIVIERE A","7093716","2019-09-03 00:00","2019","09","03","00:00","","3.6","","2.9","","95","","","","26","","29","","8.1","","99.02","","","","","","Rain,Fog"
"-77.70","53.63","LA GRANDE RIVIERE A","7093716","2019-09-03 01:00","2019","09","03","01:00","","3.5","","3.0","","96","","","","26","","27","","4.8","","99.03","","","","","","Rain,Fog"
"-77.70","53.63","LA GRANDE RIVIERE A","7093716","2019-09-03 02:00","2019","09","03","02:00","","3.6","","3.0","","96","","","","27","","27","","8.1","","99.03","","","","","","Rain,Fog"
"-77.70","53.63","LA GRANDE RIVIERE A","7093716","2019-09-03 03:00","2019","09","03","03:00","","3.5","","3.0","","96","","","","26","","22","","8.1","","99.03","","","","","","Rain,Fog"
"-77.70","53.63","LA GRANDE RIVIERE A","7093716","2019-09-03 04:00","2019","09","03","04:00","","3.5","","3.0","","97","","","","25","","21","","6.4","","99.07","","","","","","Rain,Fog"
"-77.70","53.63","LA GRANDE RIVIERE A","7093716","2019-09-03 05:00","2019","09","03","05:00","","3.6","","2.8","","95","","","","24","","17","","6.4","","99.15","","","","","","Drizzle,Fog"
"-77.70","53.63","LA GRANDE RIVIERE A","7093716","2019-09-03 06:00","2019","09","03","06:00","","3.6","","2.6","","94","","","","25","","20","","8.1","","99.19","","","","","","Fog"
"-77.70","53.63","LA GRANDE RIVIERE A","7093716","2019-09-03 07:00","2019","09","03","07:00","","3.8","","2.5","","91","","","","24","","18","","24.1","","99.22","","","","","","Cloudy"
"-77.70","53.63","LA GRANDE RIVIERE A","7093716","2019-09-03 08:00","2019","09","03","08:00","","4.5","","2.6","","88","","","","25","","21","","24.1","","99.23","","","","","","NA"
"-77.70","53.63","LA GRANDE RIVIERE A","7093716","2019-09-03 09:00","2019","09","03","09:00","","5.5","","1.7","","77","","","","25","","24","","24.1","","99.24","","","","","","NA"
"-77.70","53.63","LA GRANDE RIVIERE A","7093716","2019-09-03 10:00","2019","09","03","10:00","","6.5","","1.6","","71","","","","25","","25","","24.1","","99.24","","","","","","Cloudy"
"-77.70","53.63","LA GRANDE RIVIERE A","7093716","2019-09-03 11:00","2019","09","03","11:00","","7.2","","1.9","","69","","","","28","","26","","24.1","","99.23","","","","","","NA"
"-77.70","53.63","LA GRANDE RIVIERE A","7093716","2019-09-03 12:00","2019","09","03","12:00","","9.2","","0.9","","56","","","","25","","27","","24.1","","99.21","","","","","","NA"
"-77.70","53.63","LA GRANDE RIVIERE A","7093716","2019-09-03 13:00","2019","09","03","13:00","","8.9","","1.3","","58","","","","27","","25","","24.1","","99.21","","","","","","Cloudy"
"-77.70","53.63","LA GRANDE RIVIERE A","7093716","2019-09-03 14:00","2019","09","03","14:00","","9.6","","0.6","","53","","","","27","","25","","24.1","","99.17","","","","","","NA"
"-77.70","53.63","LA GRANDE RIVIERE A","7093716","2019-09-03 15:00","2019","09","03","15:00","","9.5","","0.9","","55","","","","26","","19","","24.1","","99.15","","","","","","NA"
"-77.70","53.63","LA GRANDE RIVIERE A","7093716","2019-09-03 16:00","2019","09","03","16:00","","9.3","","1.0","","56","","","","26","","16","","24.1","","99.12","","","","","","Cloudy"
"-77.70","53.63","LA GRANDE RIVIERE A","7093716","2019-09-03 17:00","2019","09","03","17:00","","8.6","","1.1","","59","","","","30","","7","","24.1","","99.09","","","","","","NA"
"-77.70","53.63","LA GRANDE RIVIERE A","7093716","2019-09-03 18:00","2019","09","03","18:00","","7.4","","1.7","","67","","","","30","","6","","24.1","","99.10","","","","","","NA"
"-77.70","53.63","LA GRANDE RIVIERE A","7093716","2019-09-03 19:00","2019","09","03","19:00","","5.8","","1.6","","74","","","","31","","6","","24.1","","99.09","","","","","","Mostly Cloudy"
"-77.70","53.63","LA GRANDE RIVIERE A","7093716","2019-09-03 20:00","2019","09","03","20:00","","5.1","","1.2","","76","","","","33","","7","","24.1","","99.08","","","","","","NA"
"-77.70","53.63","LA GRANDE RIVIERE A","7093716","2019-09-03 21:00","2019","09","03","21:00","","4.3","","1.6","","83","","","","2","","4","","24.1","","99.02","","","","","","NA"
"-77.70","53.63","LA GRANDE RIVIERE A","7093716","2019-09-03 22:00","2019","09","03","22:00","","4.6","","1.7","","81","","","","5","","5","","24.1","","98.98","","","","","","Mostly Cloudy"
"-77.70","53.63","LA GRANDE RIVIERE A","7093716","2019-09-03 23:00","2019","09","03","23:00","","4.5","","0.5","","75","","","","4","","8","","24.1","","98.94","","","","","","NA"
"-77.70","53.63","LA GRANDE RIVIERE A","7093716","2019-09-04 00:00","2019","09","04","00:00","","3.9","","0.8","","80","","","","2","","5","","24.1","","98.90","","","","","","NA"
"-77.70","53.63","LA GRANDE RIVIERE A","7093716","2019-09-04 01:00","2019","09","04","01:00","","3.6","","1.4","","86","","","","2","","5","","24.1","","98.82","","","","","","Mainly Clear"
"-77.70","53.63","LA GRANDE RIVIERE A","7093716","2019-09-04 02:00","2019","09","04","02:00","","3.5","","1.3","","86","","","","2","","8","","24.1","","98.76","","","","","","NA"
"-77.70","53.63","LA GRANDE RIVIERE A","7093716","2019-09-04 03:00","2019","09","04","03:00","","3.8","","1.9","","88","","","","2","","8","","24.1","","98.70","","","","","","NA"
"-77.70","53.63","LA GRANDE RIVIERE A","7093716","2019-09-04 04:00","2019","09","04","04:00","","4.0","","1.9","","86","","","","3","","7","","24.1","","98.67","","","","","","Cloudy"
"-77.70","53.63","LA GRANDE RIVIERE A","7093716","2019-09-04 05:00","2019","09","04","05:00","","3.2","","1.5","","88","","","","1","","7","","24.1","","98.68","","","","","","NA"
"-77.70","53.63","LA GRANDE RIVIERE A","7093716","2019-09-04 06:00","2019","09","04","06:00","","3.1","","1.9","","92","","","","1","","8","","24.1","","98.68","","","","","","NA"
"-77.70","53.63","LA GRANDE RIVIERE A","7093716","2019-09-04 07:00","2019","09","04","07:00","","3.5","","2.0","","90","","","","1","","8","","24.1","","98.67","","","","","","Cloudy"
"-77.70","53.63","LA GRANDE RIVIERE A","7093716","2019-09-04 08:00","2019","09","04","08:00","","5.3","","2.5","","82","","","","1","","7","","24.1","","98.66","","","","","","NA"
"-77.70","53.63","LA GRANDE RIVIERE A","7093716","2019-09-04 09:00","2019","09","04","09:00","","7.5","","2.5","","70","","","","36","","7","","24.1","","98.61","","","","","","NA"
"-77.70","53.63","LA GRANDE RIVIERE A","7093716","2019-09-04 10:00","2019","09","04","10:00","","9.0","","1.5","","59","","","","2","","8","","24.1","","98.58","","","","","","Mostly Cloudy"
"-77.70","53.63","LA GRANDE RIVIERE A","7093716","2019-09-04 11:00","2019","09","04","11:00","","9.9","","-1.1","","46","","","","1","","5","","24.1","","98.53","","","","","","NA"
"-77.70","53.63","LA GRANDE RIVIERE A","7093716","2019-09-04 12:00","2019","09","04","12:00","","11.1","","-2.3","","39","","","","31","","10","","24.1","","98.50","","","","","","NA"
"-77.70","53.63","LA GRANDE RIVIERE A","7093716","2019-09-04 13:00","2019","09","04","13:00","","12.0","","-3.1","","35","","","","29","","17","","24.1","","98.54","","","","","","Mostly Cloudy"
"-77.70","53.63","LA GRANDE RIVIERE A","7093716","2019-09-04 14:00","2019","09","04","14:00","","11.8","","-3.3","","34","","","","28","","19","","24.1","","98.55","","","","","","NA"
"-77.70","53.63","LA GRANDE RIVIERE A","7093716","2019-09-04 15:00","2019","09","04","15:00","","11.3","","-4.0","","34","","","","30","","18","","24.1","","98.58","","","","","","NA"
"-77.70","53.63","LA GRANDE RIVIERE A","7093716","2019-09-04 16:00","2019","09","04","16:00","","11.3","","-1.4","","41","","","","31","","14","","24.1","","98.60","","","","","","Mostly Cloudy"
"-77.70","53.63","LA GRANDE RIVIERE A","7093716","2019-09-04 17:00","2019","09","04","17:00","","9.9","","0.7","","53","","","","28","","23","","24.1","","98.66","","","","","","NA"
"-77.70","53.63","LA GRANDE RIVIERE A","7093716","2019-09-04 18:00","2019","09","04","18:00","","8.0","","1.2","","62","","","","28","","24","","24.1","","98.73","","","","","","NA"
"-77.70","53.63","LA GRANDE RIVIERE A","7093716","2019-09-04 19:00","2019","09","04","19:00","","7.1","","1.5","","68","","","","29","","17","","24.1","","98.76","","","","","","Cloudy"
"-77.70","53.63","LA GRANDE RIVIERE A","7093716","2019-09-04 20:00","2019","09","04","20:00","","6.2","","2.3","","76","","","","29","","9","","24.1","","98.79","","","","","","Rain Showers"
"-77.70","53.63","LA GRANDE RIVIERE A","7093716","2019-09-04 21:00","2019","09","04","21:00","","5.0","","3.4","","90","","","","30","","9","","24.1","","98.80","","","","","","Rain Showers"
"-77.70","53.63","LA GRANDE RIVIERE A","7093716","2019-09-04 22:00","2019","09","04","22:00","","4.8","","3.9","","94","","","","28","","5","","24.1","","98.79","","","","","","Rain Showers"
"-77.70","53.63","LA GRANDE RIVIERE A","7093716","2019-09-04 23:00","2019","09","04","23:00","","4.9","","3.8","","92","","","","24","","10","","24.1","","98.79","","","","","","Rain Showers"
"-77.70","53.63","LA GRANDE RIVIERE A","7093716","2019-09-05 00:00","2019","09","05","00:00","","4.8","","4.2","","96","","","","26","","15","","4.8","","98.79","","","","","","Drizzle,Fog"
"-77.70","53.63","LA GRANDE RIVIERE A","7093716","2019-09-05 01:00","2019","09","05","01:00","","3.0","","2.1","","93","","","","29","","14","","24.1","","98.84","","","","","","Drizzle"
"-77.70","53.63","LA GRANDE RIVIERE A","7093716","2019-09-05 02:00","2019","09","05","02:00","","2.4","","1.6","","94","","","","29","","11","","24.1","","98.89","","","","","","NA"
"-77.70","53.63","LA GRANDE RIVIERE A","7093716","2019-09-05 03:00","2019","09","05","03:00","","1.1","","0.6","","96","","","","27","","10","","24.1","","98.93","","","","","","NA"
"-77.70","53.63","LA GRANDE RIVIERE A","7093716","2019-09-05 04:00","2019","09","05","04:00","","1.9","","1.4","","97","","","","26","","9","","24.1","","98.96","","","","","","Drizzle"
"-77.70","53.63","LA GRANDE RIVIERE A","7093716","2019-09-05 05:00","2019","09","05","05:00","","2.9","","2.5","","97","","","","27","","13","","4.8","","99.02","","","","","","Drizzle,Fog"
"-77.70","53.63","LA GRANDE RIVIERE A","7093716","2019-09-05 06:00","2019","09","05","06:00","","3.1","","2.8","","98","","","","26","","10","","1.6","","99.06","","","","","","Drizzle,Fog"
"-77.70","53.63","LA GRANDE RIVIERE A","7093716","2019-09-05 07:00","2019","09","05","07:00","","3.9","","3.5","","98","","","","30","","13","","2.4","","99.11","","","","","","Drizzle,Fog"
"-77.70","53.63","LA GRANDE RIVIERE A","7093716","2019-09-05 08:00","2019","09","05","08:00","","4.9","","4.1","","95","","","","29","","16","","9.7","","99.15","","","","","","Drizzle,Fog"
"-77.70","53.63","LA GRANDE RIVIERE A","7093716","2019-09-05 09:00","2019","09","05","09:00","","5.9","","4.0","","87","","","","30","","13","","9.7","","99.17","","","","","","Drizzle,Fog"
"-77.70","53.63","LA GRANDE RIVIERE A","7093716","2019-09-05 10:00","2019","09","05","10:00","","6.8","","4.7","","87","","","","29","","19","","9.7","","99.23","","","","","","Drizzle,Fog"
"-77.70","53.63","LA GRANDE RIVIERE A","7093716","2019-09-05 11:00","2019","09","05","11:00","","7.0","","4.7","","85","","","","30","","18","","9.7","","99.25","","","","","","Fog"
"-77.70","53.63","LA GRANDE RIVIERE A","7093716","2019-09-05 12:00","2019","09","05","12:00","","7.3","","5.5","","88","","","","26","","17","","9.7","","99.30","","","","","","Rain Showers,Fog"
"-77.70","53.63","LA GRANDE RIVIERE A","7093716","2019-09-05 13:00","2019","09","05","13:00","","7.7","","5.3","","85","","","","29","","24","","9.7","","99.34","","","","","","Rain Showers,Fog"
"-77.70","53.63","LA GRANDE RIVIERE A","7093716","2019-09-05 14:00","2019","09","05","14:00","","9.6","","4.6","","71","","","","26","","31","","24.1","","99.37","","","","","","Rain Showers"
"-77.70","53.63","LA GRANDE RIVIERE A","7093716","2019-09-05 15:00","2019","09","05","15:00","","8.9","","4.9","","76","","","","26","","30","","24.1","","99.41","","","","","","Rain Showers"
"-77.70","53.63","LA GRANDE RIVIERE A","7093716","2019-09-05 16:00","2019","09","05","16:00","","8.5","","4.4","","75","","","","27","","20","","24.1","","99.44","","","","","","Rain Showers"
"-77.70","53.63","LA GRANDE RIVIERE A","7093716","2019-09-05 17:00","2019","09","05","17:00","","7.5","","3.4","","75","","","","27","","24","","24.1","","99.49","","","","","","Rain Showers"
"-77.70","53.63","LA GRANDE RIVIERE A","7093716","2019-09-05 18:00","2019","09","05","18:00","","6.3","","3.2","","80","","","","28","","17","","24.1","","99.52","","","","","","NA"
"-77.70","53.63","LA GRANDE RIVIERE A","7093716","2019-09-05 19:00","2019","09","05","19:00","","5.5","","2.8","","83","","","","26","","16","","24.1","","99.53","","","","","","Mostly Cloudy"
"-77.70","53.63","LA GRANDE RIVIERE A","7093716","2019-09-05 20:00","2019","09","05","20:00","","5.2","","3.0","","86","","","","26","","14","","24.1","","99.54","","","","","","NA"
"-77.70","53.63","LA GRANDE RIVIERE A","7093716","2019-09-05 21:00","2019","09","05","21:00","","4.6","","2.7","","87","","","","26","","17","","16.1","","99.53","","","","","","NA"
"-77.70","53.63","LA GRANDE RIVIERE A","7093716","2019-09-05 22:00","2019","09","05","22:00","","4.2","","2.7","","90","","","","26","","16","","11.3","","99.53","","","","","","Cloudy"
"-77.70","53.63","LA GRANDE RIVIERE A","7093716","2019-09-05 23:00","2019","09","05","23:00","","3.9","","2.8","","93","","","","26","","13","","16.1","","99.53","","","","","","NA"
"-77.70","53.63","LA GRANDE RIVIERE A","7093716","2019-09-06 00:00","2019","09","06","00:00","","3.3","","2.6","","95","","","","25","","10","","16.1","","99.50","","","","","","Drizzle"
"-77.70","53.63","LA GRANDE RIVIERE A","7093716","2019-09-06 01:00","2019","09","06","01:00","","3.2","","2.7","","96","","","","24","","11","","11.3","","99.51","","","","","","Drizzle"
"-77.70","53.63","LA GRANDE RIVIERE A","7093716","2019-09-06 02:00","2019","09","06","02:00","","3.2","","2.6","","96","","","","23","","11","","8.1","","99.50","","","","","","Drizzle,Fog"
"-77.70","53.63","LA GRANDE RIVIERE A","7093716","2019-09-06 03:00","2019","09","06","03:00","","3.4","","2.8","","96","","","","23","","12","","4.8","","99.50","","","","","","Drizzle,Fog"
"-77.70","53.63","LA GRANDE RIVIERE A","7093716","2019-09-06 04:00","2019","09","06","04:00","","3.5","","3.0","","97","","","","24","","15","","3.2","","99.50","","","","","","Drizzle,Fog"
"-77.70","53.63","LA GRANDE RIVIERE A","7093716","2019-09-06 05:00","2019","09","06","05:00","","3.6","","3.1","","97","","","","24","","13","","3.2","","99.51","","","","","","Drizzle,Fog"
"-77.70","53.63","LA GRANDE RIVIERE A","7093716","2019-09-06 06:00","2019","09","06","06:00","","3.6","","3.2","","97","","","","28","","19","","2.0","","99.52","","","","","","Drizzle,Fog"
"-77.70","53.63","LA GRANDE RIVIERE A","7093716","2019-09-06 07:00","2019","09","06","07:00","","3.4","","2.9","","96","","","","28","","18","","4.0","","99.52","","","","","","Drizzle,Fog"
"-77.70","53.63","LA GRANDE RIVIERE A","7093716","2019-09-06 08:00","2019","09","06","08:00","","3.9","","2.6","","91","","","","29","","17","","9.7","","99.55","","","","","","Drizzle,Fog"
"-77.70","53.63","LA GRANDE RIVIERE A","7093716","2019-09-06 09:00","2019","09","06","09:00","","3.6","","1.9","","89","","","","31","","14","","9.7","","99.56","","","","","","Drizzle,Fog"
"-77.70","53.63","LA GRANDE RIVIERE A","7093716","2019-09-06 10:00","2019","09","06","10:00","","4.7","","2.4","","85","","","","30","","10","","24.1","","99.58","","","","","","Cloudy"
"-77.70","53.63","LA GRANDE RIVIERE A","7093716","2019-09-06 11:00","2019","09","06","11:00","","5.5","","2.7","","82","","","","31","","7","","24.1","","99.56","","","","","","NA"
"-77.70","53.63","LA GRANDE RIVIERE A","7093716","2019-09-06 12:00","2019","09","06","12:00","","6.7","","2.9","","77","","","","30","","10","","24.1","","99.55","","","","","","NA"
"-77.70","53.63","LA GRANDE RIVIERE A","7093716","2019-09-06 13:00","2019","09","06","13:00","","7.2","","3.4","","77","","","","27","","10","","24.1","","99.54","","","","","","Cloudy"
"-77.70","53.63","LA GRANDE RIVIERE A","7093716","2019-09-06 14:00","2019","09","06","14:00","","7.8","","3.4","","74","","","","33","","5","","24.1","","99.50","","","","","","NA"
"-77.70","53.63","LA GRANDE RIVIERE A","7093716","2019-09-06 15:00","2019","09","06","15:00","","7.9","","2.3","","67","","","","31","","4","","24.1","","99.49","","","","","","NA"
"-77.70","53.63","LA GRANDE RIVIERE A","7093716","2019-09-06 16:00","2019","09","06","16:00","","7.6","","4.3","","80","","","","26","","13","","24.1","","99.48","","","","","","Rain Showers"
"-77.70","53.63","LA GRANDE RIVIERE A","7093716","2019-09-06 17:00","2019","09","06","17:00","","7.6","","3.6","","76","","","","24","","7","","24.1","","99.48","","","","","","NA"
"-77.70","53.63","LA GRANDE RIVIERE A","7093716","2019-09-06 18:00","2019","09","06","18:00","","7.7","","3.1","","73","","","","22","","5","","24.1","","99.47","","","","","","NA"
"-77.70","53.63","LA GRANDE RIVIERE A","7093716","2019-09-06 19:00","2019","09","06","19:00","","6.9","","4.0","","82","","","","8","","5","","24.1","","99.46","","","","","","Cloudy"
"-77.70","53.63","LA GRANDE RIVIERE A","7093716","2019-09-06 20:00","2019","09","06","20:00","","6.6","","3.7","","81","","","","12","","7","","24.1","","99.48","","","","","","Drizzle"
"-77.70","53.63","LA GRANDE RIVIERE A","7093716","2019-09-06 21:00","2019","09","06","21:00","","6.0","","3.8","","86","","","","5","","5","","24.1","","99.49","","","","","","Drizzle"
"-77.70","53.63","LA GRANDE RIVIERE A","7093716","2019-09-06 22:00","2019","09","06","22:00","","5.3","","3.7","","89","","","","2","","7","","24.1","","99.44","","","","","","Drizzle"
"-77.70","53.63","LA GRANDE RIVIERE A","7093716","2019-09-06 23:00","2019","09","06","23:00","","5.5","","4.2","","91","","","","5","","6","","24.1","","99.42","","","","","","NA"
"-77.70","53.63","LA GRANDE RIVIERE A","7093716","2019-09-07 00:00","2019","09","07","00:00","","5.6","","4.3","","91","","","","36","","4","","24.1","","99.39","","","","","","NA"
"-77.70","53.63","LA GRANDE RIVIERE A","7093716","2019-09-07 01:00","2019","09","07","01:00","","5.7","","4.5","","92","","","","5","","5","","24.1","","99.37","","","","","","Cloudy"
"-77.70","53.63","LA GRANDE RIVIERE A","7093716","2019-09-07 02:00","2019","09","07","02:00","","5.5","","4.3","","92","","","","3","","7","","16.1","","99.34","","","","","","NA"
"-77.70","53.63","LA GRANDE RIVIERE A","7093716","2019-09-07 03:00","2019","09","07","03:00","","5.4","","4.6","","95","","","","1","","5","","24.1","","99.34","","","","","","NA"
"-77.70","53.63","LA GRANDE RIVIERE A","7093716","2019-09-07 04:00","2019","09","07","04:00","","5.3","","4.5","","95","","","","1","","8","","16.1","","99.34","","","","","","Drizzle"
"-77.70","53.63","LA GRANDE RIVIERE A","7093716","2019-09-07 05:00","2019","09","07","05:00","","5.0","","4.5","","96","","","","2","","5","","4.8","","99.35","","","","","","Rain,Fog"
"-77.70","53.63","LA GRANDE RIVIERE A","7093716","2019-09-07 06:00","2019","09","07","06:00","","4.9","","4.4","","97","","","","1","","5","","1.6","","99.37","","","","","","Rain,Fog"
"-77.70","53.63","LA GRANDE RIVIERE A","7093716","2019-09-07 07:00","2019","09","07","07:00","","5.3","","4.8","","96","","","","31","","6","","8.1","","99.37","","","","","","Rain,Fog"
"-77.70","53.63","LA GRANDE RIVIERE A","7093716","2019-09-07 08:00","2019","09","07","08:00","","6.1","","5.0","","93","","","","5","","5","","9.7","","99.36","","","","","","Rain,Fog"
"-77.70","53.63","LA GRANDE RIVIERE A","7093716","2019-09-07 09:00","2019","09","07","09:00","","7.0","","3.6","","79","","","","6","","9","","24.1","","99.34","","","","","","NA"
"-77.70","53.63","LA GRANDE RIVIERE A","7093716","2019-09-07 10:00","2019","09","07","10:00","","7.1","","3.3","","77","","","","6","","9","","24.1","","99.33","","","","","","Drizzle"
"-77.70","53.63","LA GRANDE RIVIERE A","7093716","2019-09-07 11:00","2019","09","07","11:00","","8.2","","3.0","","70","","","","5","","15","","24.1","","99.30","","","","","","NA"
"-77.70","53.63","LA GRANDE RIVIERE A","7093716","2019-09-07 12:00","2019","09","07","12:00","","9.0","","3.6","","69","","","","7","","17","","24.1","","99.27","","","","","","NA"
"-77.70","53.63","LA GRANDE RIVIERE A","7093716","2019-09-07 13:00","2019","09","07","13:00","","9.1","","3.5","","68","","","","8","","16","","24.1","","99.24","","","","","","Cloudy"
"-77.70","53.63","LA GRANDE RIVIERE A","7093716","2019-09-07 14:00","2019","09","07","14:00","","9.3","","2.5","","62","","","","6","","20","","24.1","","99.25","","","","","","NA"
"-77.70","53.63","LA GRANDE RIVIERE A","7093716","2019-09-07 15:00","2019","09","07","15:00","","9.8","","2.2","","59","","","","7","","13","","24.1","","99.24","","","","","","NA"
"-77.70","53.63","LA GRANDE RIVIERE A","7093716","2019-09-07 16:00","2019","09","07","16:00","","9.8","","2.9","","62","","","","6","","13","","24.1","","99.27","","","","","","Cloudy"
"-77.70","53.63","LA GRANDE RIVIERE A","7093716","2019-09-07 17:00","2019","09","07","17:00","","9.6","","3.1","","64","","","","2","","14","","24.1","","99.29","","","","","","NA"
"-77.70","53.63","LA GRANDE RIVIERE A","7093716","2019-09-07 18:00","2019","09","07","18:00","","9.3","","2.9","","64","","","","4","","5","","24.1","","99.29","","","","","","NA"
"-77.70","53.63","LA GRANDE RIVIERE A","7093716","2019-09-07 19:00","2019","09","07","19:00","","8.6","","3.9","","72","","","","36","","5","","24.1","","99.29","","","","","","Mostly Cloudy"
"-77.70","53.63","LA GRANDE RIVIERE A","7093716","2019-09-07 20:00","2019","09","07","20:00","","8.2","","3.3","","71","","","","36","","6","","24.1","","99.29","","","","","","NA"
"-77.70","53.63","LA GRANDE RIVIERE A","7093716","2019-09-07 21:00","2019","09","07","21:00","","7.1","","3.4","","77","","","","33","","8","","24.1","","99.28","","","","","","NA"
"-77.70","53.63","LA GRANDE RIVIERE A","7093716","2019-09-07 22:00","2019","09","07","22:00","","7.1","","4.0","","81","","","","35","","4","","24.1","","99.28","","","","","","Cloudy"
"-77.70","53.63","LA GRANDE RIVIERE A","7093716","2019-09-07 23:00","2019","09","07","23:00","","6.7","","4.3","","84","","","","34","","9","","24.1","","99.28","","","","","","NA"
"-77.70","53.63","LA GRANDE RIVIERE A","7093716","2019-09-08 00:00","2019","09","08","00:00","","6.7","","4.3","","85","","","","34","","8","","24.1","","99.25","","","","","","NA"
"-77.70","53.63","LA GRANDE RIVIERE A","7093716","2019-09-08 01:00","2019","09","08","01:00","","6.5","","4.2","","85","","","","31","","5","","24.1","","99.25","","","","","","Cloudy"
"-77.70","53.63","LA GRANDE RIVIERE A","7093716","2019-09-08 02:00","2019","09","08","02:00","","6.4","","4.0","","85","","","","32","","8","","24.1","","99.25","","","","","","NA"
"-77.70","53.63","LA GRANDE RIVIERE A","7093716","2019-09-08 03:00","2019","09","08","03:00","","6.0","","4.0","","87","","","","32","","7","","24.1","","99.24","","","","","","NA"
"-77.70","53.63","LA GRANDE RIVIERE A","7093716","2019-09-08 04:00","2019","09","08","04:00","","5.7","","3.9","","88","","","","30","","7","","24.1","","99.25","","","","","","Cloudy"
"-77.70","53.63","LA GRANDE RIVIERE A","7093716","2019-09-08 05:00","2019","09","08","05:00","","5.6","","3.9","","89","","","","30","","11","","24.1","","99.28","","","","","","NA"
"-77.70","53.63","LA GRANDE RIVIERE A","7093716","2019-09-08 06:00","2019","09","08","06:00","","5.6","","3.9","","89","","","","32","","8","","24.1","","99.30","","","","","","NA"
"-77.70","53.63","LA GRANDE RIVIERE A","7093716","2019-09-08 07:00","2019","09","08","07:00","","5.8","","4.1","","89","","","","32","","11","","24.1","","99.33","","","","","","Mostly Cloudy"
"-77.70","53.63","LA GRANDE RIVIERE A","7093716","2019-09-08 08:00","2019","09","08","08:00","","6.8","","4.5","","85","","","","31","","9","","24.1","","99.35","","","","","","NA"
"-77.70","53.63","LA GRANDE RIVIERE A","7093716","2019-09-08 09:00","2019","09","08","09:00","","8.2","","4.1","","75","","","","31","","13","","24.1","","99.38","","","","","","NA"
"-77.70","53.63","LA GRANDE RIVIERE A","7093716","2019-09-08 10:00","2019","09","08","10:00","","8.8","","4.0","","71","","","","34","","14","","24.1","","99.39","","","","","","Mostly Cloudy"
"-77.70","53.63","LA GRANDE RIVIERE A","7093716","2019-09-08 11:00","2019","09","08","11:00","","9.8","","3.9","","67","","","","32","","13","","24.1","","99.40","","","","","","NA"
"-77.70","53.63","LA GRANDE RIVIERE A","7093716","2019-09-08 12:00","2019","09","08","12:00","","9.7","","2.4","","60","","","","33","","15","","24.1","","99.42","","","","","","NA"
"-77.70","53.63","LA GRANDE RIVIERE A","7093716","2019-09-08 13:00","2019","09","08","13:00","","9.6","","2.4","","61","","","","31","","18","","24.1","","99.44","","","","","","Cloudy"
"-77.70","53.63","LA GRANDE RIVIERE A","7093716","2019-09-08 14:00","2019","09","08","14:00","","10.0","","2.5","","59","","","","30","","17","","24.1","","99.45","","","","","","NA"
"-77.70","53.63","LA GRANDE RIVIERE A","7093716","2019-09-08 15:00","2019","09","08","15:00","","9.7","","2.4","","60","","","","27","","26","","24.1","","99.47","","","","","","NA"
"-77.70","53.63","LA GRANDE RIVIERE A","7093716","2019-09-08 16:00","2019","09","08","16:00","","7.7","","3.7","","76","","","","29","","26","","24.1","","99.52","","","","","","Rain Showers"
"-77.70","53.63","LA GRANDE RIVIERE A","7093716","2019-09-08 17:00","2019","09","08","17:00","","7.5","","3.4","","75","","","","29","","19","","24.1","","99.57","","","","","","Rain Showers"
"-77.70","53.63","LA GRANDE RIVIERE A","7093716","2019-09-08 18:00","2019","09","08","18:00","","6.7","","4.2","","84","","","","28","","13","","24.1","","99.59","","","","","","Rain Showers"
"-77.70","53.63","LA GRANDE RIVIERE A","7093716","2019-09-08 19:00","2019","09","08","19:00","","5.4","","4.5","","94","","","","28","","17","","16.1","","99.64","","","","","","Rain Showers"
"-77.70","53.63","LA GRANDE RIVIERE A","7093716","2019-09-08 20:00","2019","09","08","20:00","","4.9","","4.3","","96","","","","27","","18","","4.8","","99.67","","","","","","Rain,Fog"
"-77.70","53.63","LA GRANDE RIVIERE A","7093716","2019-09-08 21:00","2019","09","08","21:00","","4.6","","4.0","","96","","","","26","","13","","24.1","","99.68","","","","","","Rain"
"-77.70","53.63","LA GRANDE RIVIERE A","7093716","2019-09-08 22:00","2019","09","08","22:00","","4.4","","3.8","","96","","","","26","","12","","24.1","","99.70","","","","","","Drizzle"
"-77.70","53.63","LA GRANDE RIVIERE A","7093716","2019-09-08 23:00","2019","09","08","23:00","","4.3","","3.4","","94","","","","26","","11","","16.1","","99.69","","","","","","Drizzle"
"-77.70","53.63","LA GRANDE RIVIERE A","7093716","2019-09-09 00:00","2019","09","09","00:00","","3.8","","3.0","","94","","","","25","","10","","19.3","","99.71","","","","","","NA"
"-77.70","53.63","LA GRANDE RIVIERE A","7093716","2019-09-09 01:00","2019","09","09","01:00","","3.0","","2.3","","95","","","","24","","8","","24.1","","99.73","","","","","","Cloudy"
"-77.70","53.63","LA GRANDE RIVIERE A","7093716","2019-09-09 02:00","2019","09","09","02:00","","3.3","","2.2","","93","","","","22","","8","","24.1","","99.72","","","","","","NA"
"-77.70","53.63","LA GRANDE RIVIERE A","7093716","2019-09-09 03:00","2019","09","09","03:00","","3.1","","1.6","","90","","","","23","","7","","24.1","","99.75","","","","","","NA"
"-77.70","53.63","LA GRANDE RIVIERE A","7093716","2019-09-09 04:00","2019","09","09","04:00","","3.2","","1.7","","90","","","","24","","7","","24.1","","99.77","","","","","","Cloudy"
"-77.70","53.63","LA GRANDE RIVIERE A","7093716","2019-09-09 05:00","2019","09","09","05:00","","3.2","","1.9","","91","","","","20","","9","","24.1","","99.77","","","","","","Rain"
"-77.70","53.63","LA GRANDE RIVIERE A","7093716","2019-09-09 06:00","2019","09","09","06:00","","3.3","","2.3","","93","","","","19","","5","","24.1","","99.81","","","","","","NA"
"-77.70","53.63","LA GRANDE RIVIERE A","7093716","2019-09-09 07:00","2019","09","09","07:00","","3.9","","3.2","","95","","","","19","","10","","24.1","","99.82","","","","","","Rain"
"-77.70","53.63","LA GRANDE RIVIERE A","7093716","2019-09-09 08:00","2019","09","09","08:00","","5.0","","4.4","","96","","","","19","","9","","24.1","","99.83","","","","","","Rain"
"-77.70","53.63","LA GRANDE RIVIERE A","7093716","2019-09-09 09:00","2019","09","09","09:00","","6.1","","4.9","","92","","","","15","","9","","4.8","","99.83","","","","","","Fog"
"-77.70","53.63","LA GRANDE RIVIERE A","7093716","2019-09-09 10:00","2019","09","09","10:00","","7.1","","4.8","","85","","","","16","","10","","16.1","","99.81","","","","","","Cloudy"
"-77.70","53.63","LA GRANDE RIVIERE A","7093716","2019-09-09 11:00","2019","09","09","11:00","","7.2","","6.2","","93","","","","14","","9","","2.4","","99.80","","","","","","Rain,Fog"
"-77.70","53.63","LA GRANDE RIVIERE A","7093716","2019-09-09 12:00","2019","09","09","12:00","","8.2","","7.1","","93","","","","16","","12","","3.2","","99.79","","","","","","Rain,Fog"
"-77.70","53.63","LA GRANDE RIVIERE A","7093716","2019-09-09 13:00","2019","09","09","13:00","","9.3","","7.7","","89","","","","20","","12","","4.8","","99.81","","","","","","Rain,Fog"
"-77.70","53.63","LA GRANDE RIVIERE A","7093716","2019-09-09 14:00","2019","09","09","14:00","","11.5","","7.9","","78","","","","24","","13","","24.1","","99.79","","","","","","Rain Showers"
"-77.70","53.63","LA GRANDE RIVIERE A","7093716","2019-09-09 15:00","2019","09","09","15:00","","10.8","","7.3","","79","","","","28","","21","","24.1","","99.82","","","","","","NA"
"-77.70","53.63","LA GRANDE RIVIERE A","7093716","2019-09-09 16:00","2019","09","09","16:00","","8.6","","4.7","","76","","","","28","","30","","24.1","","99.90","","","","","","Mostly Cloudy"
"-77.70","53.63","LA GRANDE RIVIERE A","7093716","2019-09-09 17:00","2019","09","09","17:00","","8.1","","2.7","","69","","","","29","","19","","24.1","","99.94","","","","","","NA"
"-77.70","53.63","LA GRANDE RIVIERE A","7093716","2019-09-09 18:00","2019","09","09","18:00","","6.2","","2.6","","78","","","","28","","19","","24.1","","99.99","","","","","","NA"
"-77.70","53.63","LA GRANDE RIVIERE A","7093716","2019-09-09 19:00","2019","09","09","19:00","","5.4","","3.6","","88","","","","27","","16","","24.1","","100.03","","","","","","Drizzle"
"-77.70","53.63","LA GRANDE RIVIERE A","7093716","2019-09-09 20:00","2019","09","09","20:00","","4.8","","3.5","","91","","","","26","","21","","24.1","","100.09","","","","","","Drizzle"
"-77.70","53.63","LA GRANDE RIVIERE A","7093716","2019-09-09 21:00","2019","09","09","21:00","","3.9","","2.8","","93","","","","30","","16","","16.1","","100.13","","","","","","Drizzle"
"-77.70","53.63","LA GRANDE RIVIERE A","7093716","2019-09-09 22:00","2019","09","09","22:00","","3.8","","2.9","","94","","","","29","","14","","16.1","","100.14","","","","","","Drizzle"
"-77.70","53.63","LA GRANDE RIVIERE A","7093716","2019-09-09 23:00","2019","09","09","23:00","","3.3","","2.2","","93","","","","29","","9","","24.1","","100.15","","","","","","Drizzle"
"-77.70","53.63","LA GRANDE RIVIERE A","7093716","2019-09-10 00:00","2019","09","10","00:00","","2.8","","2.1","","95","","","","29","","11","","24.1","","100.19","","","","","","NA"
"-77.70","53.63","LA GRANDE RIVIERE A","7093716","2019-09-10 01:00","2019","09","10","01:00","","3.1","","1.3","","88","","","","30","","9","","24.1","","100.18","","","","","","Cloudy"
"-77.70","53.63","LA GRANDE RIVIERE A","7093716","2019-09-10 02:00","2019","09","10","02:00","","3.0","","1.1","","87","","","","30","","7","","24.1","","100.19","","","","","","Drizzle"
"-77.70","53.63","LA GRANDE RIVIERE A","7093716","2019-09-10 03:00","2019","09","10","03:00","","2.8","","1.6","","92","","","","29","","10","","16.1","","100.22","","","","","","Drizzle"
"-77.70","53.63","LA GRANDE RIVIERE A","7093716","2019-09-10 04:00","2019","09","10","04:00","","2.6","","1.4","","91","","","","31","","7","","24.1","","100.23","","","","","","Cloudy"
"-77.70","53.63","LA GRANDE RIVIERE A","7093716","2019-09-10 05:00","2019","09","10","05:00","","2.5","","0.4","","86","","","","29","","7","","24.1","","100.28","","","","","","Drizzle"
"-77.70","53.63","LA GRANDE RIVIERE A","7093716","2019-09-10 06:00","2019","09","10","06:00","","2.3","","0.8","","90","","","","27","","9","","24.1","","100.30","","","","","","NA"
"-77.70","53.63","LA GRANDE RIVIERE A","7093716","2019-09-10 07:00","2019","09","10","07:00","","2.5","","1.6","","94","","","","33","","4","","4.8","","100.31","","","","","","Drizzle,Fog"
"-77.70","53.63","LA GRANDE RIVIERE A","7093716","2019-09-10 08:00","2019","09","10","08:00","","3.4","","0.8","","83","","","","2","","9","","24.1","","100.27","","","","","","NA"
"-77.70","53.63","LA GRANDE RIVIERE A","7093716","2019-09-10 09:00","2019","09","10","09:00","","3.4","","0.3","","80","","","","32","","7","","24.1","","100.28","","","","","","NA"
"-77.70","53.63","LA GRANDE RIVIERE A","7093716","2019-09-10 10:00","2019","09","10","10:00","","4.2","","0.8","","78","","","","34","","8","","24.1","","100.22","","","","","","Cloudy"
"-77.70","53.63","LA GRANDE RIVIERE A","7093716","2019-09-10 11:00","2019","09","10","11:00","","4.7","","0.6","","75","","","","6","","10","","24.1","","100.17","","","","","","NA"
"-77.70","53.63","LA GRANDE RIVIERE A","7093716","2019-09-10 12:00","2019","09","10","12:00","","5.6","","1.0","","72","","","","7","","6","","24.1","","100.14","","","","","","NA"
"-77.70","53.63","LA GRANDE RIVIERE A","7093716","2019-09-10 13:00","2019","09","10","13:00","","6.1","","0.5","","67","","","","9","","13","","24.1","","100.13","","","","","","Mostly Cloudy"
"-77.70","53.63","LA GRANDE RIVIERE A","7093716","2019-09-10 14:00","2019","09","10","14:00","","6.8","","1.0","","67","","","","7","","13","","24.1","","100.07","","","","","","NA"
"-77.70","53.63","LA GRANDE RIVIERE A","7093716","2019-09-10 15:00","2019","09","10","15:00","","6.7","","0.4","","64","","","","5","","8","","24.1","","100.04","","","","","","NA"
"-77.70","53.63","LA GRANDE RIVIERE A","7093716","2019-09-10 16:00","2019","09","10","16:00","","7.2","","0.8","","64","","","","6","","13","","24.1","","100.00","","","","","","Cloudy"
"-77.70","53.63","LA GRANDE RIVIERE A","7093716","2019-09-10 17:00","2019","09","10","17:00","","7.5","","1.1","","64","","","","9","","11","","24.1","","99.99","","","","","","NA"
"-77.70","53.63","LA GRANDE RIVIERE A","7093716","2019-09-10 18:00","2019","09","10","18:00","","6.6","","1.2","","69","","","","8","","9","","24.1","","99.98","","","","","","NA"
"-77.70","53.63","LA GRANDE RIVIERE A","7093716","2019-09-10 19:00","2019","09","10","19:00","","5.5","","1.8","","77","","","","5","","6","","24.1","","99.95","","","","","","Cloudy"
"-77.70","53.63","LA GRANDE RIVIERE A","7093716","2019-09-10 20:00","2019","09","10","20:00","","5.6","","1.3","","74","","","","4","","5","","24.1","","99.96","","","","","","NA"
"-77.70","53.63","LA GRANDE RIVIERE A","7093716","2019-09-10 21:00","2019","09","10","21:00","","4.7","","1.2","","78","","","","1","","5","","24.1","","99.97","","","","","","NA"
"-77.70","53.63","LA GRANDE RIVIERE A","7093716","2019-09-10 22:00","2019","09","10","22:00","","4.1","","1.2","","81","","","","","","0","","24.1","","99.97","","","","","","Cloudy"
"-77.70","53.63","LA GRANDE RIVIERE A","7093716","2019-09-10 23:00","2019","09","10","23:00","","4.3","","1.3","","81","","","","35","","4","","24.1","","99.97","","","","","","NA"
"-77.70","53.63","LA GRANDE RIVIERE A","7093716","2019-09-11 00:00","2019","09","11","00:00","","3.6","","1.5","","86","","","","36","","5","","24.1","","99.98","","","","","","NA"
"-77.70","53.63","LA GRANDE RIVIERE A","7093716","2019-09-11 01:00","2019","09","11","01:00","","3.1","","1.9","","92","","","","36","","5","","24.1","","99.98","","","","","","Mostly Cloudy"
"-77.70","53.63","LA GRANDE RIVIERE A","7093716","2019-09-11 02:00","2019","09","11","02:00","","2.8","","2.1","","95","","","","35","","5","","24.1","","99.98","","","","","","NA"
"-77.70","53.63","LA GRANDE RIVIERE A","7093716","2019-09-11 03:00","2019","09","11","03:00","","2.6","","2.0","","96","","","","","","0","","24.1","","100.00","","","","","","NA"
"-77.70","53.63","LA GRANDE RIVIERE A","7093716","2019-09-11 04:00","2019","09","11","04:00","","2.3","","1.8","","97","","","","34","","5","","24.1","","100.03","","","","","","Mainly Clear"
"-77.70","53.63","LA GRANDE RIVIERE A","7093716","2019-09-11 05:00","2019","09","11","05:00","","2.9","","2.3","","96","","","","2","","3","","24.1","","100.07","","","","","","NA"
"-77.70","53.63","LA GRANDE RIVIERE A","7093716","2019-09-11 06:00","2019","09","11","06:00","","3.6","","2.7","","94","","","","36","","4","","24.1","","100.15","","","","","","NA"
"-77.70","53.63","LA GRANDE RIVIERE A","7093716","2019-09-11 07:00","2019","09","11","07:00","","4.4","","3.0","","91","","","","34","","9","","24.1","","100.22","","","","","","Mostly Cloudy"
"-77.70","53.63","LA GRANDE RIVIERE A","7093716","2019-09-11 08:00","2019","09","11","08:00","","5.3","","2.8","","84","","","","34","","11","","24.1","","100.22","","","","","","NA"
"-77.70","53.63","LA GRANDE RIVIERE A","7093716","2019-09-11 09:00","2019","09","11","09:00","","6.4","","2.1","","74","","","","3","","12","","24.1","","100.26","","","","","","NA"
"-77.70","53.63","LA GRANDE RIVIERE A","7093716","2019-09-11 10:00","2019","09","11","10:00","","7.4","","1.3","","65","","","","2","","10","","24.1","","100.20","","","","","","Mostly Cloudy"
"-77.70","53.63","LA GRANDE RIVIERE A","7093716","2019-09-11 11:00","2019","09","11","11:00","","7.3","","0.1","","60","","","","32","","7","","24.1","","100.18","","","","","","NA"
"-77.70","53.63","LA GRANDE RIVIERE A","7093716","2019-09-11 12:00","2019","09","11","12:00","","8.0","","1.1","","62","","","","","","0","","24.1","","100.18","","","","","","NA"
"-77.70","53.63","LA GRANDE RIVIERE A","7093716","2019-09-11 13:00","2019","09","11","13:00","","8.1","","1.0","","61","","","","2","","10","","24.1","","100.20","","","","","","Mostly Cloudy"
"-77.70","53.63","LA GRANDE RIVIERE A","7093716","2019-09-11 14:00","2019","09","11","14:00","","8.5","","0.3","","56","","","","29","","7","","24.1","","100.20","","","","","","NA"
"-77.70","53.63","LA GRANDE RIVIERE A","7093716","2019-09-11 15:00","2019","09","11","15:00","","9.9","","0.7","","53","","","","28","","12","","24.1","","100.20","","","","","","NA"
"-77.70","53.63","LA GRANDE RIVIERE A","7093716","2019-09-11 16:00","2019","09","11","16:00","","9.4","","1.2","","56","","","","32","","11","","24.1","","100.19","","","","","","Mostly Cloudy"
"-77.70","53.63","LA GRANDE RIVIERE A","7093716","2019-09-11 17:00","2019","09","11","17:00","","8.4","","1.6","","62","","","","30","","13","","24.1","","100.21","","","","","","NA"
"-77.70","53.63","LA GRANDE RIVIERE A","7093716","2019-09-11 18:00","2019","09","11","18:00","","7.4","","1.1","","64","","","","30","","12","","24.1","","100.22","","","","","","NA"
"-77.70","53.63","LA GRANDE RIVIERE A","7093716","2019-09-11 19:00","2019","09","11","19:00","","6.6","","1.0","","67","","","","32","","8","","24.1","","100.21","","","","","","Mostly Cloudy"
"-77.70","53.63","LA GRANDE RIVIERE A","7093716","2019-09-11 20:00","2019","09","11","20:00","","4.6","","2.2","","85","","","","27","","5","","24.1","","100.24","","","","","","NA"
"-77.70","53.63","LA GRANDE RIVIERE A","7093716","2019-09-11 21:00","2019","09","11","21:00","","2.7","","1.4","","91","","","","25","","8","","24.1","","100.24","","","","","","NA"
"-77.70","53.63","LA GRANDE RIVIERE A","7093716","2019-09-11 22:00","2019","09","11","22:00","","1.5","","0.5","","93","","","","24","","9","","24.1","","100.26","","","","","","Clear"
"-77.70","53.63","LA GRANDE RIVIERE A","7093716","2019-09-11 23:00","2019","09","11","23:00","","1.1","","0.2","","94","","","","26","","8","","24.1","","100.29","","","","","","NA"
"-77.70","53.63","LA GRANDE RIVIERE A","7093716","2019-09-12 00:00","2019","09","12","00:00","","0.1","","-0.5","","96","","","","26","","7","","24.1","","100.28","","","","","","NA"
"-77.70","53.63","LA GRANDE RIVIERE A","7093716","2019-09-12 01:00","2019","09","12","01:00","","0.7","","0.3","","97","","","","24","","12","","24.1","","100.25","","","","","","Mainly Clear"
"-77.70","53.63","LA GRANDE RIVIERE A","7093716","2019-09-12 02:00","2019","09","12","02:00","","0.9","","0.5","","97","","","","25","","11","","6.4","","100.24","","","","","","Fog"
"-77.70","53.63","LA GRANDE RIVIERE A","7093716","2019-09-12 03:00","2019","09","12","03:00","","2.0","","1.6","","97","","","","25","","16","","4.8","","100.24","","","","","","Fog"
"-77.70","53.63","LA GRANDE RIVIERE A","7093716","2019-09-12 04:00","2019","09","12","04:00","","2.7","","2.3","","97","","","","24","","16","","6.4","","100.22","","","","","","Fog"
"-77.70","53.63","LA GRANDE RIVIERE A","7093716","2019-09-12 05:00","2019","09","12","05:00","","3.4","","2.4","","93","","","","24","","18","","24.1","","100.21","","","","","","NA"
"-77.70","53.63","LA GRANDE RIVIERE A","7093716","2019-09-12 06:00","2019","09","12","06:00","","4.0","","3.0","","93","","","","23","","19","","24.1","","100.21","","","","","","Rain"
"-77.70","53.63","LA GRANDE RIVIERE A","7093716","2019-09-12 07:00","2019","09","12","07:00","","4.8","","3.6","","92","","","","23","","20","","24.1","","100.21","","","","","","Rain"
"-77.70","53.63","LA GRANDE RIVIERE A","7093716","2019-09-12 08:00","2019","09","12","08:00","","6.1","","4.5","","89","","","","24","","21","","24.1","","100.20","","","","","","NA"
"-77.70","53.63","LA GRANDE RIVIERE A","7093716","2019-09-12 09:00","2019","09","12","09:00","","7.9","","5.0","","82","","","","26","","25","","24.1","","100.23","","","","","","NA"
"-77.70","53.63","LA GRANDE RIVIERE A","7093716","2019-09-12 10:00","2019","09","12","10:00","","8.4","","5.2","","80","","","","29","","21","","24.1","","100.34","","","","","","Cloudy"
"-77.70","53.63","LA GRANDE RIVIERE A","7093716","2019-09-12 11:00","2019","09","12","11:00","","8.4","","4.8","","78","","","","29","","22","","24.1","","100.42","","","","","","NA"
"-77.70","53.63","LA GRANDE RIVIERE A","7093716","2019-09-12 12:00","2019","09","12","12:00","","8.1","","4.5","","78","","","","30","","19","","24.1","","100.50","","","","","","NA"
"-77.70","53.63","LA GRANDE RIVIERE A","7093716","2019-09-12 13:00","2019","09","12","13:00","","7.9","","4.7","","80","","","","31","","19","","24.1","","100.54","","","","","","Drizzle"
"-77.70","53.63","LA GRANDE RIVIERE A","7093716","2019-09-12 14:00","2019","09","12","14:00","","9.1","","4.2","","71","","","","28","","17","","24.1","","100.55","","","","","","NA"
"-77.70","53.63","LA GRANDE RIVIERE A","7093716","2019-09-12 15:00","2019","09","12","15:00","","9.2","","4.0","","70","","","","31","","11","","24.1","","100.55","","","","","","NA"
"-77.70","53.63","LA GRANDE RIVIERE A","7093716","2019-09-12 16:00","2019","09","12","16:00","","9.4","","3.4","","66","","","","33","","16","","24.1","","100.58","","","","","","Cloudy"
"-77.70","53.63","LA GRANDE RIVIERE A","7093716","2019-09-12 17:00","2019","09","12","17:00","","9.4","","3.5","","66","","","","1","","8","","24.1","","100.57","","","","","","NA"
"-77.70","53.63","LA GRANDE RIVIERE A","7093716","2019-09-12 18:00","2019","09","12","18:00","","9.2","","4.1","","71","","","","","","0","","24.1","","100.61","","","","","","NA"
"-77.70","53.63","LA GRANDE RIVIERE A","7093716","2019-09-12 19:00","2019","09","12","19:00","","8.7","","3.6","","70","","","","6","","7","","24.1","","100.61","","","","","","Mostly Cloudy"
"-77.70","53.63","LA GRANDE RIVIERE A","7093716","2019-09-12 20:00","2019","09","12","20:00","","7.8","","4.7","","81","","","","35","","4","","24.1","","100.71","","","","","","NA"
"-77.70","53.63","LA GRANDE RIVIERE A","7093716","2019-09-12 21:00","2019","09","12","21:00","","6.5","","4.0","","84","","","","6","","8","","24.1","","100.69","","","","","","NA"
"-77.70","53.63","LA GRANDE RIVIERE A","7093716","2019-09-12 22:00","2019","09","12","22:00","","5.0","","3.4","","89","","","","7","","4","","24.1","","100.69","","","","","","Mostly Cloudy"
"-77.70","53.63","LA GRANDE RIVIERE A","7093716","2019-09-12 23:00","2019","09","12","23:00","","5.5","","3.6","","88","","","","11","","8","","24.1","","100.66","","","","","","NA"
"-77.70","53.63","LA GRANDE RIVIERE A","7093716","2019-09-13 00:00","2019","09","13","00:00","","3.8","","2.8","","93","","","","11","","8","","24.1","","100.71","","","","","","NA"
"-77.70","53.63","LA GRANDE RIVIERE A","7093716","2019-09-13 01:00","2019","09","13","01:00","","5.4","","4.1","","92","","","","8","","4","","24.1","","100.72","","","","","","Mostly Cloudy"
"-77.70","53.63","LA GRANDE RIVIERE A","7093716","2019-09-13 02:00","2019","09","13","02:00","","3.4","","2.5","","93","","","","13","","7","","24.1","","100.70","","","","","","NA"
"-77.70","53.63","LA GRANDE RIVIERE A","7093716","2019-09-13 03:00","2019","09","13","03:00","","3.4","","2.8","","96","","","","13","","11","","24.1","","100.65","","","","","","NA"
"-77.70","53.63","LA GRANDE RIVIERE A","7093716","2019-09-13 04:00","2019","09","13","04:00","","4.6","","2.9","","89","","","","14","","10","","24.1","","100.56","","","","","","Mostly Cloudy"
"-77.70","53.63","LA GRANDE RIVIERE A","7093716","2019-09-13 05:00","2019","09","13","05:00","","4.2","","2.6","","89","","","","17","","13","","24.1","","100.60","","","","","","NA"
"-77.70","53.63","LA GRANDE RIVIERE A","7093716","2019-09-13 06:00","2019","09","13","06:00","","3.2","","2.0","","92","","","","12","","14","","24.1","","100.51","","","","","","NA"
"-77.70","53.63","LA GRANDE RIVIERE A","7093716","2019-09-13 07:00","2019","09","13","07:00","","4.3","","3.1","","92","","","","13","","13","","24.1","","100.43","","","","","","Cloudy"
"-77.70","53.63","LA GRANDE RIVIERE A","7093716","2019-09-13 08:00","2019","09","13","08:00","","7.1","","4.6","","84","","","","15","","13","","24.1","","100.38","","","","","","NA"
"-77.70","53.63","LA GRANDE RIVIERE A","7093716","2019-09-13 09:00","2019","09","13","09:00","","10.0","","4.8","","70","","","","16","","14","","24.1","","100.33","","","","","","NA"
"-77.70","53.63","LA GRANDE RIVIERE A","7093716","2019-09-13 10:00","2019","09","13","10:00","","11.0","","4.5","","64","","","","20","","18","","24.1","","100.25","","","","","","Cloudy"
"-77.70","53.63","LA GRANDE RIVIERE A","7093716","2019-09-13 11:00","2019","09","13","11:00","","12.3","","4.1","","57","","","","20","","13","","24.1","","100.18","","","","","","NA"
"-77.70","53.63","LA GRANDE RIVIERE A","7093716","2019-09-13 12:00","2019","09","13","12:00","","13.3","","4.1","","53","","","","23","","12","","24.1","","100.08","","","","","","NA"
"-77.70","53.63","LA GRANDE RIVIERE A","7093716","2019-09-13 13:00","2019","09","13","13:00","","13.9","","3.8","","50","","","","19","","16","","24.1","","99.98","","","","","","Cloudy"
"-77.70","53.63","LA GRANDE RIVIERE A","7093716","2019-09-13 14:00","2019","09","13","14:00","","14.1","","4.5","","52","","","","15","","20","","24.1","","99.84","","","","","","NA"
"-77.70","53.63","LA GRANDE RIVIERE A","7093716","2019-09-13 15:00","2019","09","13","15:00","","14.3","","3.4","","48","","","","15","","19","","24.1","","99.68","","","","","","NA"
"-77.70","53.63","LA GRANDE RIVIERE A","7093716","2019-09-13 16:00","2019","09","13","16:00","","14.0","","3.8","","50","","","","13","","23","","24.1","","99.55","","","","","","Cloudy"
"-77.70","53.63","LA GRANDE RIVIERE A","7093716","2019-09-13 17:00","2019","09","13","17:00","","13.2","","3.9","","53","","","","11","","18","","24.1","","99.43","","","","","","NA"
"-77.70","53.63","LA GRANDE RIVIERE A","7093716","2019-09-13 18:00","2019","09","13","18:00","","12.5","","4.3","","57","","","","11","","18","","24.1","","99.33","","","","","","NA"
"-77.70","53.63","LA GRANDE RIVIERE A","7093716","2019-09-13 19:00","2019","09","13","19:00","","11.7","","4.8","","62","","","","11","","17","","24.1","","99.24","","","","","","Cloudy"
"-77.70","53.63","LA GRANDE RIVIERE A","7093716","2019-09-13 20:00","2019","09","13","20:00","","11.6","","5.0","","64","","","","11","","18","","24.1","","99.08","","","","","","NA"
"-77.70","53.63","LA GRANDE RIVIERE A","7093716","2019-09-13 21:00","2019","09","13","21:00","","11.7","","4.8","","62","","","","11","","18","","24.1","","98.91","","","","","","NA"
"-77.70","53.63","LA GRANDE RIVIERE A","7093716","2019-09-13 22:00","2019","09","13","22:00","","12.2","","4.9","","61","","","","15","","25","","24.1","","98.83","","","","","","Rain"
"-77.70","53.63","LA GRANDE RIVIERE A","7093716","2019-09-13 23:00","2019","09","13","23:00","","9.0","","7.5","","90","","","","16","","16","","19.3","","98.72","","","","","","Rain"
"-77.70","53.63","LA GRANDE RIVIERE A","7093716","2019-09-14 00:00","2019","09","14","00:00","","8.7","","8.0","","95","","","","11","","22","","12.9","","98.56","","","","","","Rain"
"-77.70","53.63","LA GRANDE RIVIERE A","7093716","2019-09-14 01:00","2019","09","14","01:00","","8.9","","8.3","","96","","","","11","","21","","12.9","","98.42","","","","","","Drizzle"
"-77.70","53.63","LA GRANDE RIVIERE A","7093716","2019-09-14 02:00","2019","09","14","02:00","","9.1","","8.5","","96","","","","11","","19","","19.3","","98.24","","","","","","Drizzle"
"-77.70","53.63","LA GRANDE RIVIERE A","7093716","2019-09-14 03:00","2019","09","14","03:00","","9.3","","8.6","","95","","","","12","","19","","24.1","","98.11","","","","","","NA"
"-77.70","53.63","LA GRANDE RIVIERE A","7093716","2019-09-14 04:00","2019","09","14","04:00","","9.6","","8.8","","95","","","","12","","17","","19.3","","98.02","","","","","","Rain"
"-77.70","53.63","LA GRANDE RIVIERE A","7093716","2019-09-14 05:00","2019","09","14","05:00","","9.6","","9.0","","96","","","","11","","19","","12.9","","97.90","","","","","","Rain"
"-77.70","53.63","LA GRANDE RIVIERE A","7093716","2019-09-14 06:00","2019","09","14","06:00","","9.7","","9.2","","97","","","","11","","16","","4.0","","97.83","","","","","","Moderate Rain,Fog"
"-77.70","53.63","LA GRANDE RIVIERE A","7093716","2019-09-14 07:00","2019","09","14","07:00","","9.9","","9.5","","97","","","","11","","19","","3.2","","97.76","","","","","","Rain,Fog"
"-77.70","53.63","LA GRANDE RIVIERE A","7093716","2019-09-14 08:00","2019","09","14","08:00","","10.0","","9.6","","97","","","","10","","13","","4.8","","97.70","","","","","","Moderate Rain,Fog"
"-77.70","53.63","LA GRANDE RIVIERE A","7093716","2019-09-14 09:00","2019","09","14","09:00","","10.3","","9.8","","97","","","","10","","14","","6.4","","97.65","","","","","","Rain,Fog"
"-77.70","53.63","LA GRANDE RIVIERE A","7093716","2019-09-14 10:00","2019","09","14","10:00","","10.6","","10.2","","97","","","","10","","16","","6.4","","97.61","","","","","","Rain,Fog"
"-77.70","53.63","LA GRANDE RIVIERE A","7093716","2019-09-14 11:00","2019","09","14","11:00","","11.3","","10.8","","97","","","","10","","11","","3.2","","97.57","","","","","","Rain,Fog"
"-77.70","53.63","LA GRANDE RIVIERE A","7093716","2019-09-14 12:00","2019","09","14","12:00","","12.4","","11.9","","96","","","","10","","8","","4.0","","97.55","","","","","","Rain,Fog"
"-77.70","53.63","LA GRANDE RIVIERE A","7093716","2019-09-14 13:00","2019","09","14","13:00","","13.0","","12.3","","96","","","","22","","9","","4.0","","97.56","","","","","","Rain,Fog"
"-77.70","53.63","LA GRANDE RIVIERE A","7093716","2019-09-14 14:00","2019","09","14","14:00","","13.0","","12.2","","95","","","","22","","12","","4.0","","97.58","","","","","","Rain,Fog"
"-77.70","53.63","LA GRANDE RIVIERE A","7093716","2019-09-14 15:00","2019","09","14","15:00","","12.9","","12.3","","96","","","","26","","11","","4.0","","97.62","","","","","","Rain,Fog"
"-77.70","53.63","LA GRANDE RIVIERE A","7093716","2019-09-14 16:00","2019","09","14","16:00","","12.6","","12.1","","97","","","","32","","8","","4.8","","97.68","","","","","","Rain,Fog"
"-77.70","53.63","LA GRANDE RIVIERE A","7093716","2019-09-14 17:00","2019","09","14","17:00","","12.7","","12.0","","96","","","","32","","7","","6.4","","97.73","","","","","","Rain,Fog"
"-77.70","53.63","LA GRANDE RIVIERE A","7093716","2019-09-14 18:00","2019","09","14","18:00","","12.1","","11.6","","96","","","","33","","6","","24.1","","97.83","","","","","","Rain"
"-77.70","53.63","LA GRANDE RIVIERE A","7093716","2019-09-14 19:00","2019","09","14","19:00","","11.6","","11.1","","97","","","","34","","7","","16.1","","97.90","","","","","","Rain"
"-77.70","53.63","LA GRANDE RIVIERE A","7093716","2019-09-14 20:00","2019","09","14","20:00","","11.2","","10.7","","97","","","","34","","7","","24.1","","97.98","","","","","","NA"
"-77.70","53.63","LA GRANDE RIVIERE A","7093716","2019-09-14 21:00","2019","09","14","21:00","","10.9","","10.4","","97","","","","35","","9","","12.9","","98.04","","","","","","Drizzle"
"-77.70","53.63","LA GRANDE RIVIERE A","7093716","2019-09-14 22:00","2019","09","14","22:00","","10.6","","10.1","","96","","","","35","","8","","24.1","","98.10","","","","","","Drizzle"
"-77.70","53.63","LA GRANDE RIVIERE A","7093716","2019-09-14 23:00","2019","09","14","23:00","","10.3","","9.7","","96","","","","34","","12","","12.9","","98.17","","","","","","Drizzle"
"-77.70","53.63","LA GRANDE RIVIERE A","7093716","2019-09-15 00:00","2019","09","15","00:00","","10.0","","9.5","","97","","","","34","","8","","12.9","","98.23","","","","","","Drizzle"
"-77.70","53.63","LA GRANDE RIVIERE A","7093716","2019-09-15 01:00","2019","09","15","01:00","","9.8","","9.3","","97","","","","34","","10","","24.1","","98.29","","","","","","Drizzle"
"-77.70","53.63","LA GRANDE RIVIERE A","7093716","2019-09-15 02:00","2019","09","15","02:00","","9.6","","8.9","","95","","","","34","","8","","24.1","","98.34","","","","","","NA"
"-77.70","53.63","LA GRANDE RIVIERE A","7093716","2019-09-15 03:00","2019","09","15","03:00","","9.5","","8.7","","95","","","","32","","8","","24.1","","98.41","","","","","","NA"
"-77.70","53.63","LA GRANDE RIVIERE A","7093716","2019-09-15 04:00","2019","09","15","04:00","","9.1","","8.2","","94","","","","32","","8","","24.1","","98.50","","","","","","Mostly Cloudy"
"-77.70","53.63","LA GRANDE RIVIERE A","7093716","2019-09-15 05:00","2019","09","15","05:00","","8.5","","7.5","","93","","","","32","","9","","24.1","","98.58","","","","","","NA"
"-77.70","53.63","LA GRANDE RIVIERE A","7093716","2019-09-15 06:00","2019","09","15","06:00","","7.4","","6.5","","94","","","","32","","9","","24.1","","98.68","","","","","","NA"
"-77.70","53.63","LA GRANDE RIVIERE A","7093716","2019-09-15 07:00","2019","09","15","07:00","","7.9","","6.5","","91","","","","34","","10","","24.1","","98.75","","","","","","Mainly Clear"
"-77.70","53.63","LA GRANDE RIVIERE A","7093716","2019-09-15 08:00","2019","09","15","08:00","","9.4","","6.8","","84","","","","36","","14","","24.1","","98.81","","","","","","NA"
"-77.70","53.63","LA GRANDE RIVIERE A","7093716","2019-09-15 09:00","2019","09","15","09:00","","11.2","","7.6","","78","","","","34","","13","","24.1","","98.87","","","","","","NA"
"-77.70","53.63","LA GRANDE RIVIERE A","7093716","2019-09-15 10:00","2019","09","15","10:00","","13.0","","7.7","","70","","","","35","","14","","24.1","","98.90","","","","","","Mostly Cloudy"
"-77.70","53.63","LA GRANDE RIVIERE A","7093716","2019-09-15 11:00","2019","09","15","11:00","","14.2","","6.8","","61","","","","1","","10","","24.1","","98.93","","","","","","NA"
"-77.70","53.63","LA GRANDE RIVIERE A","7093716","2019-09-15 12:00","2019","09","15","12:00","","15.5","","6.8","","56","","","","1","","10","","24.1","","98.97","","","","","","NA"
"-77.70","53.63","LA GRANDE RIVIERE A","7093716","2019-09-15 13:00","2019","09","15","13:00","","15.9","","6.3","","52","","","","1","","18","","24.1","","99.02","","","","","","Cloudy"
"-77.70","53.63","LA GRANDE RIVIERE A","7093716","2019-09-15 14:00","2019","09","15","14:00","","16.2","","6.6","","52","","","","3","","10","","24.1","","99.05","","","","","","NA"
"-77.70","53.63","LA GRANDE RIVIERE A","7093716","2019-09-15 15:00","2019","09","15","15:00","","16.5","","5.5","","48","","","","34","","13","","24.1","","99.07","","","","","","NA"
"-77.70","53.63","LA GRANDE RIVIERE A","7093716","2019-09-15 16:00","2019","09","15","16:00","","16.9","","5.8","","48","","","","36","","7","","24.1","","99.10","","","","","","Cloudy"
"-77.70","53.63","LA GRANDE RIVIERE A","7093716","2019-09-15 17:00","2019","09","15","17:00","","16.3","","5.7","","49","","","","35","","9","","24.1","","99.15","","","","","","NA"
"-77.70","53.63","LA GRANDE RIVIERE A","7093716","2019-09-15 18:00","2019","09","15","18:00","","14.8","","6.3","","56","","","","5","","5","","24.1","","99.19","","","","","","NA"
"-77.70","53.63","LA GRANDE RIVIERE A","7093716","2019-09-15 19:00","2019","09","15","19:00","","11.3","","8.2","","81","","","","11","","10","","24.1","","99.23","","","","","","Mainly Clear"
"-77.70","53.63","LA GRANDE RIVIERE A","7093716","2019-09-15 20:00","2019","09","15","20:00","","9.6","","7.6","","87","","","","12","","11","","24.1","","99.27","","","","","","NA"
"-77.70","53.63","LA GRANDE RIVIERE A","7093716","2019-09-15 21:00","2019","09","15","21:00","","8.9","","7.6","","92","","","","11","","9","","24.1","","99.30","","","","","","NA"
"-77.70","53.63","LA GRANDE RIVIERE A","7093716","2019-09-15 22:00","2019","09","15","22:00","","9.2","","7.0","","86","","","","15","","13","","24.1","","99.35","","","","","","Mainly Clear"
"-77.70","53.63","LA GRANDE RIVIERE A","7093716","2019-09-15 23:00","2019","09","15","23:00","","9.7","","6.8","","82","","","","16","","14","","24.1","","99.36","","","","","","NA"
"-77.70","53.63","LA GRANDE RIVIERE A","7093716","2019-09-16 00:00","2019","09","16","00:00","","9.3","","6.1","","81","","","","14","","14","","24.1","","99.38","","","","","","NA"
"-77.70","53.63","LA GRANDE RIVIERE A","7093716","2019-09-16 01:00","2019","09","16","01:00","","8.8","","5.6","","80","","","","15","","13","","24.1","","99.41","","","","","","Mainly Clear"
"-77.70","53.63","LA GRANDE RIVIERE A","7093716","2019-09-16 02:00","2019","09","16","02:00","","8.8","","5.4","","79","","","","16","","13","","24.1","","99.44","","","","","","NA"
"-77.70","53.63","LA GRANDE RIVIERE A","7093716","2019-09-16 03:00","2019","09","16","03:00","","7.1","","5.5","","89","","","","18","","8","","24.1","","99.48","","","","","","NA"
"-77.70","53.63","LA GRANDE RIVIERE A","7093716","2019-09-16 04:00","2019","09","16","04:00","","7.2","","5.4","","88","","","","18","","9","","24.1","","99.51","","","","","","Mostly Cloudy"
"-77.70","53.63","LA GRANDE RIVIERE A","7093716","2019-09-16 05:00","2019","09","16","05:00","","5.6","","4.3","","92","","","","15","","7","","24.1","","99.53","","","","","","NA"
"-77.70","53.63","LA GRANDE RIVIERE A","7093716","2019-09-16 06:00","2019","09","16","06:00","","5.1","","4.6","","96","","","","16","","5","","24.1","","99.59","","","","","","NA"
"-77.70","53.63","LA GRANDE RIVIERE A","7093716","2019-09-16 07:00","2019","09","16","07:00","","6.3","","5.5","","95","","","","12","","8","","24.1","","99.63","","","","","","Cloudy"
"-77.70","53.63","LA GRANDE RIVIERE A","7093716","2019-09-16 08:00","2019","09","16","08:00","","9.8","","6.3","","79","","","","14","","10","","24.1","","99.65","","","","","","NA"
"-77.70","53.63","LA GRANDE RIVIERE A","7093716","2019-09-16 09:00","2019","09","16","09:00","","11.8","","6.0","","68","","","","19","","16","","24.1","","99.66","","","","","","NA"
"-77.70","53.63","LA GRANDE RIVIERE A","7093716","2019-09-16 10:00","2019","09","16","10:00","","12.9","","6.7","","66","","","","15","","17","","24.1","","99.67","","","","","","Mostly Cloudy"
"-77.70","53.63","LA GRANDE RIVIERE A","7093716","2019-09-16 11:00","2019","09","16","11:00","","14.6","","7.2","","61","","","","14","","15","","24.1","","99.64","","","","","","NA"
"-77.70","53.63","LA GRANDE RIVIERE A","7093716","2019-09-16 12:00","2019","09","16","12:00","","15.7","","7.7","","59","","","","20","","14","","24.1","","99.63","","","","","","NA"
"-77.70","53.63","LA GRANDE RIVIERE A","7093716","2019-09-16 13:00","2019","09","16","13:00","","16.3","","7.1","","54","","","","21","","15","","24.1","","99.63","","","","","","Mainly Clear"
"-77.70","53.63","LA GRANDE RIVIERE A","7093716","2019-09-16 14:00","2019","09","16","14:00","","17.0","","6.5","","50","","","","17","","15","","24.1","","99.63","","","","","","NA"
"-77.70","53.63","LA GRANDE RIVIERE A","7093716","2019-09-16 15:00","2019","09","16","15:00","","17.0","","6.4","","49","","","","18","","7","","24.1","","99.62","","","","","","NA"
"-77.70","53.63","LA GRANDE RIVIERE A","7093716","2019-09-16 16:00","2019","09","16","16:00","","16.7","","5.8","","48","","","","19","","8","","24.1","","99.64","","","","","","Mainly Clear"
"-77.70","53.63","LA GRANDE RIVIERE A","7093716","2019-09-16 17:00","2019","09","16","17:00","","16.8","","6.3","","50","","","","18","","6","","24.1","","99.66","","","","","","NA"
"-77.70","53.63","LA GRANDE RIVIERE A","7093716","2019-09-16 18:00","2019","09","16","18:00","","14.4","","7.7","","64","","","","10","","10","","24.1","","99.69","","","","","","NA"
"-77.70","53.63","LA GRANDE RIVIERE A","7093716","2019-09-16 19:00","2019","09","16","19:00","","11.8","","6.6","","70","","","","11","","10","","24.1","","99.72","","","","","","Mainly Clear"
"-77.70","53.63","LA GRANDE RIVIERE A","7093716","2019-09-16 20:00","2019","09","16","20:00","","10.3","","6.8","","78","","","","11","","14","","24.1","","99.73","","","","","","NA"
"-77.70","53.63","LA GRANDE RIVIERE A","7093716","2019-09-16 21:00","2019","09","16","21:00","","10.1","","7.2","","82","","","","12","","14","","24.1","","99.74","","","","","","NA"
"-77.70","53.63","LA GRANDE RIVIERE A","7093716","2019-09-16 22:00","2019","09","16","22:00","","9.8","","6.2","","78","","","","12","","12","","24.1","","99.79","","","","","","Mainly Clear"
"-77.70","53.63","LA GRANDE RIVIERE A","7093716","2019-09-16 23:00","2019","09","16","23:00","","9.0","","5.5","","79","","","","13","","13","","24.1","","99.78","","","","","","NA"
"-77.70","53.63","LA GRANDE RIVIERE A","7093716","2019-09-17 00:00","2019","09","17","00:00","","9.2","","5.5","","78","","","","13","","13","","24.1","","99.79","","","","","","NA"
"-77.70","53.63","LA GRANDE RIVIERE A","7093716","2019-09-17 01:00","2019","09","17","01:00","","9.8","","5.4","","74","","","","15","","16","","24.1","","99.83","","","","","","Mostly Cloudy"
"-77.70","53.63","LA GRANDE RIVIERE A","7093716","2019-09-17 02:00","2019","09","17","02:00","","9.6","","5.5","","75","","","","15","","14","","24.1","","99.83","","","","","","NA"
"-77.70","53.63","LA GRANDE RIVIERE A","7093716","2019-09-17 03:00","2019","09","17","03:00","","9.1","","5.8","","80","","","","13","","11","","24.1","","99.89","","","","","","NA"
"-77.70","53.63","LA GRANDE RIVIERE A","7093716","2019-09-17 04:00","2019","09","17","04:00","","9.5","","5.9","","78","","","","15","","12","","24.1","","99.91","","","","","","Mostly Cloudy"
"-77.70","53.63","LA GRANDE RIVIERE A","7093716","2019-09-17 05:00","2019","09","17","05:00","","9.3","","6.5","","82","","","","16","","13","","24.1","","99.93","","","","","","NA"
"-77.70","53.63","LA GRANDE RIVIERE A","7093716","2019-09-17 06:00","2019","09","17","06:00","","8.8","","6.4","","85","","","","13","","13","","24.1","","99.99","","","","","","NA"
"-77.70","53.63","LA GRANDE RIVIERE A","7093716","2019-09-17 07:00","2019","09","17","07:00","","8.9","","6.3","","84","","","","14","","14","","24.1","","100.01","","","","","","Mostly Cloudy"
"-77.70","53.63","LA GRANDE RIVIERE A","7093716","2019-09-17 08:00","2019","09","17","08:00","","10.6","","6.6","","76","","","","13","","15","","24.1","","100.05","","","","","","NA"
"-77.70","53.63","LA GRANDE RIVIERE A","7093716","2019-09-17 09:00","2019","09","17","09:00","","13.8","","7.1","","64","","","","15","","18","","24.1","","100.04","","","","","","NA"
"-77.70","53.63","LA GRANDE RIVIERE A","7093716","2019-09-17 10:00","2019","09","17","10:00","","14.5","","7.2","","61","","","","14","","18","","24.1","","100.04","","","","","","Mostly Cloudy"
"-77.70","53.63","LA GRANDE RIVIERE A","7093716","2019-09-17 11:00","2019","09","17","11:00","","15.5","","6.5","","55","","","","12","","23","","24.1","","100.03","","","","","","NA"
"-77.70","53.63","LA GRANDE RIVIERE A","7093716","2019-09-17 12:00","2019","09","17","12:00","","17.0","","5.8","","47","","","","14","","18","","24.1","","100.04","","","","","","NA"
"-77.70","53.63","LA GRANDE RIVIERE A","7093716","2019-09-17 13:00","2019","09","17","13:00","","17.7","","6.4","","47","","","","12","","22","","24.1","","100.00","","","","","","Mainly Clear"
"-77.70","53.63","LA GRANDE RIVIERE A","7093716","2019-09-17 14:00","2019","09","17","14:00","","18.3","","6.4","","45","","","","11","","23","","24.1","","99.95","","","","","","NA"
"-77.70","53.63","LA GRANDE RIVIERE A","7093716","2019-09-17 15:00","2019","09","17","15:00","","18.6","","6.1","","44","","","","12","","16","","24.1","","99.94","","","","","","NA"
"-77.70","53.63","LA GRANDE RIVIERE A","7093716","2019-09-17 16:00","2019","09","17","16:00","","18.3","","5.8","","44","","","","13","","18","","24.1","","99.93","","","","","","Mainly Clear"
"-77.70","53.63","LA GRANDE RIVIERE A","7093716","2019-09-17 17:00","2019","09","17","17:00","","17.3","","5.8","","46","","","","13","","16","","24.1","","99.94","","","","","","NA"
"-77.70","53.63","LA GRANDE RIVIERE A","7093716","2019-09-17 18:00","2019","09","17","18:00","","15.5","","6.1","","53","","","","13","","9","","24.1","","99.98","","","","","","NA"
"-77.70","53.63","LA GRANDE RIVIERE A","7093716","2019-09-17 19:00","2019","09","17","19:00","","12.6","","6.5","","66","","","","11","","11","","24.1","","99.99","","","","","","Mainly Clear"
"-77.70","53.63","LA GRANDE RIVIERE A","7093716","2019-09-17 20:00","2019","09","17","20:00","","11.5","","6.0","","69","","","","13","","13","","24.1","","100.00","","","","","","NA"
"-77.70","53.63","LA GRANDE RIVIERE A","7093716","2019-09-17 21:00","2019","09","17","21:00","","10.8","","5.5","","69","","","","12","","16","","24.1","","99.96","","","","","","NA"
"-77.70","53.63","LA GRANDE RIVIERE A","7093716","2019-09-17 22:00","2019","09","17","22:00","","9.9","","5.3","","73","","","","12","","17","","24.1","","99.95","","","","","","Mainly Clear"
"-77.70","53.63","LA GRANDE RIVIERE A","7093716","2019-09-17 23:00","2019","09","17","23:00","","9.8","","5.2","","73","","","","12","","14","","24.1","","99.98","","","","","","NA"
"-77.70","53.63","LA GRANDE RIVIERE A","7093716","2019-09-18 00:00","2019","09","18","00:00","","8.2","","5.1","","80","","","","12","","12","","24.1","","99.99","","","","","","NA"
"-77.70","53.63","LA GRANDE RIVIERE A","7093716","2019-09-18 01:00","2019","09","18","01:00","","7.2","","4.6","","83","","","","11","","16","","24.1","","99.99","","","","","","Clear"
"-77.70","53.63","LA GRANDE RIVIERE A","7093716","2019-09-18 02:00","2019","09","18","02:00","","7.9","","5.0","","82","","","","13","","18","","24.1","","99.93","","","","","","NA"
"-77.70","53.63","LA GRANDE RIVIERE A","7093716","2019-09-18 03:00","2019","09","18","03:00","","8.9","","5.1","","77","","","","14","","19","","24.1","","99.90","","","","","","NA"
"-77.70","53.63","LA GRANDE RIVIERE A","7093716","2019-09-18 04:00","2019","09","18","04:00","","8.5","","4.9","","78","","","","13","","19","","24.1","","99.86","","","","","","Mainly Clear"
"-77.70","53.63","LA GRANDE RIVIERE A","7093716","2019-09-18 05:00","2019","09","18","05:00","","8.0","","5.0","","81","","","","13","","20","","24.1","","99.84","","","","","","NA"
"-77.70","53.63","LA GRANDE RIVIERE A","7093716","2019-09-18 06:00","2019","09","18","06:00","","8.5","","4.8","","78","","","","13","","23","","24.1","","99.83","","","","","","NA"
"-77.70","53.63","LA GRANDE RIVIERE A","7093716","2019-09-18 07:00","2019","09","18","07:00","","9.8","","5.0","","72","","","","14","","21","","24.1","","99.81","","","","","","Mostly Cloudy"
"-77.70","53.63","LA GRANDE RIVIERE A","7093716","2019-09-18 08:00","2019","09","18","08:00","","12.1","","5.7","","65","","","","14","","20","","24.1","","99.81","","","","","","NA"
"-77.70","53.63","LA GRANDE RIVIERE A","7093716","2019-09-18 09:00","2019","09","18","09:00","","14.9","","7.0","","59","","","","15","","18","","24.1","","99.72","","","","","","NA"
"-77.70","53.63","LA GRANDE RIVIERE A","7093716","2019-09-18 10:00","2019","09","18","10:00","","18.1","","8.4","","53","","","","14","","23","","24.1","","99.64","","","","","","Mostly Cloudy"
"-77.70","53.63","LA GRANDE RIVIERE A","7093716","2019-09-18 11:00","2019","09","18","11:00","","19.8","","8.8","","49","","","","15","","26","","24.1","","99.51","","","","","","NA"
"-77.70","53.63","LA GRANDE RIVIERE A","7093716","2019-09-18 12:00","2019","09","18","12:00","","21.1","","9.8","","48","","","","16","","26","","24.1","","99.48","","","","","","NA"
"-77.70","53.63","LA GRANDE RIVIERE A","7093716","2019-09-18 13:00","2019","09","18","13:00","","22.2","","9.8","","45","","","","15","","29","","24.1","","99.37","","","","","","Mainly Clear"
"-77.70","53.63","LA GRANDE RIVIERE A","7093716","2019-09-18 14:00","2019","09","18","14:00","","23.0","","10.2","","44","","","","17","","30","","24.1","","99.34","","","","","","NA"
"-77.70","53.63","LA GRANDE RIVIERE A","7093716","2019-09-18 15:00","2019","09","18","15:00","","22.9","","10.4","","45","","","","18","","21","","24.1","","99.24","","","","","","NA"
"-77.70","53.63","LA GRANDE RIVIERE A","7093716","2019-09-18 16:00","2019","09","18","16:00","","22.6","","11.0","","47","","","","16","","20","","24.1","","99.15","","","","","","Cloudy"
"-77.70","53.63","LA GRANDE RIVIERE A","7093716","2019-09-18 17:00","2019","09","18","17:00","","22.0","","12.2","","53","","","","15","","21","","24.1","","99.06","","","","","","NA"
"-77.70","53.63","LA GRANDE RIVIERE A","7093716","2019-09-18 18:00","2019","09","18","18:00","","21.2","","13.0","","59","","","","15","","22","","24.1","","98.95","","","","","","NA"
"-77.70","53.63","LA GRANDE RIVIERE A","7093716","2019-09-18 19:00","2019","09","18","19:00","","20.3","","13.5","","65","","","","15","","23","","24.1","","98.85","","","","","","Cloudy"
"-77.70","53.63","LA GRANDE RIVIERE A","7093716","2019-09-18 20:00","2019","09","18","20:00","","19.9","","13.8","","67","","","","17","","17","","24.1","","98.87","","","","","","NA"
"-77.70","53.63","LA GRANDE RIVIERE A","7093716","2019-09-18 21:00","2019","09","18","21:00","","18.5","","15.1","","80","","","","18","","17","","12.9","","98.84","","","","","","Rain"
"-77.70","53.63","LA GRANDE RIVIERE A","7093716","2019-09-18 22:00","2019","09","18","22:00","","17.8","","15.2","","85","","","","17","","18","","24.1","","98.70","","","","","","Rain"
"-77.70","53.63","LA GRANDE RIVIERE A","7093716","2019-09-18 23:00","2019","09","18","23:00","","17.4","","15.5","","88","","","","18","","19","","24.1","","98.61","","","","","","Rain"
"-77.70","53.63","LA GRANDE RIVIERE A","7093716","2019-09-19 00:00","2019","09","19","00:00","","18.1","","15.9","","87","","","","19","","22","","24.1","","98.56","","","","","","NA"
"-77.70","53.63","LA GRANDE RIVIERE A","7093716","2019-09-19 01:00","2019","09","19","01:00","","18.8","","15.4","","81","","","","19","","24","","24.1","","98.51","","","","","","Rain"
"-77.70","53.63","LA GRANDE RIVIERE A","7093716","2019-09-19 02:00","2019","09","19","02:00","","19.0","","15.0","","78","","","","20","","26","","24.1","","98.46","","","","","","NA"
"-77.70","53.63","LA GRANDE RIVIERE A","7093716","2019-09-19 03:00","2019","09","19","03:00","","17.0","","15.9","","93","","","","19","","21","","24.1","","98.46","","","","","","Thunderstorms,Rain Showers"
"-77.70","53.63","LA GRANDE RIVIERE A","7093716","2019-09-19 04:00","2019","09","19","04:00","","17.1","","15.6","","91","","","","18","","19","","24.1","","98.43","","","","","","Cloudy"
"-77.70","53.63","LA GRANDE RIVIERE A","7093716","2019-09-19 05:00","2019","09","19","05:00","","17.0","","15.2","","89","","","","18","","19","","24.1","","98.37","","","","","","NA"
"-77.70","53.63","LA GRANDE RIVIERE A","7093716","2019-09-19 06:00","2019","09","19","06:00","","17.0","","14.4","","84","","","","19","","20","","24.1","","98.33","","","","","","NA"
"-77.70","53.63","LA GRANDE RIVIERE A","7093716","2019-09-19 07:00","2019","09","19","07:00","","17.3","","13.7","","79","","","","20","","23","","24.1","","98.31","","","","","","Cloudy"
"-77.70","53.63","LA GRANDE RIVIERE A","7093716","2019-09-19 08:00","2019","09","19","08:00","","17.8","","13.4","","75","","","","20","","24","","24.1","","98.28","","","","","","NA"
"-77.70","53.63","LA GRANDE RIVIERE A","7093716","2019-09-19 09:00","2019","09","19","09:00","","17.6","","13.3","","76","","","","21","","26","","24.1","","98.23","","","","","","NA"
"-77.70","53.63","LA GRANDE RIVIERE A","7093716","2019-09-19 10:00","2019","09","19","10:00","","16.6","","14.2","","86","","","","19","","26","","24.1","","98.19","","","","","","Cloudy"
"-77.70","53.63","LA GRANDE RIVIERE A","7093716","2019-09-19 11:00","2019","09","19","11:00","","16.8","","14.5","","86","","","","20","","23","","24.1","","98.19","","","","","","NA"
"-77.70","53.63","LA GRANDE RIVIERE A","7093716","2019-09-19 12:00","2019","09","19","12:00","","17.1","","14.5","","84","","","","20","","24","","24.1","","98.21","","","","","","NA"
"-77.70","53.63","LA GRANDE RIVIERE A","7093716","2019-09-19 13:00","2019","09","19","13:00","","17.0","","15.1","","89","","","","21","","17","","16.1","","98.21","","","","","","Rain"
"-77.70","53.63","LA GRANDE RIVIERE A","7093716","2019-09-19 14:00","2019","09","19","14:00","","16.5","","15.8","","96","","","","20","","19","","16.1","","98.19","","","","","","Rain"
"-77.70","53.63","LA GRANDE RIVIERE A","7093716","2019-09-19 15:00","2019","09","19","15:00","","17.2","","16.3","","94","","","","21","","18","","16.1","","98.18","","","","","","Rain"
"-77.70","53.63","LA GRANDE RIVIERE A","7093716","2019-09-19 16:00","2019","09","19","16:00","","17.2","","16.5","","95","","","","22","","17","","4.8","","98.17","","","","","","Rain,Fog"
"-77.70","53.63","LA GRANDE RIVIERE A","7093716","2019-09-19 17:00","2019","09","19","17:00","","16.5","","15.8","","95","","","","25","","23","","9.7","","98.23","","","","","","Rain,Fog"
"-77.70","53.63","LA GRANDE RIVIERE A","7093716","2019-09-19 18:00","2019","09","19","18:00","","10.4","","9.9","","97","","","","28","","28","","1.6","","98.44","","","","","","Rain,Fog"
"-77.70","53.63","LA GRANDE RIVIERE A","7093716","2019-09-19 19:00","2019","09","19","19:00","","8.8","","8.0","","95","","","","30","","22","","19.3","","98.64","","","","","","Drizzle"
"-77.70","53.63","LA GRANDE RIVIERE A","7093716","2019-09-19 20:00","2019","09","19","20:00","","8.4","","7.7","","95","","","","30","","14","","19.3","","98.77","","","","","","Rain"
"-77.70","53.63","LA GRANDE RIVIERE A","7093716","2019-09-19 21:00","2019","09","19","21:00","","7.8","","7.3","","97","","","","30","","21","","3.2","","98.92","","","","","","Drizzle,Fog"
"-77.70","53.63","LA GRANDE RIVIERE A","7093716","2019-09-19 22:00","2019","09","19","22:00","","7.0","","6.5","","97","","","","30","","17","","3.2","","99.03","","","","","","Drizzle,Fog"
"-77.70","53.63","LA GRANDE RIVIERE A","7093716","2019-09-19 23:00","2019","09","19","23:00","","6.1","","5.8","","98","","","","32","","14","","3.2","","99.14","","","","","","Drizzle,Fog"
"-77.70","53.63","LA GRANDE RIVIERE A","7093716","2019-09-20 00:00","2019","09","20","00:00","","5.4","","5.0","","98","","","","29","","14","","3.2","","99.23","","","","","","Drizzle,Fog"
"-77.70","53.63","LA GRANDE RIVIERE A","7093716","2019-09-20 01:00","2019","09","20","01:00","","4.5","","4.1","","98","","","","30","","10","","3.2","","99.37","","","","","","Drizzle,Fog"
"-77.70","53.63","LA GRANDE RIVIERE A","7093716","2019-09-20 02:00","2019","09","20","02:00","","4.0","","3.6","","98","","","","29","","14","","1.2","","99.47","","","","","","Fog"
"-77.70","53.63","LA GRANDE RIVIERE A","7093716","2019-09-20 03:00","2019","09","20","03:00","","3.5","","3.2","","98","","","","28","","12","","1.2","","99.56","","","","","","Fog"
"-77.70","53.63","LA GRANDE RIVIERE A","7093716","2019-09-20 04:00","2019","09","20","04:00","","3.1","","2.8","","98","","","","28","","7","","2.4","","99.63","","","","","","Fog"
"-77.70","53.63","LA GRANDE RIVIERE A","7093716","2019-09-20 05:00","2019","09","20","05:00","","2.1","","1.8","","98","","","","19","","7","","6.4","","99.64","","","","","","Fog"
"-77.70","53.63","LA GRANDE RIVIERE A","7093716","2019-09-20 06:00","2019","09","20","06:00","","1.5","","1.2","","98","","","","26","","7","","1.0","","99.75","","","","","","Fog"
"-77.70","53.63","LA GRANDE RIVIERE A","7093716","2019-09-20 07:00","2019","09","20","07:00","","2.1","","1.9","","98","","","","24","","11","","0.6","","99.79","","","","","","Fog"
"-77.70","53.63","LA GRANDE RIVIERE A","7093716","2019-09-20 08:00","2019","09","20","08:00","","3.8","","3.5","","98","","","","26","","9","","0.6","","99.84","","","","","","Fog"
"-77.70","53.63","LA GRANDE RIVIERE A","7093716","2019-09-20 09:00","2019","09","20","09:00","","6.2","","5.9","","98","","","","24","","9","","16.1","","99.90","","","","","","NA"
"-77.70","53.63","LA GRANDE RIVIERE A","7093716","2019-09-20 10:00","2019","09","20","10:00","","9.3","","6.2","","80","","","","27","","10","","24.1","","99.87","","","","","","Clear"
"-77.70","53.63","LA GRANDE RIVIERE A","7093716","2019-09-20 11:00","2019","09","20","11:00","","12.4","","7.2","","70","","","","27","","11","","24.1","","99.88","","","","","","NA"
"-77.70","53.63","LA GRANDE RIVIERE A","7093716","2019-09-20 12:00","2019","09","20","12:00","","13.7","","6.6","","62","","","","29","","19","","24.1","","99.88","","","","","","NA"
"-77.70","53.63","LA GRANDE RIVIERE A","7093716","2019-09-20 13:00","2019","09","20","13:00","","14.7","","7.5","","62","","","","30","","16","","24.1","","99.86","","","","","","Mainly Clear"
"-77.70","53.63","LA GRANDE RIVIERE A","7093716","2019-09-20 14:00","2019","09","20","14:00","","15.5","","6.9","","56","","","","26","","20","","24.1","","99.83","","","","","","NA"
"-77.70","53.63","LA GRANDE RIVIERE A","7093716","2019-09-20 15:00","2019","09","20","15:00","","15.8","","7.0","","56","","","","27","","25","","24.1","","99.85","","","","","","NA"
"-77.70","53.63","LA GRANDE RIVIERE A","7093716","2019-09-20 16:00","2019","09","20","16:00","","15.3","","6.7","","56","","","","27","","20","","24.1","","99.90","","","","","","Mostly Cloudy"
"-77.70","53.63","LA GRANDE RIVIERE A","7093716","2019-09-20 17:00","2019","09","20","17:00","","14.6","","6.6","","58","","","","25","","22","","24.1","","99.91","","","","","","NA"
"-77.70","53.63","LA GRANDE RIVIERE A","7093716","2019-09-20 18:00","2019","09","20","18:00","","12.6","","6.3","","65","","","","29","","10","","24.1","","99.96","","","","","","NA"
"-77.70","53.63","LA GRANDE RIVIERE A","7093716","2019-09-20 19:00","2019","09","20","19:00","","9.5","","6.5","","81","","","","26","","8","","24.1","","99.92","","","","","","Clear"
"-77.70","53.63","LA GRANDE RIVIERE A","7093716","2019-09-20 20:00","2019","09","20","20:00","","8.5","","5.9","","84","","","","25","","6","","24.1","","99.97","","","","","","NA"
"-77.70","53.63","LA GRANDE RIVIERE A","7093716","2019-09-20 21:00","2019","09","20","21:00","","8.1","","5.7","","85","","","","24","","6","","24.1","","99.95","","","","","","NA"
"-77.70","53.63","LA GRANDE RIVIERE A","7093716","2019-09-20 22:00","2019","09","20","22:00","","7.2","","5.6","","90","","","","25","","3","","24.1","","99.90","","","","","","Clear"
"-77.70","53.63","LA GRANDE RIVIERE A","7093716","2019-09-20 23:00","2019","09","20","23:00","","6.5","","5.3","","92","","","","17","","3","","24.1","","99.88","","","","","","NA"
"-77.70","53.63","LA GRANDE RIVIERE A","7093716","2019-09-21 00:00","2019","09","21","00:00","","6.4","","5.5","","94","","","","13","","6","","24.1","","99.82","","","","","","NA"
"-77.70","53.63","LA GRANDE RIVIERE A","7093716","2019-09-21 01:00","2019","09","21","01:00","","6.8","","5.7","","93","","","","13","","4","","24.1","","99.83","","","","","","Mainly Clear"
"-77.70","53.63","LA GRANDE RIVIERE A","7093716","2019-09-21 02:00","2019","09","21","02:00","","6.2","","5.3","","94","","","","13","","9","","24.1","","99.75","","","","","","NA"
"-77.70","53.63","LA GRANDE RIVIERE A","7093716","2019-09-21 03:00","2019","09","21","03:00","","8.5","","6.1","","85","","","","15","","14","","24.1","","99.74","","","","","","NA"
"-77.70","53.63","LA GRANDE RIVIERE A","7093716","2019-09-21 04:00","2019","09","21","04:00","","8.2","","5.8","","84","","","","15","","18","","24.1","","99.73","","","","","","Cloudy"
"-77.70","53.63","LA GRANDE RIVIERE A","7093716","2019-09-21 05:00","2019","09","21","05:00","","7.5","","5.6","","88","","","","14","","15","","24.1","","99.68","","","","","","NA"
"-77.70","53.63","LA GRANDE RIVIERE A","7093716","2019-09-21 06:00","2019","09","21","06:00","","7.2","","5.4","","88","","","","16","","12","","24.1","","99.69","","","","","","NA"
"-77.70","53.63","LA GRANDE RIVIERE A","7093716","2019-09-21 07:00","2019","09","21","07:00","","8.7","","6.0","","83","","","","17","","15","","24.1","","99.64","","","","","","Mostly Cloudy"
"-77.70","53.63","LA GRANDE RIVIERE A","7093716","2019-09-21 08:00","2019","09","21","08:00","","10.4","","6.6","","77","","","","17","","17","","24.1","","99.57","","","","","","NA"
"-77.70","53.63","LA GRANDE RIVIERE A","7093716","2019-09-21 09:00","2019","09","21","09:00","","12.3","","6.8","","69","","","","17","","16","","24.1","","99.49","","","","","","NA"
"-77.70","53.63","LA GRANDE RIVIERE A","7093716","2019-09-21 10:00","2019","09","21","10:00","","14.4","","7.0","","61","","","","17","","18","","24.1","","99.36","","","","","","Mainly Clear"
"-77.70","53.63","LA GRANDE RIVIERE A","7093716","2019-09-21 11:00","2019","09","21","11:00","","16.9","","6.8","","51","","","","16","","24","","24.1","","99.21","","","","","","NA"
"-77.70","53.63","LA GRANDE RIVIERE A","7093716","2019-09-21 12:00","2019","09","21","12:00","","18.7","","7.4","","48","","","","16","","22","","24.1","","99.08","","","","","","NA"
"-77.70","53.63","LA GRANDE RIVIERE A","7093716","2019-09-21 13:00","2019","09","21","13:00","","19.5","","8.3","","48","","","","17","","33","","24.1","","98.92","","","","","","Mostly Cloudy"
"-77.70","53.63","LA GRANDE RIVIERE A","7093716","2019-09-21 14:00","2019","09","21","14:00","","20.2","","9.5","","49","","","","18","","30","","24.1","","98.80","","","","","","NA"
"-77.70","53.63","LA GRANDE RIVIERE A","7093716","2019-09-21 15:00","2019","09","21","15:00","","20.3","","10.7","","54","","","","21","","27","","24.1","","98.72","","","","","","NA"
"-77.70","53.63","LA GRANDE RIVIERE A","7093716","2019-09-21 16:00","2019","09","21","16:00","","20.9","","11.5","","54","","","","19","","24","","24.1","","98.57","","","","","","Mostly Cloudy"
"-77.70","53.63","LA GRANDE RIVIERE A","7093716","2019-09-21 17:00","2019","09","21","17:00","","20.2","","12.0","","59","","","","19","","22","","24.1","","98.48","","","","","","NA"
"-77.70","53.63","LA GRANDE RIVIERE A","7093716","2019-09-21 18:00","2019","09","21","18:00","","19.2","","12.4","","65","","","","17","","16","","24.1","","98.35","","","","","","NA"
"-77.70","53.63","LA GRANDE RIVIERE A","7093716","2019-09-21 19:00","2019","09","21","19:00","","18.1","","12.7","","70","","","","17","","19","","24.1","","98.19","","","","","","Mostly Cloudy"
"-77.70","53.63","LA GRANDE RIVIERE A","7093716","2019-09-21 20:00","2019","09","21","20:00","","18.0","","13.2","","73","","","","17","","25","","24.1","","98.03","","","","","","NA"
"-77.70","53.63","LA GRANDE RIVIERE A","7093716","2019-09-21 21:00","2019","09","21","21:00","","18.9","","14.1","","73","","","","18","","25","","24.1","","97.90","","","","","","NA"
"-77.70","53.63","LA GRANDE RIVIERE A","7093716","2019-09-21 22:00","2019","09","21","22:00","","20.0","","14.7","","71","","","","20","","26","","24.1","","97.79","","","","","","Mainly Clear"
"-77.70","53.63","LA GRANDE RIVIERE A","7093716","2019-09-21 23:00","2019","09","21","23:00","","19.8","","14.9","","73","","","","20","","29","","24.1","","97.67","","","","","","NA"
"-77.70","53.63","LA GRANDE RIVIERE A","7093716","2019-09-22 00:00","2019","09","22","00:00","","20.1","","15.1","","73","","","","19","","28","","24.1","","97.54","","","","","","NA"
"-77.70","53.63","LA GRANDE RIVIERE A","7093716","2019-09-22 01:00","2019","09","22","01:00","","21.0","","15.7","","71","","","","21","","28","","24.1","","97.43","","25","","","","Cloudy"
"-77.70","53.63","LA GRANDE RIVIERE A","7093716","2019-09-22 02:00","2019","09","22","02:00","","19.5","","17.1","","86","","","","21","","29","","24.1","","97.33","","","","","","Rain Showers"
"-77.70","53.63","LA GRANDE RIVIERE A","7093716","2019-09-22 03:00","2019","09","22","03:00","","18.4","","17.6","","95","","","","21","","27","","16.1","","97.25","","","","","","Moderate Rain Showers"
"-77.70","53.63","LA GRANDE RIVIERE A","7093716","2019-09-22 04:00","2019","09","22","04:00","","19.0","","18.0","","94","","","","23","","33","","19.3","","97.19","","","","","","Rain Showers"
"-77.70","53.63","LA GRANDE RIVIERE A","7093716","2019-09-22 05:00","2019","09","22","05:00","","18.8","","18.0","","95","","","","23","","30","","16.1","","97.17","","","","","","Rain Showers"
"-77.70","53.63","LA GRANDE RIVIERE A","7093716","2019-09-22 06:00","2019","09","22","06:00","","18.4","","17.7","","95","","","","23","","26","","4.0","","97.18","","","","","","Rain Showers,Fog"
"-77.70","53.63","LA GRANDE RIVIERE A","7093716","2019-09-22 07:00","2019","09","22","07:00","","17.3","","16.8","","97","","","","24","","24","","4.0","","97.20","","","","","","Rain Showers,Fog"
"-77.70","53.63","LA GRANDE RIVIERE A","7093716","2019-09-22 08:00","2019","09","22","08:00","","16.0","","15.6","","98","","","","25","","18","","2.4","","97.23","","","","","","Rain Showers,Fog"
"-77.70","53.63","LA GRANDE RIVIERE A","7093716","2019-09-22 09:00","2019","09","22","09:00","","15.9","","15.4","","97","","","","24","","11","","12.9","","97.20","","","","","","Rain,Fog"
"-77.70","53.63","LA GRANDE RIVIERE A","7093716","2019-09-22 10:00","2019","09","22","10:00","","15.4","","14.8","","96","","","","23","","13","","9.7","","97.17","","","","","","Rain,Fog"
"-77.70","53.63","LA GRANDE RIVIERE A","7093716","2019-09-22 11:00","2019","09","22","11:00","","14.4","","14.0","","97","","","","27","","10","","2.4","","97.10","","","","","","Rain,Fog"
"-77.70","53.63","LA GRANDE RIVIERE A","7093716","2019-09-22 12:00","2019","09","22","12:00","","15.4","","15.0","","98","","","","29","","19","","2.4","","97.08","","","","","","Rain,Fog"
"-77.70","53.63","LA GRANDE RIVIERE A","7093716","2019-09-22 13:00","2019","09","22","13:00","","13.2","","12.6","","96","","","","29","","27","","2.4","","97.13","","","","","","Heavy Rain,Fog"
"-77.70","53.63","LA GRANDE RIVIERE A","7093716","2019-09-22 14:00","2019","09","22","14:00","","11.3","","9.3","","88","","","","1","","9","","24.1","","97.07","","","","","","NA"
"-77.70","53.63","LA GRANDE RIVIERE A","7093716","2019-09-22 15:00","2019","09","22","15:00","","11.3","","9.4","","88","","","","31","","18","","24.1","","97.27","","","","","","NA"
"-77.70","53.63","LA GRANDE RIVIERE A","7093716","2019-09-22 16:00","2019","09","22","16:00","","10.1","","8.7","","91","","","","32","","14","","24.1","","97.30","","","","","","Rain"
"-77.70","53.63","LA GRANDE RIVIERE A","7093716","2019-09-22 17:00","2019","09","22","17:00","","9.3","","8.2","","93","","","","29","","24","","24.1","","97.54","","","","","","Rain"
"-77.70","53.63","LA GRANDE RIVIERE A","7093716","2019-09-22 18:00","2019","09","22","18:00","","8.6","","7.8","","95","","","","31","","15","","19.3","","97.40","","","","","","Rain"
"-77.70","53.63","LA GRANDE RIVIERE A","7093716","2019-09-22 19:00","2019","09","22","19:00","","8.5","","7.9","","96","","","","28","","21","","9.7","","97.53","","","","","","Rain,Fog"
"-77.70","53.63","LA GRANDE RIVIERE A","7093716","2019-09-22 20:00","2019","09","22","20:00","","8.4","","7.9","","96","","","","26","","21","","4.8","","97.61","","","","","","Drizzle,Fog"
"-77.70","53.63","LA GRANDE RIVIERE A","7093716","2019-09-22 21:00","2019","09","22","21:00","","8.2","","7.7","","97","","","","26","","24","","9.7","","97.59","","","","","","Drizzle,Fog"
"-77.70","53.63","LA GRANDE RIVIERE A","7093716","2019-09-22 22:00","2019","09","22","22:00","","8.4","","7.8","","95","","","","26","","27","","24.1","","97.62","","","","","","Drizzle"
"-77.70","53.63","LA GRANDE RIVIERE A","7093716","2019-09-22 23:00","2019","09","22","23:00","","8.0","","7.2","","95","","","","28","","29","","24.1","","97.68","","","","","","Drizzle"
"-77.70","53.63","LA GRANDE RIVIERE A","7093716","2019-09-23 00:00","2019","09","23","00:00","","7.6","","7.0","","96","","","","27","","26","","16.1","","97.73","","","","","","Drizzle"
"-77.70","53.63","LA GRANDE RIVIERE A","7093716","2019-09-23 01:00","2019","09","23","01:00","","7.2","","6.5","","95","","","","28","","26","","19.3","","97.78","","","","","","Drizzle"
"-77.70","53.63","LA GRANDE RIVIERE A","7093716","2019-09-23 02:00","2019","09","23","02:00","","6.8","","6.3","","97","","","","29","","18","","8.1","","97.84","","","","","","Drizzle,Fog"
"-77.70","53.63","LA GRANDE RIVIERE A","7093716","2019-09-23 03:00","2019","09","23","03:00","","6.3","","5.9","","97","","","","29","","16","","6.4","","97.89","","","","","","Drizzle,Fog"
"-77.70","53.63","LA GRANDE RIVIERE A","7093716","2019-09-23 04:00","2019","09","23","04:00","","6.3","","5.8","","97","","","","30","","16","","9.7","","97.97","","","","","","Drizzle,Fog"
"-77.70","53.63","LA GRANDE RIVIERE A","7093716","2019-09-23 05:00","2019","09","23","05:00","","5.6","","5.0","","96","","","","30","","10","","4.8","","98.07","","","","","","Drizzle,Fog"
"-77.70","53.63","LA GRANDE RIVIERE A","7093716","2019-09-23 06:00","2019","09","23","06:00","","3.6","","2.8","","95","","","","33","","12","","8.1","","98.17","","","","","","Drizzle,Fog"
"-77.70","53.63","LA GRANDE RIVIERE A","7093716","2019-09-23 07:00","2019","09","23","07:00","","3.8","","3.3","","97","","","","31","","10","","2.4","","98.27","","","","","","Drizzle,Fog"
"-77.70","53.63","LA GRANDE RIVIERE A","7093716","2019-09-23 08:00","2019","09","23","08:00","","4.4","","3.9","","97","","","","30","","10","","2.4","","98.35","","","","","","Drizzle,Fog"
"-77.70","53.63","LA GRANDE RIVIERE A","7093716","2019-09-23 09:00","2019","09","23","09:00","","5.3","","4.3","","93","","","","30","","13","","4.0","","98.41","","","","","","Drizzle,Fog"
"-77.70","53.63","LA GRANDE RIVIERE A","7093716","2019-09-23 10:00","2019","09","23","10:00","","6.3","","4.3","","87","","","","34","","7","","6.4","","98.47","","","","","","Drizzle,Fog"
"-77.70","53.63","LA GRANDE RIVIERE A","7093716","2019-09-23 11:00","2019","09","23","11:00","","7.4","","4.8","","83","","","","34","","9","","24.1","","98.49","","","","","","Drizzle"
"-77.70","53.63","LA GRANDE RIVIERE A","7093716","2019-09-23 12:00","2019","09","23","12:00","","7.9","","4.6","","80","","","","29","","12","","24.1","","98.53","","","","","","NA"
"-77.70","53.63","LA GRANDE RIVIERE A","7093716","2019-09-23 13:00","2019","09","23","13:00","","9.2","","4.8","","74","","","","33","","8","","24.1","","98.56","","","","","","Mostly Cloudy"
"-77.70","53.63","LA GRANDE RIVIERE A","7093716","2019-09-23 14:00","2019","09","23","14:00","","9.5","","4.4","","70","","","","31","","6","","24.1","","98.57","","","","","","NA"
"-77.70","53.63","LA GRANDE RIVIERE A","7093716","2019-09-23 15:00","2019","09","23","15:00","","10.6","","5.0","","68","","","","2","","5","","24.1","","98.58","","","","","","NA"
"-77.70","53.63","LA GRANDE RIVIERE A","7093716","2019-09-23 16:00","2019","09","23","16:00","","10.3","","4.9","","69","","","","32","","8","","24.1","","98.60","","","","","","Mostly Cloudy"
"-77.70","53.63","LA GRANDE RIVIERE A","7093716","2019-09-23 17:00","2019","09","23","17:00","","9.6","","5.1","","73","","","","33","","4","","24.1","","98.63","","","","","","NA"
"-77.70","53.63","LA GRANDE RIVIERE A","7093716","2019-09-23 18:00","2019","09","23","18:00","","9.1","","5.1","","76","","","","3","","3","","24.1","","98.68","","","","","","NA"
"-77.70","53.63","LA GRANDE RIVIERE A","7093716","2019-09-23 19:00","2019","09","23","19:00","","6.6","","4.4","","86","","","","","","0","","24.1","","98.70","","","","","","Mainly Clear"
"-77.70","53.63","LA GRANDE RIVIERE A","7093716","2019-09-23 20:00","2019","09","23","20:00","","5.5","","4.0","","90","","","","","","0","","24.1","","98.73","","","","","","NA"
"-77.70","53.63","LA GRANDE RIVIERE A","7093716","2019-09-23 21:00","2019","09","23","21:00","","6.0","","4.7","","91","","","","","","0","","24.1","","98.75","","","","","","NA"
"-77.70","53.63","LA GRANDE RIVIERE A","7093716","2019-09-23 22:00","2019","09","23","22:00","","7.2","","5.7","","90","","","","11","","7","","24.1","","98.77","","","","","","Cloudy"
"-77.70","53.63","LA GRANDE RIVIERE A","7093716","2019-09-23 23:00","2019","09","23","23:00","","6.3","","4.6","","89","","","","13","","7","","24.1","","98.77","","","","","","NA"
"-77.70","53.63","LA GRANDE RIVIERE A","7093716","2019-09-24 00:00","2019","09","24","00:00","","5.3","","3.8","","90","","","","14","","5","","24.1","","98.79","","","","","","NA"
"-77.70","53.63","LA GRANDE RIVIERE A","7093716","2019-09-24 01:00","2019","09","24","01:00","","5.5","","4.0","","90","","","","13","","7","","24.1","","98.80","","","","","","Mainly Clear"
"-77.70","53.63","LA GRANDE RIVIERE A","7093716","2019-09-24 02:00","2019","09","24","02:00","","5.2","","4.0","","92","","","","13","","10","","24.1","","98.77","","","","","","NA"
"-77.70","53.63","LA GRANDE RIVIERE A","7093716","2019-09-24 03:00","2019","09","24","03:00","","4.4","","3.6","","94","","","","14","","9","","24.1","","98.78","","","","","","NA"
"-77.70","53.63","LA GRANDE RIVIERE A","7093716","2019-09-24 04:00","2019","09","24","04:00","","4.9","","3.9","","93","","","","13","","14","","24.1","","98.78","","","","","","Mainly Clear"
"-77.70","53.63","LA GRANDE RIVIERE A","7093716","2019-09-24 05:00","2019","09","24","05:00","","4.5","","3.5","","93","","","","13","","13","","24.1","","98.79","","","","","","NA"
"-77.70","53.63","LA GRANDE RIVIERE A","7093716","2019-09-24 06:00","2019","09","24","06:00","","3.9","","3.4","","96","","","","13","","12","","24.1","","98.78","","","","","","NA"
"-77.70","53.63","LA GRANDE RIVIERE A","7093716","2019-09-24 07:00","2019","09","24","07:00","","5.1","","3.8","","92","","","","15","","15","","24.1","","98.80","","","","","","Clear"
"-77.70","53.63","LA GRANDE RIVIERE A","7093716","2019-09-24 08:00","2019","09","24","08:00","","7.0","","5.2","","88","","","","16","","14","","24.1","","98.80","","","","","","NA"
"-77.70","53.63","LA GRANDE RIVIERE A","7093716","2019-09-24 09:00","2019","09","24","09:00","","8.6","","6.0","","84","","","","18","","14","","24.1","","98.78","","","","","","NA"
"-77.70","53.63","LA GRANDE RIVIERE A","7093716","2019-09-24 10:00","2019","09","24","10:00","","10.0","","6.4","","78","","","","18","","21","","24.1","","98.75","","","","","","Mainly Clear"
"-77.70","53.63","LA GRANDE RIVIERE A","7093716","2019-09-24 11:00","2019","09","24","11:00","","11.4","","5.9","","69","","","","19","","20","","24.1","","98.72","","","","","","NA"
"-77.70","53.63","LA GRANDE RIVIERE A","7093716","2019-09-24 12:00","2019","09","24","12:00","","12.0","","5.3","","63","","","","20","","18","","24.1","","98.68","","","","","","NA"
"-77.70","53.63","LA GRANDE RIVIERE A","7093716","2019-09-24 13:00","2019","09","24","13:00","","12.2","","6.3","","67","","","","15","","19","","24.1","","98.63","","","","","","Mostly Cloudy"
"-77.70","53.63","LA GRANDE RIVIERE A","7093716","2019-09-24 14:00","2019","09","24","14:00","","13.6","","5.9","","59","","","","14","","19","","24.1","","98.56","","","","","","NA"
"-77.70","53.63","LA GRANDE RIVIERE A","7093716","2019-09-24 15:00","2019","09","24","15:00","","13.8","","5.5","","57","","","","18","","19","","24.1","","98.49","","","","","","NA"
"-77.70","53.63","LA GRANDE RIVIERE A","7093716","2019-09-24 16:00","2019","09","24","16:00","","14.2","","5.1","","54","","","","16","","23","","24.1","","98.46","","","","","","Mainly Clear"
"-77.70","53.63","LA GRANDE RIVIERE A","7093716","2019-09-24 17:00","2019","09","24","17:00","","13.9","","6.0","","59","","","","17","","13","","24.1","","98.42","","","","","","NA"
"-77.70","53.63","LA GRANDE RIVIERE A","7093716","2019-09-24 18:00","2019","09","24","18:00","","12.2","","6.4","","68","","","","14","","13","","24.1","","98.37","","","","","","NA"
"-77.70","53.63","LA GRANDE RIVIERE A","7093716","2019-09-24 19:00","2019","09","24","19:00","","11.3","","5.9","","69","","","","14","","15","","24.1","","98.37","","","","","","Mainly Clear"
"-77.70","53.63","LA GRANDE RIVIERE A","7093716","2019-09-24 20:00","2019","09","24","20:00","","10.7","","5.7","","71","","","","13","","19","","24.1","","98.36","","","","","","NA"
"-77.70","53.63","LA GRANDE RIVIERE A","7093716","2019-09-24 21:00","2019","09","24","21:00","","9.4","","5.6","","77","","","","14","","18","","24.1","","98.34","","","","","","NA"
"-77.70","53.63","LA GRANDE RIVIERE A","7093716","2019-09-24 22:00","2019","09","24","22:00","","9.5","","5.5","","76","","","","15","","19","","24.1","","98.28","","","","","","Clear"
"-77.70","53.63","LA GRANDE RIVIERE A","7093716","2019-09-24 23:00","2019","09","24","23:00","","9.2","","5.3","","76","","","","15","","18","","24.1","","98.26","","","","","","NA"
"-77.70","53.63","LA GRANDE RIVIERE A","7093716","2019-09-25 00:00","2019","09","25","00:00","","9.2","","5.2","","76","","","","16","","20","","24.1","","98.21","","","","","","NA"
"-77.70","53.63","LA GRANDE RIVIERE A","7093716","2019-09-25 01:00","2019","09","25","01:00","","8.8","","5.1","","78","","","","15","","22","","24.1","","98.14","","","","","","Clear"
"-77.70","53.63","LA GRANDE RIVIERE A","7093716","2019-09-25 02:00","2019","09","25","02:00","","8.1","","5.1","","81","","","","14","","22","","24.1","","98.00","","","","","","NA"
"-77.70","53.63","LA GRANDE RIVIERE A","7093716","2019-09-25 03:00","2019","09","25","03:00","","8.0","","5.1","","82","","","","15","","24","","24.1","","98.02","","","","","","NA"
"-77.70","53.63","LA GRANDE RIVIERE A","7093716","2019-09-25 04:00","2019","09","25","04:00","","8.1","","5.3","","83","","","","14","","21","","24.1","","98.01","","","","","","Clear"
"-77.70","53.63","LA GRANDE RIVIERE A","7093716","2019-09-25 05:00","2019","09","25","05:00","","8.0","","5.5","","84","","","","13","","24","","24.1","","97.91","","","","","","NA"
"-77.70","53.63","LA GRANDE RIVIERE A","7093716","2019-09-25 06:00","2019","09","25","06:00","","8.6","","5.8","","83","","","","13","","27","","24.1","","97.84","","","","","","NA"
"-77.70","53.63","LA GRANDE RIVIERE A","7093716","2019-09-25 07:00","2019","09","25","07:00","","9.1","","6.2","","82","","","","14","","25","","24.1","","97.84","","","","","","Mostly Cloudy"
"-77.70","53.63","LA GRANDE RIVIERE A","7093716","2019-09-25 08:00","2019","09","25","08:00","","10.6","","6.7","","77","","","","14","","28","","24.1","","97.79","","","","","","NA"
"-77.70","53.63","LA GRANDE RIVIERE A","7093716","2019-09-25 09:00","2019","09","25","09:00","","13.4","","7.4","","67","","","","14","","30","","24.1","","97.70","","","","","","NA"
"-77.70","53.63","LA GRANDE RIVIERE A","7093716","2019-09-25 10:00","2019","09","25","10:00","","15.1","","8.0","","63","","","","15","","31","","24.1","","97.59","","","","","","Mostly Cloudy"
"-77.70","53.63","LA GRANDE RIVIERE A","7093716","2019-09-25 11:00","2019","09","25","11:00","","15.4","","7.8","","60","","","","14","","43","","24.1","","97.52","","","","","","NA"
"-77.70","53.63","LA GRANDE RIVIERE A","7093716","2019-09-25 12:00","2019","09","25","12:00","","15.5","","8.1","","61","","","","14","","36","","24.1","","97.37","","","","","","NA"
"-77.70","53.63","LA GRANDE RIVIERE A","7093716","2019-09-25 13:00","2019","09","25","13:00","","15.2","","8.0","","62","","","","14","","43","","24.1","","97.27","","","","","","Cloudy"
"-77.70","53.63","LA GRANDE RIVIERE A","7093716","2019-09-25 14:00","2019","09","25","14:00","","14.8","","7.4","","61","","","","14","","38","","24.1","","97.17","","","","","","NA"
"-77.70","53.63","LA GRANDE RIVIERE A","7093716","2019-09-25 15:00","2019","09","25","15:00","","12.3","","9.1","","81","","","","12","","32","","8.1","","97.01","","","","","","Rain,Fog"
"-77.70","53.63","LA GRANDE RIVIERE A","7093716","2019-09-25 16:00","2019","09","25","16:00","","11.0","","9.5","","90","","","","13","","34","","6.4","","96.95","","","","","","Rain,Fog"
"-77.70","53.63","LA GRANDE RIVIERE A","7093716","2019-09-25 17:00","2019","09","25","17:00","","10.7","","9.6","","93","","","","13","","31","","6.4","","96.91","","","","","","Moderate Rain,Fog"
"-77.70","53.63","LA GRANDE RIVIERE A","7093716","2019-09-25 18:00","2019","09","25","18:00","","10.6","","9.6","","93","","","","14","","37","","3.2","","96.83","","","","","","Rain,Fog"
"-77.70","53.63","LA GRANDE RIVIERE A","7093716","2019-09-25 19:00","2019","09","25","19:00","","10.6","","9.8","","94","","","","13","","28","","9.7","","96.73","","","","","","Rain,Fog"
"-77.70","53.63","LA GRANDE RIVIERE A","7093716","2019-09-25 20:00","2019","09","25","20:00","","10.7","","9.8","","94","","","","14","","32","","9.7","","96.62","","","","","","Rain,Drizzle,Fog"
"-77.70","53.63","LA GRANDE RIVIERE A","7093716","2019-09-25 21:00","2019","09","25","21:00","","10.9","","9.9","","94","","","","14","","32","","16.1","","96.54","","","","","","Rain,Drizzle"
"-77.70","53.63","LA GRANDE RIVIERE A","7093716","2019-09-25 22:00","2019","09","25","22:00","","11.1","","10.2","","94","","","","15","","26","","19.3","","96.47","","","","","","Rain,Drizzle"
"-77.70","53.63","LA GRANDE RIVIERE A","7093716","2019-09-25 23:00","2019","09","25","23:00","","11.1","","10.4","","96","","","","15","","20","","4.8","","96.39","","","","","","Rain,Drizzle,Fog"
"-77.70","53.63","LA GRANDE RIVIERE A","7093716","2019-09-26 00:00","2019","09","26","00:00","","9.0","","8.4","","96","","","","25","","28","","4.8","","96.46","","","","","","Rain,Drizzle,Fog"
"-77.70","53.63","LA GRANDE RIVIERE A","7093716","2019-09-26 01:00","2019","09","26","01:00","","7.6","","6.9","","96","","","","26","","33","","9.7","","96.61","","","","","","Rain,Drizzle,Fog"
"-77.70","53.63","LA GRANDE RIVIERE A","7093716","2019-09-26 02:00","2019","09","26","02:00","","6.8","","6.0","","95","","","","26","","30","","9.7","","96.74","","","","","","Rain,Drizzle,Fog"
"-77.70","53.63","LA GRANDE RIVIERE A","7093716","2019-09-26 03:00","2019","09","26","03:00","","6.1","","5.2","","94","","","","26","","31","","9.7","","96.86","","","","","","Rain,Drizzle,Fog"
"-77.70","53.63","LA GRANDE RIVIERE A","7093716","2019-09-26 04:00","2019","09","26","04:00","","5.8","","4.9","","94","","","","26","","24","","9.7","","96.97","","","","","","Rain,Drizzle,Fog"
"-77.70","53.63","LA GRANDE RIVIERE A","7093716","2019-09-26 05:00","2019","09","26","05:00","","5.3","","3.9","","91","","","","26","","22","","9.7","","97.06","","","","","","Rain,Drizzle,Fog"
"-77.70","53.63","LA GRANDE RIVIERE A","7093716","2019-09-26 06:00","2019","09","26","06:00","","5.4","","3.9","","90","","","","24","","18","","24.1","","97.15","","","","","","NA"
"-77.70","53.63","LA GRANDE RIVIERE A","7093716","2019-09-26 07:00","2019","09","26","07:00","","5.1","","4.2","","94","","","","23","","17","","24.1","","97.24","","","","","","Mostly Cloudy"
"-77.70","53.63","LA GRANDE RIVIERE A","7093716","2019-09-26 08:00","2019","09","26","08:00","","5.8","","4.6","","92","","","","23","","15","","24.1","","97.33","","","","","","NA"
"-77.70","53.63","LA GRANDE RIVIERE A","7093716","2019-09-26 09:00","2019","09","26","09:00","","6.6","","4.5","","87","","","","24","","14","","24.1","","97.37","","","","","","NA"
"-77.70","53.63","LA GRANDE RIVIERE A","7093716","2019-09-26 10:00","2019","09","26","10:00","","7.4","","4.3","","81","","","","23","","10","","24.1","","97.41","","","","","","Mostly Cloudy"
"-77.70","53.63","LA GRANDE RIVIERE A","7093716","2019-09-26 11:00","2019","09","26","11:00","","8.6","","4.1","","73","","","","20","","16","","24.1","","97.41","","","","","","NA"
"-77.70","53.63","LA GRANDE RIVIERE A","7093716","2019-09-26 12:00","2019","09","26","12:00","","9.1","","4.5","","73","","","","22","","19","","24.1","","97.43","","","","","","NA"
"-77.70","53.63","LA GRANDE RIVIERE A","7093716","2019-09-26 13:00","2019","09","26","13:00","","9.0","","7.2","","88","","","","22","","14","","24.1","","97.46","","","","","","Rain Showers"
"-77.70","53.63","LA GRANDE RIVIERE A","7093716","2019-09-26 14:00","2019","09","26","14:00","","8.7","","6.3","","85","","","","24","","18","","24.1","","97.49","","","","","","Rain Showers"
"-77.70","53.63","LA GRANDE RIVIERE A","7093716","2019-09-26 15:00","2019","09","26","15:00","","9.5","","4.7","","72","","","","25","","22","","24.1","","97.54","","","","","","NA"
"-77.70","53.63","LA GRANDE RIVIERE A","7093716","2019-09-26 16:00","2019","09","26","16:00","","9.0","","4.9","","75","","","","26","","17","","24.1","","97.60","","","","","","Mostly Cloudy"
"-77.70","53.63","LA GRANDE RIVIERE A","7093716","2019-09-26 17:00","2019","09","26","17:00","","7.9","","3.7","","74","","","","24","","17","","24.1","","97.73","","","","","","NA"
"-77.70","53.63","LA GRANDE RIVIERE A","7093716","2019-09-26 18:00","2019","09","26","18:00","","7.6","","3.5","","75","","","","24","","13","","24.1","","97.78","","","","","","NA"
"-77.70","53.63","LA GRANDE RIVIERE A","7093716","2019-09-26 19:00","2019","09","26","19:00","","5.5","","2.4","","80","","","","24","","10","","24.1","","97.88","","","","","","Mostly Cloudy"
"-77.70","53.63","LA GRANDE RIVIERE A","7093716","2019-09-26 20:00","2019","09","26","20:00","","5.1","","2.5","","83","","","","23","","10","","24.1","","97.95","","","","","","NA"
"-77.70","53.63","LA GRANDE RIVIERE A","7093716","2019-09-26 21:00","2019","09","26","21:00","","5.3","","2.9","","84","","","","22","","9","","24.1","","97.99","","","","","","NA"
"-77.70","53.63","LA GRANDE RIVIERE A","7093716","2019-09-26 22:00","2019","09","26","22:00","","5.2","","3.4","","88","","","","19","","7","","24.1","","98.02","","","","","","Mostly Cloudy"
"-77.70","53.63","LA GRANDE RIVIERE A","7093716","2019-09-26 23:00","2019","09","26","23:00","","4.5","","3.7","","94","","","","18","","12","","24.1","","98.03","","","","","","NA"
"-77.70","53.63","LA GRANDE RIVIERE A","7093716","2019-09-27 00:00","2019","09","27","00:00","","4.1","","3.5","","96","","","","17","","14","","24.1","","98.05","","","","","","NA"
"-77.70","53.63","LA GRANDE RIVIERE A","7093716","2019-09-27 01:00","2019","09","27","01:00","","3.7","","3.3","","97","","","","18","","16","","24.1","","98.09","","","","","","Mainly Clear"
"-77.70","53.63","LA GRANDE RIVIERE A","7093716","2019-09-27 02:00","2019","09","27","02:00","","3.8","","3.4","","97","","","","17","","16","","24.1","","98.09","","","","","","NA"
"-77.70","53.63","LA GRANDE RIVIERE A","7093716","2019-09-27 03:00","2019","09","27","03:00","","3.9","","3.4","","97","","","","16","","15","","24.1","","98.09","","","","","","NA"
"-77.70","53.63","LA GRANDE RIVIERE A","7093716","2019-09-27 04:00","2019","09","27","04:00","","3.4","","2.9","","96","","","","15","","17","","24.1","","98.07","","","","","","Mainly Clear"
"-77.70","53.63","LA GRANDE RIVIERE A","7093716","2019-09-27 05:00","2019","09","27","05:00","","3.3","","2.6","","95","","","","14","","16","","24.1","","98.05","","","","","","NA"
"-77.70","53.63","LA GRANDE RIVIERE A","7093716","2019-09-27 06:00","2019","09","27","06:00","","4.3","","3.4","","94","","","","16","","17","","24.1","","98.05","","","","","","NA"
"-77.70","53.63","LA GRANDE RIVIERE A","7093716","2019-09-27 07:00","2019","09","27","07:00","","5.0","","4.0","","93","","","","15","","18","","24.1","","98.03","","","","","","Mostly Cloudy"
"-77.70","53.63","LA GRANDE RIVIERE A","7093716","2019-09-27 08:00","2019","09","27","08:00","","6.2","","4.6","","89","","","","15","","18","","24.1","","98.00","","","","","","NA"
"-77.70","53.63","LA GRANDE RIVIERE A","7093716","2019-09-27 09:00","2019","09","27","09:00","","7.7","","5.5","","86","","","","17","","17","","24.1","","98.04","","","","","","NA"
"-77.70","53.63","LA GRANDE RIVIERE A","7093716","2019-09-27 10:00","2019","09","27","10:00","","9.4","","5.0","","74","","","","17","","23","","24.1","","97.97","","","","","","Mostly Cloudy"
"-77.70","53.63","LA GRANDE RIVIERE A","7093716","2019-09-27 11:00","2019","09","27","11:00","","10.1","","5.0","","70","","","","17","","26","","24.1","","97.92","","","","","","NA"
"-77.70","53.63","LA GRANDE RIVIERE A","7093716","2019-09-27 12:00","2019","09","27","12:00","","11.0","","5.6","","69","","","","18","","20","","24.1","","97.91","","","","","","NA"
"-77.70","53.63","LA GRANDE RIVIERE A","7093716","2019-09-27 13:00","2019","09","27","13:00","","9.4","","7.5","","88","","","","21","","9","","12.9","","97.91","","","","","","Rain"
"-77.70","53.63","LA GRANDE RIVIERE A","7093716","2019-09-27 14:00","2019","09","27","14:00","","9.2","","8.1","","93","","","","16","","13","","8.1","","97.82","","","","","","Rain,Fog"
"-77.70","53.63","LA GRANDE RIVIERE A","7093716","2019-09-27 15:00","2019","09","27","15:00","","9.8","","8.8","","94","","","","16","","14","","8.1","","97.76","","","","","","Rain,Fog"
"-77.70","53.63","LA GRANDE RIVIERE A","7093716","2019-09-27 16:00","2019","09","27","16:00","","9.8","","8.8","","93","","","","17","","17","","6.4","","97.75","","","","","","Moderate Rain,Fog"
"-77.70","53.63","LA GRANDE RIVIERE A","7093716","2019-09-27 17:00","2019","09","27","17:00","","9.8","","8.6","","92","","","","19","","25","","6.4","","97.72","","","","","","Rain,Fog"
"-77.70","53.63","LA GRANDE RIVIERE A","7093716","2019-09-27 18:00","2019","09","27","18:00","","8.7","","8.0","","95","","","","20","","9","","6.4","","97.72","","","","","","Rain,Fog"
"-77.70","53.63","LA GRANDE RIVIERE A","7093716","2019-09-27 19:00","2019","09","27","19:00","","8.6","","8.1","","97","","","","18","","4","","9.7","","97.67","","","","","","Rain,Fog"
"-77.70","53.63","LA GRANDE RIVIERE A","7093716","2019-09-27 20:00","2019","09","27","20:00","","7.0","","6.4","","96","","","","31","","19","","9.7","","97.67","","","","","","Rain,Fog"
"-77.70","53.63","LA GRANDE RIVIERE A","7093716","2019-09-27 21:00","2019","09","27","21:00","","5.5","","5.0","","96","","","","31","","19","","9.7","","97.78","","","","","","Rain,Fog"
"-77.70","53.63","LA GRANDE RIVIERE A","7093716","2019-09-27 22:00","2019","09","27","22:00","","4.5","","3.8","","96","","","","31","","17","","4.8","","97.89","","","","","","Drizzle,Fog"
"-77.70","53.63","LA GRANDE RIVIERE A","7093716","2019-09-27 23:00","2019","09","27","23:00","","3.1","","1.8","","91","","","","31","","18","","9.7","","98.03","","","","","","Drizzle,Fog"
"-77.70","53.63","LA GRANDE RIVIERE A","7093716","2019-09-28 00:00","2019","09","28","00:00","","2.8","","1.5","","91","","","","29","","15","","24.1","","98.15","","","","","","NA"
"-77.70","53.63","LA GRANDE RIVIERE A","7093716","2019-09-28 01:00","2019","09","28","01:00","","1.6","","1.0","","96","","","","25","","8","","24.1","","98.24","","","","","","Cloudy"
"-77.70","53.63","LA GRANDE RIVIERE A","7093716","2019-09-28 02:00","2019","09","28","02:00","","1.9","","1.2","","95","","","","25","","11","","24.1","","98.32","","","","","","NA"
"-77.70","53.63","LA GRANDE RIVIERE A","7093716","2019-09-28 03:00","2019","09","28","03:00","","1.9","","1.1","","94","","","","23","","10","","24.1","","98.43","","","","","","NA"
"-77.70","53.63","LA GRANDE RIVIERE A","7093716","2019-09-28 04:00","2019","09","28","04:00","","1.7","","1.0","","95","","","","24","","8","","24.1","","98.50","","","","","","Cloudy"
"-77.70","53.63","LA GRANDE RIVIERE A","7093716","2019-09-28 05:00","2019","09","28","05:00","","0.8","","0.0","","94","","","","24","","11","","24.1","","98.60","","","","","","NA"
"-77.70","53.63","LA GRANDE RIVIERE A","7093716","2019-09-28 06:00","2019","09","28","06:00","","0.6","","-0.3","","93","","","","24","","12","","24.1","","98.67","","","","","","NA"
"-77.70","53.63","LA GRANDE RIVIERE A","7093716","2019-09-28 07:00","2019","09","28","07:00","","1.5","","0.6","","94","","","","24","","16","","24.1","","98.75","","","","","","Mostly Cloudy"
"-77.70","53.63","LA GRANDE RIVIERE A","7093716","2019-09-28 08:00","2019","09","28","08:00","","2.7","","1.6","","93","","","","25","","13","","24.1","","98.84","","","","","","NA"
"-77.70","53.63","LA GRANDE RIVIERE A","7093716","2019-09-28 09:00","2019","09","28","09:00","","3.3","","1.7","","89","","","","27","","23","","24.1","","98.92","","","","","","Rain Showers"
"-77.70","53.63","LA GRANDE RIVIERE A","7093716","2019-09-28 10:00","2019","09","28","10:00","","3.5","","1.5","","87","","","","26","","24","","24.1","","98.97","","","","","","Mostly Cloudy"
"-77.70","53.63","LA GRANDE RIVIERE A","7093716","2019-09-28 11:00","2019","09","28","11:00","","4.8","","1.4","","79","","","","26","","24","","19.3","","99.02","","","","","","NA"
"-77.70","53.63","LA GRANDE RIVIERE A","7093716","2019-09-28 12:00","2019","09","28","12:00","","4.9","","0.7","","74","","","","24","","20","","24.1","","99.07","","","","","","Rain Showers"
"-77.70","53.63","LA GRANDE RIVIERE A","7093716","2019-09-28 13:00","2019","09","28","13:00","","4.6","","2.4","","86","","","","26","","32","","24.1","","99.14","","","","","","Rain Showers"
"-77.70","53.63","LA GRANDE RIVIERE A","7093716","2019-09-28 14:00","2019","09","28","14:00","","4.3","","1.4","","82","","","","27","","29","","24.1","","99.21","","","","","","Rain Showers,Snow Showers"
"-77.70","53.63","LA GRANDE RIVIERE A","7093716","2019-09-28 15:00","2019","09","28","15:00","","4.8","","0.0","","71","","","","26","","31","","24.1","","99.26","","","","","","Rain Showers,Snow Showers"
"-77.70","53.63","LA GRANDE RIVIERE A","7093716","2019-09-28 16:00","2019","09","28","16:00","","3.6","","-0.8","","73","","","","24","","29","","24.1","","99.38","","","","","","Rain Showers,Snow Showers"
"-77.70","53.63","LA GRANDE RIVIERE A","7093716","2019-09-28 17:00","2019","09","28","17:00","","2.5","","-1.3","","76","","","","26","","26","","24.1","","99.47","","","","","","NA"
"-77.70","53.63","LA GRANDE RIVIERE A","7093716","2019-09-28 18:00","2019","09","28","18:00","","1.9","","-1.4","","79","","","","26","","22","","24.1","","99.57","","","","","","NA"
"-77.70","53.63","LA GRANDE RIVIERE A","7093716","2019-09-28 19:00","2019","09","28","19:00","","1.1","","-1.2","","85","","","","25","","16","","24.1","","99.65","","","","","","Mostly Cloudy"
"-77.70","53.63","LA GRANDE RIVIERE A","7093716","2019-09-28 20:00","2019","09","28","20:00","","0.9","","-0.8","","88","","","","24","","19","","24.1","","99.71","","","","","","NA"
"-77.70","53.63","LA GRANDE RIVIERE A","7093716","2019-09-28 21:00","2019","09","28","21:00","","0.8","","-0.2","","93","","","","26","","14","","24.1","","99.77","","","","","","Snow Showers"
"-77.70","53.63","LA GRANDE RIVIERE A","7093716","2019-09-28 22:00","2019","09","28","22:00","","0.9","","0.0","","94","","","","23","","8","","24.1","","99.79","","","","","","Snow Showers"
"-77.70","53.63","LA GRANDE RIVIERE A","7093716","2019-09-28 23:00","2019","09","28","23:00","","1.2","","-0.2","","91","","","","23","","13","","24.1","","99.80","","","","","","Snow Showers"
"-77.70","53.63","LA GRANDE RIVIERE A","7093716","2019-09-29 00:00","2019","09","29","00:00","","1.0","","-0.2","","92","","","","25","","16","","19.3","","99.84","","","","","","Snow Showers"
"-77.70","53.63","LA GRANDE RIVIERE A","7093716","2019-09-29 01:00","2019","09","29","01:00","","1.2","","-0.1","","91","","","","22","","10","","24.1","","99.87","","","","","","Snow Showers"
"-77.70","53.63","LA GRANDE RIVIERE A","7093716","2019-09-29 02:00","2019","09","29","02:00","","1.5","","0.2","","91","","","","26","","18","","24.1","","99.94","","","","","","Snow Showers"
"-77.70","53.63","LA GRANDE RIVIERE A","7093716","2019-09-29 03:00","2019","09","29","03:00","","1.0","","-0.3","","91","","","","24","","13","","24.1","","100.00","","","","","","NA"
"-77.70","53.63","LA GRANDE RIVIERE A","7093716","2019-09-29 04:00","2019","09","29","04:00","","1.3","","-0.3","","89","","","","24","","13","","24.1","","100.07","","","","","","Cloudy"
"-77.70","53.63","LA GRANDE RIVIERE A","7093716","2019-09-29 05:00","2019","09","29","05:00","","1.0","","-0.6","","89","","","","24","","16","","24.1","","100.13","","","","","","NA"
"-77.70","53.63","LA GRANDE RIVIERE A","7093716","2019-09-29 06:00","2019","09","29","06:00","","0.4","","-0.3","","94","","","","25","","19","","4.8","","100.17","","","","","","Snow Showers"
"-77.70","53.63","LA GRANDE RIVIERE A","7093716","2019-09-29 07:00","2019","09","29","07:00","","0.9","","-0.2","","93","","","","23","","14","","24.1","","100.21","","","","","","Cloudy"
"-77.70","53.63","LA GRANDE RIVIERE A","7093716","2019-09-29 08:00","2019","09","29","08:00","","1.6","","-0.1","","89","","","","25","","13","","24.1","","100.25","","","","","","Snow Showers"
"-77.70","53.63","LA GRANDE RIVIERE A","7093716","2019-09-29 09:00","2019","09","29","09:00","","2.5","","0.1","","84","","","","25","","22","","24.1","","100.29","","","","","","NA"
"-77.70","53.63","LA GRANDE RIVIERE A","7093716","2019-09-29 10:00","2019","09","29","10:00","","4.1","","0.9","","80","","","","26","","23","","24.1","","100.31","","","","","","Mostly Cloudy"
"-77.70","53.63","LA GRANDE RIVIERE A","7093716","2019-09-29 11:00","2019","09","29","11:00","","3.9","","1.1","","82","","","","26","","22","","24.1","","100.30","","","","","","NA"
"-77.70","53.63","LA GRANDE RIVIERE A","7093716","2019-09-29 12:00","2019","09","29","12:00","","3.8","","-0.6","","73","","","","28","","27","","24.1","","100.30","","","","","","Rain Showers,Snow Showers"
"-77.70","53.63","LA GRANDE RIVIERE A","7093716","2019-09-29 13:00","2019","09","29","13:00","","4.6","","-1.2","","66","","","","25","","23","","24.1","","100.30","","","","","","Mostly Cloudy"
"-77.70","53.63","LA GRANDE RIVIERE A","7093716","2019-09-29 14:00","2019","09","29","14:00","","4.1","","-1.2","","68","","","","28","","27","","24.1","","100.36","","","","","","Rain Showers"
"-77.70","53.63","LA GRANDE RIVIERE A","7093716","2019-09-29 15:00","2019","09","29","15:00","","3.9","","-1.3","","69","","","","27","","28","","24.1","","100.40","","","","","","NA"
"-77.70","53.63","LA GRANDE RIVIERE A","7093716","2019-09-29 16:00","2019","09","29","16:00","","4.1","","-2.8","","61","","","","28","","29","","24.1","","100.44","","","","","","Mostly Cloudy"
"-77.70","53.63","LA GRANDE RIVIERE A","7093716","2019-09-29 17:00","2019","09","29","17:00","","3.9","","-2.4","","63","","","","27","","27","","24.1","","100.46","","","","","","NA"
"-77.70","53.63","LA GRANDE RIVIERE A","7093716","2019-09-29 18:00","2019","09","29","18:00","","2.8","","-2.1","","70","","","","28","","19","","24.1","","100.50","","","","","","NA"
"-77.70","53.63","LA GRANDE RIVIERE A","7093716","2019-09-29 19:00","2019","09","29","19:00","","1.2","","-2.2","","78","","","","27","","9","","24.1","","100.55","","","","","","Mostly Cloudy"
"-77.70","53.63","LA GRANDE RIVIERE A","7093716","2019-09-29 20:00","2019","09","29","20:00","","0.7","","-2.5","","79","","","","29","","11","","24.1","","100.60","","","","","","NA"
"-77.70","53.63","LA GRANDE RIVIERE A","7093716","2019-09-29 21:00","2019","09","29","21:00","","-0.7","","-2.7","","87","","","","25","","8","","24.1","","100.58","","","","-4","","NA"
"-77.70","53.63","LA GRANDE RIVIERE A","7093716","2019-09-29 22:00","2019","09","29","22:00","","-0.5","","-2.8","","84","","","","21","","9","","24.1","","100.55","","","","-4","","Mainly Clear"
"-77.70","53.63","LA GRANDE RIVIERE A","7093716","2019-09-29 23:00","2019","09","29","23:00","","-0.4","","-2.4","","87","","","","20","","9","","24.1","","100.55","","","","-4","","NA"
"-77.70","53.63","LA GRANDE RIVIERE A","7093716","2019-09-30 00:00","2019","09","30","00:00","","0.5","","-2.2","","82","","","","21","","11","","24.1","","100.53","","","","","","NA"
"-77.70","53.63","LA GRANDE RIVIERE A","7093716","2019-09-30 01:00","2019","09","30","01:00","","-0.1","","-1.6","","90","","","","26","","6","","24.1","","100.56","","","","-2","","Mostly Cloudy"
"-77.70","53.63","LA GRANDE RIVIERE A","7093716","2019-09-30 02:00","2019","09","30","02:00","","0.2","","-1.5","","88","","","","23","","5","","24.1","","100.57","","","","","","NA"
"-77.70","53.63","LA GRANDE RIVIERE A","7093716","2019-09-30 03:00","2019","09","30","03:00","","0.5","","-1.4","","87","","","","21","","8","","24.1","","100.55","","","","","","NA"
"-77.70","53.63","LA GRANDE RIVIERE A","7093716","2019-09-30 04:00","2019","09","30","04:00","","0.6","","-1.4","","87","","","","20","","7","","24.1","","100.56","","","","","","Cloudy"
"-77.70","53.63","LA GRANDE RIVIERE A","7093716","2019-09-30 05:00","2019","09","30","05:00","","0.4","","-1.2","","89","","","","20","","10","","24.1","","100.55","","","","","","NA"
"-77.70","53.63","LA GRANDE RIVIERE A","7093716","2019-09-30 06:00","2019","09","30","06:00","","0.5","","-0.9","","90","","","","20","","10","","24.1","","100.54","","","","","","NA"
"-77.70","53.63","LA GRANDE RIVIERE A","7093716","2019-09-30 07:00","2019","09","30","07:00","","0.5","","-1.0","","90","","","","19","","10","","24.1","","100.53","","","","","","Cloudy"
"-77.70","53.63","LA GRANDE RIVIERE A","7093716","2019-09-30 08:00","2019","09","30","08:00","","1.6","","-0.7","","85","","","","","","0","","24.1","","100.53","","","","","","NA"
"-77.70","53.63","LA GRANDE RIVIERE A","7093716","2019-09-30 09:00","2019","09","30","09:00","","3.3","","-1.4","","71","","","","27","","7","","24.1","","100.51","","","","","","NA"
"-77.70","53.63","LA GRANDE RIVIERE A","7093716","2019-09-30 10:00","2019","09","30","10:00","","3.6","","-1.5","","69","","","","29","","17","","24.1","","100.50","","","","","","Cloudy"
"-77.70","53.63","LA GRANDE RIVIERE A","7093716","2019-09-30 11:00","2019","09","30","11:00","","4.0","","-1.8","","66","","","","29","","14","","24.1","","100.44","","","","","","NA"
"-77.70","53.63","LA GRANDE RIVIERE A","7093716","2019-09-30 12:00","2019","09","30","12:00","","4.8","","-2.6","","59","","","","30","","11","","24.1","","100.39","","","","","","NA"
"-77.70","53.63","LA GRANDE RIVIERE A","7093716","2019-09-30 13:00","2019","09","30","13:00","","3.7","","-0.7","","73","","","","32","","12","","24.1","","100.34","","","","","","Mostly Cloudy"
"-77.70","53.63","LA GRANDE RIVIERE A","7093716","2019-09-30 14:00","2019","09","30","14:00","","4.8","","-2.5","","59","","","","30","","12","","24.1","","100.29","","","","","","NA"
"-77.70","53.63","LA GRANDE RIVIERE A","7093716","2019-09-30 15:00","2019","09","30","15:00","","4.5","","-3.6","","56","","","","31","","9","","24.1","","100.22","","","","","","NA"
"-77.70","53.63","LA GRANDE RIVIERE A","7093716","2019-09-30 16:00","2019","09","30","16:00","","4.5","","-3.3","","57","","","","30","","8","","24.1","","100.19","","","","","","Cloudy"
"-77.70","53.63","LA GRANDE RIVIERE A","7093716","2019-09-30 17:00","2019","09","30","17:00","","4.2","","-2.8","","60","","","","","","0","","24.1","","100.15","","","","","","NA"
"-77.70","53.63","LA GRANDE RIVIERE A","7093716","2019-09-30 18:00","2019","09","30","18:00","","2.1","","-1.9","","75","","","","23","","3","","24.1","","100.11","","","","","","NA"
"-77.70","53.63","LA GRANDE RIVIERE A","7093716","2019-09-30 19:00","2019","09","30","19:00","","1.5","","-3.5","","70","","","","31","","4","","24.1","","100.13","","","","","","Mostly Cloudy"
"-77.70","53.63","LA GRANDE RIVIERE A","7093716","2019-09-30 20:00","2019","09","30","20:00","","-0.7","","-3.5","","82","","","","31","","3","","24.1","","100.07","","","","-2","","NA"
"-77.70","53.63","LA GRANDE RIVIERE A","7093716","2019-09-30 21:00","2019","09","30","21:00","","0.5","","-3.0","","77","","","","36","","5","","24.1","","100.01","","","","","","NA"
"-77.70","53.63","LA GRANDE RIVIERE A","7093716","2019-09-30 22:00","2019","09","30","22:00","","0.0","","-1.5","","89","","","","5","","5","","24.1","","99.93","","","","-2","","Clear"
"-77.70","53.63","LA GRANDE RIVIERE A","7093716","2019-09-30 23:00","2019","09","30","23:00","","0.4","","-1.6","","87","","","","4","","9","","24.1","","99.84","","","","","","NA"
"-77.70","53.63","LA GRANDE RIVIERE A","7093716","2019-10-01 00:00","2019","10","01","00:00","","1.0","","-1.0","","87","","","","1","","7","","24.1","","99.77","","","","","","NA"
"-77.70","53.63","LA GRANDE RIVIERE A","7093716","2019-10-01 01:00","2019","10","01","01:00","","0.4","","-1.0","","90","","","","1","","3","","24.1","","99.76","","","","","","Cloudy"
"-77.70","53.63","LA GRANDE RIVIERE A","7093716","2019-10-01 02:00","2019","10","01","02:00","","1.1","","-0.1","","91","","","","1","","7","","24.1","","99.70","","","","","","NA"
"-77.70","53.63","LA GRANDE RIVIERE A","7093716","2019-10-01 03:00","2019","10","01","03:00","","1.1","","0.1","","93","","","","1","","3","","24.1","","99.58","","","","","","NA"
"-77.70","53.63","LA GRANDE RIVIERE A","7093716","2019-10-01 04:00","2019","10","01","04:00","","2.0","","-0.4","","84","","","","8","","10","","24.1","","99.48","","","","","","Mostly Cloudy"
"-77.70","53.63","LA GRANDE RIVIERE A","7093716","2019-10-01 05:00","2019","10","01","05:00","","1.9","","-0.8","","82","","","","7","","7","","24.1","","99.44","","","","","","NA"
"-77.70","53.63","LA GRANDE RIVIERE A","7093716","2019-10-01 06:00","2019","10","01","06:00","","1.8","","-0.8","","83","","","","11","","5","","24.1","","99.41","","","","","","NA"
"-77.70","53.63","LA GRANDE RIVIERE A","7093716","2019-10-01 07:00","2019","10","01","07:00","","2.8","","1.3","","90","","","","14","","12","","22.5","","99.35","","","","","","Cloudy"
"-77.70","53.63","LA GRANDE RIVIERE A","7093716","2019-10-01 08:00","2019","10","01","08:00","","2.9","","1.7","","92","","","","11","","8","","24.1","","99.29","","","","","","NA"
"-77.70","53.63","LA GRANDE RIVIERE A","7093716","2019-10-01 09:00","2019","10","01","09:00","","3.4","","2.3","","92","","","","7","","6","","24.1","","99.20","","","","","","Rain"
"-77.70","53.63","LA GRANDE RIVIERE A","7093716","2019-10-01 10:00","2019","10","01","10:00","","3.7","","1.7","","86","","","","10","","12","","16.1","","99.19","","","","","","Rain"
"-77.70","53.63","LA GRANDE RIVIERE A","7093716","2019-10-01 11:00","2019","10","01","11:00","","3.4","","1.5","","87","","","","11","","9","","19.3","","99.19","","","","","","Rain"
"-77.70","53.63","LA GRANDE RIVIERE A","7093716","2019-10-01 12:00","2019","10","01","12:00","","4.0","","1.7","","85","","","","7","","7","","19.3","","99.16","","","","","","Rain"
"-77.70","53.63","LA GRANDE RIVIERE A","7093716","2019-10-01 13:00","2019","10","01","13:00","","3.7","","2.0","","88","","","","11","","13","","19.3","","99.11","","","","","","Rain"
"-77.70","53.63","LA GRANDE RIVIERE A","7093716","2019-10-01 14:00","2019","10","01","14:00","","4.5","","1.8","","82","","","","12","","6","","24.1","","99.05","","","","","","Rain Showers"
"-77.70","53.63","LA GRANDE RIVIERE A","7093716","2019-10-01 15:00","2019","10","01","15:00","","5.0","","1.4","","77","","","","6","","12","","24.1","","99.06","","","","","","Rain Showers"
"-77.70","53.63","LA GRANDE RIVIERE A","7093716","2019-10-01 16:00","2019","10","01","16:00","","4.9","","1.4","","78","","","","35","","7","","24.1","","99.10","","","","","","Rain Showers"
"-77.70","53.63","LA GRANDE RIVIERE A","7093716","2019-10-01 17:00","2019","10","01","17:00","","3.8","","2.7","","92","","","","33","","4","","24.1","","99.15","","","","","","Rain Showers"
"-77.70","53.63","LA GRANDE RIVIERE A","7093716","2019-10-01 18:00","2019","10","01","18:00","","3.7","","2.2","","90","","","","33","","5","","24.1","","99.20","","","","","","Rain Showers"
"-77.70","53.63","LA GRANDE RIVIERE A","7093716","2019-10-01 19:00","2019","10","01","19:00","","3.4","","1.6","","88","","","","35","","4","","24.1","","99.26","","","","","","Rain Showers"
"-77.70","53.63","LA GRANDE RIVIERE A","7093716","2019-10-01 20:00","2019","10","01","20:00","","3.2","","1.3","","87","","","","35","","6","","24.1","","99.30","","","","","","Rain Showers"
"-77.70","53.63","LA GRANDE RIVIERE A","7093716","2019-10-01 21:00","2019","10","01","21:00","","2.6","","0.5","","86","","","","33","","7","","24.1","","99.35","","","","","","NA"
"-77.70","53.63","LA GRANDE RIVIERE A","7093716","2019-10-01 22:00","2019","10","01","22:00","","1.0","","-1.1","","86","","","","36","","5","","24.1","","99.35","","","","","","Mostly Cloudy"
"-77.70","53.63","LA GRANDE RIVIERE A","7093716","2019-10-01 23:00","2019","10","01","23:00","","0.1","","-1.5","","89","","","","36","","8","","24.1","","99.40","","","","","","NA"
"-77.70","53.63","LA GRANDE RIVIERE A","7093716","2019-10-02 00:00","2019","10","02","00:00","","-0.5","","-1.9","","91","","","","34","","8","","24.1","","99.41","","","","-3","","NA"
"-77.70","53.63","LA GRANDE RIVIERE A","7093716","2019-10-02 01:00","2019","10","02","01:00","","-0.9","","-2.4","","90","","","","33","","7","","24.1","","99.43","","","","-3","","Cloudy"
"-77.70","53.63","LA GRANDE RIVIERE A","7093716","2019-10-02 02:00","2019","10","02","02:00","","-0.6","","-2.4","","88","","","","34","","8","","24.1","","99.48","","","","-3","","NA"
"-77.70","53.63","LA GRANDE RIVIERE A","7093716","2019-10-02 03:00","2019","10","02","03:00","","-1.8","","-2.8","","93","","","","26","","5","","24.1","","99.54","","","","-4","","NA"
"-77.70","53.63","LA GRANDE RIVIERE A","7093716","2019-10-02 04:00","2019","10","02","04:00","","-2.1","","-3.0","","94","","","","25","","5","","24.1","","99.61","","","","-4","","Mainly Clear"
"-77.70","53.63","LA GRANDE RIVIERE A","7093716","2019-10-02 05:00","2019","10","02","05:00","","-2.3","","-3.0","","95","","","","30","","9","","24.1","","99.64","","","","-6","","NA"
"-77.70","53.63","LA GRANDE RIVIERE A","7093716","2019-10-02 06:00","2019","10","02","06:00","","-2.2","","-2.8","","96","","","","30","","9","","24.1","","99.69","","","","-6","","NA"
"-77.70","53.63","LA GRANDE RIVIERE A","7093716","2019-10-02 07:00","2019","10","02","07:00","","-1.3","","-2.3","","92","","","","28","","10","","24.1","","99.75","","","","-5","","Mostly Cloudy"
"-77.70","53.63","LA GRANDE RIVIERE A","7093716","2019-10-02 08:00","2019","10","02","08:00","","-0.4","","-1.5","","93","","","","29","","9","","24.1","","99.79","","","","-4","","NA"
"-77.70","53.63","LA GRANDE RIVIERE A","7093716","2019-10-02 09:00","2019","10","02","09:00","","-0.2","","-1.4","","91","","","","31","","13","","6.4","","99.81","","","","-4","","Freezing Drizzle,Fog"
"-77.70","53.63","LA GRANDE RIVIERE A","7093716","2019-10-02 10:00","2019","10","02","10:00","","0.8","","-0.8","","89","","","","30","","12","","24.1","","99.81","","","","","","Mostly Cloudy"
"-77.70","53.63","LA GRANDE RIVIERE A","7093716","2019-10-02 11:00","2019","10","02","11:00","","2.6","","-0.4","","80","","","","29","","16","","24.1","","99.80","","","","","","NA"
"-77.70","53.63","LA GRANDE RIVIERE A","7093716","2019-10-02 12:00","2019","10","02","12:00","","4.5","","-0.9","","68","","","","29","","17","","24.1","","99.79","","","","","","NA"
"-77.70","53.63","LA GRANDE RIVIERE A","7093716","2019-10-02 13:00","2019","10","02","13:00","","4.3","","-0.2","","72","","","","29","","18","","24.1","","99.78","","","","","","Rain Showers"
"-77.70","53.63","LA GRANDE RIVIERE A","7093716","2019-10-02 14:00","2019","10","02","14:00","","5.1","","-0.9","","65","","","","30","","15","","24.1","","99.78","","","","","","Rain Showers"
"-77.70","53.63","LA GRANDE RIVIERE A","7093716","2019-10-02 15:00","2019","10","02","15:00","","4.0","","0.7","","79","","","","31","","15","","24.1","","99.81","","","","","","Snow Showers"
"-77.70","53.63","LA GRANDE RIVIERE A","7093716","2019-10-02 16:00","2019","10","02","16:00","","2.6","","0.0","","83","","","","31","","16","","24.1","","99.83","","","","","","Snow Showers"
"-77.70","53.63","LA GRANDE RIVIERE A","7093716","2019-10-02 17:00","2019","10","02","17:00","","2.5","","-1.0","","78","","","","31","","14","","24.1","","99.86","","","","","","NA"
"-77.70","53.63","LA GRANDE RIVIERE A","7093716","2019-10-02 18:00","2019","10","02","18:00","","2.1","","-3.6","","66","","","","31","","13","","24.1","","99.91","","","","","","NA"
"-77.70","53.63","LA GRANDE RIVIERE A","7093716","2019-10-02 19:00","2019","10","02","19:00","","1.6","","-3.1","","71","","","","31","","7","","24.1","","99.96","","","","","","Mostly Cloudy"
"-77.70","53.63","LA GRANDE RIVIERE A","7093716","2019-10-02 20:00","2019","10","02","20:00","","1.3","","-1.4","","82","","","","27","","12","","24.1","","100.00","","","","","","NA"
"-77.70","53.63","LA GRANDE RIVIERE A","7093716","2019-10-02 21:00","2019","10","02","21:00","","1.3","","-0.7","","86","","","","28","","12","","24.1","","100.03","","","","","","NA"
"-77.70","53.63","LA GRANDE RIVIERE A","7093716","2019-10-02 22:00","2019","10","02","22:00","","1.0","","-0.7","","89","","","","26","","10","","24.1","","100.00","","","","","","Cloudy"
"-77.70","53.63","LA GRANDE RIVIERE A","7093716","2019-10-02 23:00","2019","10","02","23:00","","0.7","","-0.6","","91","","","","26","","8","","24.1","","99.98","","","","","","NA"
"-77.70","53.63","LA GRANDE RIVIERE A","7093716","2019-10-03 00:00","2019","10","03","00:00","","0.5","","-0.6","","93","","","","27","","10","","24.1","","99.96","","","","","","NA"
"-77.70","53.63","LA GRANDE RIVIERE A","7093716","2019-10-03 01:00","2019","10","03","01:00","","0.3","","-0.6","","94","","","","26","","8","","24.1","","99.92","","","","","","Cloudy"
"-77.70","53.63","LA GRANDE RIVIERE A","7093716","2019-10-03 02:00","2019","10","03","02:00","","0.0","","-0.7","","95","","","","25","","8","","24.1","","99.92","","","","-3","","NA"
"-77.70","53.63","LA GRANDE RIVIERE A","7093716","2019-10-03 03:00","2019","10","03","03:00","","-0.3","","-0.9","","96","","","","23","","11","","24.1","","99.92","","","","-4","","NA"
"-77.70","53.63","LA GRANDE RIVIERE A","7093716","2019-10-03 04:00","2019","10","03","04:00","","0.0","","-0.8","","94","","","","25","","12","","24.1","","99.94","","","","-4","","Cloudy"
"-77.70","53.63","LA GRANDE RIVIERE A","7093716","2019-10-03 05:00","2019","10","03","05:00","","0.0","","-0.8","","94","","","","23","","11","","24.1","","99.93","","","","-4","","NA"
"-77.70","53.63","LA GRANDE RIVIERE A","7093716","2019-10-03 06:00","2019","10","03","06:00","","0.1","","-0.8","","94","","","","24","","12","","24.1","","99.93","","","","","","NA"
"-77.70","53.63","LA GRANDE RIVIERE A","7093716","2019-10-03 07:00","2019","10","03","07:00","","0.7","","-1.0","","89","","","","21","","13","","24.1","","99.88","","","","","","Cloudy"
"-77.70","53.63","LA GRANDE RIVIERE A","7093716","2019-10-03 08:00","2019","10","03","08:00","","1.3","","-0.7","","86","","","","23","","16","","24.1","","99.86","","","","","","NA"
"-77.70","53.63","LA GRANDE RIVIERE A","7093716","2019-10-03 09:00","2019","10","03","09:00","","0.7","","0.0","","95","","","","25","","11","","9.7","","99.84","","","","","","Snow Showers"
"-77.70","53.63","LA GRANDE RIVIERE A","7093716","2019-10-03 10:00","2019","10","03","10:00","","2.5","","0.2","","85","","","","25","","15","","19.3","","99.79","","","","","","Snow Showers"
"-77.70","53.63","LA GRANDE RIVIERE A","7093716","2019-10-03 11:00","2019","10","03","11:00","","1.8","","0.8","","93","","","","27","","8","","24.1","","99.75","","","","","","Snow Showers"
"-77.70","53.63","LA GRANDE RIVIERE A","7093716","2019-10-03 12:00","2019","10","03","12:00","","3.8","","-0.7","","72","","","","25","","17","","24.1","","99.69","","","","","","NA"
"-77.70","53.63","LA GRANDE RIVIERE A","7093716","2019-10-03 13:00","2019","10","03","13:00","","4.0","","-3.1","","60","","","","24","","21","","24.1","","99.60","","","","","","Cloudy"
"-77.70","53.63","LA GRANDE RIVIERE A","7093716","2019-10-03 14:00","2019","10","03","14:00","","4.2","","-2.8","","61","","","","25","","16","","24.1","","99.55","","","","","","NA"
"-77.70","53.63","LA GRANDE RIVIERE A","7093716","2019-10-03 15:00","2019","10","03","15:00","","4.3","","-3.5","","57","","","","27","","22","","24.1","","99.53","","","","","","NA"
"-77.70","53.63","LA GRANDE RIVIERE A","7093716","2019-10-03 16:00","2019","10","03","16:00","","4.2","","-2.8","","60","","","","27","","16","","24.1","","99.49","","","","","","Cloudy"
"-77.70","53.63","LA GRANDE RIVIERE A","7093716","2019-10-03 17:00","2019","10","03","17:00","","3.7","","-2.7","","63","","","","26","","23","","24.1","","99.49","","","","","","NA"
"-77.70","53.63","LA GRANDE RIVIERE A","7093716","2019-10-03 18:00","2019","10","03","18:00","","3.2","","-1.9","","69","","","","25","","16","","24.1","","99.48","","","","","","NA"
"-77.70","53.63","LA GRANDE RIVIERE A","7093716","2019-10-03 19:00","2019","10","03","19:00","","2.8","","-1.8","","72","","","","24","","13","","24.1","","99.50","","","","","","Cloudy"
"-77.70","53.63","LA GRANDE RIVIERE A","7093716","2019-10-03 20:00","2019","10","03","20:00","","2.5","","-1.5","","75","","","","25","","14","","24.1","","99.52","","","","","","NA"
"-77.70","53.63","LA GRANDE RIVIERE A","7093716","2019-10-03 21:00","2019","10","03","21:00","","2.4","","-1.9","","73","","","","25","","13","","24.1","","99.51","","","","","","NA"
"-77.70","53.63","LA GRANDE RIVIERE A","7093716","2019-10-03 22:00","2019","10","03","22:00","","2.4","","-2.0","","72","","","","24","","15","","24.1","","99.47","","","","","","Cloudy"
"-77.70","53.63","LA GRANDE RIVIERE A","7093716","2019-10-03 23:00","2019","10","03","23:00","","2.4","","-2.0","","73","","","","24","","17","","24.1","","99.43","","","","","","NA"
"-77.70","53.63","LA GRANDE RIVIERE A","7093716","2019-10-04 00:00","2019","10","04","00:00","","2.2","","-1.6","","76","","","","24","","18","","24.1","","99.41","","","","","","NA"
"-77.70","53.63","LA GRANDE RIVIERE A","7093716","2019-10-04 01:00","2019","10","04","01:00","","2.2","","-1.1","","79","","","","24","","16","","24.1","","99.40","","","","","","Cloudy"
"-77.70","53.63","LA GRANDE RIVIERE A","7093716","2019-10-04 02:00","2019","10","04","02:00","","2.7","","0.2","","83","","","","25","","16","","24.1","","99.41","","","","","","NA"
"-77.70","53.63","LA GRANDE RIVIERE A","7093716","2019-10-04 03:00","2019","10","04","03:00","","2.8","","1.0","","88","","","","26","","17","","24.1","","99.42","","","","","","NA"
"-77.70","53.63","LA GRANDE RIVIERE A","7093716","2019-10-04 04:00","2019","10","04","04:00","","2.9","","1.5","","90","","","","26","","14","","24.1","","99.48","","","","","","Cloudy"
"-77.70","53.63","LA GRANDE RIVIERE A","7093716","2019-10-04 05:00","2019","10","04","05:00","","3.2","","2.1","","92","","","","27","","16","","24.1","","99.51","","","","","","Rain"
"-77.70","53.63","LA GRANDE RIVIERE A","7093716","2019-10-04 06:00","2019","10","04","06:00","","3.6","","2.6","","93","","","","29","","12","","24.1","","99.56","","","","","","Drizzle"
"-77.70","53.63","LA GRANDE RIVIERE A","7093716","2019-10-04 07:00","2019","10","04","07:00","","3.6","","2.4","","91","","","","31","","14","","16.1","","99.64","","","","","","Drizzle"
"-77.70","53.63","LA GRANDE RIVIERE A","7093716","2019-10-04 08:00","2019","10","04","08:00","","3.8","","1.1","","83","","","","31","","16","","24.1","","99.70","","","","","","NA"
"-77.70","53.63","LA GRANDE RIVIERE A","7093716","2019-10-04 09:00","2019","10","04","09:00","","3.8","","0.4","","79","","","","32","","16","","24.1","","99.80","","","","","","NA"
"-77.70","53.63","LA GRANDE RIVIERE A","7093716","2019-10-04 10:00","2019","10","04","10:00","","4.8","","0.7","","75","","","","34","","14","","24.1","","99.88","","","","","","Rain Showers"
"-77.70","53.63","LA GRANDE RIVIERE A","7093716","2019-10-04 11:00","2019","10","04","11:00","","4.9","","-1.3","","64","","","","34","","13","","24.1","","99.94","","","","","","Rain Showers"
"-77.70","53.63","LA GRANDE RIVIERE A","7093716","2019-10-04 12:00","2019","10","04","12:00","","6.5","","-0.5","","61","","","","32","","9","","24.1","","100.01","","","","","","NA"
"-77.70","53.63","LA GRANDE RIVIERE A","7093716","2019-10-04 13:00","2019","10","04","13:00","","5.6","","-1.4","","61","","","","35","","11","","24.1","","100.06","","","","","","Mostly Cloudy"
"-77.70","53.63","LA GRANDE RIVIERE A","7093716","2019-10-04 14:00","2019","10","04","14:00","","6.0","","-0.6","","62","","","","33","","7","","24.1","","100.10","","","","","","NA"
"-77.70","53.63","LA GRANDE RIVIERE A","7093716","2019-10-04 15:00","2019","10","04","15:00","","7.1","","-0.3","","59","","","","29","","14","","24.1","","100.14","","","","","","NA"
"-77.70","53.63","LA GRANDE RIVIERE A","7093716","2019-10-04 16:00","2019","10","04","16:00","","5.9","","0.4","","68","","","","32","","7","","24.1","","100.22","","","","","","Mostly Cloudy"
"-77.70","53.63","LA GRANDE RIVIERE A","7093716","2019-10-04 17:00","2019","10","04","17:00","","6.1","","0.6","","68","","","","30","","9","","24.1","","100.26","","","","","","NA"
"-77.70","53.63","LA GRANDE RIVIERE A","7093716","2019-10-04 18:00","2019","10","04","18:00","","3.3","","0.4","","81","","","","25","","4","","24.1","","100.31","","","","","","NA"
"-77.70","53.63","LA GRANDE RIVIERE A","7093716","2019-10-04 19:00","2019","10","04","19:00","","1.6","","-0.4","","86","","","","28","","4","","24.1","","100.35","","","","","","Mainly Clear"
"-77.70","53.63","LA GRANDE RIVIERE A","7093716","2019-10-04 20:00","2019","10","04","20:00","","1.0","","-0.5","","89","","","","25","","7","","24.1","","100.37","","","","","","NA"
"-77.70","53.63","LA GRANDE RIVIERE A","7093716","2019-10-04 21:00","2019","10","04","21:00","","1.0","","-0.4","","90","","","","26","","5","","24.1","","100.40","","","","","","NA"
"-77.70","53.63","LA GRANDE RIVIERE A","7093716","2019-10-04 22:00","2019","10","04","22:00","","2.2","","0.4","","88","","","","24","","7","","24.1","","100.39","","","","","","Cloudy"
"-77.70","53.63","LA GRANDE RIVIERE A","7093716","2019-10-04 23:00","2019","10","04","23:00","","2.2","","0.4","","88","","","","26","","5","","24.1","","100.39","","","","","","NA"
"-77.70","53.63","LA GRANDE RIVIERE A","7093716","2019-10-05 00:00","2019","10","05","00:00","","2.2","","0.4","","88","","","","24","","8","","24.1","","100.39","","","","","","NA"
"-77.70","53.63","LA GRANDE RIVIERE A","7093716","2019-10-05 01:00","2019","10","05","01:00","","1.0","","-0.4","","91","","","","16","","4","","24.1","","100.38","","","","","","Mostly Cloudy"
"-77.70","53.63","LA GRANDE RIVIERE A","7093716","2019-10-05 02:00","2019","10","05","02:00","","0.4","","-0.8","","92","","","","22","","5","","24.1","","100.39","","","","","","NA"
"-77.70","53.63","LA GRANDE RIVIERE A","7093716","2019-10-05 03:00","2019","10","05","03:00","","0.0","","-0.6","","96","","","","20","","8","","24.1","","100.38","","","","-3","","NA"
"-77.70","53.63","LA GRANDE RIVIERE A","7093716","2019-10-05 04:00","2019","10","05","04:00","","0.2","","-0.3","","96","","","","19","","12","","24.1","","100.38","","","","","","Clear"
"-77.70","53.63","LA GRANDE RIVIERE A","7093716","2019-10-05 05:00","2019","10","05","05:00","","-1.0","","-1.4","","97","","","","20","","10","","16.1","","100.36","","","","-5","","NA"
"-77.70","53.63","LA GRANDE RIVIERE A","7093716","2019-10-05 06:00","2019","10","05","06:00","","-0.3","","-0.7","","97","","","","19","","8","","24.1","","100.32","","","","-3","","NA"
"-77.70","53.63","LA GRANDE RIVIERE A","7093716","2019-10-05 07:00","2019","10","05","07:00","","-0.2","","-0.6","","97","","","","19","","11","","24.1","","100.30","","","","-4","","Mainly Clear"
"-77.70","53.63","LA GRANDE RIVIERE A","7093716","2019-10-05 08:00","2019","10","05","08:00","","0.8","","0.0","","95","","","","20","","14","","24.1","","100.30","","","","","","NA"
"-77.70","53.63","LA GRANDE RIVIERE A","7093716","2019-10-05 09:00","2019","10","05","09:00","","3.3","","1.3","","87","","","","20","","14","","24.1","","100.24","","","","","","NA"
"-77.70","53.63","LA GRANDE RIVIERE A","7093716","2019-10-05 10:00","2019","10","05","10:00","","5.3","","2.1","","80","","","","20","","16","","24.1","","100.21","","","","","","Mostly Cloudy"
"-77.70","53.63","LA GRANDE RIVIERE A","7093716","2019-10-05 11:00","2019","10","05","11:00","","6.8","","2.4","","73","","","","19","","15","","24.1","","100.16","","","","","","NA"
"-77.70","53.63","LA GRANDE RIVIERE A","7093716","2019-10-05 12:00","2019","10","05","12:00","","9.3","","3.4","","66","","","","19","","18","","24.1","","100.11","","","","","","NA"
"-77.70","53.63","LA GRANDE RIVIERE A","7093716","2019-10-05 13:00","2019","10","05","13:00","","10.3","","2.7","","59","","","","20","","19","","24.1","","100.02","","","","","","Mostly Cloudy"
"-77.70","53.63","LA GRANDE RIVIERE A","7093716","2019-10-05 14:00","2019","10","05","14:00","","11.1","","2.6","","56","","","","20","","23","","24.1","","99.86","","","","","","NA"
"-77.70","53.63","LA GRANDE RIVIERE A","7093716","2019-10-05 15:00","2019","10","05","15:00","","11.5","","2.9","","55","","","","22","","16","","24.1","","99.79","","","","","","NA"
"-77.70","53.63","LA GRANDE RIVIERE A","7093716","2019-10-05 16:00","2019","10","05","16:00","","11.2","","1.8","","52","","","","20","","17","","24.1","","99.70","","","","","","Mostly Cloudy"
"-77.70","53.63","LA GRANDE RIVIERE A","7093716","2019-10-05 17:00","2019","10","05","17:00","","9.9","","2.2","","58","","","","18","","10","","24.1","","99.65","","","","","","NA"
"-77.70","53.63","LA GRANDE RIVIERE A","7093716","2019-10-05 18:00","2019","10","05","18:00","","7.8","","1.9","","66","","","","17","","12","","24.1","","99.56","","","","","","NA"
"-77.70","53.63","LA GRANDE RIVIERE A","7093716","2019-10-05 19:00","2019","10","05","19:00","","6.8","","1.7","","70","","","","14","","13","","24.1","","99.48","","","","","","Mostly Cloudy"
"-77.70","53.63","LA GRANDE RIVIERE A","7093716","2019-10-05 20:00","2019","10","05","20:00","","6.1","","1.9","","74","","","","14","","16","","24.1","","99.39","","","","","","NA"
"-77.70","53.63","LA GRANDE RIVIERE A","7093716","2019-10-05 21:00","2019","10","05","21:00","","4.6","","1.7","","82","","","","12","","17","","24.1","","99.29","","","","","","NA"
"-77.70","53.63","LA GRANDE RIVIERE A","7093716","2019-10-05 22:00","2019","10","05","22:00","","6.2","","2.2","","76","","","","15","","22","","24.1","","99.19","","","","","","Mostly Cloudy"
"-77.70","53.63","LA GRANDE RIVIERE A","7093716","2019-10-05 23:00","2019","10","05","23:00","","6.4","","2.2","","74","","","","16","","23","","24.1","","99.08","","","","","","NA"
"-77.70","53.63","LA GRANDE RIVIERE A","7093716","2019-10-06 00:00","2019","10","06","00:00","","6.4","","2.1","","74","","","","15","","22","","24.1","","98.99","","","","","","NA"
"-77.70","53.63","LA GRANDE RIVIERE A","7093716","2019-10-06 01:00","2019","10","06","01:00","","6.1","","2.0","","75","","","","15","","21","","24.1","","98.91","","","","","","Mostly Cloudy"
"-77.70","53.63","LA GRANDE RIVIERE A","7093716","2019-10-06 02:00","2019","10","06","02:00","","6.1","","2.0","","75","","","","14","","18","","24.1","","98.79","","","","","","NA"
"-77.70","53.63","LA GRANDE RIVIERE A","7093716","2019-10-06 03:00","2019","10","06","03:00","","6.6","","1.6","","70","","","","15","","22","","24.1","","98.65","","","","","","NA"
"-77.70","53.63","LA GRANDE RIVIERE A","7093716","2019-10-06 04:00","2019","10","06","04:00","","6.8","","1.4","","68","","","","15","","23","","24.1","","98.52","","","","","","Cloudy"
"-77.70","53.63","LA GRANDE RIVIERE A","7093716","2019-10-06 05:00","2019","10","06","05:00","","6.6","","1.2","","69","","","","13","","23","","24.1","","98.33","","","","","","NA"
"-77.70","53.63","LA GRANDE RIVIERE A","7093716","2019-10-06 06:00","2019","10","06","06:00","","6.9","","1.1","","67","","","","14","","25","","24.1","","98.21","","","","","","NA"
"-77.70","53.63","LA GRANDE RIVIERE A","7093716","2019-10-06 07:00","2019","10","06","07:00","","6.5","","1.4","","70","","","","15","","23","","24.1","","98.09","","","","","","Cloudy"
"-77.70","53.63","LA GRANDE RIVIERE A","7093716","2019-10-06 08:00","2019","10","06","08:00","","6.7","","1.5","","69","","","","15","","31","","24.1","","97.89","","","","","","NA"
"-77.70","53.63","LA GRANDE RIVIERE A","7093716","2019-10-06 09:00","2019","10","06","09:00","","6.9","","1.6","","69","","","","14","","28","","24.1","","97.75","","","","","","NA"
"-77.70","53.63","LA GRANDE RIVIERE A","7093716","2019-10-06 10:00","2019","10","06","10:00","","7.0","","2.2","","71","","","","15","","27","","24.1","","97.62","","","","","","Cloudy"
"-77.70","53.63","LA GRANDE RIVIERE A","7093716","2019-10-06 11:00","2019","10","06","11:00","","6.0","","4.0","","87","","","","15","","25","","9.7","","97.49","","","","","","Rain,Fog"
"-77.70","53.63","LA GRANDE RIVIERE A","7093716","2019-10-06 12:00","2019","10","06","12:00","","6.2","","5.1","","93","","","","16","","30","","3.2","","97.36","","","","","","Rain,Drizzle,Fog"
"-77.70","53.63","LA GRANDE RIVIERE A","7093716","2019-10-06 13:00","2019","10","06","13:00","","6.7","","5.9","","95","","","","16","","27","","2.4","","97.21","","","","","","Rain,Drizzle,Fog"
"-77.70","53.63","LA GRANDE RIVIERE A","7093716","2019-10-06 14:00","2019","10","06","14:00","","7.3","","6.5","","95","","","","16","","22","","9.7","","97.11","","","","","","Rain,Drizzle,Fog"
"-77.70","53.63","LA GRANDE RIVIERE A","7093716","2019-10-06 15:00","2019","10","06","15:00","","7.8","","7.0","","95","","","","16","","22","","6.4","","97.04","","","","","","Rain,Drizzle,Fog"
"-77.70","53.63","LA GRANDE RIVIERE A","7093716","2019-10-06 16:00","2019","10","06","16:00","","8.3","","7.7","","96","","","","16","","23","","9.7","","96.94","","","","","","Rain,Drizzle,Fog"
"-77.70","53.63","LA GRANDE RIVIERE A","7093716","2019-10-06 17:00","2019","10","06","17:00","","9.3","","8.5","","95","","","","20","","25","","3.2","","96.91","","","","","","Rain,Drizzle,Fog"
"-77.70","53.63","LA GRANDE RIVIERE A","7093716","2019-10-06 18:00","2019","10","06","18:00","","9.0","","8.1","","94","","","","21","","27","","9.7","","96.95","","","","","","Rain,Drizzle,Fog"
"-77.70","53.63","LA GRANDE RIVIERE A","7093716","2019-10-06 19:00","2019","10","06","19:00","","8.4","","7.1","","92","","","","22","","34","","24.1","","97.01","","","","","","Cloudy"
"-77.70","53.63","LA GRANDE RIVIERE A","7093716","2019-10-06 20:00","2019","10","06","20:00","","7.9","","6.6","","91","","","","22","","30","","24.1","","97.05","","","","","","Rain"
"-77.70","53.63","LA GRANDE RIVIERE A","7093716","2019-10-06 21:00","2019","10","06","21:00","","7.5","","6.4","","92","","","","22","","25","","24.1","","97.07","","","","","","Rain"
"-77.70","53.63","LA GRANDE RIVIERE A","7093716","2019-10-06 22:00","2019","10","06","22:00","","7.4","","5.8","","90","","","","22","","31","","24.1","","97.09","","","","","","Rain"
"-77.70","53.63","LA GRANDE RIVIERE A","7093716","2019-10-06 23:00","2019","10","06","23:00","","6.6","","4.5","","87","","","","22","","29","","24.1","","97.13","","","","","","Rain"
"-77.70","53.63","LA GRANDE RIVIERE A","7093716","2019-10-07 00:00","2019","10","07","00:00","","6.3","","5.0","","92","","","","22","","29","","9.7","","97.16","","","","","","Rain,Fog"
"-77.70","53.63","LA GRANDE RIVIERE A","7093716","2019-10-07 01:00","2019","10","07","01:00","","6.1","","5.0","","92","","","","22","","27","","9.7","","97.20","","","","","","Rain,Fog"
"-77.70","53.63","LA GRANDE RIVIERE A","7093716","2019-10-07 02:00","2019","10","07","02:00","","5.8","","4.8","","93","","","","22","","22","","24.1","","97.24","","","","","","Rain"
"-77.70","53.63","LA GRANDE RIVIERE A","7093716","2019-10-07 03:00","2019","10","07","03:00","","5.8","","4.7","","92","","","","22","","28","","24.1","","97.25","","","","","","Rain"
"-77.70","53.63","LA GRANDE RIVIERE A","7093716","2019-10-07 04:00","2019","10","07","04:00","","5.6","","4.1","","90","","","","22","","27","","24.1","","97.31","","","","","","Rain"
"-77.70","53.63","LA GRANDE RIVIERE A","7093716","2019-10-07 05:00","2019","10","07","05:00","","5.2","","4.0","","92","","","","23","","24","","24.1","","97.36","","","","","","Rain"
"-77.70","53.63","LA GRANDE RIVIERE A","7093716","2019-10-07 06:00","2019","10","07","06:00","","5.3","","4.3","","93","","","","23","","25","","24.1","","97.37","","","","","","Rain"
"-77.70","53.63","LA GRANDE RIVIERE A","7093716","2019-10-07 07:00","2019","10","07","07:00","","5.3","","4.0","","92","","","","23","","21","","8.1","","97.43","","","","","","Rain,Fog"
"-77.70","53.63","LA GRANDE RIVIERE A","7093716","2019-10-07 08:00","2019","10","07","08:00","","6.0","","5.0","","94","","","","23","","24","","9.7","","97.44","","","","","","Rain,Fog"
"-77.70","53.63","LA GRANDE RIVIERE A","7093716","2019-10-07 09:00","2019","10","07","09:00","","5.4","","4.7","","95","","","","25","","19","","9.7","","97.52","","","","","","Moderate Rain,Fog"
"-77.70","53.63","LA GRANDE RIVIERE A","7093716","2019-10-07 10:00","2019","10","07","10:00","","5.6","","4.5","","93","","","","25","","29","","9.7","","97.60","","","","","","Rain,Fog"
"-77.70","53.63","LA GRANDE RIVIERE A","7093716","2019-10-07 11:00","2019","10","07","11:00","","5.6","","4.4","","92","","","","25","","26","","24.1","","97.69","","","","","","Rain"
"-77.70","53.63","LA GRANDE RIVIERE A","7093716","2019-10-07 12:00","2019","10","07","12:00","","5.7","","4.3","","91","","","","24","","33","","9.7","","97.78","","","","","","Rain,Fog"
"-77.70","53.63","LA GRANDE RIVIERE A","7093716","2019-10-07 13:00","2019","10","07","13:00","","6.1","","4.8","","92","","","","24","","31","","9.7","","97.83","","","","","","Rain,Fog"
"-77.70","53.63","LA GRANDE RIVIERE A","7093716","2019-10-07 14:00","2019","10","07","14:00","","5.1","","3.6","","90","","","","26","","30","","9.7","","97.91","","","","","","Rain,Fog"
"-77.70","53.63","LA GRANDE RIVIERE A","7093716","2019-10-07 15:00","2019","10","07","15:00","","5.2","","3.9","","91","","","","25","","29","","19.3","","97.98","","","","","","Rain"
"-77.70","53.63","LA GRANDE RIVIERE A","7093716","2019-10-07 16:00","2019","10","07","16:00","","4.8","","3.6","","92","","","","26","","28","","19.3","","98.08","","","","","","Rain"
"-77.70","53.63","LA GRANDE RIVIERE A","7093716","2019-10-07 17:00","2019","10","07","17:00","","4.5","","3.4","","92","","","","26","","28","","16.1","","98.17","","","","","","Rain"
"-77.70","53.63","LA GRANDE RIVIERE A","7093716","2019-10-07 18:00","2019","10","07","18:00","","4.3","","3.2","","93","","","","25","","32","","9.7","","98.28","","","","","","Rain,Fog"
"-77.70","53.63","LA GRANDE RIVIERE A","7093716","2019-10-07 19:00","2019","10","07","19:00","","4.2","","3.3","","94","","","","25","","29","","8.1","","98.35","","","","","","Rain,Fog"
"-77.70","53.63","LA GRANDE RIVIERE A","7093716","2019-10-07 20:00","2019","10","07","20:00","","4.1","","3.4","","95","","","","26","","29","","8.1","","98.44","","","","","","Rain,Fog"
"-77.70","53.63","LA GRANDE RIVIERE A","7093716","2019-10-07 21:00","2019","10","07","21:00","","4.0","","3.4","","96","","","","26","","27","","9.7","","98.52","","","","","","Rain,Fog"
"-77.70","53.63","LA GRANDE RIVIERE A","7093716","2019-10-07 22:00","2019","10","07","22:00","","4.0","","3.2","","95","","","","26","","32","","9.7","","98.60","","","","","","Rain,Fog"
"-77.70","53.63","LA GRANDE RIVIERE A","7093716","2019-10-07 23:00","2019","10","07","23:00","","3.8","","3.0","","94","","","","27","","34","","9.7","","98.67","","","","","","Rain,Fog"
"-77.70","53.63","LA GRANDE RIVIERE A","7093716","2019-10-08 00:00","2019","10","08","00:00","","3.6","","3.0","","96","","","","26","","24","","4.8","","98.74","","","","","","Drizzle,Fog"
"-77.70","53.63","LA GRANDE RIVIERE A","7093716","2019-10-08 01:00","2019","10","08","01:00","","3.4","","2.9","","97","","","","25","","16","","4.8","","98.85","","","","","","Drizzle,Fog"
"-77.70","53.63","LA GRANDE RIVIERE A","7093716","2019-10-08 02:00","2019","10","08","02:00","","3.2","","2.6","","96","","","","27","","19","","4.8","","98.92","","","","","","Drizzle,Fog"
"-77.70","53.63","LA GRANDE RIVIERE A","7093716","2019-10-08 03:00","2019","10","08","03:00","","3.2","","2.8","","97","","","","25","","16","","2.4","","98.99","","","","","","Drizzle,Fog"
"-77.70","53.63","LA GRANDE RIVIERE A","7093716","2019-10-08 04:00","2019","10","08","04:00","","3.1","","2.6","","97","","","","25","","18","","9.7","","99.08","","","","","","Drizzle,Fog"
"-77.70","53.63","LA GRANDE RIVIERE A","7093716","2019-10-08 05:00","2019","10","08","05:00","","2.9","","2.2","","95","","","","24","","21","","24.1","","99.17","","","","","","Rain,Drizzle"
"-77.70","53.63","LA GRANDE RIVIERE A","7093716","2019-10-08 06:00","2019","10","08","06:00","","2.3","","1.3","","94","","","","24","","19","","24.1","","99.24","","","","","","NA"
"-77.70","53.63","LA GRANDE RIVIERE A","7093716","2019-10-08 07:00","2019","10","08","07:00","","2.0","","0.9","","92","","","","24","","16","","24.1","","99.33","","","","","","Mainly Clear"
"-77.70","53.63","LA GRANDE RIVIERE A","7093716","2019-10-08 08:00","2019","10","08","08:00","","2.8","","1.7","","93","","","","24","","18","","24.1","","99.43","","","","","","NA"
"-77.70","53.63","LA GRANDE RIVIERE A","7093716","2019-10-08 09:00","2019","10","08","09:00","","3.5","","1.5","","86","","","","23","","18","","24.1","","99.49","","","","","","NA"
"-77.70","53.63","LA GRANDE RIVIERE A","7093716","2019-10-08 10:00","2019","10","08","10:00","","3.9","","1.1","","82","","","","24","","20","","24.1","","99.53","","","","","","Cloudy"
"-77.70","53.63","LA GRANDE RIVIERE A","7093716","2019-10-08 11:00","2019","10","08","11:00","","4.9","","1.2","","77","","","","24","","17","","24.1","","99.58","","","","","","NA"
"-77.70","53.63","LA GRANDE RIVIERE A","7093716","2019-10-08 12:00","2019","10","08","12:00","","7.0","","1.3","","67","","","","24","","21","","24.1","","99.57","","","","","","NA"
"-77.70","53.63","LA GRANDE RIVIERE A","7093716","2019-10-08 13:00","2019","10","08","13:00","","8.2","","1.4","","62","","","","23","","23","","24.1","","99.53","","","","","","Mostly Cloudy"
"-77.70","53.63","LA GRANDE RIVIERE A","7093716","2019-10-08 14:00","2019","10","08","14:00","","9.1","","1.6","","60","","","","24","","25","","24.1","","99.57","","","","","","NA"
"-77.70","53.63","LA GRANDE RIVIERE A","7093716","2019-10-08 15:00","2019","10","08","15:00","","9.3","","1.4","","58","","","","22","","20","","24.1","","99.54","","","","","","NA"
"-77.70","53.63","LA GRANDE RIVIERE A","7093716","2019-10-08 16:00","2019","10","08","16:00","","9.0","","1.6","","59","","","","20","","13","","24.1","","99.53","","","","","","Mostly Cloudy"
"-77.70","53.63","LA GRANDE RIVIERE A","7093716","2019-10-08 17:00","2019","10","08","17:00","","8.4","","1.8","","63","","","","19","","14","","24.1","","99.54","","","","","","NA"
"-77.70","53.63","LA GRANDE RIVIERE A","7093716","2019-10-08 18:00","2019","10","08","18:00","","6.9","","1.8","","70","","","","16","","13","","24.1","","99.52","","","","","","NA"
"-77.70","53.63","LA GRANDE RIVIERE A","7093716","2019-10-08 19:00","2019","10","08","19:00","","6.1","","1.1","","70","","","","15","","16","","24.1","","99.50","","","","","","Mainly Clear"
"-77.70","53.63","LA GRANDE RIVIERE A","7093716","2019-10-08 20:00","2019","10","08","20:00","","5.9","","1.0","","71","","","","16","","18","","24.1","","99.51","","","","","","NA"
"-77.70","53.63","LA GRANDE RIVIERE A","7093716","2019-10-08 21:00","2019","10","08","21:00","","6.5","","2.6","","76","","","","15","","22","","24.1","","99.46","","","","","","NA"
"-77.70","53.63","LA GRANDE RIVIERE A","7093716","2019-10-08 22:00","2019","10","08","22:00","","6.1","","2.8","","79","","","","16","","17","","24.1","","99.47","","","","","","Mostly Cloudy"
"-77.70","53.63","LA GRANDE RIVIERE A","7093716","2019-10-08 23:00","2019","10","08","23:00","","7.0","","3.3","","77","","","","17","","21","","24.1","","99.45","","","","","","NA"
"-77.70","53.63","LA GRANDE RIVIERE A","7093716","2019-10-09 00:00","2019","10","09","00:00","","7.5","","3.3","","75","","","","17","","20","","24.1","","99.40","","","","","","NA"
"-77.70","53.63","LA GRANDE RIVIERE A","7093716","2019-10-09 01:00","2019","10","09","01:00","","7.4","","3.3","","75","","","","17","","21","","24.1","","99.38","","","","","","Mostly Cloudy"
"-77.70","53.63","LA GRANDE RIVIERE A","7093716","2019-10-09 02:00","2019","10","09","02:00","","8.6","","3.6","","71","","","","18","","23","","24.1","","99.36","","","","","","NA"
"-77.70","53.63","LA GRANDE RIVIERE A","7093716","2019-10-09 03:00","2019","10","09","03:00","","8.2","","3.7","","73","","","","18","","21","","24.1","","99.34","","","","","","NA"
"-77.70","53.63","LA GRANDE RIVIERE A","7093716","2019-10-09 04:00","2019","10","09","04:00","","8.2","","3.9","","75","","","","18","","24","","24.1","","99.35","","","","","","Mostly Cloudy"
"-77.70","53.63","LA GRANDE RIVIERE A","7093716","2019-10-09 05:00","2019","10","09","05:00","","8.2","","4.2","","76","","","","18","","22","","24.1","","99.35","","","","","","NA"
"-77.70","53.63","LA GRANDE RIVIERE A","7093716","2019-10-09 06:00","2019","10","09","06:00","","8.5","","4.6","","77","","","","19","","25","","24.1","","99.42","","","","","","NA"
"-77.70","53.63","LA GRANDE RIVIERE A","7093716","2019-10-09 07:00","2019","10","09","07:00","","8.7","","4.9","","77","","","","18","","25","","24.1","","99.48","","","","","","Mostly Cloudy"
"-77.70","53.63","LA GRANDE RIVIERE A","7093716","2019-10-09 08:00","2019","10","09","08:00","","8.6","","5.1","","78","","","","18","","23","","24.1","","99.52","","","","","","NA"
"-77.70","53.63","LA GRANDE RIVIERE A","7093716","2019-10-09 09:00","2019","10","09","09:00","","9.7","","5.5","","75","","","","19","","29","","24.1","","99.57","","","","","","NA"
"-77.70","53.63","LA GRANDE RIVIERE A","7093716","2019-10-09 10:00","2019","10","09","10:00","","10.9","","6.0","","72","","","","19","","32","","24.1","","99.59","","","","","","Mostly Cloudy"
"-77.70","53.63","LA GRANDE RIVIERE A","7093716","2019-10-09 11:00","2019","10","09","11:00","","13.3","","6.5","","63","","","","20","","27","","24.1","","99.62","","","","","","NA"
"-77.70","53.63","LA GRANDE RIVIERE A","7093716","2019-10-09 12:00","2019","10","09","12:00","","13.6","","6.3","","61","","","","21","","33","","24.1","","99.64","","","","","","NA"
"-77.70","53.63","LA GRANDE RIVIERE A","7093716","2019-10-09 13:00","2019","10","09","13:00","","14.3","","6.7","","60","","","","20","","23","","24.1","","99.67","","","","","","Mostly Cloudy"
"-77.70","53.63","LA GRANDE RIVIERE A","7093716","2019-10-09 14:00","2019","10","09","14:00","","14.3","","6.8","","60","","","","22","","21","","24.1","","99.70","","","","","","NA"
"-77.70","53.63","LA GRANDE RIVIERE A","7093716","2019-10-09 15:00","2019","10","09","15:00","","15.1","","6.7","","57","","","","21","","22","","24.1","","99.72","","","","","","NA"
"-77.70","53.63","LA GRANDE RIVIERE A","7093716","2019-10-09 16:00","2019","10","09","16:00","","15.2","","6.4","","55","","","","21","","18","","24.1","","99.73","","","","","","Mostly Cloudy"
"-77.70","53.63","LA GRANDE RIVIERE A","7093716","2019-10-09 17:00","2019","10","09","17:00","","14.4","","6.7","","60","","","","20","","10","","24.1","","99.75","","","","","","NA"
"-77.70","53.63","LA GRANDE RIVIERE A","7093716","2019-10-09 18:00","2019","10","09","18:00","","12.5","","6.7","","68","","","","16","","11","","24.1","","99.78","","","","","","NA"
"-77.70","53.63","LA GRANDE RIVIERE A","7093716","2019-10-09 19:00","2019","10","09","19:00","","12.3","","7.0","","70","","","","15","","14","","24.1","","99.82","","","","","","Mainly Clear"
"-77.70","53.63","LA GRANDE RIVIERE A","7093716","2019-10-09 20:00","2019","10","09","20:00","","12.4","","6.2","","65","","","","17","","18","","24.1","","99.84","","","","","","NA"
"-77.70","53.63","LA GRANDE RIVIERE A","7093716","2019-10-09 21:00","2019","10","09","21:00","","11.3","","5.5","","67","","","","17","","16","","24.1","","99.89","","","","","","NA"
"-77.70","53.63","LA GRANDE RIVIERE A","7093716","2019-10-09 22:00","2019","10","09","22:00","","11.1","","4.8","","65","","","","17","","17","","24.1","","99.92","","","","","","Clear"
"-77.70","53.63","LA GRANDE RIVIERE A","7093716","2019-10-09 23:00","2019","10","09","23:00","","10.5","","4.4","","66","","","","17","","18","","24.1","","99.95","","","","","","NA"
"-77.70","53.63","LA GRANDE RIVIERE A","7093716","2019-10-10 00:00","2019","10","10","00:00","","9.8","","4.1","","68","","","","17","","17","","24.1","","99.97","","","","","","NA"
"-77.70","53.63","LA GRANDE RIVIERE A","7093716","2019-10-10 01:00","2019","10","10","01:00","","9.5","","4.3","","70","","","","17","","17","","24.1","","100.01","","","","","","Mainly Clear"
"-77.70","53.63","LA GRANDE RIVIERE A","7093716","2019-10-10 02:00","2019","10","10","02:00","","9.6","","4.9","","72","","","","17","","18","","24.1","","100.02","","","","","","NA"
"-77.70","53.63","LA GRANDE RIVIERE A","7093716","2019-10-10 03:00","2019","10","10","03:00","","9.1","","5.2","","77","","","","17","","17","","24.1","","100.04","","","","","","NA"
"-77.70","53.63","LA GRANDE RIVIERE A","7093716","2019-10-10 04:00","2019","10","10","04:00","","8.8","","5.5","","80","","","","17","","21","","24.1","","100.05","","","","","","Mainly Clear"
"-77.70","53.63","LA GRANDE RIVIERE A","7093716","2019-10-10 05:00","2019","10","10","05:00","","8.5","","5.6","","82","","","","17","","21","","24.1","","100.08","","","","","","NA"
"-77.70","53.63","LA GRANDE RIVIERE A","7093716","2019-10-10 06:00","2019","10","10","06:00","","8.2","","5.4","","82","","","","17","","23","","24.1","","100.10","","","","","","NA"
"-77.70","53.63","LA GRANDE RIVIERE A","7093716","2019-10-10 07:00","2019","10","10","07:00","","8.1","","5.2","","82","","","","17","","22","","24.1","","100.14","","","","","","Mostly Cloudy"
"-77.70","53.63","LA GRANDE RIVIERE A","7093716","2019-10-10 08:00","2019","10","10","08:00","","8.6","","5.2","","79","","","","17","","22","","24.1","","100.20","","","","","","NA"
"-77.70","53.63","LA GRANDE RIVIERE A","7093716","2019-10-10 09:00","2019","10","10","09:00","","9.8","","5.5","","74","","","","18","","18","","24.1","","100.22","","","","","","NA"
"-77.70","53.63","LA GRANDE RIVIERE A","7093716","2019-10-10 10:00","2019","10","10","10:00","","12.8","","6.2","","64","","","","18","","23","","24.1","","100.22","","","","","","Mainly Clear"
"-77.70","53.63","LA GRANDE RIVIERE A","7093716","2019-10-10 11:00","2019","10","10","11:00","","14.7","","7.0","","60","","","","17","","17","","24.1","","100.19","","","","","","NA"
"-77.70","53.63","LA GRANDE RIVIERE A","7093716","2019-10-10 12:00","2019","10","10","12:00","","16.8","","7.1","","52","","","","19","","25","","24.1","","100.16","","","","","","NA"
"-77.70","53.63","LA GRANDE RIVIERE A","7093716","2019-10-10 13:00","2019","10","10","13:00","","17.1","","2.2","","36","","","","18","","23","","24.1","","100.18","","","","","","Mainly Clear"
"-77.70","53.63","LA GRANDE RIVIERE A","7093716","2019-10-10 14:00","2019","10","10","14:00","","17.2","","2.6","","37","","","","23","","24","","24.1","","100.18","","","","","","NA"
"-77.70","53.63","LA GRANDE RIVIERE A","7093716","2019-10-10 15:00","2019","10","10","15:00","","17.6","","1.9","","35","","","","20","","18","","24.1","","100.16","","","","","","NA"
"-77.70","53.63","LA GRANDE RIVIERE A","7093716","2019-10-10 16:00","2019","10","10","16:00","","17.2","","2.6","","37","","","","22","","12","","24.1","","100.14","","","","","","Mainly Clear"
"-77.70","53.63","LA GRANDE RIVIERE A","7093716","2019-10-10 17:00","2019","10","10","17:00","","15.7","","3.6","","44","","","","22","","7","","24.1","","100.15","","","","","","NA"
"-77.70","53.63","LA GRANDE RIVIERE A","7093716","2019-10-10 18:00","2019","10","10","18:00","","9.7","","3.8","","67","","","","16","","8","","24.1","","100.15","","","","","","NA"
"-77.70","53.63","LA GRANDE RIVIERE A","7093716","2019-10-10 19:00","2019","10","10","19:00","","12.3","","1.3","","47","","","","16","","11","","24.1","","100.18","","","","","","Mainly Clear"
"-77.70","53.63","LA GRANDE RIVIERE A","7093716","2019-10-10 20:00","2019","10","10","20:00","","12.1","","1.3","","47","","","","15","","17","","24.1","","100.18","","","","","","NA"
"-77.70","53.63","LA GRANDE RIVIERE A","7093716","2019-10-10 21:00","2019","10","10","21:00","","10.8","","1.9","","54","","","","17","","15","","24.1","","100.21","","","","","","NA"
"-77.70","53.63","LA GRANDE RIVIERE A","7093716","2019-10-10 22:00","2019","10","10","22:00","","9.9","","1.9","","58","","","","14","","15","","24.1","","100.19","","","","","","Clear"
"-77.70","53.63","LA GRANDE RIVIERE A","7093716","2019-10-10 23:00","2019","10","10","23:00","","9.7","","1.9","","58","","","","16","","16","","24.1","","100.19","","","","","","NA"
"-77.70","53.63","LA GRANDE RIVIERE A","7093716","2019-10-11 00:00","2019","10","11","00:00","","9.4","","2.2","","60","","","","16","","16","","24.1","","100.18","","","","","","NA"
"-77.70","53.63","LA GRANDE RIVIERE A","7093716","2019-10-11 01:00","2019","10","11","01:00","","8.6","","2.0","","63","","","","15","","16","","24.1","","100.16","","","","","","Mostly Cloudy"
"-77.70","53.63","LA GRANDE RIVIERE A","7093716","2019-10-11 02:00","2019","10","11","02:00","","7.7","","1.7","","66","","","","15","","15","","24.1","","100.17","","","","","","NA"
"-77.70","53.63","LA GRANDE RIVIERE A","7093716","2019-10-11 03:00","2019","10","11","03:00","","7.5","","1.7","","67","","","","15","","17","","24.1","","100.18","","","","","","NA"
"-77.70","53.63","LA GRANDE RIVIERE A","7093716","2019-10-11 04:00","2019","10","11","04:00","","6.2","","1.6","","72","","","","14","","17","","24.1","","100.18","","","","","","Mainly Clear"
"-77.70","53.63","LA GRANDE RIVIERE A","7093716","2019-10-11 05:00","2019","10","11","05:00","","4.4","","1.2","","80","","","","13","","11","","24.1","","100.16","","","","","","NA"
"-77.70","53.63","LA GRANDE RIVIERE A","7093716","2019-10-11 06:00","2019","10","11","06:00","","5.0","","1.2","","77","","","","14","","16","","24.1","","100.17","","","","","","NA"
"-77.70","53.63","LA GRANDE RIVIERE A","7093716","2019-10-11 07:00","2019","10","11","07:00","","5.5","","1.1","","73","","","","14","","15","","24.1","","100.17","","","","","","Mostly Cloudy"
"-77.70","53.63","LA GRANDE RIVIERE A","7093716","2019-10-11 08:00","2019","10","11","08:00","","7.9","","1.6","","65","","","","13","","16","","24.1","","100.17","","","","","","NA"
"-77.70","53.63","LA GRANDE RIVIERE A","7093716","2019-10-11 09:00","2019","10","11","09:00","","10.3","","1.6","","54","","","","15","","20","","24.1","","100.13","","","","","","NA"
"-77.70","53.63","LA GRANDE RIVIERE A","7093716","2019-10-11 10:00","2019","10","11","10:00","","12.6","","2.1","","49","","","","16","","16","","24.1","","100.06","","","","","","Mostly Cloudy"
"-77.70","53.63","LA GRANDE RIVIERE A","7093716","2019-10-11 11:00","2019","10","11","11:00","","15.5","","2.5","","41","","","","13","","21","","24.1","","100.02","","","","","","NA"
"-77.70","53.63","LA GRANDE RIVIERE A","7093716","2019-10-11 12:00","2019","10","11","12:00","","17.4","","1.3","","34","","","","15","","22","","24.1","","99.96","","","","","","NA"
"-77.70","53.63","LA GRANDE RIVIERE A","7093716","2019-10-11 13:00","2019","10","11","13:00","","19.1","","-1.3","","25","","","","16","","26","","24.1","","99.88","","","","","","Mostly Cloudy"
"-77.70","53.63","LA GRANDE RIVIERE A","7093716","2019-10-11 14:00","2019","10","11","14:00","","19.3","","-0.1","","27","","","","14","","26","","24.1","","99.81","","","","","","NA"
"-77.70","53.63","LA GRANDE RIVIERE A","7093716","2019-10-11 15:00","2019","10","11","15:00","","18.3","","2.5","","34","","","","12","","28","","24.1","","99.74","","","","","","NA"
"-77.70","53.63","LA GRANDE RIVIERE A","7093716","2019-10-11 16:00","2019","10","11","16:00","","17.5","","2.5","","36","","","","12","","22","","24.1","","99.68","","","","","","Mainly Clear"
"-77.70","53.63","LA GRANDE RIVIERE A","7093716","2019-10-11 17:00","2019","10","11","17:00","","15.6","","1.9","","39","","","","12","","19","","24.1","","99.63","","","","","","NA"
"-77.70","53.63","LA GRANDE RIVIERE A","7093716","2019-10-11 18:00","2019","10","11","18:00","","13.9","","1.1","","42","","","","12","","22","","24.1","","99.59","","","","","","NA"
"-77.70","53.63","LA GRANDE RIVIERE A","7093716","2019-10-11 19:00","2019","10","11","19:00","","14.4","","1.1","","40","","","","13","","31","","24.1","","99.53","","","","","","Mainly Clear"
"-77.70","53.63","LA GRANDE RIVIERE A","7093716","2019-10-11 20:00","2019","10","11","20:00","","14.2","","2.6","","45","","","","14","","26","","24.1","","99.52","","","","","","NA"
"-77.70","53.63","LA GRANDE RIVIERE A","7093716","2019-10-11 21:00","2019","10","11","21:00","","13.7","","2.7","","47","","","","14","","27","","24.1","","99.49","","","","","","NA"
"-77.70","53.63","LA GRANDE RIVIERE A","7093716","2019-10-11 22:00","2019","10","11","22:00","","12.9","","2.3","","48","","","","14","","26","","24.1","","99.40","","","","","","Mainly Clear"
"-77.70","53.63","LA GRANDE RIVIERE A","7093716","2019-10-11 23:00","2019","10","11","23:00","","12.3","","1.2","","47","","","","14","","27","","24.1","","99.34","","","","","","NA"
"-77.70","53.63","LA GRANDE RIVIERE A","7093716","2019-10-12 00:00","2019","10","12","00:00","","11.2","","0.7","","48","","","","13","","21","","24.1","","99.29","","","","","","NA"
"-77.70","53.63","LA GRANDE RIVIERE A","7093716","2019-10-12 01:00","2019","10","12","01:00","","10.1","","0.7","","52","","","","13","","21","","24.1","","99.25","","","","","","Mainly Clear"
"-77.70","53.63","LA GRANDE RIVIERE A","7093716","2019-10-12 02:00","2019","10","12","02:00","","8.4","","0.8","","59","","","","12","","20","","24.1","","99.20","","","","","","NA"
"-77.70","53.63","LA GRANDE RIVIERE A","7093716","2019-10-12 03:00","2019","10","12","03:00","","9.3","","-0.5","","50","","","","14","","19","","24.1","","99.15","","","","","","NA"
"-77.70","53.63","LA GRANDE RIVIERE A","7093716","2019-10-12 04:00","2019","10","12","04:00","","9.1","","-0.8","","50","","","","13","","18","","24.1","","99.14","","","","","","Mainly Clear"
"-77.70","53.63","LA GRANDE RIVIERE A","7093716","2019-10-12 05:00","2019","10","12","05:00","","9.6","","-1.4","","46","","","","13","","19","","24.1","","99.09","","","","","","NA"
"-77.70","53.63","LA GRANDE RIVIERE A","7093716","2019-10-12 06:00","2019","10","12","06:00","","8.8","","-0.9","","51","","","","13","","19","","24.1","","99.03","","","","","","NA"
"-77.70","53.63","LA GRANDE RIVIERE A","7093716","2019-10-12 07:00","2019","10","12","07:00","","9.2","","-0.4","","51","","","","13","","22","","24.1","","99.03","","","","","","Mostly Cloudy"
"-77.70","53.63","LA GRANDE RIVIERE A","7093716","2019-10-12 08:00","2019","10","12","08:00","","10.7","","0.1","","48","","","","14","","26","","24.1","","98.99","","","","","","NA"
"-77.70","53.63","LA GRANDE RIVIERE A","7093716","2019-10-12 09:00","2019","10","12","09:00","","12.7","","0.0","","42","","","","14","","29","","24.1","","98.96","","","","","","NA"
"-77.70","53.63","LA GRANDE RIVIERE A","7093716","2019-10-12 10:00","2019","10","12","10:00","","14.3","","-0.1","","37","","","","15","","21","","24.1","","98.91","","","","","","Mainly Clear"
"-77.70","53.63","LA GRANDE RIVIERE A","7093716","2019-10-12 11:00","2019","10","12","11:00","","16.0","","-0.4","","32","","","","13","","25","","24.1","","98.85","","","","","","NA"
"-77.70","53.63","LA GRANDE RIVIERE A","7093716","2019-10-12 12:00","2019","10","12","12:00","","17.6","","-0.8","","28","","","","14","","25","","24.1","","98.78","","","","","","NA"
"-77.70","53.63","LA GRANDE RIVIERE A","7093716","2019-10-12 13:00","2019","10","12","13:00","","18.4","","-0.2","","28","","","","12","","23","","24.1","","98.69","","","","","","Mostly Cloudy"
"-77.70","53.63","LA GRANDE RIVIERE A","7093716","2019-10-12 14:00","2019","10","12","14:00","","17.1","","0.8","","33","","","","12","","18","","24.1","","98.64","","","","","","NA"
"-77.70","53.63","LA GRANDE RIVIERE A","7093716","2019-10-12 15:00","2019","10","12","15:00","","15.6","","1.0","","37","","","","10","","18","","24.1","","98.61","","","","","","NA"
"-77.70","53.63","LA GRANDE RIVIERE A","7093716","2019-10-12 16:00","2019","10","12","16:00","","15.0","","1.4","","39","","","","11","","16","","22.5","","98.57","","","","","","Mostly Cloudy"
"-77.70","53.63","LA GRANDE RIVIERE A","7093716","2019-10-12 17:00","2019","10","12","17:00","","13.8","","1.1","","42","","","","13","","12","","24.1","","98.55","","","","","","NA"
"-77.70","53.63","LA GRANDE RIVIERE A","7093716","2019-10-12 18:00","2019","10","12","18:00","","12.6","","0.9","","45","","","","10","","10","","24.1","","98.55","","","","","","NA"
"-77.70","53.63","LA GRANDE RIVIERE A","7093716","2019-10-12 19:00","2019","10","12","19:00","","11.4","","1.5","","51","","","","10","","10","","24.1","","98.56","","","","","","Mostly Cloudy"
"-77.70","53.63","LA GRANDE RIVIERE A","7093716","2019-10-12 20:00","2019","10","12","20:00","","11.0","","1.8","","53","","","","10","","12","","24.1","","98.54","","","","","","NA"
"-77.70","53.63","LA GRANDE RIVIERE A","7093716","2019-10-12 21:00","2019","10","12","21:00","","10.8","","1.8","","54","","","","10","","11","","24.1","","98.52","","","","","","NA"
"-77.70","53.63","LA GRANDE RIVIERE A","7093716","2019-10-12 22:00","2019","10","12","22:00","","9.5","","2.3","","60","","","","11","","13","","24.1","","98.50","","","","","","Cloudy"
"-77.70","53.63","LA GRANDE RIVIERE A","7093716","2019-10-12 23:00","2019","10","12","23:00","","10.0","","4.0","","66","","","","24","","16","","24.1","","98.50","","","","","","NA"
"-77.70","53.63","LA GRANDE RIVIERE A","7093716","2019-10-13 00:00","2019","10","13","00:00","","9.0","","6.2","","82","","","","23","","16","","24.1","","98.52","","","","","","NA"
"-77.70","53.63","LA GRANDE RIVIERE A","7093716","2019-10-13 01:00","2019","10","13","01:00","","8.4","","6.1","","85","","","","23","","12","","24.1","","98.53","","","","","","Cloudy"
"-77.70","53.63","LA GRANDE RIVIERE A","7093716","2019-10-13 02:00","2019","10","13","02:00","","6.8","","5.6","","92","","","","25","","22","","24.1","","98.58","","","","","","Rain"
"-77.70","53.63","LA GRANDE RIVIERE A","7093716","2019-10-13 03:00","2019","10","13","03:00","","6.0","","5.3","","95","","","","23","","12","","24.1","","98.59","","","","","","Rain"
"-77.70","53.63","LA GRANDE RIVIERE A","7093716","2019-10-13 04:00","2019","10","13","04:00","","5.5","","4.7","","94","","","","23","","13","","8.1","","98.62","","","","","","Rain,Fog"
"-77.70","53.63","LA GRANDE RIVIERE A","7093716","2019-10-13 05:00","2019","10","13","05:00","","5.1","","4.1","","93","","","","23","","11","","11.3","","98.64","","","","","","Rain"
"-77.70","53.63","LA GRANDE RIVIERE A","7093716","2019-10-13 06:00","2019","10","13","06:00","","5.0","","3.8","","92","","","","23","","11","","24.1","","98.66","","","","","","NA"
"-77.70","53.63","LA GRANDE RIVIERE A","7093716","2019-10-13 07:00","2019","10","13","07:00","","4.8","","3.8","","93","","","","23","","7","","24.1","","98.68","","","","","","Mostly Cloudy"
"-77.70","53.63","LA GRANDE RIVIERE A","7093716","2019-10-13 08:00","2019","10","13","08:00","","5.0","","4.2","","94","","","","14","","6","","24.1","","98.69","","","","","","NA"
"-77.70","53.63","LA GRANDE RIVIERE A","7093716","2019-10-13 09:00","2019","10","13","09:00","","6.3","","2.6","","77","","","","14","","4","","24.1","","98.69","","","","","","NA"
"-77.70","53.63","LA GRANDE RIVIERE A","7093716","2019-10-13 10:00","2019","10","13","10:00","","7.5","","2.2","","69","","","","19","","11","","24.1","","98.72","","","","","","Mostly Cloudy"
"-77.70","53.63","LA GRANDE RIVIERE A","7093716","2019-10-13 11:00","2019","10","13","11:00","","6.5","","2.1","","73","","","","20","","15","","24.1","","98.74","","","","","","NA"
"-77.70","53.63","LA GRANDE RIVIERE A","7093716","2019-10-13 12:00","2019","10","13","12:00","","7.2","","1.6","","68","","","","24","","11","","24.1","","98.72","","","","","","NA"
"-77.70","53.63","LA GRANDE RIVIERE A","7093716","2019-10-13 13:00","2019","10","13","13:00","","7.8","","0.6","","61","","","","15","","5","","24.1","","98.64","","","","","","Cloudy"
"-77.70","53.63","LA GRANDE RIVIERE A","7093716","2019-10-13 14:00","2019","10","13","14:00","","8.3","","1.3","","61","","","","11","","9","","24.1","","98.63","","","","","","NA"
"-77.70","53.63","LA GRANDE RIVIERE A","7093716","2019-10-13 15:00","2019","10","13","15:00","","8.3","","0.5","","58","","","","14","","11","","24.1","","98.63","","","","","","NA"
"-77.70","53.63","LA GRANDE RIVIERE A","7093716","2019-10-13 16:00","2019","10","13","16:00","","9.0","","3.0","","66","","","","9","","14","","24.1","","98.61","","","","","","Mostly Cloudy"
"-77.70","53.63","LA GRANDE RIVIERE A","7093716","2019-10-13 17:00","2019","10","13","17:00","","7.3","","3.1","","75","","","","8","","12","","24.1","","98.61","","","","","","NA"
"-77.70","53.63","LA GRANDE RIVIERE A","7093716","2019-10-13 18:00","2019","10","13","18:00","","5.3","","2.9","","84","","","","9","","8","","24.1","","98.65","","","","","","NA"
"-77.70","53.63","LA GRANDE RIVIERE A","7093716","2019-10-13 19:00","2019","10","13","19:00","","3.9","","1.7","","86","","","","11","","11","","24.1","","98.64","","","","","","Mainly Clear"
"-77.70","53.63","LA GRANDE RIVIERE A","7093716","2019-10-13 20:00","2019","10","13","20:00","","6.0","","3.0","","81","","","","9","","14","","24.1","","98.63","","","","","","NA"
"-77.70","53.63","LA GRANDE RIVIERE A","7093716","2019-10-13 21:00","2019","10","13","21:00","","6.9","","3.3","","78","","","","10","","18","","24.1","","98.62","","","","","","NA"
"-77.70","53.63","LA GRANDE RIVIERE A","7093716","2019-10-13 22:00","2019","10","13","22:00","","7.1","","2.6","","73","","","","10","","16","","24.1","","98.57","","","","","","Cloudy"
"-77.70","53.63","LA GRANDE RIVIERE A","7093716","2019-10-13 23:00","2019","10","13","23:00","","6.6","","1.8","","71","","","","10","","16","","24.1","","98.49","","","","","","NA"
"-77.70","53.63","LA GRANDE RIVIERE A","7093716","2019-10-14 00:00","2019","10","14","00:00","","5.8","","1.8","","75","","","","11","","17","","24.1","","98.45","","","","","","NA"
"-77.70","53.63","LA GRANDE RIVIERE A","7093716","2019-10-14 01:00","2019","10","14","01:00","","6.3","","1.6","","71","","","","11","","18","","24.1","","98.41","","","","","","Mostly Cloudy"
"-77.70","53.63","LA GRANDE RIVIERE A","7093716","2019-10-14 02:00","2019","10","14","02:00","","7.0","","1.7","","69","","","","10","","18","","24.1","","98.34","","","","","","NA"
"-77.70","53.63","LA GRANDE RIVIERE A","7093716","2019-10-14 03:00","2019","10","14","03:00","","6.8","","2.0","","71","","","","11","","18","","24.1","","98.28","","","","","","NA"
"-77.70","53.63","LA GRANDE RIVIERE A","7093716","2019-10-14 04:00","2019","10","14","04:00","","6.7","","2.1","","73","","","","10","","23","","24.1","","98.22","","","","","","Cloudy"
"-77.70","53.63","LA GRANDE RIVIERE A","7093716","2019-10-14 05:00","2019","10","14","05:00","","6.5","","1.9","","72","","","","11","","26","","24.1","","98.21","","","","","","NA"
"-77.70","53.63","LA GRANDE RIVIERE A","7093716","2019-10-14 06:00","2019","10","14","06:00","","6.1","","1.9","","74","","","","10","","21","","24.1","","98.14","","","","","","NA"
"-77.70","53.63","LA GRANDE RIVIERE A","7093716","2019-10-14 07:00","2019","10","14","07:00","","6.0","","1.9","","75","","","","9","","21","","24.1","","98.13","","","","","","Cloudy"
"-77.70","53.63","LA GRANDE RIVIERE A","7093716","2019-10-14 08:00","2019","10","14","08:00","","5.8","","2.5","","79","","","","10","","20","","24.1","","98.11","","","","","","Rain"
"-77.70","53.63","LA GRANDE RIVIERE A","7093716","2019-10-14 09:00","2019","10","14","09:00","","6.0","","3.5","","84","","","","9","","16","","24.1","","98.06","","","","","","Rain"
"-77.70","53.63","LA GRANDE RIVIERE A","7093716","2019-10-14 10:00","2019","10","14","10:00","","8.0","","3.0","","71","","","","10","","26","","24.1","","98.00","","","","","","Mostly Cloudy"
"-77.70","53.63","LA GRANDE RIVIERE A","7093716","2019-10-14 11:00","2019","10","14","11:00","","8.1","","2.5","","68","","","","10","","30","","24.1","","97.96","","","","","","NA"
"-77.70","53.63","LA GRANDE RIVIERE A","7093716","2019-10-14 12:00","2019","10","14","12:00","","7.1","","3.4","","77","","","","12","","21","","24.1","","97.95","","","","","","Rain"
"-77.70","53.63","LA GRANDE RIVIERE A","7093716","2019-10-14 13:00","2019","10","14","13:00","","7.2","","3.4","","77","","","","14","","24","","24.1","","97.93","","","","","","Rain"
"-77.70","53.63","LA GRANDE RIVIERE A","7093716","2019-10-14 14:00","2019","10","14","14:00","","7.6","","3.6","","76","","","","14","","21","","24.1","","97.95","","","","","","Rain"
"-77.70","53.63","LA GRANDE RIVIERE A","7093716","2019-10-14 15:00","2019","10","14","15:00","","6.5","","4.6","","87","","","","17","","16","","9.7","","97.99","","","","","","Rain Showers,Fog"
"-77.70","53.63","LA GRANDE RIVIERE A","7093716","2019-10-14 16:00","2019","10","14","16:00","","6.4","","3.9","","84","","","","13","","16","","24.1","","98.04","","","","","","Rain Showers"
"-77.70","53.63","LA GRANDE RIVIERE A","7093716","2019-10-14 17:00","2019","10","14","17:00","","5.8","","3.4","","85","","","","15","","14","","24.1","","98.12","","","","","","Rain Showers"
"-77.70","53.63","LA GRANDE RIVIERE A","7093716","2019-10-14 18:00","2019","10","14","18:00","","4.5","","2.6","","87","","","","12","","9","","24.1","","98.19","","","","","","NA"
"-77.70","53.63","LA GRANDE RIVIERE A","7093716","2019-10-14 19:00","2019","10","14","19:00","","4.3","","2.3","","87","","","","19","","16","","24.1","","98.20","","","","","","Cloudy"
"-77.70","53.63","LA GRANDE RIVIERE A","7093716","2019-10-14 20:00","2019","10","14","20:00","","3.8","","2.7","","92","","","","18","","12","","24.1","","98.24","","","","","","Drizzle"
"-77.70","53.63","LA GRANDE RIVIERE A","7093716","2019-10-14 21:00","2019","10","14","21:00","","2.9","","2.1","","95","","","","18","","14","","11.3","","98.27","","","","","","Drizzle"
"-77.70","53.63","LA GRANDE RIVIERE A","7093716","2019-10-14 22:00","2019","10","14","22:00","","2.1","","1.5","","96","","","","17","","12","","4.8","","98.26","","","","","","Drizzle,Fog"
"-77.70","53.63","LA GRANDE RIVIERE A","7093716","2019-10-14 23:00","2019","10","14","23:00","","1.4","","0.9","","97","","","","17","","13","","2.4","","98.28","","","","","","Drizzle,Fog"
"-77.70","53.63","LA GRANDE RIVIERE A","7093716","2019-10-15 00:00","2019","10","15","00:00","","1.4","","1.0","","97","","","","15","","7","","3.2","","98.30","","","","","","Drizzle,Fog"
"-77.70","53.63","LA GRANDE RIVIERE A","7093716","2019-10-15 01:00","2019","10","15","01:00","","1.6","","1.1","","96","","","","16","","5","","4.8","","98.30","","","","","","Drizzle,Fog"
"-77.70","53.63","LA GRANDE RIVIERE A","7093716","2019-10-15 02:00","2019","10","15","02:00","","1.8","","1.2","","96","","","","20","","4","","24.1","","98.28","","","","","","Drizzle"
"-77.70","53.63","LA GRANDE RIVIERE A","7093716","2019-10-15 03:00","2019","10","15","03:00","","2.1","","1.4","","95","","","","18","","8","","24.1","","98.28","","","","","","NA"
"-77.70","53.63","LA GRANDE RIVIERE A","7093716","2019-10-15 04:00","2019","10","15","04:00","","2.1","","1.4","","95","","","","20","","8","","24.1","","98.26","","","","","","Cloudy"
"-77.70","53.63","LA GRANDE RIVIERE A","7093716","2019-10-15 05:00","2019","10","15","05:00","","1.9","","1.3","","96","","","","18","","10","","24.1","","98.23","","","","","","NA"
"-77.70","53.63","LA GRANDE RIVIERE A","7093716","2019-10-15 06:00","2019","10","15","06:00","","1.9","","1.2","","95","","","","21","","7","","24.1","","98.27","","","","","","NA"
"-77.70","53.63","LA GRANDE RIVIERE A","7093716","2019-10-15 07:00","2019","10","15","07:00","","1.8","","1.1","","95","","","","19","","9","","16.1","","98.30","","","","","","Cloudy"
"-77.70","53.63","LA GRANDE RIVIERE A","7093716","2019-10-15 08:00","2019","10","15","08:00","","1.6","","1.0","","95","","","","19","","11","","8.1","","98.30","","","","","","Fog"
"-77.70","53.63","LA GRANDE RIVIERE A","7093716","2019-10-15 09:00","2019","10","15","09:00","","2.2","","1.2","","93","","","","20","","13","","24.1","","98.28","","","","","","Rain"
"-77.70","53.63","LA GRANDE RIVIERE A","7093716","2019-10-15 10:00","2019","10","15","10:00","","3.2","","1.4","","88","","","","23","","13","","24.1","","98.29","","","","","","Rain"
"-77.70","53.63","LA GRANDE RIVIERE A","7093716","2019-10-15 11:00","2019","10","15","11:00","","3.6","","2.0","","89","","","","22","","14","","16.1","","98.28","","","","","","Rain"
"-77.70","53.63","LA GRANDE RIVIERE A","7093716","2019-10-15 12:00","2019","10","15","12:00","","3.9","","2.0","","87","","","","24","","15","","8.1","","98.28","","","","","","Rain,Fog"
"-77.70","53.63","LA GRANDE RIVIERE A","7093716","2019-10-15 13:00","2019","10","15","13:00","","3.6","","2.3","","91","","","","25","","18","","8.1","","98.28","","","","","","Rain,Fog"
"-77.70","53.63","LA GRANDE RIVIERE A","7093716","2019-10-15 14:00","2019","10","15","14:00","","4.0","","2.6","","90","","","","25","","12","","24.1","","98.30","","","","","","Rain"
"-77.70","53.63","LA GRANDE RIVIERE A","7093716","2019-10-15 15:00","2019","10","15","15:00","","3.4","","1.8","","90","","","","24","","17","","24.1","","98.29","","","","","","Rain"
"-77.70","53.63","LA GRANDE RIVIERE A","7093716","2019-10-15 16:00","2019","10","15","16:00","","3.1","","1.7","","91","","","","23","","26","","24.1","","98.31","","","","","","Rain"
"-77.70","53.63","LA GRANDE RIVIERE A","7093716","2019-10-15 17:00","2019","10","15","17:00","","2.0","","1.1","","93","","","","23","","21","","24.1","","98.31","","","","","","Rain"
"-77.70","53.63","LA GRANDE RIVIERE A","7093716","2019-10-15 18:00","2019","10","15","18:00","","1.7","","0.9","","95","","","","22","","18","","19.3","","98.28","","","","","","Rain"
"-77.70","53.63","LA GRANDE RIVIERE A","7093716","2019-10-15 19:00","2019","10","15","19:00","","1.6","","1.0","","96","","","","21","","22","","11.3","","98.23","","","","","","Rain,Snow"
"-77.70","53.63","LA GRANDE RIVIERE A","7093716","2019-10-15 20:00","2019","10","15","20:00","","2.8","","2.3","","97","","","","24","","11","","2.4","","98.25","","","","","","Rain,Fog"
"-77.70","53.63","LA GRANDE RIVIERE A","7093716","2019-10-15 21:00","2019","10","15","21:00","","3.7","","3.4","","97","","","","29","","20","","2.4","","98.30","","","","","","Drizzle,Fog"
"-77.70","53.63","LA GRANDE RIVIERE A","7093716","2019-10-15 22:00","2019","10","15","22:00","","3.6","","3.2","","97","","","","28","","21","","4.8","","98.34","","","","","","Drizzle,Fog"
"-77.70","53.63","LA GRANDE RIVIERE A","7093716","2019-10-15 23:00","2019","10","15","23:00","","3.5","","3.1","","97","","","","29","","15","","4.8","","98.38","","","","","","Drizzle,Fog"
"-77.70","53.63","LA GRANDE RIVIERE A","7093716","2019-10-16 00:00","2019","10","16","00:00","","3.3","","2.9","","97","","","","28","","26","","2.4","","98.42","","","","","","Drizzle,Fog"
"-77.70","53.63","LA GRANDE RIVIERE A","7093716","2019-10-16 01:00","2019","10","16","01:00","","3.0","","2.7","","98","","","","29","","24","","4.8","","98.49","","","","","","Drizzle,Fog"
"-77.70","53.63","LA GRANDE RIVIERE A","7093716","2019-10-16 02:00","2019","10","16","02:00","","3.0","","2.7","","97","","","","28","","19","","2.4","","98.57","","","","","","Drizzle,Fog"
"-77.70","53.63","LA GRANDE RIVIERE A","7093716","2019-10-16 03:00","2019","10","16","03:00","","2.8","","2.5","","98","","","","27","","20","","2.4","","98.62","","","","","","Drizzle,Fog"
"-77.70","53.63","LA GRANDE RIVIERE A","7093716","2019-10-16 04:00","2019","10","16","04:00","","2.6","","2.3","","98","","","","29","","18","","2.4","","98.66","","","","","","Drizzle,Fog"
"-77.70","53.63","LA GRANDE RIVIERE A","7093716","2019-10-16 05:00","2019","10","16","05:00","","2.4","","2.0","","97","","","","28","","18","","11.3","","98.70","","","","","","Drizzle"
"-77.70","53.63","LA GRANDE RIVIERE A","7093716","2019-10-16 06:00","2019","10","16","06:00","","2.0","","1.3","","95","","","","31","","11","","24.1","","98.73","","","","","","Drizzle"
"-77.70","53.63","LA GRANDE RIVIERE A","7093716","2019-10-16 07:00","2019","10","16","07:00","","1.6","","1.1","","97","","","","27","","14","","0.8","","98.76","","","","","","Drizzle,Fog"
"-77.70","53.63","LA GRANDE RIVIERE A","7093716","2019-10-16 08:00","2019","10","16","08:00","","1.1","","0.8","","97","","","","26","","10","","2.0","","98.78","","","","","","Drizzle,Fog"
"-77.70","53.63","LA GRANDE RIVIERE A","7093716","2019-10-16 09:00","2019","10","16","09:00","","2.2","","1.8","","97","","","","28","","8","","4.0","","98.80","","","","","","Drizzle,Fog"
"-77.70","53.63","LA GRANDE RIVIERE A","7093716","2019-10-16 10:00","2019","10","16","10:00","","3.4","","2.2","","92","","","","27","","16","","4.8","","98.85","","","","","","Drizzle,Fog"
"-77.70","53.63","LA GRANDE RIVIERE A","7093716","2019-10-16 11:00","2019","10","16","11:00","","3.5","","2.4","","92","","","","24","","8","","19.3","","98.87","","","","","","Drizzle"
"-77.70","53.63","LA GRANDE RIVIERE A","7093716","2019-10-16 12:00","2019","10","16","12:00","","4.0","","2.5","","90","","","","28","","9","","6.4","","98.87","","","","","","Drizzle,Fog"
"-77.70","53.63","LA GRANDE RIVIERE A","7093716","2019-10-16 13:00","2019","10","16","13:00","","4.1","","2.3","","88","","","","26","","12","","8.1","","98.89","","","","","","Drizzle,Fog"
"-77.70","53.63","LA GRANDE RIVIERE A","7093716","2019-10-16 14:00","2019","10","16","14:00","","3.8","","0.7","","80","","","","33","","13","","24.1","","98.83","","","","","","NA"
"-77.70","53.63","LA GRANDE RIVIERE A","7093716","2019-10-16 15:00","2019","10","16","15:00","","4.0","","0.4","","77","","","","25","","8","","24.1","","98.95","","","","","","NA"
"-77.70","53.63","LA GRANDE RIVIERE A","7093716","2019-10-16 16:00","2019","10","16","16:00","","4.0","","0.2","","77","","","","34","","10","","24.1","","98.86","","","","","","Cloudy"
"-77.70","53.63","LA GRANDE RIVIERE A","7093716","2019-10-16 17:00","2019","10","16","17:00","","3.9","","0.7","","79","","","","6","","5","","24.1","","98.88","","","","","","NA"
"-77.70","53.63","LA GRANDE RIVIERE A","7093716","2019-10-16 18:00","2019","10","16","18:00","","3.2","","0.4","","82","","","","","","0","","24.1","","98.85","","","","","","NA"
"-77.70","53.63","LA GRANDE RIVIERE A","7093716","2019-10-16 19:00","2019","10","16","19:00","","1.6","","0.5","","93","","","","27","","5","","24.1","","98.87","","","","","","Cloudy"
"-77.70","53.63","LA GRANDE RIVIERE A","7093716","2019-10-16 20:00","2019","10","16","20:00","","1.2","","-0.3","","90","","","","","","0","","24.1","","98.89","","","","","","NA"
"-77.70","53.63","LA GRANDE RIVIERE A","7093716","2019-10-16 21:00","2019","10","16","21:00","","0.9","","0.2","","95","","","","26","","4","","24.1","","98.87","","","","","","NA"
"-77.70","53.63","LA GRANDE RIVIERE A","7093716","2019-10-16 22:00","2019","10","16","22:00","","0.8","","0.0","","94","","","","28","","4","","24.1","","98.82","","","","","","Mostly Cloudy"
"-77.70","53.63","LA GRANDE RIVIERE A","7093716","2019-10-16 23:00","2019","10","16","23:00","","0.3","","-0.5","","95","","","","29","","4","","24.1","","98.81","","","","","","NA"
"-77.70","53.63","LA GRANDE RIVIERE A","7093716","2019-10-17 00:00","2019","10","17","00:00","","-0.1","","-0.7","","96","","","","29","","5","","24.1","","98.82","","","","-2","","NA"
"-77.70","53.63","LA GRANDE RIVIERE A","7093716","2019-10-17 01:00","2019","10","17","01:00","","0.0","","-0.4","","97","","","","31","","3","","24.1","","98.82","","","","-1","","Cloudy"
"-77.70","53.63","LA GRANDE RIVIERE A","7093716","2019-10-17 02:00","2019","10","17","02:00","","0.7","","0.2","","97","","","","36","","5","","24.1","","98.82","","","","","","NA"
"-77.70","53.63","LA GRANDE RIVIERE A","7093716","2019-10-17 03:00","2019","10","17","03:00","","0.7","","0.2","","96","","","","35","","4","","24.1","","98.79","","","","","","NA"
"-77.70","53.63","LA GRANDE RIVIERE A","7093716","2019-10-17 04:00","2019","10","17","04:00","","0.6","","0.0","","96","","","","36","","4","","24.1","","98.79","","","","","","Mainly Clear"
"-77.70","53.63","LA GRANDE RIVIERE A","7093716","2019-10-17 05:00","2019","10","17","05:00","","0.5","","0.0","","96","","","","1","","4","","24.1","","98.83","","","","","","NA"
"-77.70","53.63","LA GRANDE RIVIERE A","7093716","2019-10-17 06:00","2019","10","17","06:00","","-1.8","","-2.3","","97","","","","33","","4","","24.1","","98.86","","","","-3","","NA"
"-77.70","53.63","LA GRANDE RIVIERE A","7093716","2019-10-17 07:00","2019","10","17","07:00","","-1.9","","-2.4","","97","","","","","","0","","24.1","","98.87","","","","","","Mainly Clear"
"-77.70","53.63","LA GRANDE RIVIERE A","7093716","2019-10-17 08:00","2019","10","17","08:00","","1.2","","0.6","","96","","","","1","","4","","24.1","","98.88","","","","","","NA"
"-77.70","53.63","LA GRANDE RIVIERE A","7093716","2019-10-17 09:00","2019","10","17","09:00","","3.7","","2.0","","88","","","","1","","5","","24.1","","98.87","","","","","","NA"
"-77.70","53.63","LA GRANDE RIVIERE A","7093716","2019-10-17 10:00","2019","10","17","10:00","","5.1","","1.9","","80","","","","35","","7","","24.1","","98.84","","","","","","Mostly Cloudy"
"-77.70","53.63","LA GRANDE RIVIERE A","7093716","2019-10-17 11:00","2019","10","17","11:00","","5.9","","1.7","","74","","","","33","","11","","24.1","","98.84","","","","","","NA"
"-77.70","53.63","LA GRANDE RIVIERE A","7093716","2019-10-17 12:00","2019","10","17","12:00","","5.1","","1.0","","74","","","","36","","6","","24.1","","98.82","","","","","","NA"
"-77.70","53.63","LA GRANDE RIVIERE A","7093716","2019-10-17 13:00","2019","10","17","13:00","","5.5","","0.8","","71","","","","33","","8","","24.1","","98.78","","","","","","Mostly Cloudy"
"-77.70","53.63","LA GRANDE RIVIERE A","7093716","2019-10-17 14:00","2019","10","17","14:00","","5.5","","0.9","","72","","","","33","","8","","24.1","","98.76","","","","","","NA"
"-77.70","53.63","LA GRANDE RIVIERE A","7093716","2019-10-17 15:00","2019","10","17","15:00","","5.9","","0.0","","66","","","","33","","7","","24.1","","98.79","","","","","","NA"
"-77.70","53.63","LA GRANDE RIVIERE A","7093716","2019-10-17 16:00","2019","10","17","16:00","","5.8","","-0.3","","65","","","","35","","8","","24.1","","98.82","","","","","","Mostly Cloudy"
"-77.70","53.63","LA GRANDE RIVIERE A","7093716","2019-10-17 17:00","2019","10","17","17:00","","4.0","","0.2","","76","","","","33","","7","","24.1","","98.85","","","","","","NA"
"-77.70","53.63","LA GRANDE RIVIERE A","7093716","2019-10-17 18:00","2019","10","17","18:00","","2.9","","0.2","","83","","","","32","","6","","24.1","","98.86","","","","","","NA"
"-77.70","53.63","LA GRANDE RIVIERE A","7093716","2019-10-17 19:00","2019","10","17","19:00","","2.8","","0.5","","85","","","","35","","5","","24.1","","98.85","","","","","","Cloudy"
"-77.70","53.63","LA GRANDE RIVIERE A","7093716","2019-10-17 20:00","2019","10","17","20:00","","2.4","","0.4","","87","","","","33","","5","","24.1","","98.84","","","","","","NA"
"-77.70","53.63","LA GRANDE RIVIERE A","7093716","2019-10-17 21:00","2019","10","17","21:00","","2.5","","1.0","","90","","","","33","","9","","24.1","","98.84","","","","","","NA"
"-77.70","53.63","LA GRANDE RIVIERE A","7093716","2019-10-17 22:00","2019","10","17","22:00","","2.4","","1.2","","92","","","","34","","10","","24.1","","98.83","","","","","","Cloudy"
"-77.70","53.63","LA GRANDE RIVIERE A","7093716","2019-10-17 23:00","2019","10","17","23:00","","2.4","","1.2","","92","","","","36","","7","","24.1","","98.84","","","","","","NA"
"-77.70","53.63","LA GRANDE RIVIERE A","7093716","2019-10-18 00:00","2019","10","18","00:00","","1.8","","0.8","","93","","","","34","","12","","16.1","","98.83","","","","","","NA"
"-77.70","53.63","LA GRANDE RIVIERE A","7093716","2019-10-18 01:00","2019","10","18","01:00","","1.1","","0.5","","96","","","","35","","7","","4.8","","98.89","","","","","","Drizzle,Fog"
"-77.70","53.63","LA GRANDE RIVIERE A","7093716","2019-10-18 02:00","2019","10","18","02:00","","1.0","","0.5","","97","","","","34","","12","","4.8","","98.88","","","","","","Drizzle,Fog"
"-77.70","53.63","LA GRANDE RIVIERE A","7093716","2019-10-18 03:00","2019","10","18","03:00","","0.6","","0.2","","97","","","","34","","11","","4.8","","98.89","","","","","","Drizzle,Fog"
"-77.70","53.63","LA GRANDE RIVIERE A","7093716","2019-10-18 04:00","2019","10","18","04:00","","0.5","","0.0","","96","","","","35","","9","","2.4","","98.94","","","","","","Drizzle,Fog"
"-77.70","53.63","LA GRANDE RIVIERE A","7093716","2019-10-18 05:00","2019","10","18","05:00","","0.6","","-0.1","","95","","","","35","","7","","24.1","","98.99","","","","","","NA"
"-77.70","53.63","LA GRANDE RIVIERE A","7093716","2019-10-18 06:00","2019","10","18","06:00","","0.4","","-0.2","","95","","","","35","","9","","24.1","","99.03","","","","","","Drizzle"
"-77.70","53.63","LA GRANDE RIVIERE A","7093716","2019-10-18 07:00","2019","10","18","07:00","","0.6","","-1.0","","89","","","","34","","12","","24.1","","99.05","","","","","","Cloudy"
"-77.70","53.63","LA GRANDE RIVIERE A","7093716","2019-10-18 08:00","2019","10","18","08:00","","1.1","","-0.5","","89","","","","33","","6","","24.1","","99.08","","","","","","NA"
"-77.70","53.63","LA GRANDE RIVIERE A","7093716","2019-10-18 09:00","2019","10","18","09:00","","1.5","","-0.4","","87","","","","32","","14","","24.1","","99.07","","","","","","NA"
"-77.70","53.63","LA GRANDE RIVIERE A","7093716","2019-10-18 10:00","2019","10","18","10:00","","2.9","","0.2","","82","","","","33","","11","","24.1","","99.07","","","","","","Mostly Cloudy"
"-77.70","53.63","LA GRANDE RIVIERE A","7093716","2019-10-18 11:00","2019","10","18","11:00","","4.5","","0.3","","74","","","","33","","14","","24.1","","99.06","","","","","","NA"
"-77.70","53.63","LA GRANDE RIVIERE A","7093716","2019-10-18 12:00","2019","10","18","12:00","","4.8","","0.4","","73","","","","36","","14","","24.1","","99.04","","","","","","NA"
"-77.70","53.63","LA GRANDE RIVIERE A","7093716","2019-10-18 13:00","2019","10","18","13:00","","5.1","","-0.2","","69","","","","33","","15","","24.1","","99.02","","","","","","Mostly Cloudy"
"-77.70","53.63","LA GRANDE RIVIERE A","7093716","2019-10-18 14:00","2019","10","18","14:00","","5.6","","-0.1","","67","","","","32","","15","","24.1","","99.04","","","","","","NA"
"-77.70","53.63","LA GRANDE RIVIERE A","7093716","2019-10-18 15:00","2019","10","18","15:00","","5.4","","0.1","","69","","","","33","","13","","24.1","","99.06","","","","","","NA"
"-77.70","53.63","LA GRANDE RIVIERE A","7093716","2019-10-18 16:00","2019","10","18","16:00","","4.5","","0.2","","74","","","","32","","8","","24.1","","99.08","","","","","","Mainly Clear"
"-77.70","53.63","LA GRANDE RIVIERE A","7093716","2019-10-18 17:00","2019","10","18","17:00","","3.6","","1.2","","84","","","","31","","5","","24.1","","99.12","","","","","","NA"
"-77.70","53.63","LA GRANDE RIVIERE A","7093716","2019-10-18 18:00","2019","10","18","18:00","","2.0","","0.2","","88","","","","32","","8","","24.1","","99.15","","","","","","NA"
"-77.70","53.63","LA GRANDE RIVIERE A","7093716","2019-10-18 19:00","2019","10","18","19:00","","1.6","","0.1","","90","","","","32","","8","","24.1","","99.16","","","","","","Mainly Clear"
"-77.70","53.63","LA GRANDE RIVIERE A","7093716","2019-10-18 20:00","2019","10","18","20:00","","0.6","","-0.4","","93","","","","","","0","","24.1","","99.20","","","","","","NA"
"-77.70","53.63","LA GRANDE RIVIERE A","7093716","2019-10-18 21:00","2019","10","18","21:00","","-0.8","","-1.4","","96","","","","25","","7","","24.1","","99.22","","","","-3","","NA"
"-77.70","53.63","LA GRANDE RIVIERE A","7093716","2019-10-18 22:00","2019","10","18","22:00","","-0.8","","-1.3","","97","","","","29","","7","","24.1","","99.23","","","","-3","","Clear"
"-77.70","53.63","LA GRANDE RIVIERE A","7093716","2019-10-18 23:00","2019","10","18","23:00","","-1.4","","-1.8","","97","","","","30","","5","","0.8","","99.23","","","","-3","","Freezing Fog"
"-77.70","53.63","LA GRANDE RIVIERE A","7093716","2019-10-19 00:00","2019","10","19","00:00","","-2.1","","-2.6","","97","","","","28","","5","","24.1","","99.23","","","","-4","","NA"
"-77.70","53.63","LA GRANDE RIVIERE A","7093716","2019-10-19 01:00","2019","10","19","01:00","","-0.7","","-1.0","","97","","","","3","","8","","24.1","","99.21","","","","-4","","Clear"
"-77.70","53.63","LA GRANDE RIVIERE A","7093716","2019-10-19 02:00","2019","10","19","02:00","","-1.6","","-2.1","","97","","","","2","","5","","24.1","","99.25","","","","-3","","NA"
"-77.70","53.63","LA GRANDE RIVIERE A","7093716","2019-10-19 03:00","2019","10","19","03:00","","-3.3","","-3.9","","96","","","","25","","5","","24.1","","99.28","","","","-5","","NA"
"-77.70","53.63","LA GRANDE RIVIERE A","7093716","2019-10-19 04:00","2019","10","19","04:00","","-3.6","","-4.2","","96","","","","25","","9","","0.6","","99.29","","","","-7","","Freezing Fog"
"-77.70","53.63","LA GRANDE RIVIERE A","7093716","2019-10-19 05:00","2019","10","19","05:00","","-2.8","","-3.3","","96","","","","","","0","","2.4","","99.29","","","","","","Fog"
"-77.70","53.63","LA GRANDE RIVIERE A","7093716","2019-10-19 06:00","2019","10","19","06:00","","-4.4","","-5.3","","94","","","","25","","7","","24.1","","99.31","","","","-8","","NA"
"-77.70","53.63","LA GRANDE RIVIERE A","7093716","2019-10-19 07:00","2019","10","19","07:00","","-2.2","","-2.8","","96","","","","14","","6","","16.1","","99.33","","","","-5","","Mostly Cloudy"
"-77.70","53.63","LA GRANDE RIVIERE A","7093716","2019-10-19 08:00","2019","10","19","08:00","","-0.3","","-0.6","","97","","","","14","","6","","24.1","","99.31","","","","-2","","NA"
"-77.70","53.63","LA GRANDE RIVIERE A","7093716","2019-10-19 09:00","2019","10","19","09:00","","1.6","","1.3","","98","","","","11","","15","","24.1","","99.28","","","","","","NA"
"-77.70","53.63","LA GRANDE RIVIERE A","7093716","2019-10-19 10:00","2019","10","19","10:00","","3.0","","1.6","","90","","","","13","","17","","24.1","","99.27","","","","","","Mostly Cloudy"
"-77.70","53.63","LA GRANDE RIVIERE A","7093716","2019-10-19 11:00","2019","10","19","11:00","","4.4","","1.0","","79","","","","12","","19","","24.1","","99.24","","","","","","NA"
"-77.70","53.63","LA GRANDE RIVIERE A","7093716","2019-10-19 12:00","2019","10","19","12:00","","5.1","","1.1","","75","","","","17","","13","","24.1","","99.22","","","","","","NA"
"-77.70","53.63","LA GRANDE RIVIERE A","7093716","2019-10-19 13:00","2019","10","19","13:00","","5.2","","1.3","","76","","","","17","","18","","24.1","","99.18","","","","","","Mostly Cloudy"
"-77.70","53.63","LA GRANDE RIVIERE A","7093716","2019-10-19 14:00","2019","10","19","14:00","","5.6","","0.8","","71","","","","14","","17","","24.1","","99.10","","","","","","NA"
"-77.70","53.63","LA GRANDE RIVIERE A","7093716","2019-10-19 15:00","2019","10","19","15:00","","6.0","","0.8","","69","","","","12","","22","","24.1","","99.05","","","","","","NA"
"-77.70","53.63","LA GRANDE RIVIERE A","7093716","2019-10-19 16:00","2019","10","19","16:00","","5.4","","0.5","","71","","","","13","","18","","24.1","","99.03","","","","","","Mostly Cloudy"
"-77.70","53.63","LA GRANDE RIVIERE A","7093716","2019-10-19 17:00","2019","10","19","17:00","","3.4","","0.2","","80","","","","11","","19","","24.1","","99.00","","","","","","NA"
"-77.70","53.63","LA GRANDE RIVIERE A","7093716","2019-10-19 18:00","2019","10","19","18:00","","2.5","","0.2","","84","","","","11","","25","","24.1","","98.96","","","","","","NA"
"-77.70","53.63","LA GRANDE RIVIERE A","7093716","2019-10-19 19:00","2019","10","19","19:00","","2.4","","-0.1","","84","","","","12","","21","","24.1","","98.94","","","","","","Mainly Clear"
"-77.70","53.63","LA GRANDE RIVIERE A","7093716","2019-10-19 20:00","2019","10","19","20:00","","2.1","","-0.1","","85","","","","12","","18","","24.1","","98.93","","","","","","NA"
"-77.70","53.63","LA GRANDE RIVIERE A","7093716","2019-10-19 21:00","2019","10","19","21:00","","1.8","","0.0","","87","","","","12","","18","","24.1","","98.93","","","","","","NA"
"-77.70","53.63","LA GRANDE RIVIERE A","7093716","2019-10-19 22:00","2019","10","19","22:00","","1.8","","0.0","","87","","","","13","","18","","24.1","","98.91","","","","","","Mainly Clear"
"-77.70","53.63","LA GRANDE RIVIERE A","7093716","2019-10-19 23:00","2019","10","19","23:00","","2.4","","0.1","","85","","","","14","","28","","24.1","","98.86","","","","","","NA"
"-77.70","53.63","LA GRANDE RIVIERE A","7093716","2019-10-20 00:00","2019","10","20","00:00","","2.2","","0.1","","86","","","","13","","27","","24.1","","98.80","","","","","","NA"
"-77.70","53.63","LA GRANDE RIVIERE A","7093716","2019-10-20 01:00","2019","10","20","01:00","","2.7","","-0.1","","82","","","","13","","28","","24.1","","98.77","","","","","","Mostly Cloudy"
"-77.70","53.63","LA GRANDE RIVIERE A","7093716","2019-10-20 02:00","2019","10","20","02:00","","3.1","","0.0","","80","","","","12","","26","","24.1","","98.74","","","","","","NA"
"-77.70","53.63","LA GRANDE RIVIERE A","7093716","2019-10-20 03:00","2019","10","20","03:00","","3.3","","0.0","","79","","","","13","","26","","24.1","","98.72","","","","","","NA"
"-77.70","53.63","LA GRANDE RIVIERE A","7093716","2019-10-20 04:00","2019","10","20","04:00","","3.5","","0.2","","79","","","","12","","21","","24.1","","98.73","","","","","","Cloudy"
"-77.70","53.63","LA GRANDE RIVIERE A","7093716","2019-10-20 05:00","2019","10","20","05:00","","3.7","","0.2","","78","","","","13","","22","","24.1","","98.70","","","","","","NA"
"-77.70","53.63","LA GRANDE RIVIERE A","7093716","2019-10-20 06:00","2019","10","20","06:00","","3.7","","0.5","","80","","","","13","","26","","24.1","","98.67","","","","","","NA"
"-77.70","53.63","LA GRANDE RIVIERE A","7093716","2019-10-20 07:00","2019","10","20","07:00","","4.0","","0.6","","78","","","","13","","22","","24.1","","98.68","","","","","","Cloudy"
"-77.70","53.63","LA GRANDE RIVIERE A","7093716","2019-10-20 08:00","2019","10","20","08:00","","4.5","","0.7","","76","","","","13","","20","","24.1","","98.70","","","","","","NA"
"-77.70","53.63","LA GRANDE RIVIERE A","7093716","2019-10-20 09:00","2019","10","20","09:00","","5.1","","0.7","","73","","","","14","","22","","24.1","","98.75","","","","","","NA"
"-77.70","53.63","LA GRANDE RIVIERE A","7093716","2019-10-20 10:00","2019","10","20","10:00","","5.7","","0.7","","70","","","","14","","24","","24.1","","98.73","","","","","","Cloudy"
"-77.70","53.63","LA GRANDE RIVIERE A","7093716","2019-10-20 11:00","2019","10","20","11:00","","6.3","","1.0","","69","","","","16","","16","","24.1","","98.76","","","","","","NA"
"-77.70","53.63","LA GRANDE RIVIERE A","7093716","2019-10-20 12:00","2019","10","20","12:00","","7.2","","1.3","","66","","","","14","","22","","24.1","","98.72","","","","","","NA"
"-77.70","53.63","LA GRANDE RIVIERE A","7093716","2019-10-20 13:00","2019","10","20","13:00","","8.1","","2.0","","65","","","","14","","14","","24.1","","98.70","","","","","","Cloudy"
"-77.70","53.63","LA GRANDE RIVIERE A","7093716","2019-10-20 14:00","2019","10","20","14:00","","9.3","","2.4","","62","","","","13","","15","","24.1","","98.69","","","","","","NA"
"-77.70","53.63","LA GRANDE RIVIERE A","7093716","2019-10-20 15:00","2019","10","20","15:00","","9.0","","2.6","","64","","","","15","","13","","24.1","","98.69","","","","","","NA"
"-77.70","53.63","LA GRANDE RIVIERE A","7093716","2019-10-20 16:00","2019","10","20","16:00","","8.9","","2.8","","65","","","","15","","10","","24.1","","98.72","","","","","","Cloudy"
"-77.70","53.63","LA GRANDE RIVIERE A","7093716","2019-10-20 17:00","2019","10","20","17:00","","8.8","","3.0","","67","","","","16","","10","","24.1","","98.75","","","","","","NA"
"-77.70","53.63","LA GRANDE RIVIERE A","7093716","2019-10-20 18:00","2019","10","20","18:00","","8.5","","3.2","","69","","","","15","","10","","24.1","","98.79","","","","","","NA"
"-77.70","53.63","LA GRANDE RIVIERE A","7093716","2019-10-20 19:00","2019","10","20","19:00","","8.2","","3.5","","72","","","","17","","4","","24.1","","98.82","","","","","","Rain"
"-77.70","53.63","LA GRANDE RIVIERE A","7093716","2019-10-20 20:00","2019","10","20","20:00","","6.6","","5.0","","89","","","","24","","7","","24.1","","98.88","","","","","","Rain"
"-77.70","53.63","LA GRANDE RIVIERE A","7093716","2019-10-20 21:00","2019","10","20","21:00","","6.2","","5.5","","95","","","","","","0","","24.1","","98.89","","","","","","Rain"
"-77.70","53.63","LA GRANDE RIVIERE A","7093716","2019-10-20 22:00","2019","10","20","22:00","","5.9","","5.4","","97","","","","15","","3","","24.1","","98.89","","","","","","Rain"
"-77.70","53.63","LA GRANDE RIVIERE A","7093716","2019-10-20 23:00","2019","10","20","23:00","","6.0","","5.6","","97","","","","21","","8","","12.9","","98.93","","","","","","Rain"
"-77.70","53.63","LA GRANDE RIVIERE A","7093716","2019-10-21 00:00","2019","10","21","00:00","","6.1","","5.7","","97","","","","23","","10","","3.2","","98.98","","","","","","Rain,Fog"
"-77.70","53.63","LA GRANDE RIVIERE A","7093716","2019-10-21 01:00","2019","10","21","01:00","","6.1","","5.7","","98","","","","26","","12","","3.2","","99.03","","","","","","Drizzle,Fog"
"-77.70","53.63","LA GRANDE RIVIERE A","7093716","2019-10-21 02:00","2019","10","21","02:00","","6.0","","5.6","","97","","","","28","","13","","12.9","","99.11","","","","","","Drizzle"
"-77.70","53.63","LA GRANDE RIVIERE A","7093716","2019-10-21 03:00","2019","10","21","03:00","","5.7","","5.1","","96","","","","29","","13","","24.1","","99.17","","","","","","NA"
"-77.70","53.63","LA GRANDE RIVIERE A","7093716","2019-10-21 04:00","2019","10","21","04:00","","5.5","","4.9","","96","","","","29","","10","","24.1","","99.23","","","","","","Cloudy"
"-77.70","53.63","LA GRANDE RIVIERE A","7093716","2019-10-21 05:00","2019","10","21","05:00","","5.4","","4.8","","95","","","","30","","10","","24.1","","99.32","","","","","","NA"
"-77.70","53.63","LA GRANDE RIVIERE A","7093716","2019-10-21 06:00","2019","10","21","06:00","","5.1","","4.2","","94","","","","29","","11","","24.1","","99.45","","","","","","NA"
"-77.70","53.63","LA GRANDE RIVIERE A","7093716","2019-10-21 07:00","2019","10","21","07:00","","4.9","","4.2","","96","","","","30","","5","","24.1","","99.49","","","","","","Cloudy"
"-77.70","53.63","LA GRANDE RIVIERE A","7093716","2019-10-21 08:00","2019","10","21","08:00","","5.0","","4.3","","95","","","","30","","9","","24.1","","99.56","","","","","","NA"
"-77.70","53.63","LA GRANDE RIVIERE A","7093716","2019-10-21 09:00","2019","10","21","09:00","","5.0","","3.9","","92","","","","31","","10","","24.1","","99.65","","","","","","NA"
"-77.70","53.63","LA GRANDE RIVIERE A","7093716","2019-10-21 10:00","2019","10","21","10:00","","5.3","","3.6","","89","","","","33","","7","","24.1","","99.74","","","","","","Cloudy"
"-77.70","53.63","LA GRANDE RIVIERE A","7093716","2019-10-21 11:00","2019","10","21","11:00","","6.5","","3.7","","83","","","","31","","7","","24.1","","99.84","","","","","","NA"
"-77.70","53.63","LA GRANDE RIVIERE A","7093716","2019-10-21 12:00","2019","10","21","12:00","","6.5","","2.2","","74","","","","30","","13","","24.1","","99.89","","","","","","NA"
"-77.70","53.63","LA GRANDE RIVIERE A","7093716","2019-10-21 13:00","2019","10","21","13:00","","6.4","","2.0","","73","","","","34","","6","","24.1","","99.82","","","","","","Cloudy"
"-77.70","53.63","LA GRANDE RIVIERE A","7093716","2019-10-21 14:00","2019","10","21","14:00","","6.5","","2.7","","77","","","","35","","4","","80.5","","99.85","","","","","","NA"
"-77.70","53.63","LA GRANDE RIVIERE A","7093716","2019-10-21 15:00","2019","10","21","15:00","","6.4","","2.5","","76","","","","5","","9","","24.1","","99.86","","","","","","NA"
"-77.70","53.63","LA GRANDE RIVIERE A","7093716","2019-10-21 16:00","2019","10","21","16:00","","6.1","","2.2","","76","","","","7","","11","","24.1","","99.97","","","","","","Mostly Cloudy"
"-77.70","53.63","LA GRANDE RIVIERE A","7093716","2019-10-21 17:00","2019","10","21","17:00","","5.9","","1.7","","74","","","","9","","4","","24.1","","100.02","","","","","","NA"
"-77.70","53.63","LA GRANDE RIVIERE A","7093716","2019-10-21 18:00","2019","10","21","18:00","","5.4","","1.9","","78","","","","4","","8","","24.1","","99.98","","","","","","NA"
"-77.70","53.63","LA GRANDE RIVIERE A","7093716","2019-10-21 19:00","2019","10","21","19:00","","5.9","","2.6","","79","","","","10","","10","","24.1","","99.99","","","","","","Mostly Cloudy"
"-77.70","53.63","LA GRANDE RIVIERE A","7093716","2019-10-21 20:00","2019","10","21","20:00","","6.0","","2.7","","80","","","","12","","14","","24.1","","99.99","","","","","","NA"
"-77.70","53.63","LA GRANDE RIVIERE A","7093716","2019-10-21 21:00","2019","10","21","21:00","","5.4","","2.6","","82","","","","11","","14","","24.1","","99.96","","","","","","NA"
"-77.70","53.63","LA GRANDE RIVIERE A","7093716","2019-10-21 22:00","2019","10","21","22:00","","5.5","","3.1","","84","","","","10","","12","","24.1","","99.90","","","","","","Cloudy"
"-77.70","53.63","LA GRANDE RIVIERE A","7093716","2019-10-21 23:00","2019","10","21","23:00","","5.7","","3.5","","86","","","","9","","19","","24.1","","99.80","","","","","","NA"
"-77.70","53.63","LA GRANDE RIVIERE A","7093716","2019-10-22 00:00","2019","10","22","00:00","","5.6","","3.8","","88","","","","9","","15","","24.1","","99.69","","","","","","NA"
"-77.70","53.63","LA GRANDE RIVIERE A","7093716","2019-10-22 01:00","2019","10","22","01:00","","5.8","","4.2","","89","","","","10","","16","","24.1","","99.69","","","","","","Cloudy"
"-77.70","53.63","LA GRANDE RIVIERE A","7093716","2019-10-22 02:00","2019","10","22","02:00","","6.1","","4.4","","89","","","","11","","19","","24.1","","99.65","","","","","","NA"
"-77.70","53.63","LA GRANDE RIVIERE A","7093716","2019-10-22 03:00","2019","10","22","03:00","","6.2","","4.6","","89","","","","10","","22","","24.1","","99.56","","","","","","NA"
"-77.70","53.63","LA GRANDE RIVIERE A","7093716","2019-10-22 04:00","2019","10","22","04:00","","6.2","","4.7","","90","","","","10","","24","","24.1","","99.45","","","","","","Cloudy"
"-77.70","53.63","LA GRANDE RIVIERE A","7093716","2019-10-22 05:00","2019","10","22","05:00","","6.2","","4.4","","88","","","","10","","32","","24.1","","99.34","","","","","","NA"
"-77.70","53.63","LA GRANDE RIVIERE A","7093716","2019-10-22 06:00","2019","10","22","06:00","","6.0","","4.0","","87","","","","10","","31","","24.1","","99.20","","","","","","NA"
"-77.70","53.63","LA GRANDE RIVIERE A","7093716","2019-10-22 07:00","2019","10","22","07:00","","6.2","","3.7","","84","","","","10","","35","","24.1","","99.08","","","","","","Cloudy"
"-77.70","53.63","LA GRANDE RIVIERE A","7093716","2019-10-22 08:00","2019","10","22","08:00","","6.5","","3.6","","81","","","","10","","36","","24.1","","98.96","","","","","","NA"
"-77.70","53.63","LA GRANDE RIVIERE A","7093716","2019-10-22 09:00","2019","10","22","09:00","","7.1","","3.1","","76","","","","10","","34","","24.1","","98.79","","","","","","NA"
"-77.70","53.63","LA GRANDE RIVIERE A","7093716","2019-10-22 10:00","2019","10","22","10:00","","6.8","","3.5","","79","","","","11","","30","","24.1","","98.64","","","","","","Rain"
"-77.70","53.63","LA GRANDE RIVIERE A","7093716","2019-10-22 11:00","2019","10","22","11:00","","6.8","","4.3","","84","","","","9","","32","","19.3","","98.35","","","","","","Rain"
"-77.70","53.63","LA GRANDE RIVIERE A","7093716","2019-10-22 12:00","2019","10","22","12:00","","8.0","","3.6","","74","","","","12","","38","","24.1","","98.28","","","","","","Rain"
"-77.70","53.63","LA GRANDE RIVIERE A","7093716","2019-10-22 13:00","2019","10","22","13:00","","9.3","","3.6","","67","","","","12","","33","","24.1","","98.20","","","","","","Cloudy"
"-77.70","53.63","LA GRANDE RIVIERE A","7093716","2019-10-22 14:00","2019","10","22","14:00","","9.8","","4.0","","67","","","","14","","34","","24.1","","98.14","","","","","","Rain"
"-77.70","53.63","LA GRANDE RIVIERE A","7093716","2019-10-22 15:00","2019","10","22","15:00","","9.6","","4.5","","71","","","","12","","33","","24.1","","98.03","","","","","","NA"
"-77.70","53.63","LA GRANDE RIVIERE A","7093716","2019-10-22 16:00","2019","10","22","16:00","","10.2","","4.4","","67","","","","13","","31","","24.1","","98.02","","","","","","Cloudy"
"-77.70","53.63","LA GRANDE RIVIERE A","7093716","2019-10-22 17:00","2019","10","22","17:00","","8.5","","6.4","","87","","","","12","","34","","8.1","","97.98","","","","","","Moderate Rain,Fog"
"-77.70","53.63","LA GRANDE RIVIERE A","7093716","2019-10-22 18:00","2019","10","22","18:00","","8.0","","6.8","","93","","","","12","","34","","11.3","","97.87","","","","","","Rain"
"-77.70","53.63","LA GRANDE RIVIERE A","7093716","2019-10-22 19:00","2019","10","22","19:00","","8.1","","6.7","","91","","","","13","","31","","19.3","","97.85","","","","","","Rain"
"-77.70","53.63","LA GRANDE RIVIERE A","7093716","2019-10-22 20:00","2019","10","22","20:00","","8.0","","6.9","","92","","","","13","","28","","12.9","","97.83","","","","","","Rain"
"-77.70","53.63","LA GRANDE RIVIERE A","7093716","2019-10-22 21:00","2019","10","22","21:00","","8.1","","7.1","","93","","","","13","","24","","16.1","","97.75","","","","","","Rain"
"-77.70","53.63","LA GRANDE RIVIERE A","7093716","2019-10-22 22:00","2019","10","22","22:00","","8.1","","7.1","","94","","","","13","","22","","19.3","","97.67","","","","","","Rain"
"-77.70","53.63","LA GRANDE RIVIERE A","7093716","2019-10-22 23:00","2019","10","22","23:00","","8.1","","7.2","","94","","","","13","","25","","12.9","","97.63","","","","","","Rain"
"-77.70","53.63","LA GRANDE RIVIERE A","7093716","2019-10-23 00:00","2019","10","23","00:00","","8.3","","7.3","","94","","","","13","","24","","24.1","","97.59","","","","","","Rain"
"-77.70","53.63","LA GRANDE RIVIERE A","7093716","2019-10-23 01:00","2019","10","23","01:00","","8.5","","7.4","","93","","","","14","","26","","24.1","","97.59","","","","","","Rain"
"-77.70","53.63","LA GRANDE RIVIERE A","7093716","2019-10-23 02:00","2019","10","23","02:00","","8.3","","7.2","","93","","","","14","","19","","24.1","","97.55","","","","","","NA"
"-77.70","53.63","LA GRANDE RIVIERE A","7093716","2019-10-23 03:00","2019","10","23","03:00","","8.7","","7.3","","91","","","","13","","23","","24.1","","97.52","","","","","","NA"
"-77.70","53.63","LA GRANDE RIVIERE A","7093716","2019-10-23 04:00","2019","10","23","04:00","","8.6","","7.3","","92","","","","12","","20","","24.1","","97.48","","","","","","Cloudy"
"-77.70","53.63","LA GRANDE RIVIERE A","7093716","2019-10-23 05:00","2019","10","23","05:00","","8.6","","7.3","","91","","","","13","","22","","24.1","","97.47","","","","","","NA"
"-77.70","53.63","LA GRANDE RIVIERE A","7093716","2019-10-23 06:00","2019","10","23","06:00","","8.6","","7.0","","90","","","","13","","23","","24.1","","97.48","","","","","","Rain"
"-77.70","53.63","LA GRANDE RIVIERE A","7093716","2019-10-23 07:00","2019","10","23","07:00","","8.4","","7.3","","93","","","","14","","23","","24.1","","97.46","","","","","","Rain"
"-77.70","53.63","LA GRANDE RIVIERE A","7093716","2019-10-23 08:00","2019","10","23","08:00","","8.8","","7.3","","91","","","","14","","20","","24.1","","97.44","","","","","","NA"
"-77.70","53.63","LA GRANDE RIVIERE A","7093716","2019-10-23 09:00","2019","10","23","09:00","","9.1","","7.1","","87","","","","15","","22","","24.1","","97.43","","","","","","NA"
"-77.70","53.63","LA GRANDE RIVIERE A","7093716","2019-10-23 10:00","2019","10","23","10:00","","9.1","","6.7","","85","","","","15","","21","","24.1","","97.42","","","","","","Cloudy"
"-77.70","53.63","LA GRANDE RIVIERE A","7093716","2019-10-23 11:00","2019","10","23","11:00","","9.2","","6.3","","82","","","","16","","21","","24.1","","97.43","","","","","","NA"
"-77.70","53.63","LA GRANDE RIVIERE A","7093716","2019-10-23 12:00","2019","10","23","12:00","","8.3","","6.7","","90","","","","16","","20","","12.9","","97.43","","","","","","Rain"
"-77.70","53.63","LA GRANDE RIVIERE A","7093716","2019-10-23 13:00","2019","10","23","13:00","","7.9","","6.8","","93","","","","16","","18","","9.7","","97.44","","","","","","Rain,Fog"
"-77.70","53.63","LA GRANDE RIVIERE A","7093716","2019-10-23 14:00","2019","10","23","14:00","","8.1","","6.5","","90","","","","16","","23","","24.1","","97.43","","","","","","Rain"
"-77.70","53.63","LA GRANDE RIVIERE A","7093716","2019-10-23 15:00","2019","10","23","15:00","","8.4","","6.6","","88","","","","16","","18","","24.1","","97.43","","","","","","NA"
"-77.70","53.63","LA GRANDE RIVIERE A","7093716","2019-10-23 16:00","2019","10","23","16:00","","8.5","","6.2","","86","","","","16","","17","","24.1","","97.45","","","","","","Rain"
"-77.70","53.63","LA GRANDE RIVIERE A","7093716","2019-10-23 17:00","2019","10","23","17:00","","7.9","","6.0","","88","","","","17","","19","","24.1","","97.49","","","","","","NA"
"-77.70","53.63","LA GRANDE RIVIERE A","7093716","2019-10-23 18:00","2019","10","23","18:00","","7.5","","6.1","","91","","","","16","","17","","19.3","","97.53","","","","","","Rain"
"-77.70","53.63","LA GRANDE RIVIERE A","7093716","2019-10-23 19:00","2019","10","23","19:00","","7.1","","6.2","","94","","","","15","","18","","19.3","","97.55","","","","","","Rain"
"-77.70","53.63","LA GRANDE RIVIERE A","7093716","2019-10-23 20:00","2019","10","23","20:00","","7.0","","6.2","","95","","","","17","","16","","24.1","","97.55","","","","","","Rain"
"-77.70","53.63","LA GRANDE RIVIERE A","7093716","2019-10-23 21:00","2019","10","23","21:00","","7.1","","6.2","","94","","","","17","","19","","24.1","","97.53","","","","","","NA"
"-77.70","53.63","LA GRANDE RIVIERE A","7093716","2019-10-23 22:00","2019","10","23","22:00","","7.2","","6.0","","92","","","","19","","22","","24.1","","97.52","","","","","","Cloudy"
"-77.70","53.63","LA GRANDE RIVIERE A","7093716","2019-10-23 23:00","2019","10","23","23:00","","6.8","","6.1","","95","","","","19","","19","","12.9","","97.51","","","","","","Rain"
"-77.70","53.63","LA GRANDE RIVIERE A","7093716","2019-10-24 00:00","2019","10","24","00:00","","6.5","","5.7","","95","","","","21","","20","","12.9","","97.53","","","","","","Rain"
"-77.70","53.63","LA GRANDE RIVIERE A","7093716","2019-10-24 01:00","2019","10","24","01:00","","5.8","","4.8","","94","","","","22","","18","","24.1","","97.55","","","","","","Rain"
"-77.70","53.63","LA GRANDE RIVIERE A","7093716","2019-10-24 02:00","2019","10","24","02:00","","4.8","","4.0","","94","","","","21","","20","","11.3","","97.58","","","","","","Rain"
"-77.70","53.63","LA GRANDE RIVIERE A","7093716","2019-10-24 03:00","2019","10","24","03:00","","4.3","","3.4","","93","","","","21","","18","","24.1","","97.58","","","","","","NA"
"-77.70","53.63","LA GRANDE RIVIERE A","7093716","2019-10-24 04:00","2019","10","24","04:00","","3.4","","2.6","","95","","","","21","","22","","11.3","","97.60","","","","","","Rain"
"-77.70","53.63","LA GRANDE RIVIERE A","7093716","2019-10-24 05:00","2019","10","24","05:00","","3.1","","2.3","","95","","","","20","","18","","11.3","","97.62","","","","","","Rain,Snow"
"-77.70","53.63","LA GRANDE RIVIERE A","7093716","2019-10-24 06:00","2019","10","24","06:00","","2.9","","2.3","","96","","","","20","","16","","12.9","","97.65","","","","","","Drizzle"
"-77.70","53.63","LA GRANDE RIVIERE A","7093716","2019-10-24 07:00","2019","10","24","07:00","","2.8","","2.1","","95","","","","20","","20","","3.2","","97.67","","","","","","Drizzle,Fog"
"-77.70","53.63","LA GRANDE RIVIERE A","7093716","2019-10-24 08:00","2019","10","24","08:00","","2.7","","2.2","","96","","","","21","","18","","2.4","","97.69","","","","","","Drizzle,Fog"
"-77.70","53.63","LA GRANDE RIVIERE A","7093716","2019-10-24 09:00","2019","10","24","09:00","","2.4","","1.7","","95","","","","21","","21","","4.8","","97.74","","","","","","Rain,Fog"
"-77.70","53.63","LA GRANDE RIVIERE A","7093716","2019-10-24 10:00","2019","10","24","10:00","","2.8","","2.2","","96","","","","21","","20","","1.6","","97.75","","","","","","Rain,Fog"
"-77.70","53.63","LA GRANDE RIVIERE A","7093716","2019-10-24 11:00","2019","10","24","11:00","","3.5","","2.9","","96","","","","24","","24","","3.2","","97.78","","","","","","Rain,Fog"
"-77.70","53.63","LA GRANDE RIVIERE A","7093716","2019-10-24 12:00","2019","10","24","12:00","","3.4","","2.5","","94","","","","25","","35","","3.2","","97.84","","","","","","Rain,Fog"
"-77.70","53.63","LA GRANDE RIVIERE A","7093716","2019-10-24 13:00","2019","10","24","13:00","","3.2","","2.1","","92","","","","26","","37","","8.1","","97.96","","","","","","Rain,Fog"
"-77.70","53.63","LA GRANDE RIVIERE A","7093716","2019-10-24 14:00","2019","10","24","14:00","","2.7","","1.5","","92","","","","28","","33","","8.1","","98.12","","","","","","Rain,Fog"
"-77.70","53.63","LA GRANDE RIVIERE A","7093716","2019-10-24 15:00","2019","10","24","15:00","","2.2","","1.2","","93","","","","28","","32","","19.3","","98.29","","","","","","Rain"
"-77.70","53.63","LA GRANDE RIVIERE A","7093716","2019-10-24 16:00","2019","10","24","16:00","","1.9","","0.6","","91","","","","27","","30","","19.3","","98.42","","","","","","Cloudy"
"-77.70","53.63","LA GRANDE RIVIERE A","7093716","2019-10-24 17:00","2019","10","24","17:00","","1.1","","0.0","","92","","","","28","","26","","12.9","","98.56","","","","","","Rain"
"-77.70","53.63","LA GRANDE RIVIERE A","7093716","2019-10-24 18:00","2019","10","24","18:00","","0.6","","-0.2","","94","","","","28","","22","","8.1","","98.72","","","","","","Snow"
"-77.70","53.63","LA GRANDE RIVIERE A","7093716","2019-10-24 19:00","2019","10","24","19:00","","0.4","","-0.6","","93","","","","27","","23","","12.9","","98.83","","","","","","Snow"
"-77.70","53.63","LA GRANDE RIVIERE A","7093716","2019-10-24 20:00","2019","10","24","20:00","","0.4","","-0.3","","95","","","","28","","21","","9.7","","98.91","","","","","","Snow"
"-77.70","53.63","LA GRANDE RIVIERE A","7093716","2019-10-24 21:00","2019","10","24","21:00","","0.2","","-0.5","","95","","","","26","","19","","12.9","","99.00","","","","","","Snow"
"-77.70","53.63","LA GRANDE RIVIERE A","7093716","2019-10-24 22:00","2019","10","24","22:00","","0.0","","-1.0","","93","","","","27","","21","","19.3","","99.07","","","","-5","","Snow"
"-77.70","53.63","LA GRANDE RIVIERE A","7093716","2019-10-24 23:00","2019","10","24","23:00","","-0.3","","-1.0","","95","","","","25","","16","","24.1","","99.13","","","","-5","","Snow"
"-77.70","53.63","LA GRANDE RIVIERE A","7093716","2019-10-25 00:00","2019","10","25","00:00","","-0.5","","-1.3","","94","","","","26","","19","","24.1","","99.18","","","","-6","","Snow"
"-77.70","53.63","LA GRANDE RIVIERE A","7093716","2019-10-25 01:00","2019","10","25","01:00","","-0.6","","-1.5","","94","","","","25","","14","","24.1","","99.24","","","","-5","","Snow"
"-77.70","53.63","LA GRANDE RIVIERE A","7093716","2019-10-25 02:00","2019","10","25","02:00","","-1.0","","-1.9","","94","","","","24","","19","","24.1","","99.30","","","","-6","","NA"
"-77.70","53.63","LA GRANDE RIVIERE A","7093716","2019-10-25 03:00","2019","10","25","03:00","","-1.3","","-2.1","","94","","","","25","","20","","24.1","","99.34","","","","-7","","NA"
"-77.70","53.63","LA GRANDE RIVIERE A","7093716","2019-10-25 04:00","2019","10","25","04:00","","-1.1","","-1.9","","95","","","","24","","17","","24.1","","99.37","","","","-6","","Snow"
"-77.70","53.63","LA GRANDE RIVIERE A","7093716","2019-10-25 05:00","2019","10","25","05:00","","-1.1","","-1.8","","95","","","","23","","15","","6.4","","99.40","","","","-6","","Snow"
"-77.70","53.63","LA GRANDE RIVIERE A","7093716","2019-10-25 06:00","2019","10","25","06:00","","-1.4","","-2.4","","93","","","","22","","16","","19.3","","99.43","","","","-6","","NA"
"-77.70","53.63","LA GRANDE RIVIERE A","7093716","2019-10-25 07:00","2019","10","25","07:00","","-1.5","","-2.8","","91","","","","23","","19","","19.3","","99.45","","","","-7","","Snow"
"-77.70","53.63","LA GRANDE RIVIERE A","7093716","2019-10-25 08:00","2019","10","25","08:00","","-1.3","","-2.7","","91","","","","22","","16","","24.1","","99.47","","","","-6","","NA"
"-77.70","53.63","LA GRANDE RIVIERE A","7093716","2019-10-25 09:00","2019","10","25","09:00","","-1.2","","-3.3","","86","","","","21","","15","","24.1","","99.47","","","","-6","","NA"
"-77.70","53.63","LA GRANDE RIVIERE A","7093716","2019-10-25 10:00","2019","10","25","10:00","","-0.9","","-3.0","","86","","","","22","","19","","24.1","","99.47","","","","-6","","Snow"
"-77.70","53.63","LA GRANDE RIVIERE A","7093716","2019-10-25 11:00","2019","10","25","11:00","","-0.8","","-3.3","","84","","","","22","","14","","24.1","","99.45","","","","-5","","NA"
"-77.70","53.63","LA GRANDE RIVIERE A","7093716","2019-10-25 12:00","2019","10","25","12:00","","-0.8","","-3.8","","80","","","","22","","17","","24.1","","99.41","","","","-6","","Snow"
"-77.70","53.63","LA GRANDE RIVIERE A","7093716","2019-10-25 13:00","2019","10","25","13:00","","-0.6","","-3.6","","81","","","","23","","13","","24.1","","99.36","","","","-5","","Cloudy"
"-77.70","53.63","LA GRANDE RIVIERE A","7093716","2019-10-25 14:00","2019","10","25","14:00","","-1.3","","-2.3","","93","","","","19","","10","","1.2","","99.33","","","","-5","","Snow"
"-77.70","53.63","LA GRANDE RIVIERE A","7093716","2019-10-25 15:00","2019","10","25","15:00","","-0.7","","-2.6","","87","","","","20","","9","","24.1","","99.28","","","","-4","","Snow"
"-77.70","53.63","LA GRANDE RIVIERE A","7093716","2019-10-25 16:00","2019","10","25","16:00","","-0.6","","-2.7","","86","","","","20","","12","","24.1","","99.24","","","","-5","","Cloudy"
"-77.70","53.63","LA GRANDE RIVIERE A","7093716","2019-10-25 17:00","2019","10","25","17:00","","-1.0","","-3.1","","86","","","","19","","13","","24.1","","99.24","","","","-5","","Snow"
"-77.70","53.63","LA GRANDE RIVIERE A","7093716","2019-10-25 18:00","2019","10","25","18:00","","-1.1","","-3.2","","86","","","","18","","9","","24.1","","99.25","","","","-4","","Snow"
"-77.70","53.63","LA GRANDE RIVIERE A","7093716","2019-10-25 19:00","2019","10","25","19:00","","-1.4","","-3.1","","88","","","","19","","14","","24.1","","99.24","","","","-6","","Snow"
"-77.70","53.63","LA GRANDE RIVIERE A","7093716","2019-10-25 20:00","2019","10","25","20:00","","-1.7","","-3.1","","90","","","","17","","9","","24.1","","99.24","","","","-5","","NA"
"-77.70","53.63","LA GRANDE RIVIERE A","7093716","2019-10-25 21:00","2019","10","25","21:00","","-1.6","","-3.2","","89","","","","14","","9","","24.1","","99.21","","","","-5","","NA"
"-77.70","53.63","LA GRANDE RIVIERE A","7093716","2019-10-25 22:00","2019","10","25","22:00","","-1.8","","-2.9","","92","","","","17","","12","","24.1","","99.21","","","","-6","","Snow"
"-77.70","53.63","LA GRANDE RIVIERE A","7093716","2019-10-25 23:00","2019","10","25","23:00","","-1.9","","-2.9","","93","","","","15","","11","","24.1","","99.18","","","","-6","","Snow"
"-77.70","53.63","LA GRANDE RIVIERE A","7093716","2019-10-26 00:00","2019","10","26","00:00","","-1.5","","-2.3","","94","","","","16","","9","","24.1","","99.18","","","","-5","","Snow"
"-77.70","53.63","LA GRANDE RIVIERE A","7093716","2019-10-26 01:00","2019","10","26","01:00","","-1.2","","-2.1","","94","","","","18","","8","","12.9","","99.18","","","","-4","","Snow"
"-77.70","53.63","LA GRANDE RIVIERE A","7093716","2019-10-26 02:00","2019","10","26","02:00","","-1.2","","-2.0","","94","","","","17","","10","","24.1","","99.20","","","","-5","","NA"
"-77.70","53.63","LA GRANDE RIVIERE A","7093716","2019-10-26 03:00","2019","10","26","03:00","","-1.7","","-2.4","","95","","","","16","","10","","24.1","","99.24","","","","-5","","NA"
"-77.70","53.63","LA GRANDE RIVIERE A","7093716","2019-10-26 04:00","2019","10","26","04:00","","-1.7","","-2.4","","95","","","","17","","14","","24.1","","99.26","","","","-6","","Mostly Cloudy"
"-77.70","53.63","LA GRANDE RIVIERE A","7093716","2019-10-26 05:00","2019","10","26","05:00","","-2.6","","-3.2","","95","","","","16","","12","","24.1","","99.30","","","","-7","","NA"
"-77.70","53.63","LA GRANDE RIVIERE A","7093716","2019-10-26 06:00","2019","10","26","06:00","","-2.9","","-3.6","","95","","","","15","","12","","24.1","","99.31","","","","-7","","NA"
"-77.70","53.63","LA GRANDE RIVIERE A","7093716","2019-10-26 07:00","2019","10","26","07:00","","-3.2","","-4.1","","94","","","","16","","13","","24.1","","99.35","","","","-8","","Clear"
"-77.70","53.63","LA GRANDE RIVIERE A","7093716","2019-10-26 08:00","2019","10","26","08:00","","-2.4","","-3.5","","92","","","","16","","13","","24.1","","99.37","","","","-7","","NA"
"-77.70","53.63","LA GRANDE RIVIERE A","7093716","2019-10-26 09:00","2019","10","26","09:00","","-1.0","","-2.6","","89","","","","16","","11","","24.1","","99.42","","","","-5","","NA"
"-77.70","53.63","LA GRANDE RIVIERE A","7093716","2019-10-26 10:00","2019","10","26","10:00","","0.9","","-2.4","","79","","","","17","","11","","24.1","","99.44","","","","","","Mainly Clear"
"-77.70","53.63","LA GRANDE RIVIERE A","7093716","2019-10-26 11:00","2019","10","26","11:00","","2.5","","-2.3","","71","","","","18","","20","","22.5","","99.44","","","","","","NA"
"-77.70","53.63","LA GRANDE RIVIERE A","7093716","2019-10-26 12:00","2019","10","26","12:00","","3.8","","-2.3","","65","","","","15","","20","","24.1","","99.39","","","","","","NA"
"-77.70","53.63","LA GRANDE RIVIERE A","7093716","2019-10-26 13:00","2019","10","26","13:00","","3.8","","-1.4","","69","","","","14","","20","","24.1","","99.36","","","","","","Cloudy"
"-77.70","53.63","LA GRANDE RIVIERE A","7093716","2019-10-26 14:00","2019","10","26","14:00","","4.6","","-0.9","","68","","","","13","","19","","24.1","","99.30","","","","","","NA"
"-77.70","53.63","LA GRANDE RIVIERE A","7093716","2019-10-26 15:00","2019","10","26","15:00","","4.2","","-0.2","","73","","","","15","","16","","24.1","","99.34","","","","","","NA"
"-77.70","53.63","LA GRANDE RIVIERE A","7093716","2019-10-26 16:00","2019","10","26","16:00","","4.0","","0.0","","75","","","","13","","17","","24.1","","99.33","","","","","","Cloudy"
"-77.70","53.63","LA GRANDE RIVIERE A","7093716","2019-10-26 17:00","2019","10","26","17:00","","3.6","","0.1","","78","","","","13","","17","","24.1","","99.36","","","","","","NA"
"-77.70","53.63","LA GRANDE RIVIERE A","7093716","2019-10-26 18:00","2019","10","26","18:00","","3.4","","0.2","","80","","","","13","","22","","24.1","","99.40","","","","","","NA"
"-77.70","53.63","LA GRANDE RIVIERE A","7093716","2019-10-26 19:00","2019","10","26","19:00","","3.3","","0.4","","81","","","","14","","26","","24.1","","99.39","","","","","","Rain"
"-77.70","53.63","LA GRANDE RIVIERE A","7093716","2019-10-26 20:00","2019","10","26","20:00","","3.1","","1.0","","86","","","","13","","25","","24.1","","99.35","","","","","","Rain"
"-77.70","53.63","LA GRANDE RIVIERE A","7093716","2019-10-26 21:00","2019","10","26","21:00","","2.9","","1.4","","90","","","","12","","21","","24.1","","99.29","","","","","","Rain"
"-77.70","53.63","LA GRANDE RIVIERE A","7093716","2019-10-26 22:00","2019","10","26","22:00","","3.1","","1.8","","91","","","","12","","20","","24.1","","99.25","","","","","","Rain"
"-77.70","53.63","LA GRANDE RIVIERE A","7093716","2019-10-26 23:00","2019","10","26","23:00","","3.2","","2.1","","92","","","","11","","22","","24.1","","99.19","","","","","","Rain"
"-77.70","53.63","LA GRANDE RIVIERE A","7093716","2019-10-27 00:00","2019","10","27","00:00","","3.5","","1.9","","89","","","","12","","19","","24.1","","99.17","","","","","","NA"
"-77.70","53.63","LA GRANDE RIVIERE A","7093716","2019-10-27 01:00","2019","10","27","01:00","","3.9","","1.6","","85","","","","13","","19","","24.1","","99.12","","","","","","Mostly Cloudy"
"-77.70","53.63","LA GRANDE RIVIERE A","7093716","2019-10-27 02:00","2019","10","27","02:00","","4.3","","1.3","","81","","","","14","","23","","24.1","","99.08","","","","","","NA"
"-77.70","53.63","LA GRANDE RIVIERE A","7093716","2019-10-27 03:00","2019","10","27","03:00","","4.5","","0.9","","78","","","","15","","21","","24.1","","99.04","","","","","","NA"
"-77.70","53.63","LA GRANDE RIVIERE A","7093716","2019-10-27 04:00","2019","10","27","04:00","","4.5","","0.4","","74","","","","15","","23","","24.1","","98.97","","","","","","Cloudy"
"-77.70","53.63","LA GRANDE RIVIERE A","7093716","2019-10-27 05:00","2019","10","27","05:00","","4.2","","0.2","","75","","","","16","","20","","24.1","","98.96","","","","","","NA"
"-77.70","53.63","LA GRANDE RIVIERE A","7093716","2019-10-27 06:00","2019","10","27","06:00","","3.8","","0.1","","77","","","","15","","19","","24.1","","98.90","","","","","","NA"
"-77.70","53.63","LA GRANDE RIVIERE A","7093716","2019-10-27 07:00","2019","10","27","07:00","","3.3","","-0.4","","77","","","","15","","20","","24.1","","98.90","","","","","","Mostly Cloudy"
"-77.70","53.63","LA GRANDE RIVIERE A","7093716","2019-10-27 08:00","2019","10","27","08:00","","2.7","","-0.6","","78","","","","12","","21","","24.1","","98.87","","","","","","NA"
"-77.70","53.63","LA GRANDE RIVIERE A","7093716","2019-10-27 09:00","2019","10","27","09:00","","3.8","","-0.7","","72","","","","13","","22","","24.1","","98.84","","","","","","NA"
"-77.70","53.63","LA GRANDE RIVIERE A","7093716","2019-10-27 10:00","2019","10","27","10:00","","4.6","","-0.5","","69","","","","13","","23","","24.1","","98.81","","","","","","Cloudy"
"-77.70","53.63","LA GRANDE RIVIERE A","7093716","2019-10-27 11:00","2019","10","27","11:00","","5.7","","0.1","","67","","","","13","","23","","24.1","","98.72","","","","","","NA"
"-77.70","53.63","LA GRANDE RIVIERE A","7093716","2019-10-27 12:00","2019","10","27","12:00","","8.0","","-0.5","","55","","","","14","","32","","24.1","","98.65","","","","","","NA"
"-77.70","53.63","LA GRANDE RIVIERE A","7093716","2019-10-27 13:00","2019","10","27","13:00","","8.5","","-1.2","","50","","","","14","","27","","24.1","","98.53","","","","","","Cloudy"
"-77.70","53.63","LA GRANDE RIVIERE A","7093716","2019-10-27 14:00","2019","10","27","14:00","","8.6","","-2.0","","47","","","","14","","28","","24.1","","98.48","","","","","","NA"
"-77.70","53.63","LA GRANDE RIVIERE A","7093716","2019-10-27 15:00","2019","10","27","15:00","","7.6","","-1.0","","54","","","","13","","32","","24.1","","98.47","","","","","","NA"
"-77.70","53.63","LA GRANDE RIVIERE A","7093716","2019-10-27 16:00","2019","10","27","16:00","","7.1","","-0.6","","58","","","","13","","26","","24.1","","98.45","","","","","","Cloudy"
"-77.70","53.63","LA GRANDE RIVIERE A","7093716","2019-10-27 17:00","2019","10","27","17:00","","6.6","","-0.5","","60","","","","13","","27","","24.1","","98.43","","","","","","NA"
"-77.70","53.63","LA GRANDE RIVIERE A","7093716","2019-10-27 18:00","2019","10","27","18:00","","6.4","","-1.1","","59","","","","14","","29","","24.1","","98.45","","","","","","NA"
"-77.70","53.63","LA GRANDE RIVIERE A","7093716","2019-10-27 19:00","2019","10","27","19:00","","5.8","","-1.5","","59","","","","15","","29","","24.1","","98.49","","","","","","Cloudy"
"-77.70","53.63","LA GRANDE RIVIERE A","7093716","2019-10-27 20:00","2019","10","27","20:00","","5.8","","-1.3","","60","","","","14","","22","","24.1","","98.49","","","","","","NA"
"-77.70","53.63","LA GRANDE RIVIERE A","7093716","2019-10-27 21:00","2019","10","27","21:00","","4.8","","0.6","","74","","","","15","","25","","24.1","","98.45","","","","","","Rain"
"-77.70","53.63","LA GRANDE RIVIERE A","7093716","2019-10-27 22:00","2019","10","27","22:00","","3.6","","1.9","","89","","","","13","","29","","24.1","","98.38","","","","","","Rain"
"-77.70","53.63","LA GRANDE RIVIERE A","7093716","2019-10-27 23:00","2019","10","27","23:00","","3.2","","1.6","","89","","","","15","","21","","24.1","","98.38","","","","","","Rain"
"-77.70","53.63","LA GRANDE RIVIERE A","7093716","2019-10-28 00:00","2019","10","28","00:00","","3.0","","1.5","","90","","","","15","","26","","24.1","","98.35","","","","","","Rain"
"-77.70","53.63","LA GRANDE RIVIERE A","7093716","2019-10-28 01:00","2019","10","28","01:00","","3.0","","1.3","","89","","","","15","","21","","24.1","","98.34","","","","","","Rain"
"-77.70","53.63","LA GRANDE RIVIERE A","7093716","2019-10-28 02:00","2019","10","28","02:00","","2.5","","1.6","","94","","","","15","","18","","11.3","","98.33","","","","","","Rain"
"-77.70","53.63","LA GRANDE RIVIERE A","7093716","2019-10-28 03:00","2019","10","28","03:00","","2.4","","1.5","","94","","","","16","","21","","11.3","","98.35","","","","","","Drizzle"
"-77.70","53.63","LA GRANDE RIVIERE A","7093716","2019-10-28 04:00","2019","10","28","04:00","","2.2","","1.4","","95","","","","15","","17","","11.3","","98.30","","","","","","Rain"
"-77.70","53.63","LA GRANDE RIVIERE A","7093716","2019-10-28 05:00","2019","10","28","05:00","","2.3","","1.6","","95","","","","17","","14","","24.1","","98.34","","","","","","Rain,Snow"
"-77.70","53.63","LA GRANDE RIVIERE A","7093716","2019-10-28 06:00","2019","10","28","06:00","","2.5","","1.8","","95","","","","19","","17","","24.1","","98.35","","","","","","NA"
"-77.70","53.63","LA GRANDE RIVIERE A","7093716","2019-10-28 07:00","2019","10","28","07:00","","2.6","","2.1","","96","","","","18","","21","","3.2","","98.36","","","","","","Rain"
"-77.70","53.63","LA GRANDE RIVIERE A","7093716","2019-10-28 08:00","2019","10","28","08:00","","2.9","","2.5","","97","","","","19","","19","","4.8","","98.41","","","","","","Rain,Fog"
"-77.70","53.63","LA GRANDE RIVIERE A","7093716","2019-10-28 09:00","2019","10","28","09:00","","3.0","","2.3","","95","","","","26","","31","","3.2","","98.51","","","","","","Rain,Fog"
"-77.70","53.63","LA GRANDE RIVIERE A","7093716","2019-10-28 10:00","2019","10","28","10:00","","2.9","","2.0","","93","","","","24","","17","","24.1","","98.59","","","","","","Drizzle"
"-77.70","53.63","LA GRANDE RIVIERE A","7093716","2019-10-28 11:00","2019","10","28","11:00","","3.4","","1.8","","89","","","","23","","17","","24.1","","98.65","","","","","","NA"
"-77.70","53.63","LA GRANDE RIVIERE A","7093716","2019-10-28 12:00","2019","10","28","12:00","","3.7","","1.4","","85","","","","23","","19","","24.1","","98.70","","","","","","NA"
"-77.70","53.63","LA GRANDE RIVIERE A","7093716","2019-10-28 13:00","2019","10","28","13:00","","4.5","","-0.3","","71","","","","24","","23","","24.1","","98.76","","","","","","Mostly Cloudy"
"-77.70","53.63","LA GRANDE RIVIERE A","7093716","2019-10-28 14:00","2019","10","28","14:00","","4.3","","-1.5","","66","","","","24","","20","","24.1","","98.81","","","","","","NA"
"-77.70","53.63","LA GRANDE RIVIERE A","7093716","2019-10-28 15:00","2019","10","28","15:00","","4.0","","-1.0","","70","","","","24","","15","","24.1","","98.89","","","","","","NA"
"-77.70","53.63","LA GRANDE RIVIERE A","7093716","2019-10-28 16:00","2019","10","28","16:00","","3.6","","-1.7","","68","","","","23","","17","","24.1","","98.97","","","","","","Mostly Cloudy"
"-77.70","53.63","LA GRANDE RIVIERE A","7093716","2019-10-28 17:00","2019","10","28","17:00","","3.3","","-1.6","","70","","","","23","","16","","24.1","","99.05","","","","","","NA"
"-77.70","53.63","LA GRANDE RIVIERE A","7093716","2019-10-28 18:00","2019","10","28","18:00","","2.4","","-0.6","","81","","","","21","","8","","24.1","","99.08","","","","","","NA"
"-77.70","53.63","LA GRANDE RIVIERE A","7093716","2019-10-28 19:00","2019","10","28","19:00","","1.5","","0.0","","90","","","","17","","8","","24.1","","99.13","","","","","","Rain,Snow"
"-77.70","53.63","LA GRANDE RIVIERE A","7093716","2019-10-28 20:00","2019","10","28","20:00","","1.2","","-0.7","","87","","","","21","","12","","3.2","","99.18","","","","","","Snow Showers"
"-77.70","53.63","LA GRANDE RIVIERE A","7093716","2019-10-28 21:00","2019","10","28","21:00","","1.4","","-0.5","","87","","","","18","","13","","24.1","","99.20","","","","","","Snow Showers"
"-77.70","53.63","LA GRANDE RIVIERE A","7093716","2019-10-28 22:00","2019","10","28","22:00","","0.9","","-0.3","","92","","","","21","","10","","24.1","","99.26","","","","","","Snow Showers"
"-77.70","53.63","LA GRANDE RIVIERE A","7093716","2019-10-28 23:00","2019","10","28","23:00","","0.9","","-0.8","","89","","","","23","","10","","24.1","","99.29","","","","","","Snow Showers"
"-77.70","53.63","LA GRANDE RIVIERE A","7093716","2019-10-29 00:00","2019","10","29","00:00","","0.4","","-0.8","","92","","","","17","","7","","24.1","","99.32","","","","","","Snow Showers"
"-77.70","53.63","LA GRANDE RIVIERE A","7093716","2019-10-29 01:00","2019","10","29","01:00","","0.6","","-0.8","","91","","","","16","","10","","24.1","","99.32","","","","","","Snow Showers"
"-77.70","53.63","LA GRANDE RIVIERE A","7093716","2019-10-29 02:00","2019","10","29","02:00","","0.8","","-0.4","","92","","","","16","","12","","24.1","","99.33","","","","","","Snow Showers"
"-77.70","53.63","LA GRANDE RIVIERE A","7093716","2019-10-29 03:00","2019","10","29","03:00","","0.8","","-0.3","","92","","","","16","","10","","24.1","","99.33","","","","","","Snow Showers"
"-77.70","53.63","LA GRANDE RIVIERE A","7093716","2019-10-29 04:00","2019","10","29","04:00","","0.6","","-0.3","","94","","","","12","","7","","24.1","","99.30","","","","","","Snow Showers"
"-77.70","53.63","LA GRANDE RIVIERE A","7093716","2019-10-29 05:00","2019","10","29","05:00","","0.4","","-0.4","","95","","","","12","","6","","24.1","","99.28","","","","","","Snow Showers"
"-77.70","53.63","LA GRANDE RIVIERE A","7093716","2019-10-29 06:00","2019","10","29","06:00","","0.5","","-0.2","","95","","","","14","","4","","24.1","","99.31","","","","","","Snow Showers"
"-77.70","53.63","LA GRANDE RIVIERE A","7093716","2019-10-29 07:00","2019","10","29","07:00","","0.5","","-0.2","","95","","","","10","","7","","24.1","","99.25","","","","","","Mostly Cloudy"
"-77.70","53.63","LA GRANDE RIVIERE A","7093716","2019-10-29 08:00","2019","10","29","08:00","","0.9","","-0.6","","90","","","","12","","8","","24.1","","99.25","","","","","","NA"
"-77.70","53.63","LA GRANDE RIVIERE A","7093716","2019-10-29 09:00","2019","10","29","09:00","","0.7","","-0.8","","90","","","","8","","3","","3.2","","99.25","","","","","","Snow"
"-77.70","53.63","LA GRANDE RIVIERE A","7093716","2019-10-29 10:00","2019","10","29","10:00","","0.2","","-0.3","","96","","","","4","","5","","2.4","","99.14","","","","","","Snow"
"-77.70","53.63","LA GRANDE RIVIERE A","7093716","2019-10-29 11:00","2019","10","29","11:00","","0.3","","-0.2","","97","","","","34","","3","","2.4","","99.13","","","","","","Snow"
"-77.70","53.63","LA GRANDE RIVIERE A","7093716","2019-10-29 12:00","2019","10","29","12:00","","0.1","","-0.4","","97","","","","36","","4","","0.8","","99.13","","","","","","Moderate Snow"
"-77.70","53.63","LA GRANDE RIVIERE A","7093716","2019-10-29 13:00","2019","10","29","13:00","","0.0","","-0.4","","97","","","","36","","8","","0.8","","99.08","","","","-3","","Moderate Snow"
"-77.70","53.63","LA GRANDE RIVIERE A","7093716","2019-10-29 14:00","2019","10","29","14:00","","0.0","","-0.7","","95","","","","1","","10","","1.6","","99.06","","","","-3","","Snow"
"-77.70","53.63","LA GRANDE RIVIERE A","7093716","2019-10-29 15:00","2019","10","29","15:00","","0.2","","-0.7","","94","","","","1","","9","","12.9","","99.10","","","","","","Snow"
"-77.70","53.63","LA GRANDE RIVIERE A","7093716","2019-10-29 16:00","2019","10","29","16:00","","0.0","","-1.2","","92","","","","36","","6","","9.7","","99.12","","","","-2","","Snow"
"-77.70","53.63","LA GRANDE RIVIERE A","7093716","2019-10-29 17:00","2019","10","29","17:00","","-0.2","","-1.0","","94","","","","1","","5","","24.1","","99.17","","","","-2","","Snow"
"-77.70","53.63","LA GRANDE RIVIERE A","7093716","2019-10-29 18:00","2019","10","29","18:00","","-0.2","","-0.8","","95","","","","7","","5","","24.1","","99.22","","","","-2","","NA"
"-77.70","53.63","LA GRANDE RIVIERE A","7093716","2019-10-29 19:00","2019","10","29","19:00","","-0.4","","-0.9","","96","","","","","","0","","24.1","","99.24","","","","","","Cloudy"
"-77.70","53.63","LA GRANDE RIVIERE A","7093716","2019-10-29 20:00","2019","10","29","20:00","","-1.5","","-1.9","","97","","","","25","","4","","24.1","","99.31","","","","-3","","NA"
"-77.70","53.63","LA GRANDE RIVIERE A","7093716","2019-10-29 21:00","2019","10","29","21:00","","-2.0","","-2.5","","97","","","","25","","7","","24.1","","99.30","","","","-5","","NA"
"-77.70","53.63","LA GRANDE RIVIERE A","7093716","2019-10-29 22:00","2019","10","29","22:00","","-2.5","","-3.0","","96","","","","26","","5","","24.1","","99.33","","","","-4","","Mostly Cloudy"
"-77.70","53.63","LA GRANDE RIVIERE A","7093716","2019-10-29 23:00","2019","10","29","23:00","","-2.6","","-3.2","","96","","","","24","","5","","24.1","","99.35","","","","-5","","NA"
"-77.70","53.63","LA GRANDE RIVIERE A","7093716","2019-10-30 00:00","2019","10","30","00:00","","-2.0","","-2.5","","97","","","","23","","4","","24.1","","99.38","","","","-3","","NA"
"-77.70","53.63","LA GRANDE RIVIERE A","7093716","2019-10-30 01:00","2019","10","30","01:00","","-0.8","","-1.2","","97","","","","17","","9","","24.1","","99.39","","","","-4","","Cloudy"
"-77.70","53.63","LA GRANDE RIVIERE A","7093716","2019-10-30 02:00","2019","10","30","02:00","","-0.7","","-1.3","","96","","","","18","","12","","24.1","","99.41","","","","-5","","NA"
"-77.70","53.63","LA GRANDE RIVIERE A","7093716","2019-10-30 03:00","2019","10","30","03:00","","-0.7","","-1.2","","97","","","","18","","10","","24.1","","99.44","","","","-4","","NA"
"-77.70","53.63","LA GRANDE RIVIERE A","7093716","2019-10-30 04:00","2019","10","30","04:00","","-0.7","","-1.1","","97","","","","19","","9","","1.6","","99.45","","","","-4","","Freezing Drizzle,Fog"
"-77.70","53.63","LA GRANDE RIVIERE A","7093716","2019-10-30 05:00","2019","10","30","05:00","","-0.6","","-0.9","","97","","","","16","","11","","1.0","","99.44","","","","-4","","Freezing Drizzle,Fog"
"-77.70","53.63","LA GRANDE RIVIERE A","7093716","2019-10-30 06:00","2019","10","30","06:00","","-0.7","","-1.1","","98","","","","18","","11","","1.6","","99.45","","","","-4","","Fog"
"-77.70","53.63","LA GRANDE RIVIERE A","7093716","2019-10-30 07:00","2019","10","30","07:00","","-0.9","","-1.2","","98","","","","18","","9","","0.8","","99.47","","","","-4","","Freezing Fog"
"-77.70","53.63","LA GRANDE RIVIERE A","7093716","2019-10-30 08:00","2019","10","30","08:00","","-1.1","","-1.4","","98","","","","17","","10","","2.4","","99.49","","","","-5","","Fog"
"-77.70","53.63","LA GRANDE RIVIERE A","7093716","2019-10-30 09:00","2019","10","30","09:00","","-0.4","","-0.7","","98","","","","17","","9","","19.3","","99.47","","","","-4","","Snow"
"-77.70","53.63","LA GRANDE RIVIERE A","7093716","2019-10-30 10:00","2019","10","30","10:00","","-0.1","","-0.7","","96","","","","17","","12","","19.3","","99.45","","","","-4","","Snow"
"-77.70","53.63","LA GRANDE RIVIERE A","7093716","2019-10-30 11:00","2019","10","30","11:00","","0.3","","-0.5","","94","","","","18","","13","","24.1","","99.43","","","","","","Snow"
"-77.70","53.63","LA GRANDE RIVIERE A","7093716","2019-10-30 12:00","2019","10","30","12:00","","0.8","","-1.2","","86","","","","20","","18","","24.1","","99.40","","","","","","Snow"
"-77.70","53.63","LA GRANDE RIVIERE A","7093716","2019-10-30 13:00","2019","10","30","13:00","","0.6","","-0.7","","91","","","","20","","18","","12.9","","99.39","","","","","","Snow Showers"
"-77.70","53.63","LA GRANDE RIVIERE A","7093716","2019-10-30 14:00","2019","10","30","14:00","","-0.6","","-1.9","","91","","","","26","","19","","24.1","","99.44","","","","-6","","Snow Showers"
"-77.70","53.63","LA GRANDE RIVIERE A","7093716","2019-10-30 15:00","2019","10","30","15:00","","-0.3","","-1.6","","91","","","","23","","10","","24.1","","99.46","","","","-4","","NA"
"-77.70","53.63","LA GRANDE RIVIERE A","7093716","2019-10-30 16:00","2019","10","30","16:00","","-0.7","","-3.2","","83","","","","25","","23","","9.7","","99.49","","","","-7","","Snow Showers"
"-77.70","53.63","LA GRANDE RIVIERE A","7093716","2019-10-30 17:00","2019","10","30","17:00","","-1.6","","-3.3","","88","","","","21","","24","","2.4","","99.51","","","","-8","","Snow Showers"
"-77.70","53.63","LA GRANDE RIVIERE A","7093716","2019-10-30 18:00","2019","10","30","18:00","","-1.7","","-2.8","","92","","","","23","","15","","3.2","","99.54","","","","-7","","Snow Showers"
"-77.70","53.63","LA GRANDE RIVIERE A","7093716","2019-10-30 19:00","2019","10","30","19:00","","-2.0","","-3.5","","90","","","","23","","14","","6.4","","99.56","","","","-7","","Snow Showers"
"-77.70","53.63","LA GRANDE RIVIERE A","7093716","2019-10-30 20:00","2019","10","30","20:00","","-2.5","","-4.0","","89","","","","24","","13","","19.3","","99.57","","","","-7","","Snow Showers"
"-77.70","53.63","LA GRANDE RIVIERE A","7093716","2019-10-30 21:00","2019","10","30","21:00","","-2.6","","-3.7","","92","","","","19","","13","","24.1","","99.55","","","","-7","","Snow Showers"
"-77.70","53.63","LA GRANDE RIVIERE A","7093716","2019-10-30 22:00","2019","10","30","22:00","","-2.7","","-4.1","","90","","","","22","","10","","24.1","","99.51","","","","-7","","Snow Showers"
"-77.70","53.63","LA GRANDE RIVIERE A","7093716","2019-10-30 23:00","2019","10","30","23:00","","-2.9","","-4.0","","92","","","","17","","8","","24.1","","99.47","","","","-6","","Snow Showers"
"-77.70","53.63","LA GRANDE RIVIERE A","7093716","2019-10-31 00:00","2019","10","31","00:00","","-2.9","","-3.9","","93","","","","17","","8","","24.1","","99.41","","","","-6","","Snow Showers"
"-77.70","53.63","LA GRANDE RIVIERE A","7093716","2019-10-31 01:00","2019","10","31","01:00","","-3.1","","-4.3","","91","","","","17","","10","","24.1","","99.35","","","","-7","","Snow Showers"
"-77.70","53.63","LA GRANDE RIVIERE A","7093716","2019-10-31 02:00","2019","10","31","02:00","","-3.1","","-4.2","","92","","","","16","","13","","24.1","","99.33","","","","-8","","Snow Showers"
"-77.70","53.63","LA GRANDE RIVIERE A","7093716","2019-10-31 03:00","2019","10","31","03:00","","-3.0","","-4.3","","90","","","","16","","9","","24.1","","99.30","","","","-7","","Snow Showers"
"-77.70","53.63","LA GRANDE RIVIERE A","7093716","2019-10-31 04:00","2019","10","31","04:00","","-3.1","","-4.3","","91","","","","16","","10","","24.1","","99.27","","","","-7","","Snow Showers"
"-77.70","53.63","LA GRANDE RIVIERE A","7093716","2019-10-31 05:00","2019","10","31","05:00","","-3.1","","-4.3","","91","","","","17","","9","","24.1","","99.24","","","","-7","","Snow"
"-77.70","53.63","LA GRANDE RIVIERE A","7093716","2019-10-31 06:00","2019","10","31","06:00","","-3.4","","-4.4","","92","","","","17","","7","","24.1","","99.17","","","","-6","","Snow"
"-77.70","53.63","LA GRANDE RIVIERE A","7093716","2019-10-31 07:00","2019","10","31","07:00","","-3.2","","-4.6","","90","","","","17","","10","","24.1","","99.14","","","","-7","","Snow"
"-77.70","53.63","LA GRANDE RIVIERE A","7093716","2019-10-31 08:00","2019","10","31","08:00","","-3.3","","-4.9","","89","","","","17","","9","","24.1","","99.12","","","","-7","","Snow"
"-77.70","53.63","LA GRANDE RIVIERE A","7093716","2019-10-31 09:00","2019","10","31","09:00","","-3.0","","-4.6","","88","","","","17","","10","","24.1","","99.09","","","","-7","","Snow"
"-77.70","53.63","LA GRANDE RIVIERE A","7093716","2019-10-31 10:00","2019","10","31","10:00","","-2.4","","-4.5","","86","","","","18","","10","","24.1","","99.07","","","","-6","","Snow"
"-77.70","53.63","LA GRANDE RIVIERE A","7093716","2019-10-31 11:00","2019","10","31","11:00","","-2.0","","-4.1","","85","","","","18","","8","","24.1","","99.03","","","","-5","","Snow"
"-77.70","53.63","LA GRANDE RIVIERE A","7093716","2019-10-31 12:00","2019","10","31","12:00","","-1.6","","-7.8","","63","","","","26","","8","","24.1","","99.01","","","","-5","","Snow"
"-77.70","53.63","LA GRANDE RIVIERE A","7093716","2019-10-31 13:00","2019","10","31","13:00","","-1.8","","-5.9","","73","","","","27","","8","","24.1","","98.96","","","","-5","","Snow"
"-77.70","53.63","LA GRANDE RIVIERE A","7093716","2019-10-31 14:00","2019","10","31","14:00","","-1.8","","-5.4","","76","","","","32","","9","","24.1","","98.97","","","","-5","","Snow"
"-77.70","53.63","LA GRANDE RIVIERE A","7093716","2019-10-31 15:00","2019","10","31","15:00","","-2.0","","-5.8","","75","","","","28","","3","","24.1","","98.98","","","","-3","","NA"
"-77.70","53.63","LA GRANDE RIVIERE A","7093716","2019-10-31 16:00","2019","10","31","16:00","","-2.3","","-5.0","","82","","","","27","","8","","24.1","","99.00","","","","-5","","Snow"
"-77.70","53.63","LA GRANDE RIVIERE A","7093716","2019-10-31 17:00","2019","10","31","17:00","","-3.5","","-4.7","","91","","","","29","","7","","24.1","","99.03","","","","-6","","NA"
"-77.70","53.63","LA GRANDE RIVIERE A","7093716","2019-10-31 18:00","2019","10","31","18:00","","-4.6","","-5.2","","96","","","","30","","5","","24.1","","99.05","","","","-7","","NA"
"-77.70","53.63","LA GRANDE RIVIERE A","7093716","2019-10-31 19:00","2019","10","31","19:00","","-4.8","","-5.7","","93","","","","32","","4","","24.1","","99.07","","","","-7","","Mainly Clear"
"-77.70","53.63","LA GRANDE RIVIERE A","7093716","2019-10-31 20:00","2019","10","31","20:00","","-6.6","","-7.5","","93","","","","","","0","","24.1","","99.06","","","","","","NA"
"-77.70","53.63","LA GRANDE RIVIERE A","7093716","2019-10-31 21:00","2019","10","31","21:00","","-7.3","","-8.2","","93","","","","30","","4","","24.1","","99.07","","","","-9","","NA"
"-77.70","53.63","LA GRANDE RIVIERE A","7093716","2019-10-31 22:00","2019","10","31","22:00","","-6.5","","-7.5","","93","","","","36","","5","","24.1","","99.00","","","","-9","","Mainly Clear"
"-77.70","53.63","LA GRANDE RIVIERE A","7093716","2019-10-31 23:00","2019","10","31","23:00","","-6.2","","-7.2","","92","","","","1","","5","","24.1","","98.95","","","","-9","","NA"
"-77.70","53.63","LA GRANDE RIVIERE A","7093716","2019-11-01 00:00","2019","11","01","00:00","","-5.9","","-6.9","","92","","","","2","","7","","24.1","","98.93","","","","-9","","NA"
"-77.70","53.63","LA GRANDE RIVIERE A","7093716","2019-11-01 01:00","2019","11","01","01:00","","-5.0","","-6.2","","91","","","","3","","7","","24.1","","98.88","","","","-8","","Clear"
"-77.70","53.63","LA GRANDE RIVIERE A","7093716","2019-11-01 02:00","2019","11","01","02:00","","-4.2","","-6.2","","86","","","","5","","11","","24.1","","98.91","","","","-9","","NA"
"-77.70","53.63","LA GRANDE RIVIERE A","7093716","2019-11-01 03:00","2019","11","01","03:00","","-4.2","","-5.9","","88","","","","2","","10","","24.1","","98.87","","","","-8","","NA"
"-77.70","53.63","LA GRANDE RIVIERE A","7093716","2019-11-01 04:00","2019","11","01","04:00","","-4.6","","-6.0","","90","","","","2","","12","","24.1","","98.79","","","","-9","","Clear"
"-77.70","53.63","LA GRANDE RIVIERE A","7093716","2019-11-01 05:00","2019","11","01","05:00","","-4.6","","-6.3","","88","","","","3","","14","","24.1","","98.86","","","","-10","","NA"
"-77.70","53.63","LA GRANDE RIVIERE A","7093716","2019-11-01 06:00","2019","11","01","06:00","","-4.6","","-6.1","","89","","","","4","","8","","24.1","","98.88","","","","-8","","NA"
"-77.70","53.63","LA GRANDE RIVIERE A","7093716","2019-11-01 07:00","2019","11","01","07:00","","-4.5","","-6.2","","88","","","","3","","11","","24.1","","98.72","","","","-9","","Cloudy"
"-77.70","53.63","LA GRANDE RIVIERE A","7093716","2019-11-01 08:00","2019","11","01","08:00","","-4.3","","-6.0","","87","","","","1","","10","","24.1","","98.78","","","","-8","","NA"
"-77.70","53.63","LA GRANDE RIVIERE A","7093716","2019-11-01 09:00","2019","11","01","09:00","","-4.3","","-6.1","","87","","","","1","","10","","24.1","","98.73","","","","-8","","NA"
"-77.70","53.63","LA GRANDE RIVIERE A","7093716","2019-11-01 10:00","2019","11","01","10:00","","-3.9","","-6.4","","83","","","","1","","13","","24.1","","98.71","","","","-9","","Mostly Cloudy"
"-77.70","53.63","LA GRANDE RIVIERE A","7093716","2019-11-01 11:00","2019","11","01","11:00","","-3.2","","-6.6","","78","","","","1","","14","","24.1","","98.77","","","","-8","","NA"
"-77.70","53.63","LA GRANDE RIVIERE A","7093716","2019-11-01 12:00","2019","11","01","12:00","","-2.9","","-6.6","","76","","","","1","","13","","24.1","","98.81","","","","-8","","NA"
"-77.70","53.63","LA GRANDE RIVIERE A","7093716","2019-11-01 13:00","2019","11","01","13:00","","-2.3","","-6.1","","75","","","","35","","10","","24.1","","98.88","","","","-6","","Mostly Cloudy"
"-77.70","53.63","LA GRANDE RIVIERE A","7093716","2019-11-01 14:00","2019","11","01","14:00","","-2.4","","-7.2","","70","","","","1","","15","","24.1","","98.91","","","","-7","","NA"
"-77.70","53.63","LA GRANDE RIVIERE A","7093716","2019-11-01 15:00","2019","11","01","15:00","","-1.8","","-6.8","","69","","","","1","","14","","24.1","","98.98","","","","-6","","NA"
"-77.70","53.63","LA GRANDE RIVIERE A","7093716","2019-11-01 16:00","2019","11","01","16:00","","-2.8","","-7.0","","73","","","","34","","9","","24.1","","99.01","","","","-6","","Mostly Cloudy"
"-77.70","53.63","LA GRANDE RIVIERE A","7093716","2019-11-01 17:00","2019","11","01","17:00","","-4.2","","-7.2","","79","","","","1","","5","","24.1","","99.07","","","","-6","","NA"
"-77.70","53.63","LA GRANDE RIVIERE A","7093716","2019-11-01 18:00","2019","11","01","18:00","","-4.7","","-7.3","","82","","","","1","","5","","24.1","","99.14","","","","-7","","NA"
"-77.70","53.63","LA GRANDE RIVIERE A","7093716","2019-11-01 19:00","2019","11","01","19:00","","-5.1","","-7.4","","84","","","","1","","5","","24.1","","99.20","","","","-7","","Mostly Cloudy"
"-77.70","53.63","LA GRANDE RIVIERE A","7093716","2019-11-01 20:00","2019","11","01","20:00","","-5.9","","-7.9","","86","","","","33","","4","","24.1","","99.23","","","","-8","","NA"
"-77.70","53.63","LA GRANDE RIVIERE A","7093716","2019-11-01 21:00","2019","11","01","21:00","","-5.5","","-7.6","","85","","","","36","","5","","24.1","","99.28","","","","-8","","NA"
"-77.70","53.63","LA GRANDE RIVIERE A","7093716","2019-11-01 22:00","2019","11","01","22:00","","-8.9","","-10.4","","89","","","","29","","4","","24.1","","99.30","","","","-11","","Mostly Cloudy"
"-77.70","53.63","LA GRANDE RIVIERE A","7093716","2019-11-01 23:00","2019","11","01","23:00","","-8.7","","-10.0","","91","","","","26","","7","","24.1","","99.33","","","","-13","","NA"
"-77.70","53.63","LA GRANDE RIVIERE A","7093716","2019-11-02 00:00","2019","11","02","00:00","","-8.8","","-9.9","","91","","","","25","","7","","24.1","","99.34","","","","-13","","NA"
"-77.70","53.63","LA GRANDE RIVIERE A","7093716","2019-11-02 01:00","2019","11","02","01:00","","-8.0","","-9.1","","92","","","","27","","4","","24.1","","99.36","","","","-10","","Mostly Cloudy"
"-77.70","53.63","LA GRANDE RIVIERE A","7093716","2019-11-02 02:00","2019","11","02","02:00","","-8.1","","-9.4","","91","","","","24","","3","","24.1","","99.36","","","","-10","","NA"
"-77.70","53.63","LA GRANDE RIVIERE A","7093716","2019-11-02 03:00","2019","11","02","03:00","","-7.5","","-9.0","","89","","","","","","0","","24.1","","99.36","","","","","","NA"
"-77.70","53.63","LA GRANDE RIVIERE A","7093716","2019-11-02 04:00","2019","11","02","04:00","","-7.1","","-8.6","","89","","","","13","","4","","24.1","","99.34","","","","-9","","Cloudy"
"-77.70","53.63","LA GRANDE RIVIERE A","7093716","2019-11-02 05:00","2019","11","02","05:00","","-7.6","","-8.7","","92","","","","11","","9","","24.1","","99.34","","","","-12","","NA"
"-77.70","53.63","LA GRANDE RIVIERE A","7093716","2019-11-02 06:00","2019","11","02","06:00","","-6.6","","-7.9","","90","","","","14","","7","","24.1","","99.33","","","","-10","","NA"
"-77.70","53.63","LA GRANDE RIVIERE A","7093716","2019-11-02 07:00","2019","11","02","07:00","","-4.7","","-6.6","","87","","","","14","","12","","24.1","","99.34","","","","-9","","Cloudy"
"-77.70","53.63","LA GRANDE RIVIERE A","7093716","2019-11-02 08:00","2019","11","02","08:00","","-4.7","","-6.5","","87","","","","13","","10","","24.1","","99.32","","","","-9","","NA"
"-77.70","53.63","LA GRANDE RIVIERE A","7093716","2019-11-02 09:00","2019","11","02","09:00","","-4.6","","-6.4","","87","","","","12","","13","","24.1","","99.28","","","","-10","","NA"
"-77.70","53.63","LA GRANDE RIVIERE A","7093716","2019-11-02 10:00","2019","11","02","10:00","","-3.1","","-6.0","","80","","","","13","","13","","24.1","","99.22","","","","-8","","Mostly Cloudy"
"-77.70","53.63","LA GRANDE RIVIERE A","7093716","2019-11-02 11:00","2019","11","02","11:00","","-2.1","","-6.1","","74","","","","14","","18","","24.1","","99.19","","","","-8","","NA"
"-77.70","53.63","LA GRANDE RIVIERE A","7093716","2019-11-02 12:00","2019","11","02","12:00","","-1.5","","-6.9","","67","","","","15","","21","","24.1","","99.13","","","","-7","","NA"
"-77.70","53.63","LA GRANDE RIVIERE A","7093716","2019-11-02 13:00","2019","11","02","13:00","","-1.3","","-6.6","","68","","","","13","","19","","24.1","","99.05","","","","-7","","Cloudy"
"-77.70","53.63","LA GRANDE RIVIERE A","7093716","2019-11-02 14:00","2019","11","02","14:00","","-1.3","","-7.0","","66","","","","13","","17","","24.1","","99.01","","","","-6","","NA"
"-77.70","53.63","LA GRANDE RIVIERE A","7093716","2019-11-02 15:00","2019","11","02","15:00","","-1.2","","-6.9","","65","","","","14","","13","","24.1","","98.96","","","","-5","","NA"
"-77.70","53.63","LA GRANDE RIVIERE A","7093716","2019-11-02 16:00","2019","11","02","16:00","","-1.6","","-6.2","","71","","","","13","","10","","24.1","","98.92","","","","-5","","Cloudy"
"-77.70","53.63","LA GRANDE RIVIERE A","7093716","2019-11-02 17:00","2019","11","02","17:00","","-2.0","","-6.1","","74","","","","13","","10","","24.1","","98.90","","","","-6","","NA"
"-77.70","53.63","LA GRANDE RIVIERE A","7093716","2019-11-02 18:00","2019","11","02","18:00","","-2.4","","-5.6","","78","","","","12","","10","","24.1","","98.90","","","","-6","","Snow"
"-77.70","53.63","LA GRANDE RIVIERE A","7093716","2019-11-02 19:00","2019","11","02","19:00","","-2.4","","-5.5","","79","","","","14","","10","","24.1","","98.85","","","","-6","","Snow"
"-77.70","53.63","LA GRANDE RIVIERE A","7093716","2019-11-02 20:00","2019","11","02","20:00","","-3.3","","-5.0","","89","","","","12","","8","","19.3","","98.81","","","","-7","","Snow"
"-77.70","53.63","LA GRANDE RIVIERE A","7093716","2019-11-02 21:00","2019","11","02","21:00","","-3.2","","-4.5","","91","","","","10","","10","","16.1","","98.74","","","","-7","","Snow"
"-77.70","53.63","LA GRANDE RIVIERE A","7093716","2019-11-02 22:00","2019","11","02","22:00","","-3.0","","-4.2","","92","","","","10","","13","","9.7","","98.66","","","","-8","","Snow"
"-77.70","53.63","LA GRANDE RIVIERE A","7093716","2019-11-02 23:00","2019","11","02","23:00","","-3.1","","-4.2","","92","","","","11","","17","","9.7","","98.57","","","","-9","","Snow"
"-77.70","53.63","LA GRANDE RIVIERE A","7093716","2019-11-03 00:00","2019","11","03","00:00","","-2.8","","-4.3","","90","","","","11","","16","","19.3","","98.50","","","","-8","","Snow"
"-77.70","53.63","LA GRANDE RIVIERE A","7093716","2019-11-03 01:00","2019","11","03","01:00","","-2.7","","-4.2","","90","","","","11","","13","","24.1","","98.43","","","","-7","","Snow"
"-77.70","53.63","LA GRANDE RIVIERE A","7093716","2019-11-03 02:00","2019","11","03","02:00","","-2.8","","-3.8","","92","","","","11","","13","","4.8","","98.37","","","","-7","","Snow"
"-77.70","53.63","LA GRANDE RIVIERE A","7093716","2019-11-03 03:00","2019","11","03","03:00","","-2.8","","-3.9","","92","","","","11","","15","","4.0","","98.31","","","","-8","","Snow"
"-77.70","53.63","LA GRANDE RIVIERE A","7093716","2019-11-03 04:00","2019","11","03","04:00","","-2.7","","-3.5","","94","","","","9","","8","","4.8","","98.26","","","","-6","","Snow"
"-77.70","53.63","LA GRANDE RIVIERE A","7093716","2019-11-03 05:00","2019","11","03","05:00","","-2.5","","-3.5","","94","","","","8","","8","","9.7","","98.21","","","","-6","","Snow"
"-77.70","53.63","LA GRANDE RIVIERE A","7093716","2019-11-03 06:00","2019","11","03","06:00","","-2.5","","-3.2","","95","","","","7","","7","","2.4","","98.17","","","","-5","","Snow"
"-77.70","53.63","LA GRANDE RIVIERE A","7093716","2019-11-03 07:00","2019","11","03","07:00","","-2.2","","-2.9","","95","","","","6","","5","","1.6","","98.12","","","","-4","","Snow"
"-77.70","53.63","LA GRANDE RIVIERE A","7093716","2019-11-03 08:00","2019","11","03","08:00","","-2.5","","-3.2","","95","","","","36","","5","","2.4","","98.11","","","","-4","","Snow"
"-77.70","53.63","LA GRANDE RIVIERE A","7093716","2019-11-03 09:00","2019","11","03","09:00","","-2.1","","-2.9","","94","","","","36","","6","","2.4","","98.11","","","","-4","","Snow"
"-77.70","53.63","LA GRANDE RIVIERE A","7093716","2019-11-03 10:00","2019","11","03","10:00","","-1.9","","-3.0","","93","","","","35","","8","","2.4","","98.09","","","","-5","","Snow"
"-77.70","53.63","LA GRANDE RIVIERE A","7093716","2019-11-03 11:00","2019","11","03","11:00","","-1.5","","-2.9","","90","","","","36","","9","","8.1","","98.09","","","","-5","","Snow"
"-77.70","53.63","LA GRANDE RIVIERE A","7093716","2019-11-03 12:00","2019","11","03","12:00","","-1.0","","-2.6","","89","","","","35","","8","","4.8","","98.08","","","","-4","","Snow"
"-77.70","53.63","LA GRANDE RIVIERE A","7093716","2019-11-03 13:00","2019","11","03","13:00","","-1.1","","-2.4","","91","","","","32","","10","","3.2","","98.09","","","","-5","","Snow"
"-77.70","53.63","LA GRANDE RIVIERE A","7093716","2019-11-03 14:00","2019","11","03","14:00","","-0.9","","-2.7","","88","","","","33","","9","","4.0","","98.11","","","","-4","","Snow"
"-77.70","53.63","LA GRANDE RIVIERE A","7093716","2019-11-03 15:00","2019","11","03","15:00","","-1.4","","-3.0","","89","","","","31","","11","","6.4","","98.16","","","","-5","","Snow"
"-77.70","53.63","LA GRANDE RIVIERE A","7093716","2019-11-03 16:00","2019","11","03","16:00","","-1.4","","-3.9","","83","","","","30","","12","","24.1","","98.24","","","","-5","","Mostly Cloudy"
"-77.70","53.63","LA GRANDE RIVIERE A","7093716","2019-11-03 17:00","2019","11","03","17:00","","-3.3","","-5.1","","88","","","","29","","10","","24.1","","98.28","","","","-7","","NA"
"-77.70","53.63","LA GRANDE RIVIERE A","7093716","2019-11-03 18:00","2019","11","03","18:00","","-5.8","","-6.8","","93","","","","26","","8","","24.1","","98.36","","","","-10","","NA"
"-77.70","53.63","LA GRANDE RIVIERE A","7093716","2019-11-03 19:00","2019","11","03","19:00","","-6.4","","-7.3","","93","","","","25","","8","","24.1","","98.39","","","","-10","","Mainly Clear"
"-77.70","53.63","LA GRANDE RIVIERE A","7093716","2019-11-03 20:00","2019","11","03","20:00","","-7.0","","-8.0","","93","","","","25","","8","","24.1","","98.41","","","","-11","","NA"
"-77.70","53.63","LA GRANDE RIVIERE A","7093716","2019-11-03 21:00","2019","11","03","21:00","","-7.2","","-8.2","","92","","","","25","","7","","24.1","","98.46","","","","-11","","NA"
"-77.70","53.63","LA GRANDE RIVIERE A","7093716","2019-11-03 22:00","2019","11","03","22:00","","-7.3","","-8.4","","92","","","","23","","7","","24.1","","98.48","","","","-11","","Mainly Clear"
"-77.70","53.63","LA GRANDE RIVIERE A","7093716","2019-11-03 23:00","2019","11","03","23:00","","-7.1","","-8.1","","92","","","","21","","7","","24.1","","98.49","","","","-11","","NA"
"-77.70","53.63","LA GRANDE RIVIERE A","7093716","2019-11-04 00:00","2019","11","04","00:00","","-6.7","","-7.8","","92","","","","21","","11","","24.1","","98.53","","","","-12","","Snow"
"-77.70","53.63","LA GRANDE RIVIERE A","7093716","2019-11-04 01:00","2019","11","04","01:00","","-5.2","","-6.1","","94","","","","19","","12","","24.1","","98.57","","","","-10","","Snow"
"-77.70","53.63","LA GRANDE RIVIERE A","7093716","2019-11-04 02:00","2019","11","04","02:00","","-5.1","","-6.0","","94","","","","19","","13","","24.1","","98.62","","","","-10","","Snow"
"-77.70","53.63","LA GRANDE RIVIERE A","7093716","2019-11-04 03:00","2019","11","04","03:00","","-4.3","","-5.0","","94","","","","19","","11","","19.3","","98.66","","","","-9","","Snow"
"-77.70","53.63","LA GRANDE RIVIERE A","7093716","2019-11-04 04:00","2019","11","04","04:00","","-3.9","","-4.6","","95","","","","21","","12","","24.1","","98.67","","","","-9","","Snow"
"-77.70","53.63","LA GRANDE RIVIERE A","7093716","2019-11-04 05:00","2019","11","04","05:00","","-3.4","","-4.0","","95","","","","20","","10","","9.7","","98.70","","","","-7","","Snow"
"-77.70","53.63","LA GRANDE RIVIERE A","7093716","2019-11-04 06:00","2019","11","04","06:00","","-3.0","","-3.7","","95","","","","21","","19","","9.7","","98.73","","","","-9","","Snow"
"-77.70","53.63","LA GRANDE RIVIERE A","7093716","2019-11-04 07:00","2019","11","04","07:00","","-3.0","","-3.7","","95","","","","21","","17","","2.4","","98.78","","","","-9","","Snow"
"-77.70","53.63","LA GRANDE RIVIERE A","7093716","2019-11-04 08:00","2019","11","04","08:00","","-2.9","","-3.9","","93","","","","22","","16","","2.4","","98.84","","","","-8","","Snow"
"-77.70","53.63","LA GRANDE RIVIERE A","7093716","2019-11-04 09:00","2019","11","04","09:00","","-3.0","","-3.9","","94","","","","20","","13","","1.6","","98.86","","","","-8","","Snow"
"-77.70","53.63","LA GRANDE RIVIERE A","7093716","2019-11-04 10:00","2019","11","04","10:00","","-2.7","","-3.7","","93","","","","20","","17","","1.6","","98.89","","","","-8","","Snow"
"-77.70","53.63","LA GRANDE RIVIERE A","7093716","2019-11-04 11:00","2019","11","04","11:00","","-2.9","","-4.1","","91","","","","20","","21","","2.4","","98.92","","","","-9","","Snow"
"-77.70","53.63","LA GRANDE RIVIERE A","7093716","2019-11-04 12:00","2019","11","04","12:00","","-3.0","","-4.5","","89","","","","19","","19","","6.4","","98.93","","","","-9","","Snow"
"-77.70","53.63","LA GRANDE RIVIERE A","7093716","2019-11-04 13:00","2019","11","04","13:00","","-2.5","","-4.5","","86","","","","20","","20","","6.4","","98.94","","","","-8","","Snow"
"-77.70","53.63","LA GRANDE RIVIERE A","7093716","2019-11-04 14:00","2019","11","04","14:00","","-2.0","","-4.3","","84","","","","20","","14","","24.1","","98.94","","","","-7","","Snow"
"-77.70","53.63","LA GRANDE RIVIERE A","7093716","2019-11-04 15:00","2019","11","04","15:00","","-2.6","","-4.4","","87","","","","17","","17","","24.1","","98.93","","","","-8","","Snow"
"-77.70","53.63","LA GRANDE RIVIERE A","7093716","2019-11-04 16:00","2019","11","04","16:00","","-2.9","","-4.8","","87","","","","16","","13","","19.3","","98.94","","","","-8","","Snow"
"-77.70","53.63","LA GRANDE RIVIERE A","7093716","2019-11-04 17:00","2019","11","04","17:00","","-3.3","","-4.8","","89","","","","14","","13","","19.3","","98.94","","","","-8","","Snow"
"-77.70","53.63","LA GRANDE RIVIERE A","7093716","2019-11-04 18:00","2019","11","04","18:00","","-3.4","","-5.0","","89","","","","12","","14","","24.1","","98.95","","","","-8","","Snow"
"-77.70","53.63","LA GRANDE RIVIERE A","7093716","2019-11-04 19:00","2019","11","04","19:00","","-3.3","","-4.8","","90","","","","12","","12","","24.1","","98.94","","","","-8","","Snow"
"-77.70","53.63","LA GRANDE RIVIERE A","7093716","2019-11-04 20:00","2019","11","04","20:00","","-3.3","","-4.5","","91","","","","12","","11","","24.1","","98.90","","","","-8","","Snow"
"-77.70","53.63","LA GRANDE RIVIERE A","7093716","2019-11-04 21:00","2019","11","04","21:00","","-3.4","","-4.5","","93","","","","14","","9","","24.1","","98.86","","","","-7","","Snow"
"-77.70","53.63","LA GRANDE RIVIERE A","7093716","2019-11-04 22:00","2019","11","04","22:00","","-3.0","","-4.2","","92","","","","12","","11","","24.1","","98.83","","","","-7","","Snow"
"-77.70","53.63","LA GRANDE RIVIERE A","7093716","2019-11-04 23:00","2019","11","04","23:00","","-2.9","","-4.2","","91","","","","12","","12","","24.1","","98.78","","","","-7","","Snow"
"-77.70","53.63","LA GRANDE RIVIERE A","7093716","2019-11-05 00:00","2019","11","05","00:00","","-3.3","","-4.5","","91","","","","12","","14","","24.1","","98.75","","","","-8","","Snow"
"-77.70","53.63","LA GRANDE RIVIERE A","7093716","2019-11-05 01:00","2019","11","05","01:00","","-3.6","","-4.9","","91","","","","13","","14","","24.1","","98.71","","","","-9","","Snow"
"-77.70","53.63","LA GRANDE RIVIERE A","7093716","2019-11-05 02:00","2019","11","05","02:00","","-5.3","","-6.2","","93","","","","11","","14","","24.1","","98.67","","","","-11","","Snow"
"-77.70","53.63","LA GRANDE RIVIERE A","7093716","2019-11-05 03:00","2019","11","05","03:00","","-5.4","","-6.1","","95","","","","12","","13","","24.1","","98.63","","","","-11","","NA"
"-77.70","53.63","LA GRANDE RIVIERE A","7093716","2019-11-05 04:00","2019","11","05","04:00","","-4.5","","-5.3","","95","","","","9","","12","","24.1","","98.61","","","","-9","","Mostly Cloudy"
"-77.70","53.63","LA GRANDE RIVIERE A","7093716","2019-11-05 05:00","2019","11","05","05:00","","-4.8","","-5.8","","93","","","","11","","7","","24.1","","98.60","","","","-8","","NA"
"-77.70","53.63","LA GRANDE RIVIERE A","7093716","2019-11-05 06:00","2019","11","05","06:00","","-5.0","","-5.7","","95","","","","5","","7","","24.1","","98.56","","","","-8","","NA"
"-77.70","53.63","LA GRANDE RIVIERE A","7093716","2019-11-05 07:00","2019","11","05","07:00","","-4.6","","-5.7","","92","","","","10","","12","","24.1","","98.55","","","","-9","","Cloudy"
"-77.70","53.63","LA GRANDE RIVIERE A","7093716","2019-11-05 08:00","2019","11","05","08:00","","-5.2","","-6.3","","92","","","","9","","3","","24.1","","98.53","","","","-7","","NA"
"-77.70","53.63","LA GRANDE RIVIERE A","7093716","2019-11-05 09:00","2019","11","05","09:00","","-3.7","","-4.6","","93","","","","","","0","","24.1","","98.50","","","","","","Snow"
"-77.70","53.63","LA GRANDE RIVIERE A","7093716","2019-11-05 10:00","2019","11","05","10:00","","-0.8","","-2.2","","90","","","","10","","10","","24.1","","98.47","","","","-4","","Snow"
"-77.70","53.63","LA GRANDE RIVIERE A","7093716","2019-11-05 11:00","2019","11","05","11:00","","0.0","","-2.6","","83","","","","7","","11","","24.1","","98.45","","","","-4","","Snow Showers"
"-77.70","53.63","LA GRANDE RIVIERE A","7093716","2019-11-05 12:00","2019","11","05","12:00","","0.5","","-3.0","","77","","","","9","","8","","24.1","","98.41","","","","","","Snow Showers"
"-77.70","53.63","LA GRANDE RIVIERE A","7093716","2019-11-05 13:00","2019","11","05","13:00","","0.0","","-2.1","","85","","","","6","","6","","19.3","","98.41","","","","-2","","Snow Showers"
"-77.70","53.63","LA GRANDE RIVIERE A","7093716","2019-11-05 14:00","2019","11","05","14:00","","-0.1","","-1.9","","88","","","","32","","4","","24.1","","98.43","","","","-1","","Snow Showers"
"-77.70","53.63","LA GRANDE RIVIERE A","7093716","2019-11-05 15:00","2019","11","05","15:00","","-0.2","","-2.4","","85","","","","3","","4","","12.9","","98.43","","","","-1","","Snow Showers"
"-77.70","53.63","LA GRANDE RIVIERE A","7093716","2019-11-05 16:00","2019","11","05","16:00","","-0.7","","-2.4","","88","","","","2","","4","","11.3","","98.42","","","","-2","","Snow Showers"
"-77.70","53.63","LA GRANDE RIVIERE A","7093716","2019-11-05 17:00","2019","11","05","17:00","","-1.2","","-2.6","","90","","","","3","","7","","12.9","","98.42","","","","-4","","Snow"
"-77.70","53.63","LA GRANDE RIVIERE A","7093716","2019-11-05 18:00","2019","11","05","18:00","","-2.0","","-2.8","","94","","","","3","","4","","12.9","","98.43","","","","-3","","Snow"
"-77.70","53.63","LA GRANDE RIVIERE A","7093716","2019-11-05 19:00","2019","11","05","19:00","","-2.1","","-2.9","","94","","","","4","","4","","24.1","","98.41","","","","-4","","Snow"
"-77.70","53.63","LA GRANDE RIVIERE A","7093716","2019-11-05 20:00","2019","11","05","20:00","","-2.0","","-2.9","","94","","","","5","","5","","24.1","","98.37","","","","-4","","Snow"
"-77.70","53.63","LA GRANDE RIVIERE A","7093716","2019-11-05 21:00","2019","11","05","21:00","","-1.6","","-2.5","","93","","","","6","","14","","1.6","","98.36","","","","-6","","Snow"
"-77.70","53.63","LA GRANDE RIVIERE A","7093716","2019-11-05 22:00","2019","11","05","22:00","","-1.6","","-2.2","","96","","","","12","","6","","2.4","","98.33","","","","-4","","Snow"
"-77.70","53.63","LA GRANDE RIVIERE A","7093716","2019-11-05 23:00","2019","11","05","23:00","","-2.5","","-3.5","","93","","","","24","","26","","1.2","","98.30","","","","-9","","Snow,Blowing Snow"
"-77.70","53.63","LA GRANDE RIVIERE A","7093716","2019-11-06 00:00","2019","11","06","00:00","","-4.3","","-5.8","","90","","","","24","","26","","4.0","","98.35","","","","-12","","Snow,Blowing Snow"
"-77.70","53.63","LA GRANDE RIVIERE A","7093716","2019-11-06 01:00","2019","11","06","01:00","","-4.9","","-6.3","","90","","","","23","","28","","3.2","","98.37","","","","-13","","Snow,Blowing Snow"
"-77.70","53.63","LA GRANDE RIVIERE A","7093716","2019-11-06 02:00","2019","11","06","02:00","","-5.4","","-7.0","","88","","","","23","","24","","1.6","","98.40","","","","-13","","Snow,Blowing Snow"
"-77.70","53.63","LA GRANDE RIVIERE A","7093716","2019-11-06 03:00","2019","11","06","03:00","","-5.6","","-7.1","","89","","","","23","","25","","1.6","","98.40","","","","-13","","Snow,Blowing Snow"
"-77.70","53.63","LA GRANDE RIVIERE A","7093716","2019-11-06 04:00","2019","11","06","04:00","","-6.5","","-8.0","","89","","","","20","","18","","1.6","","98.40","","","","-13","","Snow,Blowing Snow"
"-77.70","53.63","LA GRANDE RIVIERE A","7093716","2019-11-06 05:00","2019","11","06","05:00","","-7.8","","-9.5","","88","","","","20","","22","","1.6","","98.42","","","","-15","","Snow,Blowing Snow"
"-77.70","53.63","LA GRANDE RIVIERE A","7093716","2019-11-06 06:00","2019","11","06","06:00","","-8.2","","-9.9","","87","","","","19","","24","","1.6","","98.43","","","","-16","","Snow,Blowing Snow"
"-77.70","53.63","LA GRANDE RIVIERE A","7093716","2019-11-06 07:00","2019","11","06","07:00","","-8.5","","-10.0","","89","","","","20","","21","","2.4","","98.44","","","","-16","","Snow,Blowing Snow"
"-77.70","53.63","LA GRANDE RIVIERE A","7093716","2019-11-06 08:00","2019","11","06","08:00","","-8.6","","-10.2","","88","","","","20","","17","","3.2","","98.47","","","","-15","","Snow,Blowing Snow"
"-77.70","53.63","LA GRANDE RIVIERE A","7093716","2019-11-06 09:00","2019","11","06","09:00","","-8.4","","-10.0","","88","","","","20","","19","","2.4","","98.46","","","","-16","","Snow"
"-77.70","53.63","LA GRANDE RIVIERE A","7093716","2019-11-06 10:00","2019","11","06","10:00","","-7.4","","-9.0","","89","","","","21","","16","","2.4","","98.45","","","","-14","","Snow"
"-77.70","53.63","LA GRANDE RIVIERE A","7093716","2019-11-06 11:00","2019","11","06","11:00","","-6.3","","-8.3","","86","","","","23","","27","","2.4","","98.47","","","","-14","","Snow"
"-77.70","53.63","LA GRANDE RIVIERE A","7093716","2019-11-06 12:00","2019","11","06","12:00","","-6.0","","-8.3","","84","","","","22","","25","","2.4","","98.48","","","","-14","","Snow,Blowing Snow"
"-77.70","53.63","LA GRANDE RIVIERE A","7093716","2019-11-06 13:00","2019","11","06","13:00","","-5.8","","-8.2","","83","","","","22","","29","","3.2","","98.50","","","","-14","","Snow,Blowing Snow"
"-77.70","53.63","LA GRANDE RIVIERE A","7093716","2019-11-06 14:00","2019","11","06","14:00","","-5.8","","-7.9","","85","","","","22","","29","","3.2","","98.49","","","","-14","","Snow,Blowing Snow"
"-77.70","53.63","LA GRANDE RIVIERE A","7093716","2019-11-06 15:00","2019","11","06","15:00","","-5.7","","-7.4","","88","","","","23","","22","","1.0","","98.53","","","","-13","","Snow,Blowing Snow"
"-77.70","53.63","LA GRANDE RIVIERE A","7093716","2019-11-06 16:00","2019","11","06","16:00","","-5.5","","-7.2","","88","","","","24","","27","","2.4","","98.61","","","","-13","","Snow,Blowing Snow"
"-77.70","53.63","LA GRANDE RIVIERE A","7093716","2019-11-06 17:00","2019","11","06","17:00","","-5.6","","-7.1","","89","","","","24","","27","","3.2","","98.67","","","","-13","","Snow,Blowing Snow"
"-77.70","53.63","LA GRANDE RIVIERE A","7093716","2019-11-06 18:00","2019","11","06","18:00","","-5.6","","-7.0","","90","","","","24","","21","","9.7","","98.73","","","","-12","","Snow,Blowing Snow"
"-77.70","53.63","LA GRANDE RIVIERE A","7093716","2019-11-06 19:00","2019","11","06","19:00","","-5.3","","-6.7","","90","","","","23","","20","","6.4","","98.77","","","","-12","","Snow,Blowing Snow"
"-77.70","53.63","LA GRANDE RIVIERE A","7093716","2019-11-06 20:00","2019","11","06","20:00","","-5.3","","-6.5","","91","","","","25","","15","","9.7","","98.83","","","","-11","","Snow,Blowing Snow"
"-77.70","53.63","LA GRANDE RIVIERE A","7093716","2019-11-06 21:00","2019","11","06","21:00","","-5.4","","-6.5","","92","","","","24","","13","","4.8","","98.88","","","","-11","","Snow"
"-77.70","53.63","LA GRANDE RIVIERE A","7093716","2019-11-06 22:00","2019","11","06","22:00","","-5.2","","-6.2","","93","","","","25","","15","","6.4","","98.90","","","","-11","","Snow"
"-77.70","53.63","LA GRANDE RIVIERE A","7093716","2019-11-06 23:00","2019","11","06","23:00","","-5.0","","-5.8","","94","","","","27","","16","","4.8","","98.94","","","","-11","","Snow"
"-77.70","53.63","LA GRANDE RIVIERE A","7093716","2019-11-07 00:00","2019","11","07","00:00","","-6.1","","-7.0","","93","","","","28","","14","","0.8","","98.99","","","","-12","","Freezing Fog"
"-77.70","53.63","LA GRANDE RIVIERE A","7093716","2019-11-07 01:00","2019","11","07","01:00","","-8.2","","-9.3","","91","","","","26","","12","","24.1","","99.04","","","","-14","","Mainly Clear"
"-77.70","53.63","LA GRANDE RIVIERE A","7093716","2019-11-07 02:00","2019","11","07","02:00","","-9.3","","-10.6","","90","","","","26","","12","","24.1","","99.10","","","","-15","","NA"
"-77.70","53.63","LA GRANDE RIVIERE A","7093716","2019-11-07 03:00","2019","11","07","03:00","","-8.3","","-9.5","","92","","","","25","","13","","24.1","","99.13","","","","-14","","NA"
"-77.70","53.63","LA GRANDE RIVIERE A","7093716","2019-11-07 04:00","2019","11","07","04:00","","-9.6","","-11.0","","90","","","","26","","10","","24.1","","99.17","","","","-15","","Mostly Cloudy"
"-77.70","53.63","LA GRANDE RIVIERE A","7093716","2019-11-07 05:00","2019","11","07","05:00","","-9.5","","-10.8","","90","","","","25","","12","","0.8","","99.22","","","","-15","","Freezing Fog"
"-77.70","53.63","LA GRANDE RIVIERE A","7093716","2019-11-07 06:00","2019","11","07","06:00","","-9.8","","-11.2","","90","","","","26","","10","","0.8","","99.25","","","","-15","","Freezing Fog"
"-77.70","53.63","LA GRANDE RIVIERE A","7093716","2019-11-07 07:00","2019","11","07","07:00","","-8.0","","-9.1","","91","","","","25","","9","","0.8","","99.31","","","","-13","","Snow,Freezing Fog"
"-77.70","53.63","LA GRANDE RIVIERE A","7093716","2019-11-07 08:00","2019","11","07","08:00","","-6.3","","-7.3","","93","","","","26","","9","","4.8","","99.37","","","","-11","","Snow"
"-77.70","53.63","LA GRANDE RIVIERE A","7093716","2019-11-07 09:00","2019","11","07","09:00","","-4.9","","-5.7","","94","","","","29","","13","","2.4","","99.43","","","","-10","","Snow,Fog"
"-77.70","53.63","LA GRANDE RIVIERE A","7093716","2019-11-07 10:00","2019","11","07","10:00","","-3.7","","-4.5","","95","","","","30","","19","","24.1","","99.46","","","","-10","","Snow"
"-77.70","53.63","LA GRANDE RIVIERE A","7093716","2019-11-07 11:00","2019","11","07","11:00","","-3.6","","-4.4","","94","","","","30","","17","","24.1","","99.50","","","","-9","","NA"
"-77.70","53.63","LA GRANDE RIVIERE A","7093716","2019-11-07 12:00","2019","11","07","12:00","","-3.5","","-4.3","","94","","","","30","","14","","24.1","","99.52","","","","-9","","NA"
"-77.70","53.63","LA GRANDE RIVIERE A","7093716","2019-11-07 13:00","2019","11","07","13:00","","-2.6","","-5.8","","79","","","","31","","15","","24.1","","99.53","","","","-8","","Snow"
"-77.70","53.63","LA GRANDE RIVIERE A","7093716","2019-11-07 14:00","2019","11","07","14:00","","-3.6","","-6.5","","81","","","","30","","22","","24.1","","99.57","","","","-10","","Snow"
"-77.70","53.63","LA GRANDE RIVIERE A","7093716","2019-11-07 15:00","2019","11","07","15:00","","-3.5","","-7.0","","77","","","","30","","17","","24.1","","99.61","","","","-9","","Snow"
"-77.70","53.63","LA GRANDE RIVIERE A","7093716","2019-11-07 16:00","2019","11","07","16:00","","-4.6","","-7.3","","81","","","","30","","16","","24.1","","99.66","","","","-10","","Mostly Cloudy"
"-77.70","53.63","LA GRANDE RIVIERE A","7093716","2019-11-07 17:00","2019","11","07","17:00","","-6.8","","-8.7","","86","","","","28","","13","","24.1","","99.69","","","","-12","","Snow"
"-77.70","53.63","LA GRANDE RIVIERE A","7093716","2019-11-07 18:00","2019","11","07","18:00","","-7.0","","-8.7","","88","","","","28","","13","","24.1","","99.74","","","","-13","","Snow"
"-77.70","53.63","LA GRANDE RIVIERE A","7093716","2019-11-07 19:00","2019","11","07","19:00","","-7.0","","-8.7","","88","","","","29","","17","","24.1","","99.78","","","","-13","","Snow"
"-77.70","53.63","LA GRANDE RIVIERE A","7093716","2019-11-07 20:00","2019","11","07","20:00","","-6.8","","-8.8","","86","","","","27","","18","","24.1","","99.81","","","","-13","","Snow"
"-77.70","53.63","LA GRANDE RIVIERE A","7093716","2019-11-07 21:00","2019","11","07","21:00","","-7.8","","-9.4","","88","","","","27","","17","","24.1","","99.82","","","","-14","","Snow"
"-77.70","53.63","LA GRANDE RIVIERE A","7093716","2019-11-07 22:00","2019","11","07","22:00","","-8.4","","-10.2","","87","","","","26","","18","","24.1","","99.82","","","","-15","","Snow"
"-77.70","53.63","LA GRANDE RIVIERE A","7093716","2019-11-07 23:00","2019","11","07","23:00","","-8.4","","-10.3","","87","","","","26","","19","","24.1","","99.83","","","","-16","","Snow"
"-77.70","53.63","LA GRANDE RIVIERE A","7093716","2019-11-08 00:00","2019","11","08","00:00","","-8.9","","-10.7","","87","","","","27","","18","","24.1","","99.83","","","","-16","","Snow"
"-77.70","53.63","LA GRANDE RIVIERE A","7093716","2019-11-08 01:00","2019","11","08","01:00","","-9.4","","-11.1","","88","","","","26","","13","","24.1","","99.83","","","","-15","","Snow"
"-77.70","53.63","LA GRANDE RIVIERE A","7093716","2019-11-08 02:00","2019","11","08","02:00","","-9.5","","-11.3","","87","","","","25","","10","","24.1","","99.83","","","","-15","","Snow"
"-77.70","53.63","LA GRANDE RIVIERE A","7093716","2019-11-08 03:00","2019","11","08","03:00","","-9.5","","-11.7","","84","","","","25","","17","","24.1","","99.82","","","","-17","","Snow"
"-77.70","53.63","LA GRANDE RIVIERE A","7093716","2019-11-08 04:00","2019","11","08","04:00","","-9.6","","-11.6","","85","","","","24","","16","","24.1","","99.79","","","","-16","","Snow"
"-77.70","53.63","LA GRANDE RIVIERE A","7093716","2019-11-08 05:00","2019","11","08","05:00","","-9.8","","-11.9","","85","","","","25","","13","","24.1","","99.78","","","","-16","","Snow"
"-77.70","53.63","LA GRANDE RIVIERE A","7093716","2019-11-08 06:00","2019","11","08","06:00","","-9.9","","-11.9","","86","","","","23","","13","","24.1","","99.76","","","","-16","","Snow"
"-77.70","53.63","LA GRANDE RIVIERE A","7093716","2019-11-08 07:00","2019","11","08","07:00","","-10.1","","-12.1","","85","","","","24","","14","","24.1","","99.75","","","","-17","","Snow"
"-77.70","53.63","LA GRANDE RIVIERE A","7093716","2019-11-08 08:00","2019","11","08","08:00","","-10.1","","-12.3","","84","","","","23","","17","","24.1","","99.75","","","","-17","","Snow"
"-77.70","53.63","LA GRANDE RIVIERE A","7093716","2019-11-08 09:00","2019","11","08","09:00","","-9.9","","-12.7","","81","","","","24","","16","","9.7","","99.72","","","","-17","","Snow"
"-77.70","53.63","LA GRANDE RIVIERE A","7093716","2019-11-08 10:00","2019","11","08","10:00","","-9.6","","-12.9","","77","","","","23","","17","","24.1","","99.67","","","","-17","","Snow"
"-77.70","53.63","LA GRANDE RIVIERE A","7093716","2019-11-08 11:00","2019","11","08","11:00","","-9.6","","-13.2","","75","","","","25","","21","","19.3","","99.64","","","","-18","","Snow Showers"
"-77.70","53.63","LA GRANDE RIVIERE A","7093716","2019-11-08 12:00","2019","11","08","12:00","","-9.0","","-12.5","","76","","","","24","","21","","9.7","","99.57","","","","-17","","Snow Showers"
"-77.70","53.63","LA GRANDE RIVIERE A","7093716","2019-11-08 13:00","2019","11","08","13:00","","-9.4","","-13.6","","72","","","","23","","23","","9.7","","99.52","","","","-18","","Snow Showers"
"-77.70","53.63","LA GRANDE RIVIERE A","7093716","2019-11-08 14:00","2019","11","08","14:00","","-9.4","","-13.2","","74","","","","23","","16","","9.7","","99.45","","","","-16","","Snow Showers"
"-77.70","53.63","LA GRANDE RIVIERE A","7093716","2019-11-08 15:00","2019","11","08","15:00","","-9.9","","-12.3","","82","","","","22","","14","","4.0","","99.42","","","","-16","","Snow Showers"
"-77.70","53.63","LA GRANDE RIVIERE A","7093716","2019-11-08 16:00","2019","11","08","16:00","","-10.4","","-13.4","","79","","","","24","","17","","6.4","","99.40","","","","-18","","Snow Showers"
"-77.70","53.63","LA GRANDE RIVIERE A","7093716","2019-11-08 17:00","2019","11","08","17:00","","-10.9","","-13.2","","84","","","","24","","12","","6.4","","99.37","","","","-17","","Snow Showers"
"-77.70","53.63","LA GRANDE RIVIERE A","7093716","2019-11-08 18:00","2019","11","08","18:00","","-12.3","","-14.5","","84","","","","23","","9","","24.1","","99.34","","","","-18","","NA"
"-77.70","53.63","LA GRANDE RIVIERE A","7093716","2019-11-08 19:00","2019","11","08","19:00","","-13.2","","-15.2","","85","","","","18","","9","","24.1","","99.30","","","","-19","","Mostly Cloudy"
"-77.70","53.63","LA GRANDE RIVIERE A","7093716","2019-11-08 20:00","2019","11","08","20:00","","-13.2","","-14.9","","87","","","","17","","14","","24.1","","99.24","","","","-20","","Snow"
"-77.70","53.63","LA GRANDE RIVIERE A","7093716","2019-11-08 21:00","2019","11","08","21:00","","-13.4","","-15.2","","86","","","","17","","12","","3.2","","99.17","","","","-20","","Snow"
"-77.70","53.63","LA GRANDE RIVIERE A","7093716","2019-11-08 22:00","2019","11","08","22:00","","-12.5","","-14.3","","86","","","","18","","14","","2.4","","99.07","","","","-20","","Snow"
"-77.70","53.63","LA GRANDE RIVIERE A","7093716","2019-11-08 23:00","2019","11","08","23:00","","-12.1","","-13.9","","86","","","","18","","12","","2.0","","99.01","","","","-18","","Snow"
"-77.70","53.63","LA GRANDE RIVIERE A","7093716","2019-11-09 00:00","2019","11","09","00:00","","-11.4","","-13.2","","87","","","","19","","14","","2.0","","98.96","","","","-18","","Snow"
"-77.70","53.63","LA GRANDE RIVIERE A","7093716","2019-11-09 01:00","2019","11","09","01:00","","-11.8","","-13.6","","86","","","","19","","16","","2.0","","98.92","","","","-19","","Snow"
"-77.70","53.63","LA GRANDE RIVIERE A","7093716","2019-11-09 02:00","2019","11","09","02:00","","-12.9","","-14.8","","86","","","","19","","17","","2.4","","98.89","","","","-21","","Snow"
"-77.70","53.63","LA GRANDE RIVIERE A","7093716","2019-11-09 03:00","2019","11","09","03:00","","-15.0","","-16.8","","87","","","","18","","16","","11.3","","98.86","","","","-23","","Ice Crystals"
"-77.70","53.63","LA GRANDE RIVIERE A","7093716","2019-11-09 04:00","2019","11","09","04:00","","-15.1","","-16.8","","87","","","","18","","15","","11.3","","98.79","","","","-23","","Ice Crystals"
"-77.70","53.63","LA GRANDE RIVIERE A","7093716","2019-11-09 05:00","2019","11","09","05:00","","-15.3","","-17.0","","87","","","","17","","16","","24.1","","98.76","","","","-24","","Ice Crystals"
"-77.70","53.63","LA GRANDE RIVIERE A","7093716","2019-11-09 06:00","2019","11","09","06:00","","-15.2","","-17.0","","86","","","","18","","13","","8.1","","98.71","","","","-23","","Ice Crystals"
"-77.70","53.63","LA GRANDE RIVIERE A","7093716","2019-11-09 07:00","2019","11","09","07:00","","-15.3","","-17.1","","86","","","","19","","10","","24.1","","98.70","","","","-22","","Ice Crystals"
"-77.70","53.63","LA GRANDE RIVIERE A","7093716","2019-11-09 08:00","2019","11","09","08:00","","-14.9","","-16.7","","86","","","","18","","16","","19.3","","98.67","","","","-23","","Ice Crystals"
"-77.70","53.63","LA GRANDE RIVIERE A","7093716","2019-11-09 09:00","2019","11","09","09:00","","-14.0","","-15.8","","86","","","","18","","14","","24.1","","98.64","","","","-21","","Ice Crystals"
"-77.70","53.63","LA GRANDE RIVIERE A","7093716","2019-11-09 10:00","2019","11","09","10:00","","-12.1","","-13.8","","87","","","","18","","15","","24.1","","98.59","","","","-19","","Ice Crystals"
"-77.70","53.63","LA GRANDE RIVIERE A","7093716","2019-11-09 11:00","2019","11","09","11:00","","-10.2","","-12.4","","84","","","","20","","15","","24.1","","98.54","","","","-17","","Ice Crystals"
"-77.70","53.63","LA GRANDE RIVIERE A","7093716","2019-11-09 12:00","2019","11","09","12:00","","-9.2","","-12.9","","75","","","","20","","17","","19.3","","98.48","","","","-16","","Snow Showers"
"-77.70","53.63","LA GRANDE RIVIERE A","7093716","2019-11-09 13:00","2019","11","09","13:00","","-9.2","","-12.5","","77","","","","22","","14","","9.7","","98.46","","","","-16","","Snow Showers"
"-77.70","53.63","LA GRANDE RIVIERE A","7093716","2019-11-09 14:00","2019","11","09","14:00","","-9.2","","-13.0","","74","","","","23","","14","","16.1","","98.42","","","","-16","","Snow Showers"
"-77.70","53.63","LA GRANDE RIVIERE A","7093716","2019-11-09 15:00","2019","11","09","15:00","","-9.5","","-12.8","","77","","","","22","","12","","19.3","","98.40","","","","-15","","Snow Showers"
"-77.70","53.63","LA GRANDE RIVIERE A","7093716","2019-11-09 16:00","2019","11","09","16:00","","-9.8","","-13.2","","77","","","","20","","8","","24.1","","98.41","","","","-14","","Snow Showers"
"-77.70","53.63","LA GRANDE RIVIERE A","7093716","2019-11-09 17:00","2019","11","09","17:00","","-10.3","","-12.9","","82","","","","19","","8","","6.4","","98.41","","","","-15","","Snow Showers"
"-77.70","53.63","LA GRANDE RIVIERE A","7093716","2019-11-09 18:00","2019","11","09","18:00","","-10.6","","-12.7","","85","","","","19","","12","","4.8","","98.40","","","","-17","","Snow Showers"
"-77.70","53.63","LA GRANDE RIVIERE A","7093716","2019-11-09 19:00","2019","11","09","19:00","","-12.5","","-14.2","","87","","","","18","","10","","24.1","","98.39","","","","-18","","Snow Showers"
"-77.70","53.63","LA GRANDE RIVIERE A","7093716","2019-11-09 20:00","2019","11","09","20:00","","-13.1","","-14.6","","89","","","","18","","11","","24.1","","98.35","","","","-19","","Snow Showers"
"-77.70","53.63","LA GRANDE RIVIERE A","7093716","2019-11-09 21:00","2019","11","09","21:00","","-14.2","","-15.9","","88","","","","17","","13","","24.1","","98.34","","","","-21","","Snow Showers"
"-77.70","53.63","LA GRANDE RIVIERE A","7093716","2019-11-09 22:00","2019","11","09","22:00","","-13.7","","-15.4","","88","","","","18","","13","","24.1","","98.31","","","","-21","","Ice Crystals"
"-77.70","53.63","LA GRANDE RIVIERE A","7093716","2019-11-09 23:00","2019","11","09","23:00","","-14.3","","-16.0","","87","","","","17","","14","","24.1","","98.27","","","","-22","","Ice Crystals"
"-77.70","53.63","LA GRANDE RIVIERE A","7093716","2019-11-10 00:00","2019","11","10","00:00","","-13.8","","-15.5","","87","","","","19","","15","","24.1","","98.25","","","","-21","","Ice Crystals"
"-77.70","53.63","LA GRANDE RIVIERE A","7093716","2019-11-10 01:00","2019","11","10","01:00","","-14.9","","","M","","M","","","18","","17","","24.1","","98.27","","","","-23","","Ice Crystals"
"-77.70","53.63","LA GRANDE RIVIERE A","7093716","2019-11-10 02:00","2019","11","10","02:00","","-13.4","","","M","","M","","","18","","17","","24.1","","98.28","","","","-21","","Ice Crystals"
"-77.70","53.63","LA GRANDE RIVIERE A","7093716","2019-11-10 03:00","2019","11","10","03:00"
"-77.70","53.63","LA GRANDE RIVIERE A","7093716","2019-11-10 04:00","2019","11","10","04:00","","-12.5","","-12.9","","97","","","","14","","17","","24.1","","98.27","","","","-20","","Ice Crystals"
"-77.70","53.63","LA GRANDE RIVIERE A","7093716","2019-11-10 05:00","2019","11","10","05:00","","-11.9","","-12.3","","97","","","","14","","26","","24.1","","98.27","","","","-21","","Ice Crystals"
"-77.70","53.63","LA GRANDE RIVIERE A","7093716","2019-11-10 06:00","2019","11","10","06:00","","-13.5","","-14.9","","89","","","","18","","26","","24.1","","98.30","","","","-23","","Ice Crystals"
"-77.70","53.63","LA GRANDE RIVIERE A","7093716","2019-11-10 07:00","2019","11","10","07:00","","-13.7","","-15.1","","89","","","","18","","26","","24.1","","98.34","","","","-24","","Ice Crystals"
"-77.70","53.63","LA GRANDE RIVIERE A","7093716","2019-11-10 08:00","2019","11","10","08:00","","-12.2","","-12.6","","97","","","","18","","18","","24.1","","98.38","","","","-20","","Ice Crystals"
"-77.70","53.63","LA GRANDE RIVIERE A","7093716","2019-11-10 09:00","2019","11","10","09:00","","-11.5","","-12.1","","95","","","","22","","18","","24.1","","98.37","","","","-19","","Ice Crystals"
"-77.70","53.63","LA GRANDE RIVIERE A","7093716","2019-11-10 10:00","2019","11","10","10:00","","-6.6","","","M","","M","","","22","","18","","24.1","","98.39","","","","-13","","Mostly Cloudy"
"-77.70","53.63","LA GRANDE RIVIERE A","7093716","2019-11-10 11:00","2019","11","10","11:00","","-4.5","","-9.5","","68","","","","22","","18","","24.1","","98.40","","","","-11","","NA"
"-77.70","53.63","LA GRANDE RIVIERE A","7093716","2019-11-10 12:00","2019","11","10","12:00","","-4.6","","-9.2","","70","","","","22","","28","","24.1","","98.42","","","","-12","","NA"
"-77.70","53.63","LA GRANDE RIVIERE A","7093716","2019-11-10 13:00","2019","11","10","13:00","","-6.9","","-9.3","","83","","","","22","","28","","24.1","","98.47","","","","-15","","Mostly Cloudy"
"-77.70","53.63","LA GRANDE RIVIERE A","7093716","2019-11-10 14:00","2019","11","10","14:00","","-6.1","","-9.3","","78","","","","27","","18","","24.1","","98.52","","","","-13","","NA"
"-77.70","53.63","LA GRANDE RIVIERE A","7093716","2019-11-10 15:00","2019","11","10","15:00","","-6.5","","-10.2","","75","","","","27","","18","","24.1","","98.56","","","","-13","","NA"
"-77.70","53.63","LA GRANDE RIVIERE A","7093716","2019-11-10 16:00","2019","11","10","16:00","","-7.4","","-9.1","","88","","","","27","","18","","24.1","","98.61","","","","-14","","Mostly Cloudy"
"-77.70","53.63","LA GRANDE RIVIERE A","7093716","2019-11-10 17:00","2019","11","10","17:00","","-9.0","","-10.8","","87","","","","27","","18","","24.1","","98.64","","","","-16","","NA"
"-77.70","53.63","LA GRANDE RIVIERE A","7093716","2019-11-10 18:00","2019","11","10","18:00","","-8.9","","-10.8","","86","","","","27","","18","","24.1","","98.70","","","","-16","","NA"
"-77.70","53.63","LA GRANDE RIVIERE A","7093716","2019-11-10 19:00","2019","11","10","19:00","","-9.2","","-9.9","","95","","","","27","","18","","24.1","","98.74","","","","-16","","Mostly Cloudy"
"-77.70","53.63","LA GRANDE RIVIERE A","7093716","2019-11-10 20:00","2019","11","10","20:00","","-9.1","","-11.6","","82","","","","22","","17","","24.1","","98.77","","","","-16","","Snow"
"-77.70","53.63","LA GRANDE RIVIERE A","7093716","2019-11-10 21:00","2019","11","10","21:00","","-9.1","","-10.7","","88","","","","22","","17","","24.1","","98.81","","","","-16","","Snow"
"-77.70","53.63","LA GRANDE RIVIERE A","7093716","2019-11-10 22:00","2019","11","10","22:00","","-8.8","","-10.0","","91","","","","27","","18","","24.1","","98.87","","","","-16","","Snow"
"-77.70","53.63","LA GRANDE RIVIERE A","7093716","2019-11-10 23:00","2019","11","10","23:00","","-7.6","","-9.4","","87","","","","27","","17","","24.1","","98.89","","","","-14","","NA"
"-77.70","53.63","LA GRANDE RIVIERE A","7093716","2019-11-11 00:00","2019","11","11","00:00","","-7.1","","-9.0","","86","","","","27","","26","","24.1","","98.95","","","","-15","","Snow"
"-77.70","53.63","LA GRANDE RIVIERE A","7093716","2019-11-11 01:00","2019","11","11","01:00","","-7.8","","-9.0","","91","","","","27","","26","","24.1","","99.01","","","","-16","","Snow"
"-77.70","53.63","LA GRANDE RIVIERE A","7093716","2019-11-11 02:00","2019","11","11","02:00","","-7.7","","-9.3","","88","","","","27","","37","","24.1","","99.06","","","","-17","","Snow"
"-77.70","53.63","LA GRANDE RIVIERE A","7093716","2019-11-11 03:00","2019","11","11","03:00","","-7.5","","-8.9","","89","","","","27","","26","","24.1","","99.10","","","","-16","","Snow"
"-77.70","53.63","LA GRANDE RIVIERE A","7093716","2019-11-11 04:00","2019","11","11","04:00","","-7.9","","-9.6","","87","","","","22","","26","","24.1","","99.13","","","","-16","","Snow"
"-77.70","53.63","LA GRANDE RIVIERE A","7093716","2019-11-11 05:00","2019","11","11","05:00","","-8.2","","-9.5","","90","","","","22","","28","","16.1","","99.18","","","","-17","","Snow"
"-77.70","53.63","LA GRANDE RIVIERE A","7093716","2019-11-11 06:00","2019","11","11","06:00","","-8.2","","-9.5","","90","","","","7","","26","","19.3","","99.26","","","","-17","","Freezing Drizzle,Snow"
"-77.70","53.63","LA GRANDE RIVIERE A","7093716","2019-11-11 07:00","2019","11","11","07:00","","-8.4","","-10.0","","88","","","","27","","26","","16.1","","99.31","","","","-17","","Freezing Drizzle,Snow"
"-77.70","53.63","LA GRANDE RIVIERE A","7093716","2019-11-11 08:00","2019","11","11","08:00","","-9.1","","-10.9","","87","","","","27","","26","","6.4","","99.40","","","","-18","","Freezing Drizzle,Snow"
"-77.70","53.63","LA GRANDE RIVIERE A","7093716","2019-11-11 09:00","2019","11","11","09:00","","-9.0","","-10.8","","87","","","","27","","35","","4.0","","99.45","","","","-19","","Snow"
"-77.70","53.63","LA GRANDE RIVIERE A","7093716","2019-11-11 10:00","2019","11","11","10:00","","-9.2","","-11.7","","82","","","","27","","35","","6.4","","99.53","","","","-19","","Snow"
"-77.70","53.63","LA GRANDE RIVIERE A","7093716","2019-11-11 11:00","2019","11","11","11:00","","-9.7","","-12.0","","83","","","","24","","27","","4.8","","99.59","","","","-19","","Snow"
"-77.70","53.63","LA GRANDE RIVIERE A","7093716","2019-11-11 12:00","2019","11","11","12:00","","-9.2","","-12.0","","81","","","","23","","24","","6.4","","99.62","","","","-18","","Snow"
"-77.70","53.63","LA GRANDE RIVIERE A","7093716","2019-11-11 13:00","2019","11","11","13:00","","-9.2","","-11.7","","82","","","","23","","27","","1.0","","99.66","","","","-18","","Snow,Blowing Snow"
"-77.70","53.63","LA GRANDE RIVIERE A","7093716","2019-11-11 14:00","2019","11","11","14:00","","-9.2","","-11.7","","82","","","","23","","27","","9.7","","99.70","","","","-18","","Snow"
"-77.70","53.63","LA GRANDE RIVIERE A","7093716","2019-11-11 15:00","2019","11","11","15:00","","-9.2","","-11.9","","81","","","","23","","22","","16.1","","99.74","","","","-17","","Snow"
"-77.70","53.63","LA GRANDE RIVIERE A","7093716","2019-11-11 16:00","2019","11","11","16:00","","-9.8","","-11.9","","84","","","","22","","21","","6.4","","99.81","","","","-18","","Snow"
"-77.70","53.63","LA GRANDE RIVIERE A","7093716","2019-11-11 17:00","2019","11","11","17:00","","-9.9","","-11.9","","86","","","","24","","26","","9.7","","99.87","","","","-19","","Snow"
"-77.70","53.63","LA GRANDE RIVIERE A","7093716","2019-11-11 18:00","2019","11","11","18:00","","-9.7","","-11.5","","87","","","","24","","18","","2.4","","99.92","","","","-17","","Snow"
"-77.70","53.63","LA GRANDE RIVIERE A","7093716","2019-11-11 19:00","2019","11","11","19:00","","-9.7","","-11.4","","87","","","","24","","14","","1.6","","99.97","","","","-16","","Snow"
"-77.70","53.63","LA GRANDE RIVIERE A","7093716","2019-11-11 20:00","2019","11","11","20:00","","-9.8","","-11.8","","86","","","","23","","15","","3.2","","100.02","","","","-16","","Snow"
"-77.70","53.63","LA GRANDE RIVIERE A","7093716","2019-11-11 21:00","2019","11","11","21:00","","-9.8","","-11.6","","86","","","","24","","17","","4.0","","100.04","","","","-17","","Snow"
"-77.70","53.63","LA GRANDE RIVIERE A","7093716","2019-11-11 22:00","2019","11","11","22:00","","-10.4","","-12.0","","89","","","","23","","13","","24.1","","100.07","","","","-17","","Snow"
"-77.70","53.63","LA GRANDE RIVIERE A","7093716","2019-11-11 23:00","2019","11","11","23:00","","-11.7","","-13.2","","88","","","","20","","14","","24.1","","100.07","","","","-19","","Snow"
"-77.70","53.63","LA GRANDE RIVIERE A","7093716","2019-11-12 00:00","2019","11","12","00:00","","-12.8","","-14.4","","87","","","","19","","10","","24.1","","100.09","","","","-19","","Snow"
"-77.70","53.63","LA GRANDE RIVIERE A","7093716","2019-11-12 01:00","2019","11","12","01:00","","-13.6","","-15.3","","87","","","","19","","14","","24.1","","100.08","","","","-21","","Snow"
"-77.70","53.63","LA GRANDE RIVIERE A","7093716","2019-11-12 02:00","2019","11","12","02:00","","-13.9","","-15.7","","87","","","","21","","13","","24.1","","100.07","","","","-21","","Snow"
"-77.70","53.63","LA GRANDE RIVIERE A","7093716","2019-11-12 03:00","2019","11","12","03:00","","-14.1","","-15.7","","88","","","","22","","9","","24.1","","100.08","","","","-20","","Snow"
"-77.70","53.63","LA GRANDE RIVIERE A","7093716","2019-11-12 04:00","2019","11","12","04:00","","-13.9","","-15.5","","88","","","","21","","5","","24.1","","100.07","","","","-17","","Ice Crystals"
"-77.70","53.63","LA GRANDE RIVIERE A","7093716","2019-11-12 05:00","2019","11","12","05:00","","-13.6","","-15.0","","89","","","","","","0","","24.1","","100.07","","","","","","Ice Crystals"
"-77.70","53.63","LA GRANDE RIVIERE A","7093716","2019-11-12 06:00","2019","11","12","06:00","","-12.6","","-14.1","","89","","","","21","","8","","24.1","","100.05","","","","-18","","Snow"
"-77.70","53.63","LA GRANDE RIVIERE A","7093716","2019-11-12 07:00","2019","11","12","07:00","","-12.8","","-14.4","","88","","","","18","","3","","24.1","","100.07","","","","-15","","Ice Crystals"
"-77.70","53.63","LA GRANDE RIVIERE A","7093716","2019-11-12 08:00","2019","11","12","08:00","","-12.5","","-14.2","","87","","","","11","","4","","24.1","","100.08","","","","-15","","Snow"
"-77.70","53.63","LA GRANDE RIVIERE A","7093716","2019-11-12 09:00","2019","11","12","09:00","","-11.7","","-13.4","","88","","","","15","","4","","19.3","","100.07","","","","-14","","Snow"
"-77.70","53.63","LA GRANDE RIVIERE A","7093716","2019-11-12 10:00","2019","11","12","10:00","","-10.9","","-12.9","","85","","","","22","","5","","24.1","","100.05","","","","-14","","Snow"
"-77.70","53.63","LA GRANDE RIVIERE A","7093716","2019-11-12 11:00","2019","11","12","11:00","","-10.2","","-12.8","","82","","","","28","","9","","24.1","","100.04","","","","-15","","Snow"
"-77.70","53.63","LA GRANDE RIVIERE A","7093716","2019-11-12 12:00","2019","11","12","12:00","","-10.0","","-12.6","","82","","","","31","","6","","9.7","","99.99","","","","-14","","Snow Showers"
"-77.70","53.63","LA GRANDE RIVIERE A","7093716","2019-11-12 13:00","2019","11","12","13:00","","-10.3","","-13.1","","80","","","","29","","5","","24.1","","99.94","","","","-13","","Snow Showers"
"-77.70","53.63","LA GRANDE RIVIERE A","7093716","2019-11-12 14:00","2019","11","12","14:00","","-9.5","","-12.5","","79","","","","25","","5","","24.1","","99.89","","","","-12","","Snow Showers"
"-77.70","53.63","LA GRANDE RIVIERE A","7093716","2019-11-12 15:00","2019","11","12","15:00","","-9.5","","-12.5","","79","","","","13","","4","","24.1","","99.89","","","","-12","","Snow"
"-77.70","53.63","LA GRANDE RIVIERE A","7093716","2019-11-12 16:00","2019","11","12","16:00","","-9.8","","-12.2","","82","","","","","","0","","24.1","","99.87","","","","","","Mostly Cloudy"
"-77.70","53.63","LA GRANDE RIVIERE A","7093716","2019-11-12 17:00","2019","11","12","17:00","","-12.6","","-14.1","","89","","","","21","","4","","24.1","","99.87","","","","-15","","NA"
"-77.70","53.63","LA GRANDE RIVIERE A","7093716","2019-11-12 18:00","2019","11","12","18:00","","-13.2","","-14.7","","89","","","","17","","5","","24.1","","99.86","","","","-17","","NA"
"-77.70","53.63","LA GRANDE RIVIERE A","7093716","2019-11-12 19:00","2019","11","12","19:00","","-14.3","","-15.7","","90","","","","22","","6","","24.1","","99.85","","","","-18","","Mainly Clear"
"-77.70","53.63","LA GRANDE RIVIERE A","7093716","2019-11-12 20:00","2019","11","12","20:00","","-15.8","","-17.7","","85","","","","","","0","","24.1","","99.83","","","","","","NA"
"-77.70","53.63","LA GRANDE RIVIERE A","7093716","2019-11-12 21:00","2019","11","12","21:00","","-15.0","","-16.9","","86","","","","","","0","","24.1","","99.80","","","","","","NA"
"-77.70","53.63","LA GRANDE RIVIERE A","7093716","2019-11-12 22:00","2019","11","12","22:00","","-14.7","","-16.6","","86","","","","31","","5","","24.1","","99.79","","","","-18","","Mostly Cloudy"
"-77.70","53.63","LA GRANDE RIVIERE A","7093716","2019-11-12 23:00","2019","11","12","23:00","","-15.4","","-17.5","","84","","","","28","","4","","24.1","","99.77","","","","-18","","NA"
"-77.70","53.63","LA GRANDE RIVIERE A","7093716","2019-11-13 00:00","2019","11","13","00:00","","-13.5","","-15.3","","87","","","","","","0","","11.3","","99.80","","","","","","NA"
"-77.70","53.63","LA GRANDE RIVIERE A","7093716","2019-11-13 01:00","2019","11","13","01:00","","-12.4","","-14.1","","87","","","","","","0","","16.1","","99.80","","","","","","Cloudy"
"-77.70","53.63","LA GRANDE RIVIERE A","7093716","2019-11-13 02:00","2019","11","13","02:00","","-12.8","","-14.5","","87","","","","27","","6","","24.1","","99.81","","","","-17","","NA"
"-77.70","53.63","LA GRANDE RIVIERE A","7093716","2019-11-13 03:00","2019","11","13","03:00","","-11.7","","-13.4","","88","","","","27","","14","","24.1","","99.82","","","","-19","","NA"
"-77.70","53.63","LA GRANDE RIVIERE A","7093716","2019-11-13 04:00","2019","11","13","04:00","","-11.4","","-13.0","","88","","","","24","","7","","3.2","","99.81","","","","-16","","Snow,Fog"
"-77.70","53.63","LA GRANDE RIVIERE A","7093716","2019-11-13 05:00","2019","11","13","05:00","","-10.8","","-12.3","","89","","","","24","","10","","4.8","","99.80","","","","-16","","Snow,Fog"
"-77.70","53.63","LA GRANDE RIVIERE A","7093716","2019-11-13 06:00","2019","11","13","06:00","","-10.5","","-12.0","","89","","","","24","","8","","4.8","","99.77","","","","-15","","Snow,Fog"
"-77.70","53.63","LA GRANDE RIVIERE A","7093716","2019-11-13 07:00","2019","11","13","07:00","","-10.0","","-11.5","","89","","","","22","","10","","4.8","","99.76","","","","-15","","Snow"
"-77.70","53.63","LA GRANDE RIVIERE A","7093716","2019-11-13 08:00","2019","11","13","08:00","","-9.6","","-11.0","","90","","","","24","","12","","8.1","","99.75","","","","-15","","Snow"
"-77.70","53.63","LA GRANDE RIVIERE A","7093716","2019-11-13 09:00","2019","11","13","09:00","","-9.2","","-10.5","","90","","","","23","","13","","6.4","","99.74","","","","-15","","Snow"
"-77.70","53.63","LA GRANDE RIVIERE A","7093716","2019-11-13 10:00","2019","11","13","10:00","","-9.1","","-10.4","","90","","","","23","","14","","4.8","","99.75","","","","-15","","Snow"
"-77.70","53.63","LA GRANDE RIVIERE A","7093716","2019-11-13 11:00","2019","11","13","11:00","","-9.1","","-10.4","","90","","","","21","","16","","4.8","","99.75","","","","-16","","Snow"
"-77.70","53.63","LA GRANDE RIVIERE A","7093716","2019-11-13 12:00","2019","11","13","12:00","","-9.0","","-10.5","","89","","","","22","","21","","4.8","","99.72","","","","-17","","Snow,Blowing Snow"
"-77.70","53.63","LA GRANDE RIVIERE A","7093716","2019-11-13 13:00","2019","11","13","13:00","","-8.6","","-12.0","","77","","","","23","","25","","8.1","","99.69","","","","-17","","Snow,Blowing Snow"
"-77.70","53.63","LA GRANDE RIVIERE A","7093716","2019-11-13 14:00","2019","11","13","14:00","","-8.3","","-11.9","","76","","","","22","","20","","8.1","","99.67","","","","-16","","Snow"
"-77.70","53.63","LA GRANDE RIVIERE A","7093716","2019-11-13 15:00","2019","11","13","15:00","","-8.6","","-11.0","","83","","","","21","","13","","3.2","","99.65","","","","-15","","Snow"
"-77.70","53.63","LA GRANDE RIVIERE A","7093716","2019-11-13 16:00","2019","11","13","16:00","","-9.1","","-12.4","","77","","","","20","","18","","6.4","","99.61","","","","-16","","Snow"
"-77.70","53.63","LA GRANDE RIVIERE A","7093716","2019-11-13 17:00","2019","11","13","17:00","","-9.9","","-13.1","","78","","","","19","","17","","24.1","","99.56","","","","-17","","Snow"
"-77.70","53.63","LA GRANDE RIVIERE A","7093716","2019-11-13 18:00","2019","11","13","18:00","","-11.0","","-13.4","","83","","","","17","","17","","24.1","","99.49","","","","-18","","Snow"
"-77.70","53.63","LA GRANDE RIVIERE A","7093716","2019-11-13 19:00","2019","11","13","19:00","","-12.2","","-14.5","","83","","","","17","","16","","24.1","","99.40","","","","-20","","Snow"
"-77.70","53.63","LA GRANDE RIVIERE A","7093716","2019-11-13 20:00","2019","11","13","20:00","","-12.2","","-14.6","","83","","","","18","","15","","24.1","","99.33","","","","-19","","NA"
"-77.70","53.63","LA GRANDE RIVIERE A","7093716","2019-11-13 21:00","2019","11","13","21:00","","-11.9","","-14.8","","80","","","","18","","20","","24.1","","99.25","","","","-20","","NA"
"-77.70","53.63","LA GRANDE RIVIERE A","7093716","2019-11-13 22:00","2019","11","13","22:00","","-11.7","","-14.8","","78","","","","18","","18","","24.1","","99.17","","","","-20","","Cloudy"
"-77.70","53.63","LA GRANDE RIVIERE A","7093716","2019-11-13 23:00","2019","11","13","23:00","","-11.9","","-15.0","","78","","","","18","","22","","24.1","","99.08","","","","-21","","NA"
"-77.70","53.63","LA GRANDE RIVIERE A","7093716","2019-11-14 00:00","2019","11","14","00:00","","-11.9","","-15.0","","78","","","","17","","19","","24.1","","99.01","","","","-20","","Snow"
"-77.70","53.63","LA GRANDE RIVIERE A","7093716","2019-11-14 01:00","2019","11","14","01:00","","-11.8","","-14.8","","79","","","","18","","25","","24.1","","98.94","","","","-21","","Snow"
"-77.70","53.63","LA GRANDE RIVIERE A","7093716","2019-11-14 02:00","2019","11","14","02:00","","-12.0","","-14.2","","83","","","","17","","25","","4.8","","98.84","","","","-21","","Snow"
"-77.70","53.63","LA GRANDE RIVIERE A","7093716","2019-11-14 03:00","2019","11","14","03:00","","-11.6","","-13.8","","84","","","","17","","22","","4.8","","98.78","","","","-20","","Snow"
"-77.70","53.63","LA GRANDE RIVIERE A","7093716","2019-11-14 04:00","2019","11","14","04:00","","-11.1","","-13.2","","84","","","","17","","22","","4.8","","98.71","","","","-20","","Snow"
"-77.70","53.63","LA GRANDE RIVIERE A","7093716","2019-11-14 05:00","2019","11","14","05:00","","-10.9","","-13.2","","83","","","","17","","19","","24.1","","98.64","","","","-19","","Snow"
"-77.70","53.63","LA GRANDE RIVIERE A","7093716","2019-11-14 06:00","2019","11","14","06:00","","-10.9","","-13.2","","83","","","","16","","22","","8.1","","98.58","","","","-19","","Snow"
"-77.70","53.63","LA GRANDE RIVIERE A","7093716","2019-11-14 07:00","2019","11","14","07:00","","-11.6","","-13.7","","84","","","","17","","18","","12.9","","98.54","","","","-19","","Snow"
"-77.70","53.63","LA GRANDE RIVIERE A","7093716","2019-11-14 08:00","2019","11","14","08:00","","-11.1","","-13.2","","84","","","","16","","20","","4.8","","98.53","","","","-19","","Snow"
"-77.70","53.63","LA GRANDE RIVIERE A","7093716","2019-11-14 09:00","2019","11","14","09:00","","-10.5","","-12.8","","84","","","","17","","24","","4.8","","98.46","","","","-19","","Snow"
"-77.70","53.63","LA GRANDE RIVIERE A","7093716","2019-11-14 10:00","2019","11","14","10:00","","-9.9","","-12.3","","83","","","","17","","25","","2.0","","98.38","","","","-19","","Snow Showers"
"-77.70","53.63","LA GRANDE RIVIERE A","7093716","2019-11-14 11:00","2019","11","14","11:00","","-9.1","","-11.5","","83","","","","17","","22","","4.8","","98.32","","","","-17","","Snow Showers"
"-77.70","53.63","LA GRANDE RIVIERE A","7093716","2019-11-14 12:00","2019","11","14","12:00","","-7.7","","-10.4","","81","","","","18","","21","","4.8","","98.24","","","","-15","","Snow Showers"
"-77.70","53.63","LA GRANDE RIVIERE A","7093716","2019-11-14 13:00","2019","11","14","13:00","","-7.3","","-9.9","","82","","","","18","","22","","3.2","","98.17","","","","-15","","Snow Showers"
"-77.70","53.63","LA GRANDE RIVIERE A","7093716","2019-11-14 14:00","2019","11","14","14:00","","-7.3","","-9.7","","83","","","","17","","25","","2.8","","98.09","","","","-15","","Snow Showers"
"-77.70","53.63","LA GRANDE RIVIERE A","7093716","2019-11-14 15:00","2019","11","14","15:00","","-7.3","","-9.3","","86","","","","18","","23","","1.2","","98.04","","","","-15","","Snow Showers"
"-77.70","53.63","LA GRANDE RIVIERE A","7093716","2019-11-14 16:00","2019","11","14","16:00","","-7.3","","-9.0","","87","","","","20","","18","","1.6","","98.00","","","","-14","","Snow Showers"
"-77.70","53.63","LA GRANDE RIVIERE A","7093716","2019-11-14 17:00","2019","11","14","17:00","","-7.6","","-10.2","","81","","","","21","","21","","4.0","","98.01","","","","-15","","Snow Showers"
"-77.70","53.63","LA GRANDE RIVIERE A","7093716","2019-11-14 18:00","2019","11","14","18:00","","-8.1","","-10.0","","86","","","","20","","20","","1.6","","97.95","","","","-15","","Snow Showers"
"-77.70","53.63","LA GRANDE RIVIERE A","7093716","2019-11-14 19:00","2019","11","14","19:00","","-8.5","","-10.6","","85","","","","21","","18","","2.4","","97.92","","","","-16","","Snow Showers"
"-77.70","53.63","LA GRANDE RIVIERE A","7093716","2019-11-14 20:00","2019","11","14","20:00","","-9.1","","-10.8","","87","","","","18","","16","","2.4","","97.83","","","","-16","","Snow"
"-77.70","53.63","LA GRANDE RIVIERE A","7093716","2019-11-14 21:00","2019","11","14","21:00","","-9.2","","-11.0","","87","","","","18","","17","","2.4","","97.74","","","","-16","","Snow"
"-77.70","53.63","LA GRANDE RIVIERE A","7093716","2019-11-14 22:00","2019","11","14","22:00","","-9.2","","-10.8","","88","","","","25","","13","","2.0","","97.73","","","","-15","","Snow"
"-77.70","53.63","LA GRANDE RIVIERE A","7093716","2019-11-14 23:00","2019","11","14","23:00","","-9.6","","-11.3","","87","","","","20","","8","","2.8","","97.71","","","","-14","","Snow"
"-77.70","53.63","LA GRANDE RIVIERE A","7093716","2019-11-15 00:00","2019","11","15","00:00","","-10.0","","-11.9","","86","","","","22","","11","","4.8","","97.70","","","","-16","","Snow"
"-77.70","53.63","LA GRANDE RIVIERE A","7093716","2019-11-15 01:00","2019","11","15","01:00","","-11.6","","-13.2","","88","","","","19","","12","","24.1","","97.68","","","","-18","","Snow"
"-77.70","53.63","LA GRANDE RIVIERE A","7093716","2019-11-15 02:00","2019","11","15","02:00","","-11.0","","-12.7","","88","","","","17","","13","","4.8","","97.65","","","","-17","","Snow"
"-77.70","53.63","LA GRANDE RIVIERE A","7093716","2019-11-15 03:00","2019","11","15","03:00","","-10.6","","-12.2","","88","","","","18","","12","","2.4","","97.64","","","","-17","","Snow"
"-77.70","53.63","LA GRANDE RIVIERE A","7093716","2019-11-15 04:00","2019","11","15","04:00","","-10.8","","-12.5","","88","","","","19","","10","","12.9","","97.63","","","","-16","","Snow"
"-77.70","53.63","LA GRANDE RIVIERE A","7093716","2019-11-15 05:00","2019","11","15","05:00","","-11.0","","-12.5","","89","","","","18","","10","","19.3","","97.66","","","","-16","","Snow"
"-77.70","53.63","LA GRANDE RIVIERE A","7093716","2019-11-15 06:00","2019","11","15","06:00","","-10.8","","-12.4","","88","","","","19","","14","","3.2","","97.67","","","","-17","","Snow"
"-77.70","53.63","LA GRANDE RIVIERE A","7093716","2019-11-15 07:00","2019","11","15","07:00","","-11.1","","-12.6","","88","","","","21","","11","","4.8","","97.74","","","","-17","","Snow"
"-77.70","53.63","LA GRANDE RIVIERE A","7093716","2019-11-15 08:00","2019","11","15","08:00","","-10.5","","-12.2","","88","","","","25","","19","","1.6","","97.83","","","","-18","","Snow Showers"
"-77.70","53.63","LA GRANDE RIVIERE A","7093716","2019-11-15 09:00","2019","11","15","09:00","","-10.1","","-12.1","","85","","","","26","","25","","8.1","","97.93","","","","-19","","Snow Showers"
"-77.70","53.63","LA GRANDE RIVIERE A","7093716","2019-11-15 10:00","2019","11","15","10:00","","-10.6","","-13.1","","82","","","","25","","29","","3.6","","98.05","","","","-20","","Snow Showers,Blowing Snow"
"-77.70","53.63","LA GRANDE RIVIERE A","7093716","2019-11-15 11:00","2019","11","15","11:00","","-10.4","","-13.2","","80","","","","24","","25","","3.2","","98.10","","","","-19","","Snow Showers,Blowing Snow"
"-77.70","53.63","LA GRANDE RIVIERE A","7093716","2019-11-15 12:00","2019","11","15","12:00","","-10.4","","-12.9","","82","","","","23","","26","","1.2","","98.16","","","","-19","","Snow Showers,Blowing Snow"
"-77.70","53.63","LA GRANDE RIVIERE A","7093716","2019-11-15 13:00","2019","11","15","13:00","","-10.8","","-13.0","","84","","","","22","","27","","0.8","","98.25","","","","-20","","Moderate Snow Showers,Blowing Snow"
"-77.70","53.63","LA GRANDE RIVIERE A","7093716","2019-11-15 14:00","2019","11","15","14:00","","-10.4","","-12.3","","86","","","","22","","22","","0.2","","98.33","","","","-19","","Heavy Snow Showers,Blowing Snow"
"-77.70","53.63","LA GRANDE RIVIERE A","7093716","2019-11-15 15:00","2019","11","15","15:00","","-8.3","","-10.2","","86","","","","25","","21","","24.1","","98.41","","","","-16","","Snow Showers"
"-77.70","53.63","LA GRANDE RIVIERE A","7093716","2019-11-15 16:00","2019","11","15","16:00","","-5.7","","-8.6","","80","","","","29","","30","","4.8","","98.56","","","","-14","","Snow Showers,Blowing Snow"
"-77.70","53.63","LA GRANDE RIVIERE A","7093716","2019-11-15 17:00","2019","11","15","17:00","","-6.0","","-8.6","","82","","","","29","","40","","24.1","","98.72","","","","-15","","Snow Showers,Blowing Snow"
"-77.70","53.63","LA GRANDE RIVIERE A","7093716","2019-11-15 18:00","2019","11","15","18:00","","-6.1","","-8.6","","82","","","","28","","38","","11.3","","98.86","","","","-15","","Snow Showers,Blowing Snow"
"-77.70","53.63","LA GRANDE RIVIERE A","7093716","2019-11-15 19:00","2019","11","15","19:00","","-6.2","","-8.2","","86","","","","28","","43","","4.8","","98.97","","","","-16","","Snow Showers,Blowing Snow"
"-77.70","53.63","LA GRANDE RIVIERE A","7093716","2019-11-15 20:00","2019","11","15","20:00","","-6.1","","-7.9","","88","","","","28","","38","","4.8","","99.08","","","","-15","","Snow,Blowing Snow"
"-77.70","53.63","LA GRANDE RIVIERE A","7093716","2019-11-15 21:00","2019","11","15","21:00","","-6.3","","-8.0","","88","","","","28","","37","","24.1","","99.23","","","","-16","","Snow,Blowing Snow"
"-77.70","53.63","LA GRANDE RIVIERE A","7093716","2019-11-15 22:00","2019","11","15","22:00","","-6.5","","-8.5","","86","","","","29","","39","","11.3","","99.38","","","","-16","","Snow,Blowing Snow"
"-77.70","53.63","LA GRANDE RIVIERE A","7093716","2019-11-15 23:00","2019","11","15","23:00","","-6.7","","-8.7","","86","","","","29","","32","","9.7","","99.48","","","","-15","","Snow"
"-77.70","53.63","LA GRANDE RIVIERE A","7093716","2019-11-16 00:00","2019","11","16","00:00","","-6.7","","-8.7","","86","","","","29","","34","","24.1","","99.62","","","","-16","","Snow"
"-77.70","53.63","LA GRANDE RIVIERE A","7093716","2019-11-16 01:00","2019","11","16","01:00","","-6.5","","-8.3","","87","","","","28","","34","","4.8","","99.74","","","","-15","","Snow"
"-77.70","53.63","LA GRANDE RIVIERE A","7093716","2019-11-16 02:00","2019","11","16","02:00","","-6.8","","-8.4","","88","","","","28","","31","","24.1","","99.81","","","","-15","","Snow"
"-77.70","53.63","LA GRANDE RIVIERE A","7093716","2019-11-16 03:00","2019","11","16","03:00","","-6.7","","-8.4","","88","","","","28","","27","","11.3","","99.89","","","","-15","","Snow"
"-77.70","53.63","LA GRANDE RIVIERE A","7093716","2019-11-16 04:00","2019","11","16","04:00","","-6.5","","-8.3","","87","","","","26","","27","","24.1","","99.94","","","","-15","","Snow"
"-77.70","53.63","LA GRANDE RIVIERE A","7093716","2019-11-16 05:00","2019","11","16","05:00","","-6.8","","-8.5","","88","","","","26","","31","","24.1","","100.02","","","","-15","","Snow"
"-77.70","53.63","LA GRANDE RIVIERE A","7093716","2019-11-16 06:00","2019","11","16","06:00","","-7.2","","-9.0","","87","","","","25","","30","","12.9","","100.11","","","","-16","","Snow"
"-77.70","53.63","LA GRANDE RIVIERE A","7093716","2019-11-16 07:00","2019","11","16","07:00","","-7.3","","-9.3","","86","","","","25","","28","","24.1","","100.18","","","","-16","","Snow"
"-77.70","53.63","LA GRANDE RIVIERE A","7093716","2019-11-16 08:00","2019","11","16","08:00","","-7.5","","-9.3","","87","","","","25","","21","","8.1","","100.26","","","","-15","","Snow"
"-77.70","53.63","LA GRANDE RIVIERE A","7093716","2019-11-16 09:00","2019","11","16","09:00","","-7.7","","-9.8","","85","","","","25","","27","","24.1","","100.31","","","","-16","","Snow"
"-77.70","53.63","LA GRANDE RIVIERE A","7093716","2019-11-16 10:00","2019","11","16","10:00","","-7.7","","-10.2","","83","","","","24","","19","","24.1","","100.35","","","","-15","","Snow"
"-77.70","53.63","LA GRANDE RIVIERE A","7093716","2019-11-16 11:00","2019","11","16","11:00","","-8.0","","-11.2","","78","","","","25","","26","","24.1","","100.37","","","","-16","","Snow"
"-77.70","53.63","LA GRANDE RIVIERE A","7093716","2019-11-16 12:00","2019","11","16","12:00","","-8.2","","-11.3","","78","","","","23","","14","","24.1","","100.33","","","","-14","","Snow"
"-77.70","53.63","LA GRANDE RIVIERE A","7093716","2019-11-16 13:00","2019","11","16","13:00","","-8.7","","-12.2","","76","","","","22","","21","","8.1","","100.33","","","","-16","","Snow"
"-77.70","53.63","LA GRANDE RIVIERE A","7093716","2019-11-16 14:00","2019","11","16","14:00","","-9.7","","-13.3","","75","","","","23","","23","","8.1","","100.33","","","","-18","","Snow"
"-77.70","53.63","LA GRANDE RIVIERE A","7093716","2019-11-16 15:00","2019","11","16","15:00","","-9.6","","-12.7","","79","","","","20","","20","","4.8","","100.30","","","","-17","","Snow"
"-77.70","53.63","LA GRANDE RIVIERE A","7093716","2019-11-16 16:00","2019","11","16","16:00","","-9.9","","-12.7","","81","","","","20","","20","","4.8","","100.28","","","","-18","","Snow"
"-77.70","53.63","LA GRANDE RIVIERE A","7093716","2019-11-16 17:00","2019","11","16","17:00","","-10.4","","-13.3","","79","","","","19","","18","","24.1","","100.24","","","","-18","","Snow"
"-77.70","53.63","LA GRANDE RIVIERE A","7093716","2019-11-16 18:00","2019","11","16","18:00","","-11.9","","-14.3","","83","","","","18","","21","","24.1","","100.19","","","","-20","","Snow"
"-77.70","53.63","LA GRANDE RIVIERE A","7093716","2019-11-16 19:00","2019","11","16","19:00","","-13.1","","-15.7","","81","","","","17","","23","","24.1","","100.12","","","","-22","","Snow"
"-77.70","53.63","LA GRANDE RIVIERE A","7093716","2019-11-16 20:00","2019","11","16","20:00","","-13.3","","-17.8","","70","","","","17","","21","","24.1","","100.02","","","","-22","","NA"
"-77.70","53.63","LA GRANDE RIVIERE A","7093716","2019-11-16 21:00","2019","11","16","21:00","","-13.1","","-17.6","","69","","","","16","","22","","24.1","","99.91","","","","-22","","NA"
"-77.70","53.63","LA GRANDE RIVIERE A","7093716","2019-11-16 22:00","2019","11","16","22:00","","-12.4","","-16.9","","70","","","","15","","27","","24.1","","99.74","","","","-22","","Cloudy"
"-77.70","53.63","LA GRANDE RIVIERE A","7093716","2019-11-16 23:00","2019","11","16","23:00","","-12.0","","-16.1","","72","","","","15","","19","","24.1","","99.62","","","","-20","","NA"
"-77.70","53.63","LA GRANDE RIVIERE A","7093716","2019-11-17 00:00","2019","11","17","00:00","","-11.1","","-14.9","","74","","","","16","","20","","24.1","","99.53","","","","-19","","Snow"
"-77.70","53.63","LA GRANDE RIVIERE A","7093716","2019-11-17 01:00","2019","11","17","01:00","","-10.9","","-13.2","","84","","","","16","","17","","2.4","","99.45","","","","-18","","Snow"
"-77.70","53.63","LA GRANDE RIVIERE A","7093716","2019-11-17 02:00","2019","11","17","02:00","","-10.2","","-12.3","","85","","","","16","","23","","3.2","","99.28","","","","-19","","Snow"
"-77.70","53.63","LA GRANDE RIVIERE A","7093716","2019-11-17 03:00","2019","11","17","03:00","","-9.2","","-11.3","","85","","","","17","","23","","24.1","","99.18","","","","-17","","Snow"
"-77.70","53.63","LA GRANDE RIVIERE A","7093716","2019-11-17 04:00","2019","11","17","04:00","","-8.2","","-10.2","","86","","","","18","","28","","4.8","","99.03","","","","-17","","Snow"
"-77.70","53.63","LA GRANDE RIVIERE A","7093716","2019-11-17 05:00","2019","11","17","05:00","","-7.4","","-9.4","","86","","","","19","","27","","4.8","","98.96","","","","-16","","Snow"
"-77.70","53.63","LA GRANDE RIVIERE A","7093716","2019-11-17 06:00","2019","11","17","06:00","","-7.1","","-9.0","","86","","","","18","","25","","4.8","","98.90","","","","-15","","Snow"
"-77.70","53.63","LA GRANDE RIVIERE A","7093716","2019-11-17 07:00","2019","11","17","07:00","","-6.8","","-8.7","","86","","","","19","","30","","3.2","","98.85","","","","-15","","Snow"
"-77.70","53.63","LA GRANDE RIVIERE A","7093716","2019-11-17 08:00","2019","11","17","08:00","","-6.2","","-8.3","","85","","","","19","","27","","8.1","","98.82","","","","-14","","Snow"
"-77.70","53.63","LA GRANDE RIVIERE A","7093716","2019-11-17 09:00","2019","11","17","09:00","","-5.6","","-7.7","","86","","","","19","","26","","24.1","","98.80","","","","-13","","Snow"
"-77.70","53.63","LA GRANDE RIVIERE A","7093716","2019-11-17 10:00","2019","11","17","10:00","","-5.0","","-7.1","","86","","","","19","","27","","24.1","","98.78","","","","-13","","Snow"
"-77.70","53.63","LA GRANDE RIVIERE A","7093716","2019-11-17 11:00","2019","11","17","11:00","","-4.7","","-6.5","","87","","","","19","","23","","24.1","","98.76","","","","-12","","Snow"
"-77.70","53.63","LA GRANDE RIVIERE A","7093716","2019-11-17 12:00","2019","11","17","12:00","","-4.4","","-5.9","","90","","","","19","","30","","4.8","","98.71","","","","-12","","Snow"
"-77.70","53.63","LA GRANDE RIVIERE A","7093716","2019-11-17 13:00","2019","11","17","13:00","","-4.0","","-5.9","","87","","","","19","","22","","6.4","","98.68","","","","-11","","Snow"
"-77.70","53.63","LA GRANDE RIVIERE A","7093716","2019-11-17 14:00","2019","11","17","14:00","","-3.8","","-5.5","","88","","","","19","","21","","2.4","","98.69","","","","-10","","Snow"
"-77.70","53.63","LA GRANDE RIVIERE A","7093716","2019-11-17 15:00","2019","11","17","15:00","","-3.6","","-5.3","","88","","","","20","","25","","4.8","","98.68","","","","-11","","Snow"
"-77.70","53.63","LA GRANDE RIVIERE A","7093716","2019-11-17 16:00","2019","11","17","16:00","","-3.4","","-5.2","","87","","","","19","","23","","16.1","","98.69","","","","-10","","Snow"
"-77.70","53.63","LA GRANDE RIVIERE A","7093716","2019-11-17 17:00","2019","11","17","17:00","","-3.6","","-5.2","","89","","","","19","","21","","11.3","","98.69","","","","-10","","Snow"
"-77.70","53.63","LA GRANDE RIVIERE A","7093716","2019-11-17 18:00","2019","11","17","18:00","","-3.6","","-5.1","","89","","","","19","","21","","4.8","","98.69","","","","-10","","Snow"
"-77.70","53.63","LA GRANDE RIVIERE A","7093716","2019-11-17 19:00","2019","11","17","19:00","","-3.6","","-4.9","","91","","","","19","","20","","4.0","","98.69","","","","-10","","Snow"
"-77.70","53.63","LA GRANDE RIVIERE A","7093716","2019-11-17 20:00","2019","11","17","20:00","","-3.6","","-4.9","","90","","","","19","","23","","4.0","","98.69","","","","-10","","Snow"
"-77.70","53.63","LA GRANDE RIVIERE A","7093716","2019-11-17 21:00","2019","11","17","21:00","","-3.6","","-4.8","","91","","","","19","","19","","3.2","","98.68","","","","-10","","Snow"
"-77.70","53.63","LA GRANDE RIVIERE A","7093716","2019-11-17 22:00","2019","11","17","22:00","","-3.5","","-4.6","","92","","","","18","","19","","3.2","","98.67","","","","-9","","Snow"
"-77.70","53.63","LA GRANDE RIVIERE A","7093716","2019-11-17 23:00","2019","11","17","23:00","","-3.3","","-4.5","","91","","","","18","","17","","24.1","","98.67","","","","-9","","Snow"
"-77.70","53.63","LA GRANDE RIVIERE A","7093716","2019-11-18 00:00","2019","11","18","00:00","","-3.4","","-4.4","","92","","","","18","","17","","2.4","","98.67","","","","-9","","Snow"
"-77.70","53.63","LA GRANDE RIVIERE A","7093716","2019-11-18 01:00","2019","11","18","01:00","","-3.5","","-4.6","","92","","","","18","","16","","3.2","","98.68","","","","-9","","Snow"
"-77.70","53.63","LA GRANDE RIVIERE A","7093716","2019-11-18 02:00","2019","11","18","02:00","","-3.6","","-4.8","","92","","","","17","","14","","11.3","","98.68","","","","-9","","Snow"
"-77.70","53.63","LA GRANDE RIVIERE A","7093716","2019-11-18 03:00","2019","11","18","03:00","","-3.7","","-4.9","","92","","","","17","","18","","4.8","","98.69","","","","-10","","Snow"
"-77.70","53.63","LA GRANDE RIVIERE A","7093716","2019-11-18 04:00","2019","11","18","04:00","","-3.8","","-5.0","","92","","","","17","","16","","4.8","","98.69","","","","-9","","Snow"
"-77.70","53.63","LA GRANDE RIVIERE A","7093716","2019-11-18 05:00","2019","11","18","05:00","","-3.9","","-5.0","","92","","","","17","","18","","4.8","","98.70","","","","-10","","Snow"
"-77.70","53.63","LA GRANDE RIVIERE A","7093716","2019-11-18 06:00","2019","11","18","06:00","","-3.9","","-5.0","","92","","","","16","","15","","4.8","","98.72","","","","-9","","Snow"
"-77.70","53.63","LA GRANDE RIVIERE A","7093716","2019-11-18 07:00","2019","11","18","07:00","","-4.0","","-5.2","","92","","","","15","","14","","4.0","","98.73","","","","-9","","Snow"
"-77.70","53.63","LA GRANDE RIVIERE A","7093716","2019-11-18 08:00","2019","11","18","08:00","","-4.1","","-5.3","","92","","","","16","","13","","3.2","","98.79","","","","-9","","Snow"
"-77.70","53.63","LA GRANDE RIVIERE A","7093716","2019-11-18 09:00","2019","11","18","09:00","","-4.2","","-5.4","","91","","","","15","","12","","3.2","","98.78","","","","-9","","Snow"
"-77.70","53.63","LA GRANDE RIVIERE A","7093716","2019-11-18 10:00","2019","11","18","10:00","","-4.0","","-5.2","","91","","","","15","","11","","6.4","","98.81","","","","-8","","Snow"
"-77.70","53.63","LA GRANDE RIVIERE A","7093716","2019-11-18 11:00","2019","11","18","11:00","","-3.8","","-5.1","","90","","","","15","","13","","24.1","","98.81","","","","-9","","Snow"
"-77.70","53.63","LA GRANDE RIVIERE A","7093716","2019-11-18 12:00","2019","11","18","12:00","","-3.7","","-5.1","","90","","","","14","","9","","8.1","","98.80","","","","-7","","Snow"
"-77.70","53.63","LA GRANDE RIVIERE A","7093716","2019-11-18 13:00","2019","11","18","13:00","","-3.4","","-5.2","","88","","","","14","","15","","3.2","","98.79","","","","-9","","Snow Showers"
"-77.70","53.63","LA GRANDE RIVIERE A","7093716","2019-11-18 14:00","2019","11","18","14:00","","-3.4","","-5.1","","88","","","","14","","13","","4.0","","98.80","","","","-8","","Snow Showers"
"-77.70","53.63","LA GRANDE RIVIERE A","7093716","2019-11-18 15:00","2019","11","18","15:00","","-3.8","","-5.1","","91","","","","12","","12","","24.1","","98.80","","","","-8","","Snow"
"-77.70","53.63","LA GRANDE RIVIERE A","7093716","2019-11-18 16:00","2019","11","18","16:00","","-3.6","","-5.0","","90","","","","13","","9","","24.1","","98.82","","","","-7","","Cloudy"
"-77.70","53.63","LA GRANDE RIVIERE A","7093716","2019-11-18 17:00","2019","11","18","17:00","","-3.9","","-5.0","","93","","","","12","","9","","24.1","","98.83","","","","-8","","Freezing Drizzle"
"-77.70","53.63","LA GRANDE RIVIERE A","7093716","2019-11-18 18:00","2019","11","18","18:00","","-4.4","","-5.5","","92","","","","12","","9","","24.1","","98.84","","","","-8","","Freezing Drizzle"
"-77.70","53.63","LA GRANDE RIVIERE A","7093716","2019-11-18 19:00","2019","11","18","19:00","","-4.8","","-5.9","","93","","","","11","","10","","24.1","","98.85","","","","-9","","Snow"
"-77.70","53.63","LA GRANDE RIVIERE A","7093716","2019-11-18 20:00","2019","11","18","20:00","","-5.5","","-6.3","","94","","","","12","","10","","24.1","","98.84","","","","-10","","Snow"
"-77.70","53.63","LA GRANDE RIVIERE A","7093716","2019-11-18 21:00","2019","11","18","21:00","","-4.7","","-5.6","","93","","","","12","","9","","24.1","","98.86","","","","-9","","Snow"
"-77.70","53.63","LA GRANDE RIVIERE A","7093716","2019-11-18 22:00","2019","11","18","22:00","","-4.4","","-5.4","","93","","","","11","","11","","24.1","","98.86","","","","-9","","Snow"
"-77.70","53.63","LA GRANDE RIVIERE A","7093716","2019-11-18 23:00","2019","11","18","23:00","","-4.1","","-5.1","","93","","","","9","","7","","24.1","","98.86","","","","-7","","Snow"
"-77.70","53.63","LA GRANDE RIVIERE A","7093716","2019-11-19 00:00","2019","11","19","00:00","","-2.0","","-4.7","","81","","","","14","","4","","24.1","","98.88","","","","-3","","Snow"
"-77.70","53.63","LA GRANDE RIVIERE A","7093716","2019-11-19 01:00","2019","11","19","01:00","","-3.7","","-4.6","","93","","","","14","","4","","24.1","","98.87","","","","-5","","Snow"
"-77.70","53.63","LA GRANDE RIVIERE A","7093716","2019-11-19 02:00","2019","11","19","02:00","","-3.6","","-4.5","","93","","","","14","","4","","24.1","","98.87","","","","-5","","Snow"
"-77.70","53.63","LA GRANDE RIVIERE A","7093716","2019-11-19 03:00","2019","11","19","03:00","","-3.5","","-4.4","","93","","","","14","","4","","24.1","","98.85","","","","-5","","NA"
"-77.70","53.63","LA GRANDE RIVIERE A","7093716","2019-11-19 04:00","2019","11","19","04:00","","-3.5","","-4.5","","92","","","","14","","4","","24.1","","98.84","","","","-5","","Cloudy"
"-77.70","53.63","LA GRANDE RIVIERE A","7093716","2019-11-19 05:00","2019","11","19","05:00","","-3.7","","-4.7","","92","","","","14","","4","","24.1","","98.84","","","","-5","","NA"
"-77.70","53.63","LA GRANDE RIVIERE A","7093716","2019-11-19 06:00","2019","11","19","06:00","","-3.9","","-5.1","","91","","","","14","","4","","24.1","","98.89","","","","-6","","NA"
"-77.70","53.63","LA GRANDE RIVIERE A","7093716","2019-11-19 07:00","2019","11","19","07:00","","-3.9","","-5.4","","89","","","","14","","4","","24.1","","98.92","","","","-6","","Cloudy"
"-77.70","53.63","LA GRANDE RIVIERE A","7093716","2019-11-19 08:00","2019","11","19","08:00","","-3.9","","-5.1","","91","","","","14","","4","","24.1","","98.95","","","","-6","","NA"
"-77.70","53.63","LA GRANDE RIVIERE A","7093716","2019-11-19 09:00","2019","11","19","09:00","","-3.0","","-4.8","","87","","","","14","","9","","24.1","","98.94","","","","-7","","NA"
"-77.70","53.63","LA GRANDE RIVIERE A","7093716","2019-11-19 10:00","2019","11","19","10:00","","-2.0","","-5.3","","78","","","","14","","9","","24.1","","98.96","","","","-5","","Mostly Cloudy"
"-77.70","53.63","LA GRANDE RIVIERE A","7093716","2019-11-19 11:00","2019","11","19","11:00","","-1.5","","-5.6","","73","","","","14","","17","","24.1","","98.97","","","","-7","","NA"
"-77.70","53.63","LA GRANDE RIVIERE A","7093716","2019-11-19 12:00","2019","11","19","12:00","","-0.9","","-5.3","","72","","","","14","","9","","24.1","","98.95","","","","-4","","NA"
"-77.70","53.63","LA GRANDE RIVIERE A","7093716","2019-11-19 13:00","2019","11","19","13:00","","-0.6","","-5.5","","69","","","","14","","17","","24.1","","98.95","","","","-6","","Mostly Cloudy"
"-77.70","53.63","LA GRANDE RIVIERE A","7093716","2019-11-19 14:00","2019","11","19","14:00","","-0.5","","-5.2","","70","","","","14","","9","","24.1","","98.95","","","","-4","","NA"
"-77.70","53.63","LA GRANDE RIVIERE A","7093716","2019-11-19 15:00","2019","11","19","15:00","","-1.2","","-5.3","","74","","","","14","","9","","24.1","","98.97","","","","-4","","NA"
"-77.70","53.63","LA GRANDE RIVIERE A","7093716","2019-11-19 16:00","2019","11","19","16:00","","-2.0","","-5.3","","78","","","","9","","9","","24.1","","98.99","","","","-5","","Mostly Cloudy"
"-77.70","53.63","LA GRANDE RIVIERE A","7093716","2019-11-19 17:00","2019","11","19","17:00","","-2.9","","-6.2","","78","","","","8","","14","","24.1","","99.00","","","","-8","","NA"
"-77.70","53.63","LA GRANDE RIVIERE A","7093716","2019-11-19 18:00","2019","11","19","18:00","","-3.0","","-5.7","","82","","","","8","","11","","24.1","","99.03","","","","-7","","NA"
"-77.70","53.63","LA GRANDE RIVIERE A","7093716","2019-11-19 19:00","2019","11","19","19:00","","-3.0","","-5.4","","84","","","","8","","9","","24.1","","99.05","","","","-7","","Cloudy"
"-77.70","53.63","LA GRANDE RIVIERE A","7093716","2019-11-19 20:00","2019","11","19","20:00","","-2.6","","-4.8","","85","","","","8","","10","","24.1","","99.07","","","","-6","","NA"
"-77.70","53.63","LA GRANDE RIVIERE A","7093716","2019-11-19 21:00","2019","11","19","21:00","","-3.0","","-4.8","","88","","","","9","","5","","24.1","","99.07","","","","-5","","NA"
"-77.70","53.63","LA GRANDE RIVIERE A","7093716","2019-11-19 22:00","2019","11","19","22:00","","-2.8","","-4.7","","87","","","","10","","9","","24.1","","99.05","","","","-6","","Cloudy"
"-77.70","53.63","LA GRANDE RIVIERE A","7093716","2019-11-19 23:00","2019","11","19","23:00","","-2.9","","-4.7","","87","","","","13","","4","","24.1","","99.04","","","","-4","","NA"
"-77.70","53.63","LA GRANDE RIVIERE A","7093716","2019-11-20 00:00","2019","11","20","00:00","","-3.6","","-5.8","","85","","","","12","","8","","24.1","","99.06","","","","-7","","NA"
"-77.70","53.63","LA GRANDE RIVIERE A","7093716","2019-11-20 01:00","2019","11","20","01:00","","-3.5","","-5.8","","84","","","","11","","13","","24.1","","99.05","","","","-8","","Cloudy"
"-77.70","53.63","LA GRANDE RIVIERE A","7093716","2019-11-20 02:00","2019","11","20","02:00","","-3.3","","-5.9","","82","","","","13","","12","","24.1","","99.08","","","","-8","","NA"
"-77.70","53.63","LA GRANDE RIVIERE A","7093716","2019-11-20 03:00","2019","11","20","03:00","","-4.1","","-6.3","","85","","","","14","","9","","24.1","","99.11","","","","-8","","NA"
"-77.70","53.63","LA GRANDE RIVIERE A","7093716","2019-11-20 04:00","2019","11","20","04:00","","-4.4","","-6.4","","86","","","","9","","13","","24.1","","99.09","","","","-9","","Cloudy"
"-77.70","53.63","LA GRANDE RIVIERE A","7093716","2019-11-20 05:00","2019","11","20","05:00","","-5.0","","-6.8","","87","","","","13","","10","","24.1","","99.08","","","","-9","","NA"
"-77.70","53.63","LA GRANDE RIVIERE A","7093716","2019-11-20 06:00","2019","11","20","06:00","","-5.6","","-7.2","","89","","","","12","","10","","24.1","","99.09","","","","-10","","NA"
"-77.70","53.63","LA GRANDE RIVIERE A","7093716","2019-11-20 07:00","2019","11","20","07:00","","-7.6","","-9.0","","90","","","","15","","7","","24.1","","99.16","","","","-11","","Mostly Cloudy"
"-77.70","53.63","LA GRANDE RIVIERE A","7093716","2019-11-20 08:00","2019","11","20","08:00","","-6.9","","-8.1","","91","","","","14","","8","","24.1","","99.18","","","","-11","","NA"
"-77.70","53.63","LA GRANDE RIVIERE A","7093716","2019-11-20 09:00","2019","11","20","09:00","","-6.4","","-7.5","","92","","","","13","","8","","24.1","","99.18","","","","-10","","NA"
"-77.70","53.63","LA GRANDE RIVIERE A","7093716","2019-11-20 10:00","2019","11","20","10:00","","-6.7","","-8.5","","87","","","","15","","6","","24.1","","99.19","","","","-10","","Mainly Clear"
"-77.70","53.63","LA GRANDE RIVIERE A","7093716","2019-11-20 11:00","2019","11","20","11:00","","-3.6","","-7.3","","75","","","","17","","6","","24.1","","99.18","","","","-6","","NA"
"-77.70","53.63","LA GRANDE RIVIERE A","7093716","2019-11-20 12:00","2019","11","20","12:00","","-3.4","","-7.5","","73","","","","19","","10","","24.1","","99.15","","","","-7","","NA"
"-77.70","53.63","LA GRANDE RIVIERE A","7093716","2019-11-20 13:00","2019","11","20","13:00","","-2.9","","-7.2","","72","","","","21","","5","","24.1","","99.16","","","","-5","","Mostly Cloudy"
"-77.70","53.63","LA GRANDE RIVIERE A","7093716","2019-11-20 14:00","2019","11","20","14:00","","-2.5","","-6.0","","77","","","","18","","8","","24.1","","99.16","","","","-6","","NA"
"-77.70","53.63","LA GRANDE RIVIERE A","7093716","2019-11-20 15:00","2019","11","20","15:00","","-2.2","","-5.3","","79","","","","17","","4","","24.1","","99.14","","","","-4","","NA"
"-77.70","53.63","LA GRANDE RIVIERE A","7093716","2019-11-20 16:00","2019","11","20","16:00","","-2.3","","-5.0","","82","","","","17","","5","","24.1","","99.17","","","","-4","","Mostly Cloudy"
"-77.70","53.63","LA GRANDE RIVIERE A","7093716","2019-11-20 17:00","2019","11","20","17:00","","-3.0","","-5.2","","85","","","","19","","6","","24.1","","99.19","","","","-5","","NA"
"-77.70","53.63","LA GRANDE RIVIERE A","7093716","2019-11-20 18:00","2019","11","20","18:00","","-3.0","","-5.1","","85","","","","19","","12","","24.1","","99.22","","","","-7","","NA"
"-77.70","53.63","LA GRANDE RIVIERE A","7093716","2019-11-20 19:00","2019","11","20","19:00","","-3.2","","-4.7","","89","","","","18","","9","","9.7","","99.21","","","","-7","","Snow"
"-77.70","53.63","LA GRANDE RIVIERE A","7093716","2019-11-20 20:00","2019","11","20","20:00","","-3.2","","-4.6","","90","","","","18","","14","","24.1","","99.18","","","","-8","","Snow"
"-77.70","53.63","LA GRANDE RIVIERE A","7093716","2019-11-20 21:00","2019","11","20","21:00","","-3.1","","-4.5","","90","","","","18","","12","","24.1","","99.17","","","","-8","","Snow"
"-77.70","53.63","LA GRANDE RIVIERE A","7093716","2019-11-20 22:00","2019","11","20","22:00","","-3.0","","-4.2","","92","","","","17","","15","","12.9","","99.15","","","","-8","","Freezing Drizzle"
"-77.70","53.63","LA GRANDE RIVIERE A","7093716","2019-11-20 23:00","2019","11","20","23:00","","-2.8","","-3.5","","95","","","","18","","16","","4.8","","99.12","","","","-8","","Freezing Drizzle,Fog"
"-77.70","53.63","LA GRANDE RIVIERE A","7093716","2019-11-21 00:00","2019","11","21","00:00","","-2.5","","-3.0","","96","","","","18","","12","","2.0","","99.09","","","","-7","","Freezing Drizzle,Fog"
"-77.70","53.63","LA GRANDE RIVIERE A","7093716","2019-11-21 01:00","2019","11","21","01:00","","-2.2","","-2.7","","96","","","","18","","13","","0.8","","99.06","","","","-7","","Freezing Fog"
"-77.70","53.63","LA GRANDE RIVIERE A","7093716","2019-11-21 02:00","2019","11","21","02:00","","-1.9","","-2.4","","97","","","","18","","14","","0.4","","99.03","","","","-7","","Freezing Fog"
"-77.70","53.63","LA GRANDE RIVIERE A","7093716","2019-11-21 03:00","2019","11","21","03:00","","-1.7","","-2.1","","97","","","","17","","11","","0.6","","98.98","","","","-6","","Snow,Freezing Fog"
"-77.70","53.63","LA GRANDE RIVIERE A","7093716","2019-11-21 04:00","2019","11","21","04:00","","-1.2","","-1.6","","97","","","","19","","9","","0.8","","98.93","","","","-4","","Snow,Freezing Fog"
"-77.70","53.63","LA GRANDE RIVIERE A","7093716","2019-11-21 05:00","2019","11","21","05:00","","-0.9","","-1.3","","97","","","","17","","15","","2.4","","98.87","","","","-6","","Snow,Fog"
"-77.70","53.63","LA GRANDE RIVIERE A","7093716","2019-11-21 06:00","2019","11","21","06:00","","-0.9","","-1.2","","97","","","","19","","16","","11.3","","98.83","","","","-6","","Snow"
"-77.70","53.63","LA GRANDE RIVIERE A","7093716","2019-11-21 07:00","2019","11","21","07:00","","-1.0","","-1.3","","97","","","","18","","13","","2.0","","98.73","","","","-5","","Snow"
"-77.70","53.63","LA GRANDE RIVIERE A","7093716","2019-11-21 08:00","2019","11","21","08:00","","-0.8","","-1.3","","96","","","","16","","16","","1.2","","98.63","","","","-6","","Snow"
"-77.70","53.63","LA GRANDE RIVIERE A","7093716","2019-11-21 09:00","2019","11","21","09:00","","-0.6","","-1.1","","96","","","","17","","14","","1.6","","98.55","","","","-5","","Snow"
"-77.70","53.63","LA GRANDE RIVIERE A","7093716","2019-11-21 10:00","2019","11","21","10:00","","-0.3","","-0.9","","96","","","","19","","13","","1.6","","98.50","","","","-4","","Snow"
"-77.70","53.63","LA GRANDE RIVIERE A","7093716","2019-11-21 11:00","2019","11","21","11:00","","-0.3","","-0.9","","96","","","","20","","12","","1.6","","98.44","","","","-4","","Snow"
"-77.70","53.63","LA GRANDE RIVIERE A","7093716","2019-11-21 12:00","2019","11","21","12:00","","-0.3","","-1.0","","95","","","","22","","13","","1.6","","98.34","","","","-4","","Snow"
"-77.70","53.63","LA GRANDE RIVIERE A","7093716","2019-11-21 13:00","2019","11","21","13:00","","-1.6","","-2.4","","94","","","","28","","10","","2.0","","98.25","","","","-5","","Snow"
"-77.70","53.63","LA GRANDE RIVIERE A","7093716","2019-11-21 14:00","2019","11","21","14:00","","-1.8","","-2.6","","95","","","","28","","10","","2.0","","98.19","","","","-5","","Snow"
"-77.70","53.63","LA GRANDE RIVIERE A","7093716","2019-11-21 15:00","2019","11","21","15:00","","-2.3","","-3.1","","94","","","","26","","13","","2.0","","98.15","","","","-7","","Snow"
"-77.70","53.63","LA GRANDE RIVIERE A","7093716","2019-11-21 16:00","2019","11","21","16:00","","-2.8","","-3.5","","94","","","","29","","9","","2.4","","98.13","","","","-6","","Snow"
"-77.70","53.63","LA GRANDE RIVIERE A","7093716","2019-11-21 17:00","2019","11","21","17:00","","-3.6","","-4.5","","94","","","","31","","8","","3.2","","98.07","","","","-7","","Snow"
"-77.70","53.63","LA GRANDE RIVIERE A","7093716","2019-11-21 18:00","2019","11","21","18:00","","-4.1","","-5.0","","94","","","","31","","8","","2.4","","98.03","","","","-8","","Snow"
"-77.70","53.63","LA GRANDE RIVIERE A","7093716","2019-11-21 19:00","2019","11","21","19:00","","-4.7","","-5.8","","92","","","","32","","12","","11.3","","97.98","","","","-9","","Snow"
"-77.70","53.63","LA GRANDE RIVIERE A","7093716","2019-11-21 20:00","2019","11","21","20:00","","-5.4","","-6.6","","92","","","","32","","9","","3.2","","97.93","","","","-9","","Snow"
"-77.70","53.63","LA GRANDE RIVIERE A","7093716","2019-11-21 21:00","2019","11","21","21:00","","-5.7","","-6.8","","92","","","","32","","8","","3.2","","97.88","","","","-9","","Snow"
"-77.70","53.63","LA GRANDE RIVIERE A","7093716","2019-11-21 22:00","2019","11","21","22:00","","-6.0","","-7.3","","91","","","","32","","10","","3.2","","97.83","","","","-10","","Snow"
"-77.70","53.63","LA GRANDE RIVIERE A","7093716","2019-11-21 23:00","2019","11","21","23:00","","-6.5","","-7.8","","91","","","","32","","12","","3.2","","97.76","","","","-12","","Snow"
"-77.70","53.63","LA GRANDE RIVIERE A","7093716","2019-11-22 00:00","2019","11","22","00:00","","-6.5","","-7.7","","91","","","","33","","5","","3.2","","97.70","","","","-9","","Snow"
"-77.70","53.63","LA GRANDE RIVIERE A","7093716","2019-11-22 01:00","2019","11","22","01:00","","-6.5","","-7.7","","92","","","","30","","5","","4.8","","97.67","","","","-9","","Snow"
"-77.70","53.63","LA GRANDE RIVIERE A","7093716","2019-11-22 02:00","2019","11","22","02:00","","-6.0","","-7.1","","92","","","","31","","13","","4.8","","97.64","","","","-11","","Snow"
"-77.70","53.63","LA GRANDE RIVIERE A","7093716","2019-11-22 03:00","2019","11","22","03:00","","-5.7","","-6.9","","91","","","","31","","9","","24.1","","97.65","","","","-10","","Snow"
"-77.70","53.63","LA GRANDE RIVIERE A","7093716","2019-11-22 04:00","2019","11","22","04:00","","-5.0","","-6.2","","91","","","","31","","16","","24.1","","97.64","","","","-11","","Snow"
"-77.70","53.63","LA GRANDE RIVIERE A","7093716","2019-11-22 05:00","2019","11","22","05:00","","-5.8","","-7.1","","91","","","","31","","14","","24.1","","97.65","","","","-11","","Snow"
"-77.70","53.63","LA GRANDE RIVIERE A","7093716","2019-11-22 06:00","2019","11","22","06:00","","-5.9","","-7.2","","90","","","","30","","17","","24.1","","97.67","","","","-12","","Snow"
"-77.70","53.63","LA GRANDE RIVIERE A","7093716","2019-11-22 07:00","2019","11","22","07:00","","-6.1","","-7.3","","91","","","","30","","18","","24.1","","97.71","","","","-13","","Snow"
"-77.70","53.63","LA GRANDE RIVIERE A","7093716","2019-11-22 08:00","2019","11","22","08:00","","-6.5","","-8.1","","88","","","","29","","27","","8.1","","97.71","","","","-15","","Snow"
"-77.70","53.63","LA GRANDE RIVIERE A","7093716","2019-11-22 09:00","2019","11","22","09:00","","-6.1","","-7.2","","92","","","","30","","15","","4.8","","97.67","","","","-12","","Fog"
"-77.70","53.63","LA GRANDE RIVIERE A","7093716","2019-11-22 10:00","2019","11","22","10:00","","-5.8","","-7.0","","91","","","","30","","18","","6.4","","97.69","","","","-12","","Fog"
"-77.70","53.63","LA GRANDE RIVIERE A","7093716","2019-11-22 11:00","2019","11","22","11:00","","-5.5","","-6.9","","90","","","","28","","18","","6.4","","97.72","","","","-12","","Snow"
"-77.70","53.63","LA GRANDE RIVIERE A","7093716","2019-11-22 12:00","2019","11","22","12:00","","-5.3","","-6.4","","92","","","","28","","23","","6.4","","97.68","","","","-12","","Snow"
"-77.70","53.63","LA GRANDE RIVIERE A","7093716","2019-11-22 13:00","2019","11","22","13:00","","-5.3","","-7.0","","88","","","","28","","25","","8.1","","97.69","","","","-13","","Snow"
"-77.70","53.63","LA GRANDE RIVIERE A","7093716","2019-11-22 14:00","2019","11","22","14:00","","-5.1","","-7.0","","87","","","","28","","26","","6.4","","97.71","","","","-13","","Snow"
"-77.70","53.63","LA GRANDE RIVIERE A","7093716","2019-11-22 15:00","2019","11","22","15:00","","-5.0","","-6.2","","91","","","","26","","19","","4.8","","97.72","","","","-11","","Freezing Drizzle,Snow"
"-77.70","53.63","LA GRANDE RIVIERE A","7093716","2019-11-22 16:00","2019","11","22","16:00","","-5.9","","-7.6","","88","","","","25","","24","","16.1","","97.77","","","","-13","","Snow"
"-77.70","53.63","LA GRANDE RIVIERE A","7093716","2019-11-22 17:00","2019","11","22","17:00","","-7.0","","-8.6","","89","","","","25","","24","","24.1","","97.80","","","","-15","","NA"
"-77.70","53.63","LA GRANDE RIVIERE A","7093716","2019-11-22 18:00","2019","11","22","18:00","","-7.5","","-9.1","","89","","","","24","","13","","24.1","","97.82","","","","-13","","Snow"
"-77.70","53.63","LA GRANDE RIVIERE A","7093716","2019-11-22 19:00","2019","11","22","19:00","","-7.9","","-10.1","","84","","","","24","","16","","24.1","","97.81","","","","-14","","Snow"
"-77.70","53.63","LA GRANDE RIVIERE A","7093716","2019-11-22 20:00","2019","11","22","20:00","","-7.9","","-10.1","","84","","","","23","","21","","24.1","","97.77","","","","-15","","Snow"
"-77.70","53.63","LA GRANDE RIVIERE A","7093716","2019-11-22 21:00","2019","11","22","21:00","","-7.8","","-9.5","","87","","","","19","","13","","24.1","","97.71","","","","-14","","Snow"
"-77.70","53.63","LA GRANDE RIVIERE A","7093716","2019-11-22 22:00","2019","11","22","22:00","","-7.8","","-9.5","","88","","","","19","","15","","24.1","","97.65","","","","-14","","Snow"
"-77.70","53.63","LA GRANDE RIVIERE A","7093716","2019-11-22 23:00","2019","11","22","23:00","","-7.5","","-8.9","","89","","","","19","","11","","24.1","","97.59","","","","-13","","Snow"
"-77.70","53.63","LA GRANDE RIVIERE A","7093716","2019-11-23 00:00","2019","11","23","00:00","","-8.1","","-9.5","","90","","","","18","","23","","24.1","","97.54","","","","-16","","Snow"
"-77.70","53.63","LA GRANDE RIVIERE A","7093716","2019-11-23 01:00","2019","11","23","01:00","","-8.9","","-10.1","","91","","","","16","","25","","11.3","","97.42","","","","-17","","Snow"
"-77.70","53.63","LA GRANDE RIVIERE A","7093716","2019-11-23 02:00","2019","11","23","02:00","","-9.6","","-11.3","","87","","","","15","","22","","3.2","","97.36","","","","-18","","Snow"
"-77.70","53.63","LA GRANDE RIVIERE A","7093716","2019-11-23 03:00","2019","11","23","03:00","","-10.8","","-12.7","","86","","","","15","","25","","3.2","","97.28","","","","-20","","Snow"
"-77.70","53.63","LA GRANDE RIVIERE A","7093716","2019-11-23 04:00","2019","11","23","04:00","","-10.7","","-12.6","","86","","","","15","","23","","12.9","","97.19","","","","-19","","Snow"
"-77.70","53.63","LA GRANDE RIVIERE A","7093716","2019-11-23 05:00","2019","11","23","05:00","","-10.2","","-12.2","","85","","","","15","","24","","19.3","","97.13","","","","-19","","Snow"
"-77.70","53.63","LA GRANDE RIVIERE A","7093716","2019-11-23 06:00","2019","11","23","06:00","","-9.9","","-11.7","","87","","","","15","","23","","19.3","","97.03","","","","-18","","Snow"
"-77.70","53.63","LA GRANDE RIVIERE A","7093716","2019-11-23 07:00","2019","11","23","07:00","","-9.1","","-10.4","","91","","","","14","","20","","3.2","","96.95","","","","-17","","Snow"
"-77.70","53.63","LA GRANDE RIVIERE A","7093716","2019-11-23 08:00","2019","11","23","08:00","","-8.5","","-10.2","","88","","","","15","","24","","2.0","","96.86","","","","-17","","Freezing Drizzle,Snow"
"-77.70","53.63","LA GRANDE RIVIERE A","7093716","2019-11-23 09:00","2019","11","23","09:00","","-7.9","","-9.5","","88","","","","15","","22","","4.8","","96.84","","","","-16","","Freezing Drizzle,Snow"
"-77.70","53.63","LA GRANDE RIVIERE A","7093716","2019-11-23 10:00","2019","11","23","10:00","","-6.6","","-8.0","","90","","","","16","","17","","2.0","","96.79","","","","-13","","Freezing Drizzle,Snow"
"-77.70","53.63","LA GRANDE RIVIERE A","7093716","2019-11-23 11:00","2019","11","23","11:00","","-5.0","","-6.3","","91","","","","16","","17","","1.6","","96.72","","","","-11","","Freezing Drizzle,Snow"
"-77.70","53.63","LA GRANDE RIVIERE A","7093716","2019-11-23 12:00","2019","11","23","12:00","","-3.4","","-4.5","","92","","","","16","","18","","2.4","","96.62","","","","-9","","Freezing Drizzle,Snow"
"-77.70","53.63","LA GRANDE RIVIERE A","7093716","2019-11-23 13:00","2019","11","23","13:00","","-2.3","","-3.3","","93","","","","18","","18","","2.4","","96.57","","","","-8","","Snow"
"-77.70","53.63","LA GRANDE RIVIERE A","7093716","2019-11-23 14:00","2019","11","23","14:00","","-1.8","","-2.7","","94","","","","19","","17","","1.6","","96.54","","","","-7","","Snow"
"-77.70","53.63","LA GRANDE RIVIERE A","7093716","2019-11-23 15:00","2019","11","23","15:00","","-1.7","","-2.5","","94","","","","20","","16","","1.6","","96.55","","","","-7","","Snow"
"-77.70","53.63","LA GRANDE RIVIERE A","7093716","2019-11-23 16:00","2019","11","23","16:00","","-1.8","","-2.6","","94","","","","20","","16","","1.6","","96.54","","","","-7","","Snow"
"-77.70","53.63","LA GRANDE RIVIERE A","7093716","2019-11-23 17:00","2019","11","23","17:00","","-1.9","","-2.7","","94","","","","20","","17","","2.4","","96.57","","","","-7","","Snow"
"-77.70","53.63","LA GRANDE RIVIERE A","7093716","2019-11-23 18:00","2019","11","23","18:00","","-1.8","","-2.5","","95","","","","21","","13","","4.8","","96.60","","","","-6","","Snow"
"-77.70","53.63","LA GRANDE RIVIERE A","7093716","2019-11-23 19:00","2019","11","23","19:00","","-1.7","","-2.4","","95","","","","21","","16","","11.3","","96.62","","","","-7","","Snow"
"-77.70","53.63","LA GRANDE RIVIERE A","7093716","2019-11-23 20:00","2019","11","23","20:00","","-1.5","","-2.2","","95","","","","21","","16","","4.8","","96.61","","","","-6","","Snow"
"-77.70","53.63","LA GRANDE RIVIERE A","7093716","2019-11-23 21:00","2019","11","23","21:00","","-1.2","","-1.9","","95","","","","21","","18","","4.8","","96.61","","","","-6","","Snow"
"-77.70","53.63","LA GRANDE RIVIERE A","7093716","2019-11-23 22:00","2019","11","23","22:00","","-2.4","","-3.4","","93","","","","25","","27","","4.8","","96.67","","","","-9","","Snow"
"-77.70","53.63","LA GRANDE RIVIERE A","7093716","2019-11-23 23:00","2019","11","23","23:00","","-3.0","","-4.5","","90","","","","24","","22","","24.1","","96.72","","","","-9","","Snow"
"-77.70","53.63","LA GRANDE RIVIERE A","7093716","2019-11-24 00:00","2019","11","24","00:00","","-3.4","","-5.0","","89","","","","24","","23","","19.3","","96.77","","","","-10","","Snow"
"-77.70","53.63","LA GRANDE RIVIERE A","7093716","2019-11-24 01:00","2019","11","24","01:00","","-3.9","","-5.6","","88","","","","23","","16","","24.1","","96.81","","","","-9","","Snow"
"-77.70","53.63","LA GRANDE RIVIERE A","7093716","2019-11-24 02:00","2019","11","24","02:00","","-4.1","","-5.7","","89","","","","22","","21","","24.1","","96.86","","","","-11","","Snow"
"-77.70","53.63","LA GRANDE RIVIERE A","7093716","2019-11-24 03:00","2019","11","24","03:00","","-4.0","","-5.3","","90","","","","23","","19","","19.3","","96.91","","","","-10","","Snow"
"-77.70","53.63","LA GRANDE RIVIERE A","7093716","2019-11-24 04:00","2019","11","24","04:00","","-3.8","","-4.8","","93","","","","22","","15","","8.1","","96.95","","","","-9","","Freezing Drizzle,Snow"
"-77.70","53.63","LA GRANDE RIVIERE A","7093716","2019-11-24 05:00","2019","11","24","05:00","","-3.8","","-4.7","","93","","","","22","","16","","8.1","","97.00","","","","-9","","Freezing Drizzle,Snow"
"-77.70","53.63","LA GRANDE RIVIERE A","7093716","2019-11-24 06:00","2019","11","24","06:00","","-3.7","","-4.5","","94","","","","21","","19","","4.8","","97.08","","","","-10","","Freezing Drizzle"
"-77.70","53.63","LA GRANDE RIVIERE A","7093716","2019-11-24 07:00","2019","11","24","07:00","","-3.7","","-4.5","","94","","","","21","","12","","9.7","","97.14","","","","-8","","Freezing Drizzle,Snow"
"-77.70","53.63","LA GRANDE RIVIERE A","7093716","2019-11-24 08:00","2019","11","24","08:00","","-3.8","","-4.5","","95","","","","22","","15","","3.6","","97.17","","","","-9","","Freezing Drizzle,Snow"
"-77.70","53.63","LA GRANDE RIVIERE A","7093716","2019-11-24 09:00","2019","11","24","09:00","","-4.0","","-4.7","","95","","","","20","","15","","2.4","","97.20","","","","-9","","Freezing Drizzle,Snow"
"-77.70","53.63","LA GRANDE RIVIERE A","7093716","2019-11-24 10:00","2019","11","24","10:00","","-3.8","","-4.5","","95","","","","20","","18","","2.0","","97.26","","","","-10","","Freezing Drizzle,Snow"
"-77.70","53.63","LA GRANDE RIVIERE A","7093716","2019-11-24 11:00","2019","11","24","11:00","","-3.8","","-4.5","","94","","","","21","","16","","4.8","","97.28","","","","-9","","Freezing Drizzle,Fog"
"-77.70","53.63","LA GRANDE RIVIERE A","7093716","2019-11-24 12:00","2019","11","24","12:00","","-3.6","","-4.9","","90","","","","20","","8","","16.1","","97.24","","","","-7","","NA"
"-77.70","53.63","LA GRANDE RIVIERE A","7093716","2019-11-24 13:00","2019","11","24","13:00","","-3.5","","-5.3","","88","","","","16","","8","","24.1","","97.25","","","","-7","","Cloudy"
"-77.70","53.63","LA GRANDE RIVIERE A","7093716","2019-11-24 14:00","2019","11","24","14:00","","-3.3","","-5.7","","83","","","","19","","7","","24.1","","97.28","","","","-6","","NA"
"-77.70","53.63","LA GRANDE RIVIERE A","7093716","2019-11-24 15:00","2019","11","24","15:00","","-3.4","","-5.9","","83","","","","10","","5","","24.1","","97.30","","","","-5","","NA"
"-77.70","53.63","LA GRANDE RIVIERE A","7093716","2019-11-24 16:00","2019","11","24","16:00","","-3.5","","-5.6","","85","","","","10","","7","","24.1","","97.33","","","","-6","","Cloudy"
"-77.70","53.63","LA GRANDE RIVIERE A","7093716","2019-11-24 17:00","2019","11","24","17:00","","-4.0","","-5.4","","90","","","","6","","8","","8.1","","97.34","","","","-7","","Snow"
"-77.70","53.63","LA GRANDE RIVIERE A","7093716","2019-11-24 18:00","2019","11","24","18:00","","-4.1","","-5.1","","93","","","","8","","8","","16.1","","97.36","","","","-8","","Snow"
"-77.70","53.63","LA GRANDE RIVIERE A","7093716","2019-11-24 19:00","2019","11","24","19:00","","-4.4","","-5.3","","93","","","","5","","8","","8.1","","97.39","","","","-8","","Snow"
"-77.70","53.63","LA GRANDE RIVIERE A","7093716","2019-11-24 20:00","2019","11","24","20:00","","-4.0","","-4.7","","94","","","","5","","9","","4.8","","97.38","","","","-8","","Freezing Drizzle,Snow"
"-77.70","53.63","LA GRANDE RIVIERE A","7093716","2019-11-24 21:00","2019","11","24","21:00","","-3.1","","-3.7","","95","","","","4","","8","","3.2","","97.36","","","","-6","","Snow"
"-77.70","53.63","LA GRANDE RIVIERE A","7093716","2019-11-24 22:00","2019","11","24","22:00","","-3.4","","-4.2","","95","","","","3","","8","","3.2","","97.35","","","","-7","","Snow"
"-77.70","53.63","LA GRANDE RIVIERE A","7093716","2019-11-24 23:00","2019","11","24","23:00","","-3.6","","-4.4","","94","","","","3","","10","","4.8","","97.34","","","","-8","","Snow"
"-77.70","53.63","LA GRANDE RIVIERE A","7093716","2019-11-25 00:00","2019","11","25","00:00","","-3.7","","-4.6","","94","","","","2","","9","","4.8","","97.34","","","","-7","","Snow"
"-77.70","53.63","LA GRANDE RIVIERE A","7093716","2019-11-25 01:00","2019","11","25","01:00","","-3.9","","-4.7","","94","","","","3","","11","","4.8","","97.33","","","","-8","","Snow"
"-77.70","53.63","LA GRANDE RIVIERE A","7093716","2019-11-25 02:00","2019","11","25","02:00","","-3.9","","-4.8","","94","","","","2","","10","","3.2","","97.35","","","","-8","","Snow"
"-77.70","53.63","LA GRANDE RIVIERE A","7093716","2019-11-25 03:00","2019","11","25","03:00","","-4.1","","-5.0","","93","","","","3","","10","","3.2","","97.37","","","","-8","","Snow"
"-77.70","53.63","LA GRANDE RIVIERE A","7093716","2019-11-25 04:00","2019","11","25","04:00","","-4.2","","-5.1","","93","","","","2","","12","","4.8","","97.39","","","","-9","","Snow"
"-77.70","53.63","LA GRANDE RIVIERE A","7093716","2019-11-25 05:00","2019","11","25","05:00","","-4.3","","-5.3","","93","","","","1","","9","","4.8","","97.42","","","","-8","","Snow"
"-77.70","53.63","LA GRANDE RIVIERE A","7093716","2019-11-25 06:00","2019","11","25","06:00","","-4.6","","-5.6","","93","","","","1","","7","","8.1","","97.46","","","","-8","","Snow"
"-77.70","53.63","LA GRANDE RIVIERE A","7093716","2019-11-25 07:00","2019","11","25","07:00","","-4.7","","-5.7","","93","","","","1","","7","","24.1","","97.50","","","","-8","","Snow"
"-77.70","53.63","LA GRANDE RIVIERE A","7093716","2019-11-25 08:00","2019","11","25","08:00","","-4.5","","-5.5","","93","","","","2","","7","","12.9","","97.52","","","","-8","","Snow"
"-77.70","53.63","LA GRANDE RIVIERE A","7093716","2019-11-25 09:00","2019","11","25","09:00","","-4.3","","-5.4","","92","","","","36","","7","","16.1","","97.53","","","","-7","","Snow"
"-77.70","53.63","LA GRANDE RIVIERE A","7093716","2019-11-25 10:00","2019","11","25","10:00","","-3.9","","-5.1","","92","","","","35","","8","","8.1","","97.59","","","","-7","","Snow"
"-77.70","53.63","LA GRANDE RIVIERE A","7093716","2019-11-25 11:00","2019","11","25","11:00","","-3.6","","-4.9","","91","","","","34","","8","","16.1","","97.62","","","","-7","","Snow"
"-77.70","53.63","LA GRANDE RIVIERE A","7093716","2019-11-25 12:00","2019","11","25","12:00","","-3.6","","-4.9","","91","","","","34","","6","","24.1","","97.63","","","","-6","","NA"
"-77.70","53.63","LA GRANDE RIVIERE A","7093716","2019-11-25 13:00","2019","11","25","13:00","","-3.7","","-5.1","","90","","","","31","","9","","24.1","","97.65","","","","-7","","Cloudy"
"-77.70","53.63","LA GRANDE RIVIERE A","7093716","2019-11-25 14:00","2019","11","25","14:00","","-3.5","","-4.8","","91","","","","31","","10","","16.1","","97.73","","","","-7","","NA"
"-77.70","53.63","LA GRANDE RIVIERE A","7093716","2019-11-25 15:00","2019","11","25","15:00","","-3.8","","-5.1","","91","","","","32","","7","","8.1","","97.80","","","","-7","","Snow"
"-77.70","53.63","LA GRANDE RIVIERE A","7093716","2019-11-25 16:00","2019","11","25","16:00","","-4.0","","-5.1","","92","","","","31","","7","","6.4","","97.85","","","","-7","","Snow"
"-77.70","53.63","LA GRANDE RIVIERE A","7093716","2019-11-25 17:00","2019","11","25","17:00","","-4.0","","-5.0","","93","","","","32","","8","","12.9","","97.88","","","","-7","","Snow"
"-77.70","53.63","LA GRANDE RIVIERE A","7093716","2019-11-25 18:00","2019","11","25","18:00","","-4.0","","-4.8","","94","","","","30","","8","","24.1","","97.94","","","","-7","","Snow"
"-77.70","53.63","LA GRANDE RIVIERE A","7093716","2019-11-25 19:00","2019","11","25","19:00","","-3.9","","-5.0","","93","","","","30","","8","","24.1","","98.00","","","","-7","","Snow"
"-77.70","53.63","LA GRANDE RIVIERE A","7093716","2019-11-25 20:00","2019","11","25","20:00","","-4.0","","-5.1","","93","","","","32","","7","","19.3","","98.05","","","","-7","","Snow"
"-77.70","53.63","LA GRANDE RIVIERE A","7093716","2019-11-25 21:00","2019","11","25","21:00","","-4.0","","-5.0","","93","","","","30","","8","","24.1","","98.10","","","","-7","","Snow"
"-77.70","53.63","LA GRANDE RIVIERE A","7093716","2019-11-25 22:00","2019","11","25","22:00","","-4.0","","-4.9","","93","","","","32","","8","","24.1","","98.15","","","","-7","","Snow"
"-77.70","53.63","LA GRANDE RIVIERE A","7093716","2019-11-25 23:00","2019","11","25","23:00","","-4.1","","-5.0","","93","","","","30","","7","","24.1","","98.16","","","","-7","","Snow"
"-77.70","53.63","LA GRANDE RIVIERE A","7093716","2019-11-26 00:00","2019","11","26","00:00","","-4.1","","-5.0","","94","","","","29","","6","","24.1","","98.21","","","","-7","","Snow"
"-77.70","53.63","LA GRANDE RIVIERE A","7093716","2019-11-26 01:00","2019","11","26","01:00","","-4.2","","-5.0","","94","","","","29","","5","","24.1","","98.24","","","","-6","","Snow"
"-77.70","53.63","LA GRANDE RIVIERE A","7093716","2019-11-26 02:00","2019","11","26","02:00","","-4.4","","-5.0","","96","","","","31","","6","","2.4","","98.30","","","","-7","","Snow,Fog"
"-77.70","53.63","LA GRANDE RIVIERE A","7093716","2019-11-26 03:00","2019","11","26","03:00","","-4.2","","-4.9","","95","","","","33","","7","","24.1","","98.33","","","","-7","","Snow"
"-77.70","53.63","LA GRANDE RIVIERE A","7093716","2019-11-26 04:00","2019","11","26","04:00","","-4.5","","-5.3","","94","","","","33","","8","","24.1","","98.36","","","","-8","","Snow"
"-77.70","53.63","LA GRANDE RIVIERE A","7093716","2019-11-26 05:00","2019","11","26","05:00","","-4.7","","-5.8","","92","","","","28","","7","","24.1","","98.42","","","","-8","","Snow"
"-77.70","53.63","LA GRANDE RIVIERE A","7093716","2019-11-26 06:00","2019","11","26","06:00","","-4.8","","-6.2","","90","","","","31","","7","","24.1","","98.44","","","","-8","","Snow"
"-77.70","53.63","LA GRANDE RIVIERE A","7093716","2019-11-26 07:00","2019","11","26","07:00","","-5.0","","-6.4","","90","","","","","","0","","24.1","","98.49","","","","","","Snow"
"-77.70","53.63","LA GRANDE RIVIERE A","7093716","2019-11-26 08:00","2019","11","26","08:00","","-5.2","","-6.8","","89","","","","35","","5","","24.1","","98.56","","","","-7","","Snow"
"-77.70","53.63","LA GRANDE RIVIERE A","7093716","2019-11-26 09:00","2019","11","26","09:00","","-5.3","","-7.1","","87","","","","30","","7","","24.1","","98.59","","","","-9","","NA"
"-77.70","53.63","LA GRANDE RIVIERE A","7093716","2019-11-26 10:00","2019","11","26","10:00","","-5.2","","-7.5","","84","","","","31","","7","","24.1","","98.66","","","","-8","","Mostly Cloudy"
"-77.70","53.63","LA GRANDE RIVIERE A","7093716","2019-11-26 11:00","2019","11","26","11:00","","-4.9","","-7.0","","85","","","","32","","10","","24.1","","98.71","","","","-9","","NA"
"-77.70","53.63","LA GRANDE RIVIERE A","7093716","2019-11-26 12:00","2019","11","26","12:00","","-4.5","","-7.0","","83","","","","35","","5","","24.1","","98.75","","","","-7","","NA"
"-77.70","53.63","LA GRANDE RIVIERE A","7093716","2019-11-26 13:00","2019","11","26","13:00","","-4.6","","-7.3","","82","","","","28","","5","","24.1","","98.80","","","","-7","","Mostly Cloudy"
"-77.70","53.63","LA GRANDE RIVIERE A","7093716","2019-11-26 14:00","2019","11","26","14:00","","-3.9","","-7.9","","74","","","","31","","9","","24.1","","98.84","","","","-8","","NA"
"-77.70","53.63","LA GRANDE RIVIERE A","7093716","2019-11-26 15:00","2019","11","26","15:00","","-4.7","","-7.4","","82","","","","29","","14","","16.1","","98.95","","","","-10","","NA"
"-77.70","53.63","LA GRANDE RIVIERE A","7093716","2019-11-26 16:00","2019","11","26","16:00","","-4.9","","-7.8","","80","","","","30","","8","","24.1","","99.02","","","","-8","","Cloudy"
"-77.70","53.63","LA GRANDE RIVIERE A","7093716","2019-11-26 17:00","2019","11","26","17:00","","-5.1","","-7.6","","82","","","","28","","6","","24.1","","99.08","","","","-8","","Snow"
"-77.70","53.63","LA GRANDE RIVIERE A","7093716","2019-11-26 18:00","2019","11","26","18:00","","-5.0","","-7.4","","83","","","","28","","6","","24.1","","99.17","","","","-8","","Snow"
"-77.70","53.63","LA GRANDE RIVIERE A","7093716","2019-11-26 19:00","2019","11","26","19:00","","-5.5","","-7.0","","89","","","","23","","8","","24.1","","99.25","","","","-9","","Snow"
"-77.70","53.63","LA GRANDE RIVIERE A","7093716","2019-11-26 20:00","2019","11","26","20:00","","-5.4","","-6.5","","92","","","","24","","13","","24.1","","99.32","","","","-11","","Snow"
"-77.70","53.63","LA GRANDE RIVIERE A","7093716","2019-11-26 21:00","2019","11","26","21:00","","-5.4","","-6.5","","92","","","","25","","11","","24.1","","99.35","","","","-10","","Snow"
"-77.70","53.63","LA GRANDE RIVIERE A","7093716","2019-11-26 22:00","2019","11","26","22:00","","-6.3","","-7.2","","93","","","","26","","8","","19.3","","99.42","","","","-10","","Snow"
"-77.70","53.63","LA GRANDE RIVIERE A","7093716","2019-11-26 23:00","2019","11","26","23:00","","-5.9","","-6.7","","95","","","","25","","7","","24.1","","99.47","","","","-9","","Snow"
"-77.70","53.63","LA GRANDE RIVIERE A","7093716","2019-11-27 00:00","2019","11","27","00:00","","-5.9","","-6.8","","93","","","","26","","3","","24.1","","99.53","","","","-7","","Snow"
"-77.70","53.63","LA GRANDE RIVIERE A","7093716","2019-11-27 01:00","2019","11","27","01:00","","-6.2","","-7.1","","93","","","","25","","9","","24.1","","99.57","","","","-10","","Snow"
"-77.70","53.63","LA GRANDE RIVIERE A","7093716","2019-11-27 02:00","2019","11","27","02:00","","-6.2","","-7.2","","93","","","","26","","10","","24.1","","99.63","","","","-11","","Freezing Drizzle,Snow"
"-77.70","53.63","LA GRANDE RIVIERE A","7093716","2019-11-27 03:00","2019","11","27","03:00","","-6.0","","-7.0","","93","","","","26","","12","","24.1","","99.68","","","","-11","","Snow"
"-77.70","53.63","LA GRANDE RIVIERE A","7093716","2019-11-27 04:00","2019","11","27","04:00","","-7.3","","-8.4","","92","","","","27","","10","","24.1","","99.70","","","","-12","","Snow"
"-77.70","53.63","LA GRANDE RIVIERE A","7093716","2019-11-27 05:00","2019","11","27","05:00","","-7.6","","-8.7","","92","","","","26","","7","","24.1","","99.71","","","","-11","","Snow"
"-77.70","53.63","LA GRANDE RIVIERE A","7093716","2019-11-27 06:00","2019","11","27","06:00","","-9.0","","-10.3","","91","","","","26","","8","","24.1","","99.77","","","","-13","","Snow"
"-77.70","53.63","LA GRANDE RIVIERE A","7093716","2019-11-27 07:00","2019","11","27","07:00","","-10.6","","-12.0","","90","","","","25","","9","","11.3","","99.84","","","","-16","","Mostly Cloudy"
"-77.70","53.63","LA GRANDE RIVIERE A","7093716","2019-11-27 08:00","2019","11","27","08:00","","-10.1","","-11.4","","90","","","","27","","5","","24.1","","99.87","","","","-13","","NA"
"-77.70","53.63","LA GRANDE RIVIERE A","7093716","2019-11-27 09:00","2019","11","27","09:00","","-9.2","","-10.5","","90","","","","25","","7","","24.1","","99.90","","","","-13","","NA"
"-77.70","53.63","LA GRANDE RIVIERE A","7093716","2019-11-27 10:00","2019","11","27","10:00","","-8.2","","-9.4","","91","","","","28","","8","","19.3","","99.90","","","","-12","","Mostly Cloudy"
"-77.70","53.63","LA GRANDE RIVIERE A","7093716","2019-11-27 11:00","2019","11","27","11:00","","-4.7","","-5.4","","94","","","","36","","6","","24.1","","99.85","","","","-7","","NA"
"-77.70","53.63","LA GRANDE RIVIERE A","7093716","2019-11-27 12:00","2019","11","27","12:00","","-3.5","","-4.3","","94","","","","36","","5","","19.3","","99.83","","","","-6","","NA"
"-77.70","53.63","LA GRANDE RIVIERE A","7093716","2019-11-27 13:00","2019","11","27","13:00","","-3.4","","-4.1","","94","","","","1","","7","","24.1","","99.80","","","","-6","","Mostly Cloudy"
"-77.70","53.63","LA GRANDE RIVIERE A","7093716","2019-11-27 14:00","2019","11","27","14:00","","-3.1","","-5.4","","84","","","","1","","11","","24.1","","99.76","","","","-7","","NA"
"-77.70","53.63","LA GRANDE RIVIERE A","7093716","2019-11-27 15:00","2019","11","27","15:00","","-3.5","","-5.8","","84","","","","1","","8","","24.1","","99.81","","","","-7","","NA"
"-77.70","53.63","LA GRANDE RIVIERE A","7093716","2019-11-27 16:00","2019","11","27","16:00","","-4.2","","-6.1","","86","","","","3","","9","","24.1","","99.89","","","","-8","","Mostly Cloudy"
"-77.70","53.63","LA GRANDE RIVIERE A","7093716","2019-11-27 17:00","2019","11","27","17:00","","-4.6","","-6.7","","85","","","","2","","12","","24.1","","99.87","","","","-9","","NA"
"-77.70","53.63","LA GRANDE RIVIERE A","7093716","2019-11-27 18:00","2019","11","27","18:00","","-5.5","","-7.2","","88","","","","2","","12","","24.1","","99.86","","","","-10","","NA"
"-77.70","53.63","LA GRANDE RIVIERE A","7093716","2019-11-27 19:00","2019","11","27","19:00","","-4.8","","-6.6","","87","","","","1","","10","","24.1","","99.87","","","","-9","","Cloudy"
"-77.70","53.63","LA GRANDE RIVIERE A","7093716","2019-11-27 20:00","2019","11","27","20:00","","-5.5","","-7.5","","86","","","","1","","8","","24.1","","99.92","","","","-9","","NA"
"-77.70","53.63","LA GRANDE RIVIERE A","7093716","2019-11-27 21:00","2019","11","27","21:00","","-5.2","","-7.0","","88","","","","2","","14","","24.1","","99.96","","","","-11","","NA"
"-77.70","53.63","LA GRANDE RIVIERE A","7093716","2019-11-27 22:00","2019","11","27","22:00","","-6.3","","-7.5","","91","","","","3","","9","","24.1","","100.03","","","","-11","","Cloudy"
"-77.70","53.63","LA GRANDE RIVIERE A","7093716","2019-11-27 23:00","2019","11","27","23:00","","-6.4","","-7.4","","93","","","","36","","9","","24.1","","100.12","","","","-11","","NA"
"-77.70","53.63","LA GRANDE RIVIERE A","7093716","2019-11-28 00:00","2019","11","28","00:00","","-6.9","","-7.9","","93","","","","36","","10","","24.1","","100.22","","","","-12","","Snow"
"-77.70","53.63","LA GRANDE RIVIERE A","7093716","2019-11-28 01:00","2019","11","28","01:00","","-7.2","","-8.5","","91","","","","1","","12","","24.1","","100.24","","","","-13","","Snow"
"-77.70","53.63","LA GRANDE RIVIERE A","7093716","2019-11-28 02:00","2019","11","28","02:00","","-7.3","","-8.9","","88","","","","1","","7","","24.1","","100.31","","","","-11","","Snow"
"-77.70","53.63","LA GRANDE RIVIERE A","7093716","2019-11-28 03:00","2019","11","28","03:00","","-7.3","","-8.4","","91","","","","35","","8","","24.1","","100.38","","","","-11","","Snow"
"-77.70","53.63","LA GRANDE RIVIERE A","7093716","2019-11-28 04:00","2019","11","28","04:00","","-7.1","","-8.4","","90","","","","35","","8","","24.1","","100.46","","","","-11","","Snow"
"-77.70","53.63","LA GRANDE RIVIERE A","7093716","2019-11-28 05:00","2019","11","28","05:00","","-7.5","","-8.8","","90","","","","35","","9","","24.1","","100.52","","","","-12","","Snow"
"-77.70","53.63","LA GRANDE RIVIERE A","7093716","2019-11-28 06:00","2019","11","28","06:00","","-7.0","","-8.7","","88","","","","36","","8","","24.1","","100.57","","","","-11","","Snow"
"-77.70","53.63","LA GRANDE RIVIERE A","7093716","2019-11-28 07:00","2019","11","28","07:00","","-7.5","","-9.2","","87","","","","36","","5","","24.1","","100.66","","","","-10","","Snow"
"-77.70","53.63","LA GRANDE RIVIERE A","7093716","2019-11-28 08:00","2019","11","28","08:00","","-7.5","","-9.2","","88","","","","34","","5","","24.1","","100.75","","","","-10","","Snow"
"-77.70","53.63","LA GRANDE RIVIERE A","7093716","2019-11-28 09:00","2019","11","28","09:00","","-7.5","","-9.1","","88","","","","35","","6","","24.1","","100.80","","","","-11","","Snow"
"-77.70","53.63","LA GRANDE RIVIERE A","7093716","2019-11-28 10:00","2019","11","28","10:00","","-6.8","","-8.6","","87","","","","34","","8","","24.1","","100.89","","","","-11","","Cloudy"
"-77.70","53.63","LA GRANDE RIVIERE A","7093716","2019-11-28 11:00","2019","11","28","11:00","","-6.2","","-8.6","","84","","","","1","","10","","24.1","","100.90","","","","-11","","NA"
"-77.70","53.63","LA GRANDE RIVIERE A","7093716","2019-11-28 12:00","2019","11","28","12:00","","-6.2","","-9.4","","78","","","","1","","8","","24.1","","100.94","","","","-10","","NA"
"-77.70","53.63","LA GRANDE RIVIERE A","7093716","2019-11-28 13:00","2019","11","28","13:00","","-6.1","","-9.4","","78","","","","36","","5","","24.1","","100.96","","","","-9","","Cloudy"
"-77.70","53.63","LA GRANDE RIVIERE A","7093716","2019-11-28 14:00","2019","11","28","14:00","","-6.2","","-10.0","","75","","","","3","","9","","24.1","","100.96","","","","-10","","NA"
"-77.70","53.63","LA GRANDE RIVIERE A","7093716","2019-11-28 15:00","2019","11","28","15:00","","-6.8","","-10.5","","75","","","","34","","4","","24.1","","100.99","","","","-9","","NA"
"-77.70","53.63","LA GRANDE RIVIERE A","7093716","2019-11-28 16:00","2019","11","28","16:00","","-7.3","","-10.6","","78","","","","1","","4","","24.1","","101.05","","","","-9","","Mostly Cloudy"
"-77.70","53.63","LA GRANDE RIVIERE A","7093716","2019-11-28 17:00","2019","11","28","17:00","","-7.8","","-10.6","","80","","","","34","","4","","24.1","","101.05","","","","-10","","NA"
"-77.70","53.63","LA GRANDE RIVIERE A","7093716","2019-11-28 18:00","2019","11","28","18:00","","-8.7","","-11.0","","84","","","","29","","7","","24.1","","101.08","","","","-13","","Snow"
"-77.70","53.63","LA GRANDE RIVIERE A","7093716","2019-11-28 19:00","2019","11","28","19:00","","-9.5","","-11.2","","88","","","","26","","5","","24.1","","101.12","","","","-12","","Snow"
"-77.70","53.63","LA GRANDE RIVIERE A","7093716","2019-11-28 20:00","2019","11","28","20:00","","-9.5","","-11.2","","87","","","","27","","5","","24.1","","101.15","","","","-12","","Snow"
"-77.70","53.63","LA GRANDE RIVIERE A","7093716","2019-11-28 21:00","2019","11","28","21:00","","-8.8","","-10.8","","85","","","","27","","7","","24.1","","101.13","","","","-13","","Snow"
"-77.70","53.63","LA GRANDE RIVIERE A","7093716","2019-11-28 22:00","2019","11","28","22:00","","-8.8","","-10.5","","88","","","","26","","6","","24.1","","101.10","","","","-12","","Snow"
"-77.70","53.63","LA GRANDE RIVIERE A","7093716","2019-11-28 23:00","2019","11","28","23:00","","-8.9","","-10.2","","90","","","","25","","5","","24.1","","101.08","","","","-12","","Snow"
"-77.70","53.63","LA GRANDE RIVIERE A","7093716","2019-11-29 00:00","2019","11","29","00:00","","-11.2","","-12.2","","92","","","","25","","7","","24.1","","101.05","","","","-15","","NA"
"-77.70","53.63","LA GRANDE RIVIERE A","7093716","2019-11-29 01:00","2019","11","29","01:00","","-11.7","","-13.2","","88","","","","24","","6","","1.2","","101.05","","","","-15","","Fog"
"-77.70","53.63","LA GRANDE RIVIERE A","7093716","2019-11-29 02:00","2019","11","29","02:00","","-12.3","","-14.0","","88","","","","25","","8","","1.2","","101.06","","","","-17","","Fog"
"-77.70","53.63","LA GRANDE RIVIERE A","7093716","2019-11-29 03:00","2019","11","29","03:00","","-12.9","","-14.6","","87","","","","26","","3","","1.2","","101.07","","","","-15","","Fog"
"-77.70","53.63","LA GRANDE RIVIERE A","7093716","2019-11-29 04:00","2019","11","29","04:00","","-13.2","","-14.9","","87","","","","27","","5","","1.6","","101.06","","","","-17","","Fog"
"-77.70","53.63","LA GRANDE RIVIERE A","7093716","2019-11-29 05:00","2019","11","29","05:00","","-12.7","","-14.4","","87","","","","28","","5","","24.1","","101.09","","","","-16","","NA"
"-77.70","53.63","LA GRANDE RIVIERE A","7093716","2019-11-29 06:00","2019","11","29","06:00","","-11.8","","-13.4","","88","","","","2","","3","","24.1","","101.08","","","","-14","","NA"
"-77.70","53.63","LA GRANDE RIVIERE A","7093716","2019-11-29 07:00","2019","11","29","07:00","","-13.2","","-14.9","","87","","","","25","","8","","24.1","","101.05","","","","-18","","Snow"
"-77.70","53.63","LA GRANDE RIVIERE A","7093716","2019-11-29 08:00","2019","11","29","08:00","","-11.9","","-13.5","","88","","","","2","","3","","16.1","","101.06","","","","-14","","Snow"
"-77.70","53.63","LA GRANDE RIVIERE A","7093716","2019-11-29 09:00","2019","11","29","09:00","","-10.4","","-11.9","","89","","","","29","","3","","16.1","","101.05","","","","-12","","Snow"
"-77.70","53.63","LA GRANDE RIVIERE A","7093716","2019-11-29 10:00","2019","11","29","10:00","","-9.9","","-11.3","","89","","","","","","0","","24.1","","101.05","","","","","","Snow"
"-77.70","53.63","LA GRANDE RIVIERE A","7093716","2019-11-29 11:00","2019","11","29","11:00","","-8.8","","-10.2","","90","","","","","","0","","24.1","","101.03","","","","","","Snow"
"-77.70","53.63","LA GRANDE RIVIERE A","7093716","2019-11-29 12:00","2019","11","29","12:00","","-8.3","","-9.6","","91","","","","27","","5","","24.1","","100.99","","","","-11","","Snow"
"-77.70","53.63","LA GRANDE RIVIERE A","7093716","2019-11-29 13:00","2019","11","29","13:00","","-7.2","","-8.4","","92","","","","","","0","","16.1","","100.94","","","","","","Snow"
"-77.70","53.63","LA GRANDE RIVIERE A","7093716","2019-11-29 14:00","2019","11","29","14:00","","-6.6","","-7.6","","92","","","","35","","4","","4.8","","100.93","","","","-9","","Snow"
"-77.70","53.63","LA GRANDE RIVIERE A","7093716","2019-11-29 15:00","2019","11","29","15:00","","-7.0","","-8.0","","92","","","","","","0","","9.7","","100.90","","","","","","Snow"
"-77.70","53.63","LA GRANDE RIVIERE A","7093716","2019-11-29 16:00","2019","11","29","16:00","","-7.7","","-8.9","","91","","","","34","","3","","8.1","","100.92","","","","-9","","Snow"
"-77.70","53.63","LA GRANDE RIVIERE A","7093716","2019-11-29 17:00","2019","11","29","17:00","","-8.3","","-9.6","","91","","","","","","0","","24.1","","100.94","","","","","","Snow"
"-77.70","53.63","LA GRANDE RIVIERE A","7093716","2019-11-29 18:00","2019","11","29","18:00","","-8.6","","-9.8","","91","","","","","","0","","24.1","","100.92","","","","","","Snow"
"-77.70","53.63","LA GRANDE RIVIERE A","7093716","2019-11-29 19:00","2019","11","29","19:00","","-8.7","","-10.0","","90","","","","2","","5","","24.1","","100.89","","","","-11","","Snow"
"-77.70","53.63","LA GRANDE RIVIERE A","7093716","2019-11-29 20:00","2019","11","29","20:00","","-8.9","","-10.2","","90","","","","4","","8","","24.1","","100.82","","","","-13","","Snow"
"-77.70","53.63","LA GRANDE RIVIERE A","7093716","2019-11-29 21:00","2019","11","29","21:00","","-9.1","","-10.4","","90","","","","4","","7","","24.1","","100.76","","","","-13","","Snow"
"-77.70","53.63","LA GRANDE RIVIERE A","7093716","2019-11-29 22:00","2019","11","29","22:00","","-9.1","","-10.5","","90","","","","7","","9","","24.1","","100.74","","","","-14","","Snow"
"-77.70","53.63","LA GRANDE RIVIERE A","7093716","2019-11-29 23:00","2019","11","29","23:00","","-9.0","","-11.4","","83","","","","7","","11","","24.1","","100.72","","","","-14","","Snow"
"-77.70","53.63","LA GRANDE RIVIERE A","7093716","2019-11-30 00:00","2019","11","30","00:00","","-8.8","","-12.2","","76","","","","4","","9","","24.1","","100.69","","","","-13","","Snow"
"-77.70","53.63","LA GRANDE RIVIERE A","7093716","2019-11-30 01:00","2019","11","30","01:00","","-8.8","","-12.0","","78","","","","5","","4","","24.1","","100.69","","","","-11","","Snow"
"-77.70","53.63","LA GRANDE RIVIERE A","7093716","2019-11-30 02:00","2019","11","30","02:00","","-9.2","","-12.5","","77","","","","","","0","","24.1","","100.69","","","","","","Snow"
"-77.70","53.63","LA GRANDE RIVIERE A","7093716","2019-11-30 03:00","2019","11","30","03:00","","-9.4","","-12.8","","77","","","","1","","4","","24.1","","100.65","","","","-12","","Snow"
"-77.70","53.63","LA GRANDE RIVIERE A","7093716","2019-11-30 04:00","2019","11","30","04:00","","-9.5","","-12.9","","77","","","","35","","8","","24.1","","100.62","","","","-14","","Snow"
"-77.70","53.63","LA GRANDE RIVIERE A","7093716","2019-11-30 05:00","2019","11","30","05:00","","-9.9","","-13.1","","77","","","","","","0","","24.1","","100.60","","","","","","Snow"
"-77.70","53.63","LA GRANDE RIVIERE A","7093716","2019-11-30 06:00","2019","11","30","06:00","","-10.1","","-13.2","","79","","","","1","","7","","24.1","","100.54","","","","-14","","Snow"
"-77.70","53.63","LA GRANDE RIVIERE A","7093716","2019-11-30 07:00","2019","11","30","07:00","","-10.3","","-13.3","","79","","","","2","","7","","24.1","","100.52","","","","-14","","Snow"
"-77.70","53.63","LA GRANDE RIVIERE A","7093716","2019-11-30 08:00","2019","11","30","08:00","","-10.7","","-13.5","","80","","","","36","","7","","24.1","","100.50","","","","-15","","Snow"
"-77.70","53.63","LA GRANDE RIVIERE A","7093716","2019-11-30 09:00","2019","11","30","09:00","","-10.2","","-13.2","","79","","","","2","","4","","24.1","","100.47","","","","-13","","Snow"
"-77.70","53.63","LA GRANDE RIVIERE A","7093716","2019-11-30 10:00","2019","11","30","10:00","","-9.5","","-12.6","","78","","","","35","","5","","19.3","","100.46","","","","-12","","Snow"
"-77.70","53.63","LA GRANDE RIVIERE A","7093716","2019-11-30 11:00","2019","11","30","11:00","","-9.3","","-12.4","","79","","","","27","","6","","24.1","","100.42","","","","-13","","Snow"
"-77.70","53.63","LA GRANDE RIVIERE A","7093716","2019-11-30 12:00","2019","11","30","12:00","","-9.0","","-12.2","","78","","","","26","","5","","24.1","","100.37","","","","-12","","Snow"
"-77.70","53.63","LA GRANDE RIVIERE A","7093716","2019-11-30 13:00","2019","11","30","13:00","","-9.3","","-12.4","","78","","","","28","","13","","24.1","","100.27","","","","-15","","Snow"
"-77.70","53.63","LA GRANDE RIVIERE A","7093716","2019-11-30 14:00","2019","11","30","14:00","","-9.2","","-12.3","","78","","","","20","","9","","24.1","","100.20","","","","-14","","Snow"
"-77.70","53.63","LA GRANDE RIVIERE A","7093716","2019-11-30 15:00","2019","11","30","15:00","","-10.0","","-12.9","","80","","","","22","","10","","24.1","","100.15","","","","-15","","Snow"
"-77.70","53.63","LA GRANDE RIVIERE A","7093716","2019-11-30 16:00","2019","11","30","16:00","","-11.0","","-13.2","","84","","","","21","","7","","24.1","","100.11","","","","-15","","Snow"
"-77.70","53.63","LA GRANDE RIVIERE A","7093716","2019-11-30 17:00","2019","11","30","17:00","","-12.6","","-14.3","","87","","","","21","","9","","24.1","","100.08","","","","-18","","NA"
"-77.70","53.63","LA GRANDE RIVIERE A","7093716","2019-11-30 18:00","2019","11","30","18:00","","-13.4","","-14.9","","89","","","","21","","11","","24.1","","100.02","","","","-20","","Snow"
"-77.70","53.63","LA GRANDE RIVIERE A","7093716","2019-11-30 19:00","2019","11","30","19:00","","-12.6","","-14.2","","88","","","","20","","13","","24.1","","99.96","","","","-19","","Snow"
"-77.70","53.63","LA GRANDE RIVIERE A","7093716","2019-11-30 20:00","2019","11","30","20:00","","-13.8","","-15.4","","88","","","","21","","12","","24.1","","99.89","","","","-21","","Snow"
"-77.70","53.63","LA GRANDE RIVIERE A","7093716","2019-11-30 21:00","2019","11","30","21:00","","-13.8","","-15.6","","87","","","","19","","13","","24.1","","99.81","","","","-21","","Snow"
"-77.70","53.63","LA GRANDE RIVIERE A","7093716","2019-11-30 22:00","2019","11","30","22:00","","-13.6","","-15.2","","88","","","","20","","14","","6.4","","99.73","","","","-21","","Snow"
"-77.70","53.63","LA GRANDE RIVIERE A","7093716","2019-11-30 23:00","2019","11","30","23:00","","-13.7","","-15.4","","87","","","","19","","22","","11.3","","99.70","","","","-23","","Snow"
"-77.70","53.63","LA GRANDE RIVIERE A","7093716","2019-12-01 00:00","2019","12","01","00:00","","-13.0","","-14.6","","88","","","","20","","17","","12.9","","99.61","","","","-21","","Snow"
"-77.70","53.63","LA GRANDE RIVIERE A","7093716","2019-12-01 01:00","2019","12","01","01:00","","-12.3","","-13.8","","89","","","","21","","17","","12.9","","99.55","","","","-20","","Freezing Drizzle,Snow"
"-77.70","53.63","LA GRANDE RIVIERE A","7093716","2019-12-01 02:00","2019","12","01","02:00","","-12.2","","-13.7","","88","","","","20","","18","","19.3","","99.46","","","","-20","","Freezing Drizzle,Snow"
"-77.70","53.63","LA GRANDE RIVIERE A","7093716","2019-12-01 03:00","2019","12","01","03:00","","-12.2","","-13.8","","88","","","","21","","17","","24.1","","99.41","","","","-20","","Freezing Drizzle,Snow"
"-77.70","53.63","LA GRANDE RIVIERE A","7093716","2019-12-01 04:00","2019","12","01","04:00","","-12.0","","-13.6","","88","","","","21","","18","","24.1","","99.39","","","","-20","","Snow"
"-77.70","53.63","LA GRANDE RIVIERE A","7093716","2019-12-01 05:00","2019","12","01","05:00","","-12.7","","-14.2","","88","","","","21","","18","","24.1","","99.33","","","","-21","","Snow"
"-77.70","53.63","LA GRANDE RIVIERE A","7093716","2019-12-01 06:00","2019","12","01","06:00","","-12.8","","-14.4","","88","","","","20","","18","","9.7","","99.31","","","","-21","","Snow,Fog"
"-77.70","53.63","LA GRANDE RIVIERE A","7093716","2019-12-01 07:00","2019","12","01","07:00","","-12.8","","-14.3","","89","","","","20","","20","","6.4","","99.26","","","","-21","","Snow,Fog"
"-77.70","53.63","LA GRANDE RIVIERE A","7093716","2019-12-01 08:00","2019","12","01","08:00","","-12.3","","-13.8","","89","","","","22","","16","","6.4","","99.28","","","","-20","","Snow,Fog"
"-77.70","53.63","LA GRANDE RIVIERE A","7093716","2019-12-01 09:00","2019","12","01","09:00","","-12.0","","-13.5","","89","","","","21","","16","","4.8","","99.29","","","","-19","","Snow,Fog"
"-77.70","53.63","LA GRANDE RIVIERE A","7093716","2019-12-01 10:00","2019","12","01","10:00","","-11.1","","-12.5","","89","","","","20","","19","","4.8","","99.29","","","","-19","","Snow,Fog"
"-77.70","53.63","LA GRANDE RIVIERE A","7093716","2019-12-01 11:00","2019","12","01","11:00","","-10.0","","-11.4","","90","","","","21","","18","","8.1","","99.24","","","","-17","","Snow,Fog"
"-77.70","53.63","LA GRANDE RIVIERE A","7093716","2019-12-01 12:00","2019","12","01","12:00","","-9.8","","-11.2","","90","","","","21","","22","","8.1","","99.16","","","","-18","","Snow,Fog"
"-77.70","53.63","LA GRANDE RIVIERE A","7093716","2019-12-01 13:00","2019","12","01","13:00","","-9.1","","-10.4","","90","","","","22","","19","","8.1","","99.10","","","","-17","","Snow,Fog"
"-77.70","53.63","LA GRANDE RIVIERE A","7093716","2019-12-01 14:00","2019","12","01","14:00","","-9.0","","-10.3","","90","","","","21","","17","","8.1","","99.06","","","","-16","","Snow,Fog"
"-77.70","53.63","LA GRANDE RIVIERE A","7093716","2019-12-01 15:00","2019","12","01","15:00","","-8.9","","-10.2","","91","","","","20","","14","","9.7","","99.02","","","","-15","","Snow,Fog"
"-77.70","53.63","LA GRANDE RIVIERE A","7093716","2019-12-01 16:00","2019","12","01","16:00","","-8.5","","-9.7","","91","","","","20","","10","","8.1","","99.07","","","","-13","","Snow,Fog"
"-77.70","53.63","LA GRANDE RIVIERE A","7093716","2019-12-01 17:00","2019","12","01","17:00","","-7.6","","-8.7","","92","","","","22","","11","","12.9","","99.08","","","","-13","","Snow"
"-77.70","53.63","LA GRANDE RIVIERE A","7093716","2019-12-01 18:00","2019","12","01","18:00","","-7.2","","-8.3","","92","","","","23","","14","","11.3","","99.08","","","","-13","","Snow"
"-77.70","53.63","LA GRANDE RIVIERE A","7093716","2019-12-01 19:00","2019","12","01","19:00","","-7.3","","-8.4","","92","","","","22","","13","","4.8","","99.09","","","","-13","","Snow"
"-77.70","53.63","LA GRANDE RIVIERE A","7093716","2019-12-01 20:00","2019","12","01","20:00","","-7.2","","-8.3","","92","","","","22","","14","","9.7","","99.06","","","","-13","","Snow"
"-77.70","53.63","LA GRANDE RIVIERE A","7093716","2019-12-01 21:00","2019","12","01","21:00","","-7.2","","-8.3","","92","","","","23","","11","","9.7","","99.05","","","","-12","","Snow"
"-77.70","53.63","LA GRANDE RIVIERE A","7093716","2019-12-01 22:00","2019","12","01","22:00","","-7.0","","-8.1","","92","","","","23","","17","","24.1","","98.99","","","","-13","","Snow"
"-77.70","53.63","LA GRANDE RIVIERE A","7093716","2019-12-01 23:00","2019","12","01","23:00","","-6.9","","-8.0","","92","","","","23","","25","","24.1","","98.99","","","","-15","","NA"
"-77.70","53.63","LA GRANDE RIVIERE A","7093716","2019-12-02 00:00","2019","12","02","00:00","","-6.9","","-8.0","","92","","","","23","","23","","24.1","","98.94","","","","-14","","NA"
"-77.70","53.63","LA GRANDE RIVIERE A","7093716","2019-12-02 01:00","2019","12","02","01:00","","-6.6","","-7.7","","92","","","","23","","21","","24.1","","98.92","","","","-14","","Cloudy"
"-77.70","53.63","LA GRANDE RIVIERE A","7093716","2019-12-02 02:00","2019","12","02","02:00","","-6.6","","-7.7","","92","","","","23","","18","","24.1","","98.94","","","","-13","","NA"
"-77.70","53.63","LA GRANDE RIVIERE A","7093716","2019-12-02 03:00","2019","12","02","03:00","","-6.5","","-7.5","","92","","","","23","","23","","24.1","","98.91","","","","-14","","NA"
"-77.70","53.63","LA GRANDE RIVIERE A","7093716","2019-12-02 04:00","2019","12","02","04:00","","-6.4","","-7.4","","93","","","","22","","22","","24.1","","98.85","","","","-14","","Cloudy"
"-77.70","53.63","LA GRANDE RIVIERE A","7093716","2019-12-02 05:00","2019","12","02","05:00","","-6.4","","-7.5","","92","","","","22","","23","","24.1","","98.81","","","","-14","","NA"
"-77.70","53.63","LA GRANDE RIVIERE A","7093716","2019-12-02 06:00","2019","12","02","06:00","","-7.3","","-8.4","","92","","","","20","","20","","24.1","","98.76","","","","-14","","NA"
"-77.70","53.63","LA GRANDE RIVIERE A","7093716","2019-12-02 07:00","2019","12","02","07:00","","-7.5","","-8.6","","91","","","","21","","23","","24.1","","98.75","","","","-15","","Mostly Cloudy"
"-77.70","53.63","LA GRANDE RIVIERE A","7093716","2019-12-02 08:00","2019","12","02","08:00","","-7.4","","-8.6","","91","","","","20","","24","","24.1","","98.71","","","","-15","","NA"
"-77.70","53.63","LA GRANDE RIVIERE A","7093716","2019-12-02 09:00","2019","12","02","09:00","","-7.6","","-8.8","","91","","","","21","","23","","24.1","","98.74","","","","-15","","NA"
"-77.70","53.63","LA GRANDE RIVIERE A","7093716","2019-12-02 10:00","2019","12","02","10:00","","-7.2","","-8.3","","92","","","","21","","21","","16.1","","98.72","","","","-15","","Snow"
"-77.70","53.63","LA GRANDE RIVIERE A","7093716","2019-12-02 11:00","2019","12","02","11:00","","-7.1","","-8.3","","91","","","","21","","24","","19.3","","98.67","","","","-15","","Snow"
"-77.70","53.63","LA GRANDE RIVIERE A","7093716","2019-12-02 12:00","2019","12","02","12:00","","-6.7","","-8.0","","91","","","","22","","23","","24.1","","98.61","","","","-14","","NA"
"-77.70","53.63","LA GRANDE RIVIERE A","7093716","2019-12-02 13:00","2019","12","02","13:00","","-6.0","","-7.5","","90","","","","22","","25","","16.1","","98.53","","","","-14","","Mostly Cloudy"
"-77.70","53.63","LA GRANDE RIVIERE A","7093716","2019-12-02 14:00","2019","12","02","14:00","","-5.9","","-7.7","","88","","","","22","","19","","19.3","","98.53","","","","-13","","NA"
"-77.70","53.63","LA GRANDE RIVIERE A","7093716","2019-12-02 15:00","2019","12","02","15:00","","-5.5","","-8.0","","83","","","","21","","17","","24.1","","98.49","","","","-12","","NA"
"-77.70","53.63","LA GRANDE RIVIERE A","7093716","2019-12-02 16:00","2019","12","02","16:00","","-6.8","","-8.7","","86","","","","20","","19","","19.3","","98.49","","","","-14","","Mainly Clear"
"-77.70","53.63","LA GRANDE RIVIERE A","7093716","2019-12-02 17:00","2019","12","02","17:00","","-7.6","","-9.3","","88","","","","19","","20","","24.1","","98.51","","","","-15","","NA"
"-77.70","53.63","LA GRANDE RIVIERE A","7093716","2019-12-02 18:00","2019","12","02","18:00","","-9.3","","-10.7","","89","","","","18","","19","","24.1","","98.47","","","","-17","","NA"
"-77.70","53.63","LA GRANDE RIVIERE A","7093716","2019-12-02 19:00","2019","12","02","19:00","","-9.3","","-10.8","","90","","","","19","","22","","24.1","","98.41","","","","-17","","Mainly Clear"
"-77.70","53.63","LA GRANDE RIVIERE A","7093716","2019-12-02 20:00","2019","12","02","20:00","","-9.6","","-11.0","","89","","","","19","","19","","24.1","","98.34","","","","-17","","NA"
"-77.70","53.63","LA GRANDE RIVIERE A","7093716","2019-12-02 21:00","2019","12","02","21:00","","-10.2","","-11.7","","89","","","","19","","19","","24.1","","98.32","","","","-18","","NA"
"-77.70","53.63","LA GRANDE RIVIERE A","7093716","2019-12-02 22:00","2019","12","02","22:00","","-11.0","","-12.6","","88","","","","19","","14","","24.1","","98.26","","","","-18","","Mainly Clear"
"-77.70","53.63","LA GRANDE RIVIERE A","7093716","2019-12-02 23:00","2019","12","02","23:00","","-11.5","","-13.0","","89","","","","18","","14","","24.1","","98.21","","","","-18","","NA"
"-77.70","53.63","LA GRANDE RIVIERE A","7093716","2019-12-03 00:00","2019","12","03","00:00","","-10.8","","-12.3","","89","","","","19","","16","","24.1","","98.15","","","","-18","","NA"
"-77.70","53.63","LA GRANDE RIVIERE A","7093716","2019-12-03 01:00","2019","12","03","01:00","","-11.5","","-13.0","","88","","","","17","","13","","24.1","","98.08","","","","-18","","Mainly Clear"
"-77.70","53.63","LA GRANDE RIVIERE A","7093716","2019-12-03 02:00","2019","12","03","02:00","","-11.1","","-12.6","","88","","","","18","","22","","24.1","","98.01","","","","-20","","NA"
"-77.70","53.63","LA GRANDE RIVIERE A","7093716","2019-12-03 03:00","2019","12","03","03:00","","-11.1","","-12.7","","88","","","","18","","21","","24.1","","97.97","","","","-19","","NA"
"-77.70","53.63","LA GRANDE RIVIERE A","7093716","2019-12-03 04:00","2019","12","03","04:00","","-11.2","","-12.9","","88","","","","18","","21","","24.1","","97.92","","","","-20","","Mainly Clear"
"-77.70","53.63","LA GRANDE RIVIERE A","7093716","2019-12-03 05:00","2019","12","03","05:00","","-11.7","","-13.5","","86","","","","17","","23","","24.1","","97.82","","","","-21","","NA"
"-77.70","53.63","LA GRANDE RIVIERE A","7093716","2019-12-03 06:00","2019","12","03","06:00","","-11.8","","-14.0","","84","","","","17","","20","","24.1","","97.78","","","","-20","","NA"
"-77.70","53.63","LA GRANDE RIVIERE A","7093716","2019-12-03 07:00","2019","12","03","07:00","","-12.2","","-14.5","","83","","","","17","","17","","24.1","","97.72","","","","-20","","Mostly Cloudy"
"-77.70","53.63","LA GRANDE RIVIERE A","7093716","2019-12-03 08:00","2019","12","03","08:00","","-11.5","","-13.8","","83","","","","15","","21","","24.1","","97.62","","","","-20","","NA"
"-77.70","53.63","LA GRANDE RIVIERE A","7093716","2019-12-03 09:00","2019","12","03","09:00","","-10.2","","-12.5","","83","","","","17","","17","","24.1","","97.52","","","","-17","","NA"
"-77.70","53.63","LA GRANDE RIVIERE A","7093716","2019-12-03 10:00","2019","12","03","10:00","","-9.0","","-12.2","","78","","","","18","","16","","24.1","","97.51","","","","-16","","Cloudy"
"-77.70","53.63","LA GRANDE RIVIERE A","7093716","2019-12-03 11:00","2019","12","03","11:00","","-8.2","","-11.8","","76","","","","17","","15","","24.1","","97.44","","","","-15","","NA"
"-77.70","53.63","LA GRANDE RIVIERE A","7093716","2019-12-03 12:00","2019","12","03","12:00","","-7.1","","-11.9","","69","","","","18","","12","","24.1","","97.35","","","","-12","","NA"
"-77.70","53.63","LA GRANDE RIVIERE A","7093716","2019-12-03 13:00","2019","12","03","13:00","","-7.9","","-12.3","","71","","","","17","","18","","24.1","","97.27","","","","-15","","Cloudy"
"-77.70","53.63","LA GRANDE RIVIERE A","7093716","2019-12-03 14:00","2019","12","03","14:00","","-7.9","","-11.8","","74","","","","20","","15","","24.1","","97.25","","","","-14","","NA"
"-77.70","53.63","LA GRANDE RIVIERE A","7093716","2019-12-03 15:00","2019","12","03","15:00","","-7.8","","-11.1","","77","","","","17","","10","","24.1","","97.18","","","","-13","","NA"
"-77.70","53.63","LA GRANDE RIVIERE A","7093716","2019-12-03 16:00","2019","12","03","16:00","","-7.6","","-10.8","","78","","","","17","","12","","24.1","","97.19","","","","-13","","Cloudy"
"-77.70","53.63","LA GRANDE RIVIERE A","7093716","2019-12-03 17:00","2019","12","03","17:00","","-7.5","","-10.5","","80","","","","17","","12","","24.1","","97.21","","","","-13","","NA"
"-77.70","53.63","LA GRANDE RIVIERE A","7093716","2019-12-03 18:00","2019","12","03","18:00","","-7.5","","-10.1","","82","","","","16","","8","","24.1","","97.16","","","","-12","","NA"
"-77.70","53.63","LA GRANDE RIVIERE A","7093716","2019-12-03 19:00","2019","12","03","19:00","","-7.4","","-9.5","","85","","","","16","","11","","24.1","","97.08","","","","-12","","Snow"
"-77.70","53.63","LA GRANDE RIVIERE A","7093716","2019-12-03 20:00","2019","12","03","20:00","","-7.2","","-8.8","","89","","","","16","","11","","11.3","","97.03","","","","-12","","Snow"
"-77.70","53.63","LA GRANDE RIVIERE A","7093716","2019-12-03 21:00","2019","12","03","21:00","","-7.2","","-8.8","","89","","","","15","","20","","9.7","","96.96","","","","-14","","Snow"
"-77.70","53.63","LA GRANDE RIVIERE A","7093716","2019-12-03 22:00","2019","12","03","22:00","","-7.3","","-8.8","","89","","","","17","","17","","11.3","","96.92","","","","-14","","Snow"
"-77.70","53.63","LA GRANDE RIVIERE A","7093716","2019-12-03 23:00","2019","12","03","23:00","","-7.2","","-8.7","","89","","","","16","","14","","19.3","","96.88","","","","-13","","Snow"
"-77.70","53.63","LA GRANDE RIVIERE A","7093716","2019-12-04 00:00","2019","12","04","00:00","","-7.2","","-8.6","","90","","","","16","","17","","19.3","","96.82","","","","-14","","Snow"
"-77.70","53.63","LA GRANDE RIVIERE A","7093716","2019-12-04 01:00","2019","12","04","01:00","","-7.2","","-8.6","","90","","","","16","","17","","19.3","","96.77","","","","-14","","Snow"
"-77.70","53.63","LA GRANDE RIVIERE A","7093716","2019-12-04 02:00","2019","12","04","02:00","","-7.0","","-8.3","","90","","","","17","","17","","24.1","","96.76","","","","-13","","Snow"
"-77.70","53.63","LA GRANDE RIVIERE A","7093716","2019-12-04 03:00","2019","12","04","03:00","","-6.8","","-8.2","","90","","","","17","","13","","12.9","","96.73","","","","-12","","Snow"
"-77.70","53.63","LA GRANDE RIVIERE A","7093716","2019-12-04 04:00","2019","12","04","04:00","","-6.8","","-8.1","","90","","","","14","","10","","24.1","","96.74","","","","-11","","Snow"
"-77.70","53.63","LA GRANDE RIVIERE A","7093716","2019-12-04 05:00","2019","12","04","05:00","","-6.8","","-8.2","","90","","","","15","","13","","24.1","","96.72","","","","-12","","Snow"
"-77.70","53.63","LA GRANDE RIVIERE A","7093716","2019-12-04 06:00","2019","12","04","06:00","","-6.8","","-8.0","","91","","","","17","","13","","24.1","","96.73","","","","-12","","Snow"
"-77.70","53.63","LA GRANDE RIVIERE A","7093716","2019-12-04 07:00","2019","12","04","07:00","","-6.6","","-7.9","","91","","","","16","","8","","6.4","","96.75","","","","-10","","Snow"
"-77.70","53.63","LA GRANDE RIVIERE A","7093716","2019-12-04 08:00","2019","12","04","08:00","","-6.6","","-7.8","","91","","","","16","","10","","8.1","","96.74","","","","-11","","Snow"
"-77.70","53.63","LA GRANDE RIVIERE A","7093716","2019-12-04 09:00","2019","12","04","09:00","","-6.5","","-7.7","","91","","","","16","","8","","12.9","","96.76","","","","-10","","Snow"
"-77.70","53.63","LA GRANDE RIVIERE A","7093716","2019-12-04 10:00","2019","12","04","10:00","","-6.3","","-7.6","","91","","","","17","","7","","12.9","","96.77","","","","-10","","Snow"
"-77.70","53.63","LA GRANDE RIVIERE A","7093716","2019-12-04 11:00","2019","12","04","11:00","","-6.1","","-7.5","","90","","","","17","","10","","8.1","","96.76","","","","-11","","Snow"
"-77.70","53.63","LA GRANDE RIVIERE A","7093716","2019-12-04 12:00","2019","12","04","12:00","","-6.0","","-7.5","","89","","","","19","","7","","9.7","","96.75","","","","-9","","Snow"
"-77.70","53.63","LA GRANDE RIVIERE A","7093716","2019-12-04 13:00","2019","12","04","13:00","","-5.8","","-7.4","","88","","","","18","","6","","8.1","","96.75","","","","-9","","Snow"
"-77.70","53.63","LA GRANDE RIVIERE A","7093716","2019-12-04 14:00","2019","12","04","14:00","","-5.6","","-7.2","","89","","","","20","","4","","9.7","","96.79","","","","-7","","Snow"
"-77.70","53.63","LA GRANDE RIVIERE A","7093716","2019-12-04 15:00","2019","12","04","15:00","","-5.5","","-7.1","","89","","","","22","","3","","8.1","","96.85","","","","-7","","Snow"
"-77.70","53.63","LA GRANDE RIVIERE A","7093716","2019-12-04 16:00","2019","12","04","16:00","","-5.8","","-7.1","","90","","","","20","","3","","4.8","","96.92","","","","-7","","Snow"
"-77.70","53.63","LA GRANDE RIVIERE A","7093716","2019-12-04 17:00","2019","12","04","17:00","","-6.1","","-7.2","","92","","","","","","0","","19.3","","96.99","","","","","","Snow"
"-77.70","53.63","LA GRANDE RIVIERE A","7093716","2019-12-04 18:00","2019","12","04","18:00","","-6.5","","-7.5","","92","","","","22","","4","","19.3","","97.03","","","","-8","","Snow"
"-77.70","53.63","LA GRANDE RIVIERE A","7093716","2019-12-04 19:00","2019","12","04","19:00","","-6.2","","-7.1","","93","","","","25","","7","","19.3","","97.07","","","","-10","","Snow"
"-77.70","53.63","LA GRANDE RIVIERE A","7093716","2019-12-04 20:00","2019","12","04","20:00","","-6.3","","-7.3","","93","","","","27","","4","","16.1","","97.10","","","","-8","","Snow"
"-77.70","53.63","LA GRANDE RIVIERE A","7093716","2019-12-04 21:00","2019","12","04","21:00","","-6.4","","-7.4","","93","","","","28","","3","","12.9","","97.14","","","","-8","","Snow"
"-77.70","53.63","LA GRANDE RIVIERE A","7093716","2019-12-04 22:00","2019","12","04","22:00","","-6.4","","-7.3","","93","","","","28","","4","","6.4","","97.15","","","","-8","","Snow"
"-77.70","53.63","LA GRANDE RIVIERE A","7093716","2019-12-04 23:00","2019","12","04","23:00","","-6.6","","-7.6","","93","","","","29","","3","","9.7","","97.19","","","","-8","","Snow"
"-77.70","53.63","LA GRANDE RIVIERE A","7093716","2019-12-05 00:00","2019","12","05","00:00","","-6.7","","-7.7","","93","","","","29","","4","","12.9","","97.22","","","","-9","","Snow"
"-77.70","53.63","LA GRANDE RIVIERE A","7093716","2019-12-05 01:00","2019","12","05","01:00","","-7.0","","-8.0","","93","","","","30","","5","","11.3","","97.25","","","","-10","","Snow"
"-77.70","53.63","LA GRANDE RIVIERE A","7093716","2019-12-05 02:00","2019","12","05","02:00","","-6.8","","-7.8","","92","","","","32","","5","","11.3","","97.29","","","","-9","","Snow"
"-77.70","53.63","LA GRANDE RIVIERE A","7093716","2019-12-05 03:00","2019","12","05","03:00","","-6.7","","-7.8","","92","","","","32","","5","","12.9","","97.36","","","","-9","","Snow"
"-77.70","53.63","LA GRANDE RIVIERE A","7093716","2019-12-05 04:00","2019","12","05","04:00","","-6.5","","-7.6","","92","","","","32","","5","","9.7","","97.43","","","","-9","","Snow"
"-77.70","53.63","LA GRANDE RIVIERE A","7093716","2019-12-05 05:00","2019","12","05","05:00","","-6.3","","-7.5","","92","","","","33","","8","","6.4","","97.48","","","","-10","","Snow"
"-77.70","53.63","LA GRANDE RIVIERE A","7093716","2019-12-05 06:00","2019","12","05","06:00","","-6.0","","-7.2","","91","","","","36","","8","","6.4","","97.53","","","","-10","","Snow"
"-77.70","53.63","LA GRANDE RIVIERE A","7093716","2019-12-05 07:00","2019","12","05","07:00","","-6.1","","-7.4","","90","","","","35","","11","","11.3","","97.62","","","","-11","","Snow"
"-77.70","53.63","LA GRANDE RIVIERE A","7093716","2019-12-05 08:00","2019","12","05","08:00","","-6.8","","-8.4","","89","","","","34","","13","","8.1","","97.71","","","","-12","","Snow"
"-77.70","53.63","LA GRANDE RIVIERE A","7093716","2019-12-05 09:00","2019","12","05","09:00","","-7.6","","-9.4","","87","","","","35","","12","","4.8","","97.79","","","","-13","","Snow"
"-77.70","53.63","LA GRANDE RIVIERE A","7093716","2019-12-05 10:00","2019","12","05","10:00","","-7.3","","-9.1","","87","","","","35","","11","","4.8","","97.87","","","","-12","","Snow"
"-77.70","53.63","LA GRANDE RIVIERE A","7093716","2019-12-05 11:00","2019","12","05","11:00","","-7.0","","-8.8","","87","","","","35","","12","","8.1","","97.91","","","","-12","","Snow"
"-77.70","53.63","LA GRANDE RIVIERE A","7093716","2019-12-05 12:00","2019","12","05","12:00","","-6.9","","-9.2","","83","","","","35","","11","","8.1","","97.93","","","","-12","","Snow"
"-77.70","53.63","LA GRANDE RIVIERE A","7093716","2019-12-05 13:00","2019","12","05","13:00","","-6.6","","-8.9","","84","","","","33","","12","","9.7","","97.98","","","","-12","","Snow"
"-77.70","53.63","LA GRANDE RIVIERE A","7093716","2019-12-05 14:00","2019","12","05","14:00","","-6.8","","-9.3","","82","","","","34","","13","","16.1","","98.02","","","","-12","","Snow"
"-77.70","53.63","LA GRANDE RIVIERE A","7093716","2019-12-05 15:00","2019","12","05","15:00","","-7.0","","-9.3","","84","","","","33","","6","","24.1","","98.13","","","","-10","","Snow"
"-77.70","53.63","LA GRANDE RIVIERE A","7093716","2019-12-05 16:00","2019","12","05","16:00","","-7.5","","-9.8","","84","","","","33","","7","","24.1","","98.21","","","","-11","","Snow"
"-77.70","53.63","LA GRANDE RIVIERE A","7093716","2019-12-05 17:00","2019","12","05","17:00","","-8.0","","-9.7","","88","","","","34","","4","","12.9","","98.29","","","","-10","","Snow"
"-77.70","53.63","LA GRANDE RIVIERE A","7093716","2019-12-05 18:00","2019","12","05","18:00","","-8.4","","-9.7","","91","","","","35","","3","","4.0","","98.34","","","","-10","","Snow"
"-77.70","53.63","LA GRANDE RIVIERE A","7093716","2019-12-05 19:00","2019","12","05","19:00","","-9.2","","-10.3","","91","","","","","","0","","4.8","","98.36","","","","","","Snow"
"-77.70","53.63","LA GRANDE RIVIERE A","7093716","2019-12-05 20:00","2019","12","05","20:00","","-10.1","","-11.3","","91","","","","23","","4","","16.1","","98.39","","","","-12","","Snow"
"-77.70","53.63","LA GRANDE RIVIERE A","7093716","2019-12-05 21:00","2019","12","05","21:00","","-8.9","","-10.2","","91","","","","25","","4","","24.1","","98.42","","","","-11","","Snow"
"-77.70","53.63","LA GRANDE RIVIERE A","7093716","2019-12-05 22:00","2019","12","05","22:00","","-10.9","","-11.9","","92","","","","26","","7","","24.1","","98.44","","","","-15","","Snow"
"-77.70","53.63","LA GRANDE RIVIERE A","7093716","2019-12-05 23:00","2019","12","05","23:00","","-11.1","","-12.6","","89","","","","23","","5","","16.1","","98.48","","","","-14","","Snow"
"-77.70","53.63","LA GRANDE RIVIERE A","7093716","2019-12-06 00:00","2019","12","06","00:00","","-12.4","","-14.1","","88","","","","25","","9","","24.1","","98.51","","","","-18","","Snow"
"-77.70","53.63","LA GRANDE RIVIERE A","7093716","2019-12-06 01:00","2019","12","06","01:00","","-12.7","","-14.3","","88","","","","25","","11","","2.4","","98.54","","","","-19","","Moderate Snow,Fog"
"-77.70","53.63","LA GRANDE RIVIERE A","7093716","2019-12-06 02:00","2019","12","06","02:00","","-12.4","","-14.0","","88","","","","25","","9","","24.1","","98.58","","","","-18","","Snow"
"-77.70","53.63","LA GRANDE RIVIERE A","7093716","2019-12-06 03:00","2019","12","06","03:00","","-12.7","","-14.4","","87","","","","26","","11","","19.3","","98.61","","","","-19","","Snow"
"-77.70","53.63","LA GRANDE RIVIERE A","7093716","2019-12-06 04:00","2019","12","06","04:00","","-12.9","","-14.7","","87","","","","25","","9","","19.3","","98.63","","","","-18","","Snow"
"-77.70","53.63","LA GRANDE RIVIERE A","7093716","2019-12-06 05:00","2019","12","06","05:00","","-13.6","","-15.4","","86","","","","26","","7","","24.1","","98.66","","","","-18","","Snow"
"-77.70","53.63","LA GRANDE RIVIERE A","7093716","2019-12-06 06:00","2019","12","06","06:00","","-14.0","","-15.9","","86","","","","25","","9","","24.1","","98.70","","","","-20","","Snow"
"-77.70","53.63","LA GRANDE RIVIERE A","7093716","2019-12-06 07:00","2019","12","06","07:00","","-13.7","","-15.3","","87","","","","27","","9","","19.3","","98.74","","","","-19","","Snow"
"-77.70","53.63","LA GRANDE RIVIERE A","7093716","2019-12-06 08:00","2019","12","06","08:00","","-13.3","","-15.1","","87","","","","26","","5","","4.8","","98.77","","","","-17","","Snow"
"-77.70","53.63","LA GRANDE RIVIERE A","7093716","2019-12-06 09:00","2019","12","06","09:00","","-12.3","","-14.0","","87","","","","27","","6","","24.1","","98.81","","","","-16","","Snow"
"-77.70","53.63","LA GRANDE RIVIERE A","7093716","2019-12-06 10:00","2019","12","06","10:00","","-12.2","","-14.0","","87","","","","27","","10","","24.1","","98.87","","","","-18","","Snow"
"-77.70","53.63","LA GRANDE RIVIERE A","7093716","2019-12-06 11:00","2019","12","06","11:00","","-11.0","","-12.6","","88","","","","27","","10","","24.1","","98.89","","","","-16","","NA"
"-77.70","53.63","LA GRANDE RIVIERE A","7093716","2019-12-06 12:00","2019","12","06","12:00","","-10.1","","-11.6","","89","","","","27","","14","","24.1","","98.92","","","","-17","","NA"
"-77.70","53.63","LA GRANDE RIVIERE A","7093716","2019-12-06 13:00","2019","12","06","13:00","","-9.1","","-10.4","","90","","","","29","","17","","24.1","","98.92","","","","-16","","Snow"
"-77.70","53.63","LA GRANDE RIVIERE A","7093716","2019-12-06 14:00","2019","12","06","14:00","","-10.0","","-11.4","","89","","","","28","","13","","24.1","","98.96","","","","-16","","Snow"
"-77.70","53.63","LA GRANDE RIVIERE A","7093716","2019-12-06 15:00","2019","12","06","15:00","","-10.8","","-12.4","","88","","","","28","","12","","24.1","","99.02","","","","-17","","Snow"
"-77.70","53.63","LA GRANDE RIVIERE A","7093716","2019-12-06 16:00","2019","12","06","16:00","","-11.8","","-13.7","","87","","","","26","","10","","24.1","","99.07","","","","-17","","Mostly Cloudy"
"-77.70","53.63","LA GRANDE RIVIERE A","7093716","2019-12-06 17:00","2019","12","06","17:00","","-12.5","","-14.1","","88","","","","25","","9","","24.1","","99.13","","","","-18","","NA"
"-77.70","53.63","LA GRANDE RIVIERE A","7093716","2019-12-06 18:00","2019","12","06","18:00","","-13.8","","-15.6","","87","","","","26","","9","","24.1","","99.16","","","","-19","","NA"
"-77.70","53.63","LA GRANDE RIVIERE A","7093716","2019-12-06 19:00","2019","12","06","19:00","","-13.1","","-14.8","","87","","","","26","","9","","24.1","","99.19","","","","-19","","Snow"
"-77.70","53.63","LA GRANDE RIVIERE A","7093716","2019-12-06 20:00","2019","12","06","20:00","","-12.0","","-13.6","","88","","","","25","","9","","19.3","","99.21","","","","-17","","Snow"
"-77.70","53.63","LA GRANDE RIVIERE A","7093716","2019-12-06 21:00","2019","12","06","21:00","","-11.6","","-13.2","","88","","","","25","","7","","24.1","","99.22","","","","-16","","Snow"
"-77.70","53.63","LA GRANDE RIVIERE A","7093716","2019-12-06 22:00","2019","12","06","22:00","","-10.8","","-12.3","","89","","","","24","","9","","24.1","","99.23","","","","-16","","Snow"
"-77.70","53.63","LA GRANDE RIVIERE A","7093716","2019-12-06 23:00","2019","12","06","23:00","","-10.6","","-12.1","","89","","","","25","","12","","2.4","","99.25","","","","-17","","Snow"
"-77.70","53.63","LA GRANDE RIVIERE A","7093716","2019-12-07 00:00","2019","12","07","00:00","","-11.4","","-13.1","","87","","","","25","","15","","2.4","","99.26","","","","-18","","Snow"
"-77.70","53.63","LA GRANDE RIVIERE A","7093716","2019-12-07 01:00","2019","12","07","01:00","","-11.7","","-13.4","","87","","","","24","","16","","19.3","","99.29","","","","-19","","Snow"
"-77.70","53.63","LA GRANDE RIVIERE A","7093716","2019-12-07 02:00","2019","12","07","02:00","","-12.1","","-13.9","","87","","","","24","","16","","19.3","","99.31","","","","-20","","Snow"
"-77.70","53.63","LA GRANDE RIVIERE A","7093716","2019-12-07 03:00","2019","12","07","03:00","","-12.4","","-14.2","","87","","","","24","","14","","24.1","","99.33","","","","-19","","Snow"
"-77.70","53.63","LA GRANDE RIVIERE A","7093716","2019-12-07 04:00","2019","12","07","04:00","","-13.0","","-15.0","","85","","","","22","","18","","24.1","","99.32","","","","-21","","Snow"
"-77.70","53.63","LA GRANDE RIVIERE A","7093716","2019-12-07 05:00","2019","12","07","05:00","","-14.3","","-16.8","","81","","","","22","","24","","16.1","","99.34","","","","-24","","Snow"
"-77.70","53.63","LA GRANDE RIVIERE A","7093716","2019-12-07 06:00","2019","12","07","06:00","","-14.7","","-17.2","","82","","","","22","","12","","24.1","","99.34","","","","-22","","Snow"
"-77.70","53.63","LA GRANDE RIVIERE A","7093716","2019-12-07 07:00","2019","12","07","07:00","","-14.7","","-17.3","","80","","","","22","","20","","16.1","","99.33","","","","-24","","Snow"
"-77.70","53.63","LA GRANDE RIVIERE A","7093716","2019-12-07 08:00","2019","12","07","08:00","","-14.7","","-17.0","","82","","","","20","","11","","19.3","","99.31","","","","-21","","Snow"
"-77.70","53.63","LA GRANDE RIVIERE A","7093716","2019-12-07 09:00","2019","12","07","09:00","","-14.3","","-16.5","","83","","","","20","","13","","6.4","","99.30","","","","-21","","Snow"
"-77.70","53.63","LA GRANDE RIVIERE A","7093716","2019-12-07 10:00","2019","12","07","10:00","","-14.7","","-17.4","","81","","","","18","","18","","6.4","","99.27","","","","-23","","Snow,Blowing Snow"
"-77.70","53.63","LA GRANDE RIVIERE A","7093716","2019-12-07 11:00","2019","12","07","11:00","","-15.2","","-17.9","","80","","","","17","","25","","9.7","","99.25","","","","-25","","Snow,Blowing Snow"
"-77.70","53.63","LA GRANDE RIVIERE A","7093716","2019-12-07 12:00","2019","12","07","12:00","","-15.2","","-17.8","","81","","","","17","","22","","6.4","","99.21","","","","-25","","Snow,Blowing Snow"
"-77.70","53.63","LA GRANDE RIVIERE A","7093716","2019-12-07 13:00","2019","12","07","13:00","","-15.5","","-18.1","","81","","","","17","","26","","6.4","","99.17","","","","-26","","Snow,Blowing Snow"
"-77.70","53.63","LA GRANDE RIVIERE A","7093716","2019-12-07 14:00","2019","12","07","14:00","","-15.7","","-18.4","","80","","","","17","","25","","4.8","","99.15","","","","-26","","Snow,Blowing Snow"
"-77.70","53.63","LA GRANDE RIVIERE A","7093716","2019-12-07 15:00","2019","12","07","15:00","","-15.7","","-18.5","","80","","","","17","","21","","4.0","","99.16","","","","-25","","Snow,Blowing Snow"
"-77.70","53.63","LA GRANDE RIVIERE A","7093716","2019-12-07 16:00","2019","12","07","16:00","","-15.3","","-18.0","","80","","","","18","","21","","6.4","","99.19","","","","-25","","Snow,Blowing Snow"
"-77.70","53.63","LA GRANDE RIVIERE A","7093716","2019-12-07 17:00","2019","12","07","17:00","","-15.1","","-17.6","","81","","","","17","","19","","11.3","","99.20","","","","-24","","Snow"
"-77.70","53.63","LA GRANDE RIVIERE A","7093716","2019-12-07 18:00","2019","12","07","18:00","","-14.8","","-17.2","","82","","","","17","","16","","16.1","","99.15","","","","-23","","Snow"
"-77.70","53.63","LA GRANDE RIVIERE A","7093716","2019-12-07 19:00","2019","12","07","19:00","","-14.4","","-16.8","","83","","","","17","","18","","12.9","","99.11","","","","-23","","Snow"
"-77.70","53.63","LA GRANDE RIVIERE A","7093716","2019-12-07 20:00","2019","12","07","20:00","","-13.9","","-16.1","","83","","","","16","","16","","19.3","","99.03","","","","-22","","Snow"
"-77.70","53.63","LA GRANDE RIVIERE A","7093716","2019-12-07 21:00","2019","12","07","21:00","","-13.3","","-15.4","","84","","","","16","","22","","19.3","","98.93","","","","-22","","Snow"
"-77.70","53.63","LA GRANDE RIVIERE A","7093716","2019-12-07 22:00","2019","12","07","22:00","","-12.6","","-14.6","","85","","","","16","","30","","9.7","","98.71","","","","-23","","Snow"
"-77.70","53.63","LA GRANDE RIVIERE A","7093716","2019-12-07 23:00","2019","12","07","23:00","","-12.8","","-14.7","","85","","","","17","","29","","9.7","","98.64","","","","-23","","Snow"
"-77.70","53.63","LA GRANDE RIVIERE A","7093716","2019-12-08 00:00","2019","12","08","00:00","","-12.2","","-14.2","","85","","","","16","","21","","9.7","","98.50","","","","-21","","Snow"
"-77.70","53.63","LA GRANDE RIVIERE A","7093716","2019-12-08 01:00","2019","12","08","01:00","","-11.6","","-13.5","","86","","","","16","","25","","16.1","","98.36","","","","-21","","Snow"
"-77.70","53.63","LA GRANDE RIVIERE A","7093716","2019-12-08 02:00","2019","12","08","02:00","","-10.1","","-11.7","","88","","","","16","","27","","19.3","","98.19","","","","-19","","Snow"
"-77.70","53.63","LA GRANDE RIVIERE A","7093716","2019-12-08 03:00","2019","12","08","03:00","","-8.4","","-10.2","","87","","","","16","","28","","24.1","","98.00","","","","-17","","Snow"
"-77.70","53.63","LA GRANDE RIVIERE A","7093716","2019-12-08 04:00","2019","12","08","04:00","","-8.0","","-9.9","","87","","","","16","","30","","24.1","","97.72","","","","-17","","Snow"
"-77.70","53.63","LA GRANDE RIVIERE A","7093716","2019-12-08 05:00","2019","12","08","05:00","","-7.1","","-8.9","","87","","","","16","","30","","4.8","","97.55","","","","-16","","Snow,Blowing Snow"
"-77.70","53.63","LA GRANDE RIVIERE A","7093716","2019-12-08 06:00","2019","12","08","06:00","","-6.6","","-8.3","","88","","","","16","","28","","1.6","","97.39","","","","-15","","Snow,Blowing Snow"
"-77.70","53.63","LA GRANDE RIVIERE A","7093716","2019-12-08 07:00","2019","12","08","07:00","","-6.0","","-7.3","","90","","","","17","","21","","1.6","","97.24","","","","-13","","Snow,Blowing Snow"
"-77.70","53.63","LA GRANDE RIVIERE A","7093716","2019-12-08 08:00","2019","12","08","08:00","","-5.2","","-6.6","","90","","","","17","","27","","1.6","","97.12","","","","-13","","Snow,Blowing Snow"
"-77.70","53.63","LA GRANDE RIVIERE A","7093716","2019-12-08 09:00","2019","12","08","09:00","","-4.5","","-5.8","","91","","","","19","","23","","1.0","","97.04","","","","-11","","Snow,Blowing Snow"
"-77.70","53.63","LA GRANDE RIVIERE A","7093716","2019-12-08 10:00","2019","12","08","10:00","","-4.2","","-5.5","","91","","","","26","","28","","0.8","","97.10","","","","-12","","Moderate Snow,Blowing Snow"
"-77.70","53.63","LA GRANDE RIVIERE A","7093716","2019-12-08 11:00","2019","12","08","11:00","","-6.3","","-8.1","","87","","","","30","","24","","1.2","","97.21","","","","-14","","Snow,Blowing Snow"
"-77.70","53.63","LA GRANDE RIVIERE A","7093716","2019-12-08 12:00","2019","12","08","12:00","","-8.2","","-10.5","","84","","","","29","","26","","2.4","","97.35","","","","-17","","Snow,Blowing Snow"
"-77.70","53.63","LA GRANDE RIVIERE A","7093716","2019-12-08 13:00","2019","12","08","13:00","","-8.8","","-11.7","","80","","","","29","","31","","3.2","","97.45","","","","-18","","Snow,Blowing Snow"
"-77.70","53.63","LA GRANDE RIVIERE A","7093716","2019-12-08 14:00","2019","12","08","14:00","","-9.7","","-13.7","","72","","","","29","","26","","6.4","","97.58","","","","-19","","Snow,Blowing Snow"
"-77.70","53.63","LA GRANDE RIVIERE A","7093716","2019-12-08 15:00","2019","12","08","15:00","","-10.8","","-15.3","","70","","","","29","","22","","12.9","","97.76","","","","-19","","Snow,Blowing Snow"
"-77.70","53.63","LA GRANDE RIVIERE A","7093716","2019-12-08 16:00","2019","12","08","16:00","","-11.9","","-16.1","","71","","","","29","","24","","9.7","","97.92","","","","-21","","Snow,Blowing Snow"
"-77.70","53.63","LA GRANDE RIVIERE A","7093716","2019-12-08 17:00","2019","12","08","17:00","","-13.5","","-17.6","","71","","","","28","","22","","24.1","","98.09","","","","-23","","Snow"
"-77.70","53.63","LA GRANDE RIVIERE A","7093716","2019-12-08 18:00","2019","12","08","18:00","","-16.3","","-19.6","","76","","","","27","","12","","24.1","","98.21","","","","-24","","NA"
"-77.70","53.63","LA GRANDE RIVIERE A","7093716","2019-12-08 19:00","2019","12","08","19:00","","-16.7","","-19.1","","82","","","","26","","11","","24.1","","98.31","","","","-24","","Snow"
"-77.70","53.63","LA GRANDE RIVIERE A","7093716","2019-12-08 20:00","2019","12","08","20:00","","-16.8","","-19.0","","83","","","","27","","10","","24.1","","98.42","","","","-23","","Snow"
"-77.70","53.63","LA GRANDE RIVIERE A","7093716","2019-12-08 21:00","2019","12","08","21:00","","-17.6","","-19.6","","85","","","","25","","8","","4.0","","98.50","","","","-23","","Snow"
"-77.70","53.63","LA GRANDE RIVIERE A","7093716","2019-12-08 22:00","2019","12","08","22:00","","-16.6","","-18.9","","83","","","","25","","16","","9.7","","98.60","","","","-25","","Snow"
"-77.70","53.63","LA GRANDE RIVIERE A","7093716","2019-12-08 23:00","2019","12","08","23:00","","-17.9","","-20.2","","82","","","","25","","17","","24.1","","98.69","","","","-27","","Ice Crystals"
"-77.70","53.63","LA GRANDE RIVIERE A","7093716","2019-12-09 00:00","2019","12","09","00:00","","-18.5","","-20.8","","82","","","","24","","14","","24.1","","98.73","","","","-27","","Ice Crystals"
"-77.70","53.63","LA GRANDE RIVIERE A","7093716","2019-12-09 01:00","2019","12","09","01:00","","-17.6","","-20.0","","82","","","","23","","16","","24.1","","98.77","","","","-26","","Ice Crystals"
"-77.70","53.63","LA GRANDE RIVIERE A","7093716","2019-12-09 02:00","2019","12","09","02:00","","-18.1","","-20.4","","82","","","","22","","18","","24.1","","98.86","","","","-28","","Ice Crystals"
"-77.70","53.63","LA GRANDE RIVIERE A","7093716","2019-12-09 03:00","2019","12","09","03:00","","-18.8","","-21.2","","82","","","","23","","17","","24.1","","98.92","","","","-28","","Ice Crystals"
"-77.70","53.63","LA GRANDE RIVIERE A","7093716","2019-12-09 04:00","2019","12","09","04:00","","-20.0","","-22.4","","82","","","","21","","11","","24.1","","98.97","","","","-28","","Ice Crystals"
"-77.70","53.63","LA GRANDE RIVIERE A","7093716","2019-12-09 05:00","2019","12","09","05:00","","-20.4","","-22.9","","81","","","","21","","16","","19.3","","99.01","","","","-30","","Ice Crystals"
"-77.70","53.63","LA GRANDE RIVIERE A","7093716","2019-12-09 06:00","2019","12","09","06:00","","-20.2","","-22.7","","80","","","","21","","14","","19.3","","99.05","","","","-29","","Ice Crystals"
"-77.70","53.63","LA GRANDE RIVIERE A","7093716","2019-12-09 07:00","2019","12","09","07:00","","-20.3","","-22.7","","81","","","","19","","24","","19.3","","99.08","","","","-32","","Ice Crystals"
"-77.70","53.63","LA GRANDE RIVIERE A","7093716","2019-12-09 08:00","2019","12","09","08:00","","-19.3","","-21.7","","82","","","","20","","14","","8.1","","99.13","","","","-28","","Ice Crystals"
"-77.70","53.63","LA GRANDE RIVIERE A","7093716","2019-12-09 09:00","2019","12","09","09:00","","-18.1","","-20.6","","82","","","","19","","18","","6.4","","99.14","","","","-28","","Snow"
"-77.70","53.63","LA GRANDE RIVIERE A","7093716","2019-12-09 10:00","2019","12","09","10:00","","-17.6","","-20.0","","82","","","","20","","14","","8.1","","99.16","","","","-26","","Snow"
"-77.70","53.63","LA GRANDE RIVIERE A","7093716","2019-12-09 11:00","2019","12","09","11:00","","-17.2","","-19.5","","82","","","","20","","18","","19.3","","99.12","","","","-26","","Snow"
"-77.70","53.63","LA GRANDE RIVIERE A","7093716","2019-12-09 12:00","2019","12","09","12:00","","-17.1","","-19.4","","82","","","","21","","16","","19.3","","99.06","","","","-26","","Snow"
"-77.70","53.63","LA GRANDE RIVIERE A","7093716","2019-12-09 13:00","2019","12","09","13:00","","-17.0","","-19.5","","81","","","","21","","13","","19.3","","99.03","","","","-25","","Snow"
"-77.70","53.63","LA GRANDE RIVIERE A","7093716","2019-12-09 14:00","2019","12","09","14:00","","-16.5","","-19.9","","75","","","","22","","17","","19.3","","98.98","","","","-25","","Snow"
"-77.70","53.63","LA GRANDE RIVIERE A","7093716","2019-12-09 15:00","2019","12","09","15:00","","-16.6","","-19.9","","76","","","","21","","8","","19.3","","98.93","","","","-22","","Snow"
"-77.70","53.63","LA GRANDE RIVIERE A","7093716","2019-12-09 16:00","2019","12","09","16:00","","-17.3","","-19.8","","81","","","","15","","7","","24.1","","98.89","","","","-23","","Snow"
"-77.70","53.63","LA GRANDE RIVIERE A","7093716","2019-12-09 17:00","2019","12","09","17:00","","-17.8","","-20.2","","81","","","","12","","8","","24.1","","98.79","","","","-24","","Ice Crystals"
"-77.70","53.63","LA GRANDE RIVIERE A","7093716","2019-12-09 18:00","2019","12","09","18:00","","-18.1","","-20.5","","82","","","","12","","8","","24.1","","98.71","","","","-24","","Ice Crystals"
"-77.70","53.63","LA GRANDE RIVIERE A","7093716","2019-12-09 19:00","2019","12","09","19:00","","-18.0","","-20.5","","81","","","","","","0","","24.1","","98.62","","","","","","Ice Crystals"
"-77.70","53.63","LA GRANDE RIVIERE A","7093716","2019-12-09 20:00","2019","12","09","20:00","","-17.8","","-20.4","","81","","","","9","","7","","24.1","","98.51","","","","-23","","Ice Crystals"
"-77.70","53.63","LA GRANDE RIVIERE A","7093716","2019-12-09 21:00","2019","12","09","21:00","","-17.9","","-20.4","","81","","","","10","","7","","16.1","","98.35","","","","-23","","Snow"
"-77.70","53.63","LA GRANDE RIVIERE A","7093716","2019-12-09 22:00","2019","12","09","22:00","","-17.9","","-20.3","","82","","","","36","","5","","3.2","","98.16","","","","-22","","Snow"
"-77.70","53.63","LA GRANDE RIVIERE A","7093716","2019-12-09 23:00","2019","12","09","23:00","","-16.1","","-18.6","","82","","","","3","","11","","6.4","","98.00","","","","-23","","Snow"
"-77.70","53.63","LA GRANDE RIVIERE A","7093716","2019-12-10 00:00","2019","12","10","00:00","","-16.8","","-19.3","","81","","","","2","","14","","3.2","","97.83","","","","-25","","Snow"
"-77.70","53.63","LA GRANDE RIVIERE A","7093716","2019-12-10 01:00","2019","12","10","01:00","","-17.1","","-19.6","","81","","","","2","","13","","3.2","","97.69","","","","-25","","Snow"
"-77.70","53.63","LA GRANDE RIVIERE A","7093716","2019-12-10 02:00","2019","12","10","02:00","","-17.2","","-20.0","","80","","","","1","","17","","3.2","","97.60","","","","-26","","Snow"
"-77.70","53.63","LA GRANDE RIVIERE A","7093716","2019-12-10 03:00","2019","12","10","03:00","","-17.3","","-19.9","","80","","","","1","","12","","1.6","","97.51","","","","-25","","Snow"
"-77.70","53.63","LA GRANDE RIVIERE A","7093716","2019-12-10 04:00","2019","12","10","04:00","","-17.2","","-19.9","","80","","","","35","","13","","2.4","","97.45","","","","-25","","Snow"
"-77.70","53.63","LA GRANDE RIVIERE A","7093716","2019-12-10 05:00","2019","12","10","05:00","","-17.1","","-19.7","","80","","","","35","","14","","1.6","","97.38","","","","-25","","Snow"
"-77.70","53.63","LA GRANDE RIVIERE A","7093716","2019-12-10 06:00","2019","12","10","06:00","","-16.4","","-19.1","","80","","","","34","","17","","2.4","","97.36","","","","-25","","Snow"
"-77.70","53.63","LA GRANDE RIVIERE A","7093716","2019-12-10 07:00","2019","12","10","07:00","","-16.2","","-18.9","","80","","","","33","","18","","3.2","","97.40","","","","-25","","Snow,Blowing Snow"
"-77.70","53.63","LA GRANDE RIVIERE A","7093716","2019-12-10 08:00","2019","12","10","08:00","","-16.4","","-19.0","","81","","","","31","","15","","3.2","","97.44","","","","-25","","Snow,Blowing Snow"
"-77.70","53.63","LA GRANDE RIVIERE A","7093716","2019-12-10 09:00","2019","12","10","09:00","","-16.0","","-18.6","","81","","","","31","","13","","3.2","","97.49","","","","-24","","Snow"
"-77.70","53.63","LA GRANDE RIVIERE A","7093716","2019-12-10 10:00","2019","12","10","10:00","","-15.7","","-18.3","","81","","","","30","","19","","3.2","","97.55","","","","-25","","Snow"
"-77.70","53.63","LA GRANDE RIVIERE A","7093716","2019-12-10 11:00","2019","12","10","11:00","","-15.4","","-18.2","","80","","","","30","","23","","6.4","","97.61","","","","-25","","Snow"
"-77.70","53.63","LA GRANDE RIVIERE A","7093716","2019-12-10 12:00","2019","12","10","12:00","","-14.6","","-17.8","","77","","","","29","","18","","9.7","","97.66","","","","-23","","Snow,Blowing Snow"
"-77.70","53.63","LA GRANDE RIVIERE A","7093716","2019-12-10 13:00","2019","12","10","13:00","","-14.6","","-18.2","","74","","","","28","","22","","11.3","","97.74","","","","-24","","Snow"
"-77.70","53.63","LA GRANDE RIVIERE A","7093716","2019-12-10 14:00","2019","12","10","14:00","","-14.5","","-17.2","","80","","","","26","","23","","3.2","","97.84","","","","-24","","Snow,Blowing Snow"
"-77.70","53.63","LA GRANDE RIVIERE A","7093716","2019-12-10 15:00","2019","12","10","15:00","","-15.2","","-18.4","","77","","","","26","","26","","12.9","","97.91","","","","-26","","Snow,Blowing Snow"
"-77.70","53.63","LA GRANDE RIVIERE A","7093716","2019-12-10 16:00","2019","12","10","16:00","","-15.8","","-18.9","","78","","","","26","","22","","12.9","","98.01","","","","-26","","Snow,Blowing Snow"
"-77.70","53.63","LA GRANDE RIVIERE A","7093716","2019-12-10 17:00","2019","12","10","17:00","","-17.6","","-20.6","","78","","","","25","","22","","16.1","","98.11","","","","-28","","Snow,Blowing Snow"
"-77.70","53.63","LA GRANDE RIVIERE A","7093716","2019-12-10 18:00","2019","12","10","18:00","","-18.9","","-21.4","","81","","","","24","","19","","24.1","","98.21","","","","-29","","Ice Crystals,Blowing Snow"
"-77.70","53.63","LA GRANDE RIVIERE A","7093716","2019-12-10 19:00","2019","12","10","19:00","","-19.5","","-22.1","","80","","","","23","","20","","24.1","","98.29","","","","-30","","Ice Crystals,Blowing Snow"
"-77.70","53.63","LA GRANDE RIVIERE A","7093716","2019-12-10 20:00","2019","12","10","20:00","","-20.6","","-23.3","","79","","","","23","","22","","24.1","","98.35","","","","-32","","Ice Crystals"
"-77.70","53.63","LA GRANDE RIVIERE A","7093716","2019-12-10 21:00","2019","12","10","21:00","","-21.6","","-24.4","","79","","","","23","","19","","24.1","","98.38","","","","-32","","Ice Crystals"
"-77.70","53.63","LA GRANDE RIVIERE A","7093716","2019-12-10 22:00","2019","12","10","22:00","","-21.3","","-24.1","","79","","","","22","","19","","24.1","","98.45","","","","-32","","Ice Crystals"
"-77.70","53.63","LA GRANDE RIVIERE A","7093716","2019-12-10 23:00","2019","12","10","23:00","","-21.6","","-24.3","","79","","","","23","","19","","24.1","","98.52","","","","-32","","Ice Crystals"
"-77.70","53.63","LA GRANDE RIVIERE A","7093716","2019-12-11 00:00","2019","12","11","00:00","","-22.9","","-25.6","","79","","","","21","","12","","24.1","","98.56","","","","-32","","Ice Crystals"
"-77.70","53.63","LA GRANDE RIVIERE A","7093716","2019-12-11 01:00","2019","12","11","01:00","","-22.6","","-25.3","","79","","","","21","","11","","24.1","","98.61","","","","-31","","Ice Crystals"
"-77.70","53.63","LA GRANDE RIVIERE A","7093716","2019-12-11 02:00","2019","12","11","02:00","","-22.8","","-25.4","","80","","","","20","","12","","24.1","","98.64","","","","-31","","Ice Crystals"
"-77.70","53.63","LA GRANDE RIVIERE A","7093716","2019-12-11 03:00","2019","12","11","03:00","","-22.6","","-25.4","","79","","","","17","","16","","24.1","","98.66","","","","-33","","Ice Crystals"
"-77.70","53.63","LA GRANDE RIVIERE A","7093716","2019-12-11 04:00","2019","12","11","04:00","","-23.8","","-26.7","","78","","","","18","","21","","24.1","","98.69","","","","-36","","Ice Crystals"
"-77.70","53.63","LA GRANDE RIVIERE A","7093716","2019-12-11 05:00","2019","12","11","05:00","","-24.2","","-27.1","","77","","","","17","","18","","24.1","","98.71","","","","-35","","Ice Crystals"
"-77.70","53.63","LA GRANDE RIVIERE A","7093716","2019-12-11 06:00","2019","12","11","06:00","","-24.0","","-26.9","","77","","","","18","","18","","24.1","","98.73","","","","-35","","Ice Crystals"
"-77.70","53.63","LA GRANDE RIVIERE A","7093716","2019-12-11 07:00","2019","12","11","07:00","","-24.3","","-27.2","","77","","","","17","","24","","24.1","","98.77","","","","-37","","Ice Crystals"
"-77.70","53.63","LA GRANDE RIVIERE A","7093716","2019-12-11 08:00","2019","12","11","08:00","","-25.0","","-28.0","","77","","","","18","","26","","12.9","","98.81","","","","-38","","Snow"
"-77.70","53.63","LA GRANDE RIVIERE A","7093716","2019-12-11 09:00","2019","12","11","09:00","","-25.7","","-28.8","","76","","","","17","","24","","19.3","","98.84","","","","-39","","Snow"
"-77.70","53.63","LA GRANDE RIVIERE A","7093716","2019-12-11 10:00","2019","12","11","10:00","","-24.7","","-27.8","","76","","","","18","","24","","12.9","","98.88","","","","-37","","Snow,Blowing Snow"
"-77.70","53.63","LA GRANDE RIVIERE A","7093716","2019-12-11 11:00","2019","12","11","11:00","","-24.4","","-27.5","","76","","","","17","","23","","12.9","","98.88","","","","-37","","Snow,Blowing Snow"
"-77.70","53.63","LA GRANDE RIVIERE A","7093716","2019-12-11 12:00","2019","12","11","12:00","","-24.0","","-27.3","","75","","","","17","","20","","9.7","","98.86","","","","-36","","Snow,Blowing Snow"
"-77.70","53.63","LA GRANDE RIVIERE A","7093716","2019-12-11 13:00","2019","12","11","13:00","","-22.9","","-26.3","","74","","","","17","","16","","19.3","","98.84","","","","-33","","Snow,Blowing Snow"
"-77.70","53.63","LA GRANDE RIVIERE A","7093716","2019-12-11 14:00","2019","12","11","14:00","","-23.4","","-27.0","","73","","","","17","","19","","24.1","","98.83","","","","-34","","Snow"
"-77.70","53.63","LA GRANDE RIVIERE A","7093716","2019-12-11 15:00","2019","12","11","15:00","","-23.6","","-27.0","","74","","","","17","","16","","24.1","","98.82","","","","-34","","Snow"
"-77.70","53.63","LA GRANDE RIVIERE A","7093716","2019-12-11 16:00","2019","12","11","16:00","","-24.0","","-27.4","","74","","","","16","","17","","4.8","","98.85","","","","-35","","Snow"
"-77.70","53.63","LA GRANDE RIVIERE A","7093716","2019-12-11 17:00","2019","12","11","17:00","","-24.7","","-28.0","","75","","","","16","","17","","24.1","","98.92","","","","-36","","Snow"
"-77.70","53.63","LA GRANDE RIVIERE A","7093716","2019-12-11 18:00","2019","12","11","18:00","","-25.1","","-28.3","","75","","","","17","","17","","11.3","","98.96","","","","-36","","Snow"
"-77.70","53.63","LA GRANDE RIVIERE A","7093716","2019-12-11 19:00","2019","12","11","19:00","","-25.4","","-28.6","","76","","","","17","","18","","24.1","","99.00","","","","-37","","Snow"
"-77.70","53.63","LA GRANDE RIVIERE A","7093716","2019-12-11 20:00","2019","12","11","20:00","","-25.3","","-28.4","","76","","","","17","","18","","9.7","","99.02","","","","-37","","Snow"
"-77.70","53.63","LA GRANDE RIVIERE A","7093716","2019-12-11 21:00","2019","12","11","21:00","","-25.7","","-28.8","","76","","","","18","","16","","19.3","","99.03","","","","-36","","Snow"
"-77.70","53.63","LA GRANDE RIVIERE A","7093716","2019-12-11 22:00","2019","12","11","22:00","","-25.9","","-28.9","","76","","","","18","","14","","19.3","","99.07","","","","-36","","Ice Crystals"
"-77.70","53.63","LA GRANDE RIVIERE A","7093716","2019-12-11 23:00","2019","12","11","23:00","","-26.0","","-29.0","","76","","","","19","","13","","19.3","","99.12","","","","-36","","Ice Crystals"
"-77.70","53.63","LA GRANDE RIVIERE A","7093716","2019-12-12 00:00","2019","12","12","00:00","","-26.9","","-29.8","","77","","","","18","","14","","24.1","","99.16","","","","-37","","Ice Crystals"
"-77.70","53.63","LA GRANDE RIVIERE A","7093716","2019-12-12 01:00","2019","12","12","01:00","","-27.3","","-30.3","","76","","","","17","","15","","24.1","","99.19","","","","-38","","Ice Crystals"
"-77.70","53.63","LA GRANDE RIVIERE A","7093716","2019-12-12 02:00","2019","12","12","02:00","","-27.0","","-30.0","","76","","","","18","","19","","9.7","","99.24","","","","-39","","Snow"
"-77.70","53.63","LA GRANDE RIVIERE A","7093716","2019-12-12 03:00","2019","12","12","03:00","","-26.6","","-29.6","","76","","","","18","","17","","24.1","","99.32","","","","-38","","Snow"
"-77.70","53.63","LA GRANDE RIVIERE A","7093716","2019-12-12 04:00","2019","12","12","04:00","","-26.4","","-29.4","","76","","","","18","","18","","24.1","","99.38","","","","-38","","Snow"
"-77.70","53.63","LA GRANDE RIVIERE A","7093716","2019-12-12 05:00","2019","12","12","05:00","","-26.6","","-29.6","","76","","","","18","","18","","24.1","","99.41","","","","-38","","Snow"
"-77.70","53.63","LA GRANDE RIVIERE A","7093716","2019-12-12 06:00","2019","12","12","06:00","","-26.6","","-29.7","","76","","","","18","","18","","24.1","","99.48","","","","-38","","Ice Crystals"
"-77.70","53.63","LA GRANDE RIVIERE A","7093716","2019-12-12 07:00","2019","12","12","07:00","","-26.5","","-29.5","","76","","","","19","","18","","24.1","","99.55","","","","-38","","Ice Crystals"
"-77.70","53.63","LA GRANDE RIVIERE A","7093716","2019-12-12 08:00","2019","12","12","08:00","","-25.9","","-28.9","","77","","","","18","","19","","8.1","","99.62","","","","-38","","Snow"
"-77.70","53.63","LA GRANDE RIVIERE A","7093716","2019-12-12 09:00","2019","12","12","09:00","","-25.2","","-28.2","","77","","","","19","","19","","9.7","","99.72","","","","-37","","Snow"
"-77.70","53.63","LA GRANDE RIVIERE A","7093716","2019-12-12 10:00","2019","12","12","10:00","","-23.8","","-26.7","","77","","","","18","","18","","19.3","","99.78","","","","-35","","Snow"
"-77.70","53.63","LA GRANDE RIVIERE A","7093716","2019-12-12 11:00","2019","12","12","11:00","","-22.6","","-25.4","","78","","","","19","","17","","19.3","","99.83","","","","-33","","Snow"
"-77.70","53.63","LA GRANDE RIVIERE A","7093716","2019-12-12 12:00","2019","12","12","12:00","","-22.2","","-25.0","","78","","","","19","","19","","4.0","","99.84","","","","-33","","Snow"
"-77.70","53.63","LA GRANDE RIVIERE A","7093716","2019-12-12 13:00","2019","12","12","13:00","","-22.2","","-25.2","","77","","","","18","","19","","3.2","","99.88","","","","-33","","Snow"
"-77.70","53.63","LA GRANDE RIVIERE A","7093716","2019-12-12 14:00","2019","12","12","14:00","","-22.4","","-25.4","","77","","","","18","","18","","3.2","","99.91","","","","-33","","Snow"
"-77.70","53.63","LA GRANDE RIVIERE A","7093716","2019-12-12 15:00","2019","12","12","15:00","","-23.1","","-26.3","","76","","","","19","","20","","3.2","","99.94","","","","-34","","Snow,Blowing Snow"
"-77.70","53.63","LA GRANDE RIVIERE A","7093716","2019-12-12 16:00","2019","12","12","16:00","","-23.6","","-26.6","","77","","","","18","","16","","6.4","","100.01","","","","-34","","Snow,Blowing Snow"
"-77.70","53.63","LA GRANDE RIVIERE A","7093716","2019-12-12 17:00","2019","12","12","17:00","","-24.6","","-27.6","","76","","","","18","","17","","19.3","","100.07","","","","-35","","Snow,Blowing Snow"
"-77.70","53.63","LA GRANDE RIVIERE A","7093716","2019-12-12 18:00","2019","12","12","18:00","","-25.6","","-28.7","","76","","","","18","","19","","24.1","","100.11","","","","-37","","Snow"
"-77.70","53.63","LA GRANDE RIVIERE A","7093716","2019-12-12 19:00","2019","12","12","19:00","","-25.8","","-29.0","","75","","","","18","","19","","24.1","","100.13","","","","-38","","Snow"
"-77.70","53.63","LA GRANDE RIVIERE A","7093716","2019-12-12 20:00","2019","12","12","20:00","","-25.8","","-29.0","","75","","","","17","","18","","24.1","","100.11","","","","-37","","Snow"
"-77.70","53.63","LA GRANDE RIVIERE A","7093716","2019-12-12 21:00","2019","12","12","21:00","","-25.4","","-28.6","","75","","","","17","","21","","24.1","","100.09","","","","-38","","Snow"
"-77.70","53.63","LA GRANDE RIVIERE A","7093716","2019-12-12 22:00","2019","12","12","22:00","","-24.7","","-27.9","","76","","","","16","","17","","24.1","","100.06","","","","-36","","Snow"
"-77.70","53.63","LA GRANDE RIVIERE A","7093716","2019-12-12 23:00","2019","12","12","23:00","","-24.2","","-27.3","","76","","","","16","","14","","24.1","","100.06","","","","-34","","Snow"
"-77.70","53.63","LA GRANDE RIVIERE A","7093716","2019-12-13 00:00","2019","12","13","00:00","","-23.8","","-26.8","","77","","","","16","","14","","24.1","","100.03","","","","-33","","Snow"
"-77.70","53.63","LA GRANDE RIVIERE A","7093716","2019-12-13 01:00","2019","12","13","01:00","","-23.2","","-26.2","","77","","","","17","","13","","24.1","","100.03","","","","-32","","Snow"
"-77.70","53.63","LA GRANDE RIVIERE A","7093716","2019-12-13 02:00","2019","12","13","02:00","","-22.7","","-25.7","","77","","","","15","","14","","19.3","","100.01","","","","-32","","Snow"
"-77.70","53.63","LA GRANDE RIVIERE A","7093716","2019-12-13 03:00","2019","12","13","03:00","","-22.6","","-25.6","","77","","","","16","","14","","9.7","","100.04","","","","-32","","Snow"
"-77.70","53.63","LA GRANDE RIVIERE A","7093716","2019-12-13 04:00","2019","12","13","04:00","","-22.7","","-25.8","","77","","","","17","","14","","9.7","","100.00","","","","-32","","Snow"
"-77.70","53.63","LA GRANDE RIVIERE A","7093716","2019-12-13 05:00","2019","12","13","05:00","","-22.8","","-25.8","","77","","","","16","","14","","24.1","","99.99","","","","-32","","Snow"
"-77.70","53.63","LA GRANDE RIVIERE A","7093716","2019-12-13 06:00","2019","12","13","06:00","","-22.5","","-25.4","","77","","","","16","","14","","24.1","","100.01","","","","-32","","Snow"
"-77.70","53.63","LA GRANDE RIVIERE A","7093716","2019-12-13 07:00","2019","12","13","07:00","","-22.3","","-25.2","","78","","","","17","","17","","24.1","","100.01","","","","-33","","Snow"
"-77.70","53.63","LA GRANDE RIVIERE A","7093716","2019-12-13 08:00","2019","12","13","08:00","","-22.1","","-24.9","","78","","","","17","","14","","12.9","","100.01","","","","-31","","Snow"
"-77.70","53.63","LA GRANDE RIVIERE A","7093716","2019-12-13 09:00","2019","12","13","09:00","","-22.1","","-25.0","","78","","","","17","","18","","9.7","","100.03","","","","-33","","Snow"
"-77.70","53.63","LA GRANDE RIVIERE A","7093716","2019-12-13 10:00","2019","12","13","10:00","","-21.8","","-24.7","","78","","","","17","","14","","6.4","","100.05","","","","-31","","Snow"
"-77.70","53.63","LA GRANDE RIVIERE A","7093716","2019-12-13 11:00","2019","12","13","11:00","","-21.4","","-24.4","","77","","","","16","","14","","9.7","","100.03","","","","-30","","Snow"
"-77.70","53.63","LA GRANDE RIVIERE A","7093716","2019-12-13 12:00","2019","12","13","12:00","","-20.9","","-24.0","","76","","","","17","","13","","9.7","","99.98","","","","-30","","Snow"
"-77.70","53.63","LA GRANDE RIVIERE A","7093716","2019-12-13 13:00","2019","12","13","13:00","","-20.4","","-23.5","","76","","","","17","","11","","9.7","","99.99","","","","-28","","Snow"
"-77.70","53.63","LA GRANDE RIVIERE A","7093716","2019-12-13 14:00","2019","12","13","14:00","","-19.8","","-22.9","","77","","","","16","","11","","11.3","","99.96","","","","-27","","Snow"
"-77.70","53.63","LA GRANDE RIVIERE A","7093716","2019-12-13 15:00","2019","12","13","15:00","","-19.8","","-22.8","","78","","","","14","","10","","19.3","","99.93","","","","-27","","Snow"
"-77.70","53.63","LA GRANDE RIVIERE A","7093716","2019-12-13 16:00","2019","12","13","16:00","","-20.9","","-23.8","","78","","","","13","","11","","24.1","","99.95","","","","-29","","Snow"
"-77.70","53.63","LA GRANDE RIVIERE A","7093716","2019-12-13 17:00","2019","12","13","17:00","","-22.5","","-25.3","","79","","","","12","","18","","24.1","","99.97","","","","-33","","Snow"
"-77.70","53.63","LA GRANDE RIVIERE A","7093716","2019-12-13 18:00","2019","12","13","18:00","","-24.1","","-26.9","","78","","","","12","","14","","24.1","","99.94","","","","-34","","Ice Crystals"
"-77.70","53.63","LA GRANDE RIVIERE A","7093716","2019-12-13 19:00","2019","12","13","19:00","","-25.4","","-28.1","","79","","","","12","","15","","24.1","","99.91","","","","-36","","Ice Crystals"
"-77.70","53.63","LA GRANDE RIVIERE A","7093716","2019-12-13 20:00","2019","12","13","20:00","","-25.4","","-27.9","","79","","","","11","","13","","24.1","","99.90","","","","-35","","Ice Crystals"
"-77.70","53.63","LA GRANDE RIVIERE A","7093716","2019-12-13 21:00","2019","12","13","21:00","","-26.1","","-28.9","","78","","","","10","","10","","24.1","","99.84","","","","-34","","Ice Crystals"
"-77.70","53.63","LA GRANDE RIVIERE A","7093716","2019-12-13 22:00","2019","12","13","22:00","","-24.7","","-27.5","","78","","","","10","","12","","24.1","","99.78","","","","-34","","Ice Crystals"
"-77.70","53.63","LA GRANDE RIVIERE A","7093716","2019-12-13 23:00","2019","12","13","23:00","","-23.4","","-26.1","","79","","","","7","","8","","24.1","","99.70","","","","-30","","Ice Crystals"
"-77.70","53.63","LA GRANDE RIVIERE A","7093716","2019-12-14 00:00","2019","12","14","00:00","","-23.9","","-26.7","","78","","","","10","","11","","24.1","","99.66","","","","-32","","Ice Crystals"
"-77.70","53.63","LA GRANDE RIVIERE A","7093716","2019-12-14 01:00","2019","12","14","01:00","","-22.1","","-24.8","","79","","","","9","","10","","24.1","","99.58","","","","-30","","Ice Crystals"
"-77.70","53.63","LA GRANDE RIVIERE A","7093716","2019-12-14 02:00","2019","12","14","02:00","","-21.1","","-23.8","","79","","","","8","","12","","24.1","","99.51","","","","-29","","Ice Crystals"
"-77.70","53.63","LA GRANDE RIVIERE A","7093716","2019-12-14 03:00","2019","12","14","03:00","","-20.6","","-23.1","","81","","","","8","","9","","24.1","","99.46","","","","-27","","Ice Crystals"
"-77.70","53.63","LA GRANDE RIVIERE A","7093716","2019-12-14 04:00","2019","12","14","04:00","","-19.8","","-22.1","","82","","","","6","","13","","24.1","","99.35","","","","-28","","Ice Crystals"
"-77.70","53.63","LA GRANDE RIVIERE A","7093716","2019-12-14 05:00","2019","12","14","05:00","","-19.0","","-21.5","","81","","","","6","","16","","24.1","","99.28","","","","-28","","Ice Crystals"
"-77.70","53.63","LA GRANDE RIVIERE A","7093716","2019-12-14 06:00","2019","12","14","06:00","","-18.7","","-21.2","","81","","","","6","","16","","24.1","","99.20","","","","-28","","Ice Crystals"
"-77.70","53.63","LA GRANDE RIVIERE A","7093716","2019-12-14 07:00","2019","12","14","07:00","","-18.7","","-21.2","","81","","","","5","","16","","24.1","","99.11","","","","-28","","Ice Crystals"
"-77.70","53.63","LA GRANDE RIVIERE A","7093716","2019-12-14 08:00","2019","12","14","08:00","","-18.1","","-20.6","","82","","","","6","","17","","24.1","","99.04","","","","-27","","NA"
"-77.70","53.63","LA GRANDE RIVIERE A","7093716","2019-12-14 09:00","2019","12","14","09:00","","-18.4","","-20.8","","82","","","","6","","16","","24.1","","98.99","","","","-27","","NA"
"-77.70","53.63","LA GRANDE RIVIERE A","7093716","2019-12-14 10:00","2019","12","14","10:00","","-17.8","","-20.2","","82","","","","5","","19","","24.1","","98.91","","","","-27","","Snow"
"-77.70","53.63","LA GRANDE RIVIERE A","7093716","2019-12-14 11:00","2019","12","14","11:00","","-17.2","","-19.6","","82","","","","5","","19","","2.4","","98.82","","","","-27","","Snow"
"-77.70","53.63","LA GRANDE RIVIERE A","7093716","2019-12-14 12:00","2019","12","14","12:00","","-16.1","","-18.4","","83","","","","5","","18","","2.4","","98.70","","","","-25","","Snow"
"-77.70","53.63","LA GRANDE RIVIERE A","7093716","2019-12-14 13:00","2019","12","14","13:00","","-15.3","","-17.8","","81","","","","5","","19","","4.8","","98.56","","","","-24","","Snow"
"-77.70","53.63","LA GRANDE RIVIERE A","7093716","2019-12-14 14:00","2019","12","14","14:00","","-15.5","","-18.2","","80","","","","5","","22","","19.3","","98.41","","","","-25","","Snow"
"-77.70","53.63","LA GRANDE RIVIERE A","7093716","2019-12-14 15:00","2019","12","14","15:00","","-16.1","","-18.7","","81","","","","4","","14","","24.1","","98.39","","","","-24","","Snow"
"-77.70","53.63","LA GRANDE RIVIERE A","7093716","2019-12-14 16:00","2019","12","14","16:00","","-15.9","","-18.4","","81","","","","4","","16","","24.1","","98.33","","","","-24","","Snow"
"-77.70","53.63","LA GRANDE RIVIERE A","7093716","2019-12-14 17:00","2019","12","14","17:00","","-15.8","","-18.3","","82","","","","4","","12","","11.3","","98.25","","","","-23","","Snow"
"-77.70","53.63","LA GRANDE RIVIERE A","7093716","2019-12-14 18:00","2019","12","14","18:00","","-15.7","","-18.1","","82","","","","5","","16","","19.3","","98.16","","","","-24","","Snow"
"-77.70","53.63","LA GRANDE RIVIERE A","7093716","2019-12-14 19:00","2019","12","14","19:00","","-15.2","","-17.6","","82","","","","3","","14","","9.7","","98.04","","","","-23","","Snow"
"-77.70","53.63","LA GRANDE RIVIERE A","7093716","2019-12-14 20:00","2019","12","14","20:00","","-15.0","","-17.3","","83","","","","3","","11","","6.4","","97.93","","","","-22","","Snow"
"-77.70","53.63","LA GRANDE RIVIERE A","7093716","2019-12-14 21:00","2019","12","14","21:00","","-14.6","","-16.9","","83","","","","1","","8","","9.7","","97.86","","","","-20","","Snow"
"-77.70","53.63","LA GRANDE RIVIERE A","7093716","2019-12-14 22:00","2019","12","14","22:00","","-14.7","","-17.1","","83","","","","2","","11","","16.1","","97.74","","","","-21","","Snow"
"-77.70","53.63","LA GRANDE RIVIERE A","7093716","2019-12-14 23:00","2019","12","14","23:00","","-14.9","","-17.3","","82","","","","36","","15","","6.4","","97.64","","","","-23","","Snow"
"-77.70","53.63","LA GRANDE RIVIERE A","7093716","2019-12-15 00:00","2019","12","15","00:00","","-15.4","","-17.8","","82","","","","34","","10","","9.7","","97.52","","","","-22","","Snow"
"-77.70","53.63","LA GRANDE RIVIERE A","7093716","2019-12-15 01:00","2019","12","15","01:00","","-15.8","","-18.3","","81","","","","34","","17","","9.7","","97.39","","","","-24","","Snow"
"-77.70","53.63","LA GRANDE RIVIERE A","7093716","2019-12-15 02:00","2019","12","15","02:00","","-16.0","","-18.5","","81","","","","34","","17","","6.4","","97.30","","","","-25","","Snow"
"-77.70","53.63","LA GRANDE RIVIERE A","7093716","2019-12-15 03:00","2019","12","15","03:00","","-15.9","","-18.4","","82","","","","32","","14","","4.8","","97.24","","","","-24","","Snow,Blowing Snow"
"-77.70","53.63","LA GRANDE RIVIERE A","7093716","2019-12-15 04:00","2019","12","15","04:00","","-15.3","","-17.8","","81","","","","33","","23","","9.7","","97.10","","","","-25","","Snow,Blowing Snow"
"-77.70","53.63","LA GRANDE RIVIERE A","7093716","2019-12-15 05:00","2019","12","15","05:00","","-13.3","","-15.7","","83","","","","33","","21","","9.7","","97.03","","","","-22","","Snow,Blowing Snow"
"-77.70","53.63","LA GRANDE RIVIERE A","7093716","2019-12-15 06:00","2019","12","15","06:00","","-11.9","","-14.3","","83","","","","33","","28","","4.8","","96.96","","","","-22","","Snow,Blowing Snow"
"-77.70","53.63","LA GRANDE RIVIERE A","7093716","2019-12-15 07:00","2019","12","15","07:00","","-10.9","","-13.3","","83","","","","31","","24","","6.4","","96.90","","","","-20","","Snow,Blowing Snow"
"-77.70","53.63","LA GRANDE RIVIERE A","7093716","2019-12-15 08:00","2019","12","15","08:00","","-10.6","","-13.1","","82","","","","32","","33","","4.8","","96.89","","","","-21","","Snow,Blowing Snow"
"-77.70","53.63","LA GRANDE RIVIERE A","7093716","2019-12-15 09:00","2019","12","15","09:00","","-10.3","","-12.7","","83","","","","31","","28","","2.4","","96.85","","","","-20","","Snow,Blowing Snow"
"-77.70","53.63","LA GRANDE RIVIERE A","7093716","2019-12-15 10:00","2019","12","15","10:00","","-9.9","","-12.2","","83","","","","31","","29","","1.6","","96.84","","","","-19","","Snow,Blowing Snow"
"-77.70","53.63","LA GRANDE RIVIERE A","7093716","2019-12-15 11:00","2019","12","15","11:00","","-10.1","","-12.3","","84","","","","30","","31","","1.2","","96.85","","","","-20","","Snow,Blowing Snow"
"-77.70","53.63","LA GRANDE RIVIERE A","7093716","2019-12-15 12:00","2019","12","15","12:00","","-10.5","","-12.8","","83","","","","30","","33","","1.2","","96.85","","","","-21","","Snow,Blowing Snow"
"-77.70","53.63","LA GRANDE RIVIERE A","7093716","2019-12-15 13:00","2019","12","15","13:00","","-10.9","","-13.7","","80","","","","30","","41","","1.2","","96.90","","","","-22","","Snow,Blowing Snow"
"-77.70","53.63","LA GRANDE RIVIERE A","7093716","2019-12-15 14:00","2019","12","15","14:00","","-11.0","","-14.0","","79","","","","29","","29","","2.4","","96.95","","","","-21","","Snow,Blowing Snow"
"-77.70","53.63","LA GRANDE RIVIERE A","7093716","2019-12-15 15:00","2019","12","15","15:00","","-11.4","","-14.4","","79","","","","30","","39","","6.4","","97.09","","","","-23","","Snow,Blowing Snow"
"-77.70","53.63","LA GRANDE RIVIERE A","7093716","2019-12-15 16:00","2019","12","15","16:00","","-12.2","","-14.7","","82","","","","29","","41","","2.4","","97.19","","","","-24","","Snow,Blowing Snow"
"-77.70","53.63","LA GRANDE RIVIERE A","7093716","2019-12-15 17:00","2019","12","15","17:00","","-12.7","","-15.1","","82","","","","29","","39","","4.0","","97.31","","","","-24","","Snow,Blowing Snow"
"-77.70","53.63","LA GRANDE RIVIERE A","7093716","2019-12-15 18:00","2019","12","15","18:00","","-13.0","","-15.3","","83","","","","28","","42","","4.0","","97.40","","","","-25","","Snow,Blowing Snow"
"-77.70","53.63","LA GRANDE RIVIERE A","7093716","2019-12-15 19:00","2019","12","15","19:00","","-13.2","","-15.7","","82","","","","28","","42","","11.3","","97.51","","","","-25","","Snow,Blowing Snow"
"-77.70","53.63","LA GRANDE RIVIERE A","7093716","2019-12-15 20:00","2019","12","15","20:00","","-13.4","","-16.1","","80","","","","28","","45","","16.1","","97.61","","","","-26","","Snow,Blowing Snow"
"-77.70","53.63","LA GRANDE RIVIERE A","7093716","2019-12-15 21:00","2019","12","15","21:00","","-14.2","","-16.6","","83","","","","28","","41","","9.7","","97.71","","","","-27","","Snow,Blowing Snow"
"-77.70","53.63","LA GRANDE RIVIERE A","7093716","2019-12-15 22:00","2019","12","15","22:00","","-14.8","","-17.1","","82","","","","27","","44","","4.0","","97.81","","","","-28","","Snow,Blowing Snow"
"-77.70","53.63","LA GRANDE RIVIERE A","7093716","2019-12-15 23:00","2019","12","15","23:00","","-15.2","","-17.7","","81","","","","29","","32","","9.7","","97.91","","","","-27","","Snow,Blowing Snow"
"-77.70","53.63","LA GRANDE RIVIERE A","7093716","2019-12-16 00:00","2019","12","16","00:00","","-15.8","","-18.2","","82","","","","28","","41","","9.7","","97.98","","","","-29","","Snow,Blowing Snow"
"-77.70","53.63","LA GRANDE RIVIERE A","7093716","2019-12-16 01:00","2019","12","16","01:00","","-16.4","","-18.9","","82","","","","26","","28","","9.7","","98.07","","","","-28","","Snow,Blowing Snow"
"-77.70","53.63","LA GRANDE RIVIERE A","7093716","2019-12-16 02:00","2019","12","16","02:00","","-17.4","","-19.9","","81","","","","25","","29","","9.7","","98.17","","","","-29","","Snow,Blowing Snow"
"-77.70","53.63","LA GRANDE RIVIERE A","7093716","2019-12-16 03:00","2019","12","16","03:00","","-17.7","","-20.3","","81","","","","26","","27","","12.9","","98.27","","","","-29","","Snow,Blowing Snow"
"-77.70","53.63","LA GRANDE RIVIERE A","7093716","2019-12-16 04:00","2019","12","16","04:00","","-18.4","","-21.0","","80","","","","25","","29","","12.9","","98.37","","","","-30","","Snow,Blowing Snow"
"-77.70","53.63","LA GRANDE RIVIERE A","7093716","2019-12-16 05:00","2019","12","16","05:00","","-18.9","","-21.7","","79","","","","24","","28","","12.9","","98.44","","","","-31","","Snow,Blowing Snow"
"-77.70","53.63","LA GRANDE RIVIERE A","7093716","2019-12-16 06:00","2019","12","16","06:00","","-19.9","","-22.6","","79","","","","23","","22","","16.1","","98.52","","","","-31","","Snow,Blowing Snow"
"-77.70","53.63","LA GRANDE RIVIERE A","7093716","2019-12-16 07:00","2019","12","16","07:00","","-20.4","","-23.1","","79","","","","23","","21","","24.1","","98.57","","","","-31","","Snow,Blowing Snow"
"-77.70","53.63","LA GRANDE RIVIERE A","7093716","2019-12-16 08:00","2019","12","16","08:00","","-20.8","","-23.5","","79","","","","22","","20","","12.9","","98.60","","","","-31","","Snow,Blowing Snow"
"-77.70","53.63","LA GRANDE RIVIERE A","7093716","2019-12-16 09:00","2019","12","16","09:00","","-20.8","","-23.6","","79","","","","23","","21","","19.3","","98.64","","","","-32","","Snow,Blowing Snow"
"-77.70","53.63","LA GRANDE RIVIERE A","7093716","2019-12-16 10:00","2019","12","16","10:00","","-20.6","","-23.4","","79","","","","23","","17","","19.3","","98.68","","","","-30","","Snow,Blowing Snow"
"-77.70","53.63","LA GRANDE RIVIERE A","7093716","2019-12-16 11:00","2019","12","16","11:00","","-20.7","","-23.9","","76","","","","23","","18","","24.1","","98.72","","","","-31","","Snow"
"-77.70","53.63","LA GRANDE RIVIERE A","7093716","2019-12-16 12:00","2019","12","16","12:00","","-20.7","","-23.8","","76","","","","23","","14","","9.7","","98.74","","","","-30","","Snow"
"-77.70","53.63","LA GRANDE RIVIERE A","7093716","2019-12-16 13:00","2019","12","16","13:00","","-20.3","","-23.7","","75","","","","23","","16","","12.9","","98.74","","","","-30","","Snow"
"-77.70","53.63","LA GRANDE RIVIERE A","7093716","2019-12-16 14:00","2019","12","16","14:00","","-20.2","","-23.5","","76","","","","25","","18","","9.7","","98.74","","","","-30","","Snow"
"-77.70","53.63","LA GRANDE RIVIERE A","7093716","2019-12-16 15:00","2019","12","16","15:00","","-20.4","","-23.4","","77","","","","24","","10","","24.1","","98.76","","","","-28","","Snow"
"-77.70","53.63","LA GRANDE RIVIERE A","7093716","2019-12-16 16:00","2019","12","16","16:00","","-20.7","","-23.4","","79","","","","24","","7","","24.1","","98.76","","","","-26","","Snow"
"-77.70","53.63","LA GRANDE RIVIERE A","7093716","2019-12-16 17:00","2019","12","16","17:00","","-21.9","","-24.6","","80","","","","","","0","","24.1","","98.80","","","","","","Snow"
"-77.70","53.63","LA GRANDE RIVIERE A","7093716","2019-12-16 18:00","2019","12","16","18:00","","-21.1","","-23.6","","80","","","","18","","7","","24.1","","98.83","","","","-27","","Snow"
"-77.70","53.63","LA GRANDE RIVIERE A","7093716","2019-12-16 19:00","2019","12","16","19:00","","-21.3","","-23.9","","80","","","","18","","6","","12.9","","98.86","","","","-27","","Snow"
"-77.70","53.63","LA GRANDE RIVIERE A","7093716","2019-12-16 20:00","2019","12","16","20:00","","-21.4","","-24.0","","80","","","","21","","7","","16.1","","98.87","","","","-27","","Snow"
"-77.70","53.63","LA GRANDE RIVIERE A","7093716","2019-12-16 21:00","2019","12","16","21:00","","-22.2","","-24.8","","80","","","","20","","7","","24.1","","98.85","","","","-28","","Snow"
"-77.70","53.63","LA GRANDE RIVIERE A","7093716","2019-12-16 22:00","2019","12","16","22:00","","-22.8","","-25.5","","79","","","","20","","8","","24.1","","98.84","","","","-30","","Snow"
"-77.70","53.63","LA GRANDE RIVIERE A","7093716","2019-12-16 23:00","2019","12","16","23:00","","-23.8","","-26.4","","79","","","","","","0","","24.1","","98.89","","","","","","Snow"
"-77.70","53.63","LA GRANDE RIVIERE A","7093716","2019-12-17 00:00","2019","12","17","00:00","","-23.1","","-25.8","","79","","","","20","","4","","24.1","","98.91","","","","-27","","Snow"
"-77.70","53.63","LA GRANDE RIVIERE A","7093716","2019-12-17 01:00","2019","12","17","01:00","","-23.2","","-26.0","","79","","","","22","","7","","24.1","","98.93","","","","-29","","Snow"
"-77.70","53.63","LA GRANDE RIVIERE A","7093716","2019-12-17 02:00","2019","12","17","02:00","","-23.1","","-25.8","","79","","","","21","","5","","24.1","","98.98","","","","-28","","Snow"
"-77.70","53.63","LA GRANDE RIVIERE A","7093716","2019-12-17 03:00","2019","12","17","03:00","","-22.6","","-25.3","","79","","","","21","","7","","24.1","","98.95","","","","-29","","Snow,Ice Crystals"
"-77.70","53.63","LA GRANDE RIVIERE A","7093716","2019-12-17 04:00","2019","12","17","04:00","","-23.1","","-25.7","","80","","","","20","","4","","24.1","","98.93","","","","-27","","Snow,Ice Crystals"
"-77.70","53.63","LA GRANDE RIVIERE A","7093716","2019-12-17 05:00","2019","12","17","05:00","","-22.3","","-24.8","","80","","","","21","","9","","24.1","","98.94","","","","-29","","Snow,Ice Crystals"
"-77.70","53.63","LA GRANDE RIVIERE A","7093716","2019-12-17 06:00","2019","12","17","06:00","","-22.4","","-25.1","","79","","","","19","","7","","19.3","","98.94","","","","-28","","Snow,Ice Crystals"
"-77.70","53.63","LA GRANDE RIVIERE A","7093716","2019-12-17 07:00","2019","12","17","07:00","","-21.8","","-24.4","","79","","","","19","","4","","16.1","","98.94","","","","-25","","Snow,Ice Crystals"
"-77.70","53.63","LA GRANDE RIVIERE A","7093716","2019-12-17 08:00","2019","12","17","08:00","","-21.5","","-24.3","","79","","","","13","","4","","9.7","","98.91","","","","-25","","Snow"
"-77.70","53.63","LA GRANDE RIVIERE A","7093716","2019-12-17 09:00","2019","12","17","09:00","","-20.9","","-23.5","","80","","","","18","","9","","6.4","","98.91","","","","-28","","Snow"
"-77.70","53.63","LA GRANDE RIVIERE A","7093716","2019-12-17 10:00","2019","12","17","10:00","","-20.9","","-23.5","","80","","","","19","","9","","16.1","","98.90","","","","-28","","Snow"
"-77.70","53.63","LA GRANDE RIVIERE A","7093716","2019-12-17 11:00","2019","12","17","11:00","","-20.2","","-22.8","","80","","","","19","","9","","16.1","","98.86","","","","-27","","Snow"
"-77.70","53.63","LA GRANDE RIVIERE A","7093716","2019-12-17 12:00","2019","12","17","12:00","","-18.6","","-21.3","","80","","","","20","","8","","16.1","","98.84","","","","-25","","Snow"
"-77.70","53.63","LA GRANDE RIVIERE A","7093716","2019-12-17 13:00","2019","12","17","13:00","","-18.3","","-21.1","","79","","","","18","","9","","16.1","","98.84","","","","-25","","Snow"
"-77.70","53.63","LA GRANDE RIVIERE A","7093716","2019-12-17 14:00","2019","12","17","14:00","","-18.3","","-21.2","","79","","","","14","","8","","19.3","","98.80","","","","-24","","Snow"
"-77.70","53.63","LA GRANDE RIVIERE A","7093716","2019-12-17 15:00","2019","12","17","15:00","","-18.5","","-21.4","","78","","","","13","","8","","19.3","","98.81","","","","-24","","Snow Showers"
"-77.70","53.63","LA GRANDE RIVIERE A","7093716","2019-12-17 16:00","2019","12","17","16:00","","-19.9","","-22.3","","81","","","","14","","7","","19.3","","98.79","","","","-26","","Snow Showers"
"-77.70","53.63","LA GRANDE RIVIERE A","7093716","2019-12-17 17:00","2019","12","17","17:00","","-20.1","","-22.7","","80","","","","14","","9","","24.1","","98.80","","","","-27","","Snow Showers"
"-77.70","53.63","LA GRANDE RIVIERE A","7093716","2019-12-17 18:00","2019","12","17","18:00","","-20.9","","-23.4","","81","","","","13","","10","","24.1","","98.78","","","","-28","","NA"
"-77.70","53.63","LA GRANDE RIVIERE A","7093716","2019-12-17 19:00","2019","12","17","19:00","","-21.0","","-23.7","","79","","","","14","","10","","24.1","","98.77","","","","-28","","Mostly Cloudy"
"-77.70","53.63","LA GRANDE RIVIERE A","7093716","2019-12-17 20:00","2019","12","17","20:00","","-20.7","","-23.1","","81","","","","14","","7","","24.1","","98.78","","","","-26","","Ice Crystals"
"-77.70","53.63","LA GRANDE RIVIERE A","7093716","2019-12-17 21:00","2019","12","17","21:00","","-22.6","","-25.2","","80","","","","11","","8","","24.1","","98.78","","","","-29","","Ice Crystals"
"-77.70","53.63","LA GRANDE RIVIERE A","7093716","2019-12-17 22:00","2019","12","17","22:00","","-22.7","","-25.2","","80","","","","10","","6","","24.1","","98.80","","","","-28","","Mainly Clear"
"-77.70","53.63","LA GRANDE RIVIERE A","7093716","2019-12-17 23:00","2019","12","17","23:00","","-22.9","","-25.4","","80","","","","6","","7","","24.1","","98.80","","","","-29","","NA"
"-77.70","53.63","LA GRANDE RIVIERE A","7093716","2019-12-18 00:00","2019","12","18","00:00","","-22.1","","-24.5","","81","","","","6","","6","","24.1","","98.75","","","","-27","","NA"
"-77.70","53.63","LA GRANDE RIVIERE A","7093716","2019-12-18 01:00","2019","12","18","01:00","","-22.5","","-25.2","","79","","","","7","","5","","24.1","","98.75","","","","-27","","Mostly Cloudy"
"-77.70","53.63","LA GRANDE RIVIERE A","7093716","2019-12-18 02:00","2019","12","18","02:00","","-23.1","","-25.7","","80","","","","10","","6","","24.1","","98.78","","","","-29","","NA"
"-77.70","53.63","LA GRANDE RIVIERE A","7093716","2019-12-18 03:00","2019","12","18","03:00","","-23.5","","-26.1","","80","","","","5","","4","","24.1","","98.79","","","","-27","","NA"
"-77.70","53.63","LA GRANDE RIVIERE A","7093716","2019-12-18 04:00","2019","12","18","04:00","","-22.5","","-25.0","","80","","","","5","","6","","24.1","","98.82","","","","-28","","Mainly Clear"
"-77.70","53.63","LA GRANDE RIVIERE A","7093716","2019-12-18 05:00","2019","12","18","05:00","","-23.4","","-26.1","","78","","","","3","","5","","24.1","","98.84","","","","-28","","NA"
"-77.70","53.63","LA GRANDE RIVIERE A","7093716","2019-12-18 06:00","2019","12","18","06:00","","-22.0","","-24.7","","80","","","","4","","9","","24.1","","98.90","","","","-29","","NA"
"-77.70","53.63","LA GRANDE RIVIERE A","7093716","2019-12-18 07:00","2019","12","18","07:00","","-22.7","","-25.5","","78","","","","4","","7","","24.1","","98.93","","","","-29","","Mostly Cloudy"
"-77.70","53.63","LA GRANDE RIVIERE A","7093716","2019-12-18 08:00","2019","12","18","08:00","","-22.6","","-25.4","","79","","","","1","","6","","24.1","","98.99","","","","-28","","NA"
"-77.70","53.63","LA GRANDE RIVIERE A","7093716","2019-12-18 09:00","2019","12","18","09:00","","-23.0","","-25.6","","79","","","","3","","9","","24.1","","99.02","","","","-30","","NA"
"-77.70","53.63","LA GRANDE RIVIERE A","7093716","2019-12-18 10:00","2019","12","18","10:00","","-22.3","","-24.9","","79","","","","33","","3","","24.1","","99.04","","","","-25","","Cloudy"
"-77.70","53.63","LA GRANDE RIVIERE A","7093716","2019-12-18 11:00","2019","12","18","11:00","","-20.9","","-23.5","","80","","","","36","","4","","24.1","","99.03","","","","-24","","NA"
"-77.70","53.63","LA GRANDE RIVIERE A","7093716","2019-12-18 12:00","2019","12","18","12:00","","-18.4","","-21.0","","80","","","","33","","7","","16.1","","99.06","","","","-24","","Snow"
"-77.70","53.63","LA GRANDE RIVIERE A","7093716","2019-12-18 13:00","2019","12","18","13:00","","-17.6","","-20.4","","79","","","","34","","6","","16.1","","99.06","","","","-22","","Snow"
"-77.70","53.63","LA GRANDE RIVIERE A","7093716","2019-12-18 14:00","2019","12","18","14:00","","-17.6","","-20.2","","80","","","","29","","8","","24.1","","99.08","","","","-23","","Snow"
"-77.70","53.63","LA GRANDE RIVIERE A","7093716","2019-12-18 15:00","2019","12","18","15:00","","-17.3","","-19.9","","81","","","","30","","12","","24.1","","99.15","","","","-25","","Snow"
"-77.70","53.63","LA GRANDE RIVIERE A","7093716","2019-12-18 16:00","2019","12","18","16:00","","-17.4","","-20.0","","80","","","","31","","11","","19.3","","99.18","","","","-25","","Snow"
"-77.70","53.63","LA GRANDE RIVIERE A","7093716","2019-12-18 17:00","2019","12","18","17:00","","-17.3","","-19.8","","81","","","","29","","15","","24.1","","99.21","","","","-26","","Snow"
"-77.70","53.63","LA GRANDE RIVIERE A","7093716","2019-12-18 18:00","2019","12","18","18:00","","-16.9","","-19.2","","83","","","","29","","19","","24.1","","99.22","","","","-26","","Snow"
"-77.70","53.63","LA GRANDE RIVIERE A","7093716","2019-12-18 19:00","2019","12","18","19:00","","-16.0","","-18.1","","84","","","","30","","16","","24.1","","99.21","","","","-24","","Snow"
"-77.70","53.63","LA GRANDE RIVIERE A","7093716","2019-12-18 20:00","2019","12","18","20:00","","-15.2","","-17.3","","85","","","","29","","13","","24.1","","99.22","","","","-23","","Snow"
"-77.70","53.63","LA GRANDE RIVIERE A","7093716","2019-12-18 21:00","2019","12","18","21:00","","-14.7","","-16.7","","85","","","","29","","14","","24.1","","99.20","","","","-22","","Snow"
"-77.70","53.63","LA GRANDE RIVIERE A","7093716","2019-12-18 22:00","2019","12","18","22:00","","-13.8","","-15.8","","85","","","","30","","14","","24.1","","99.20","","","","-21","","Ice Crystals"
"-77.70","53.63","LA GRANDE RIVIERE A","7093716","2019-12-18 23:00","2019","12","18","23:00","","-12.4","","-15.1","","81","","","","32","","25","","24.1","","99.20","","","","-22","","Ice Crystals,Blowing Snow"
"-77.70","53.63","LA GRANDE RIVIERE A","7093716","2019-12-19 00:00","2019","12","19","00:00","","-12.3","","-15.3","","79","","","","32","","19","","24.1","","99.22","","","","-21","","Ice Crystals"
"-77.70","53.63","LA GRANDE RIVIERE A","7093716","2019-12-19 01:00","2019","12","19","01:00","","-12.6","","-15.8","","77","","","","32","","20","","24.1","","99.26","","","","-21","","Ice Crystals"
"-77.70","53.63","LA GRANDE RIVIERE A","7093716","2019-12-19 02:00","2019","12","19","02:00","","-13.1","","-16.9","","74","","","","32","","23","","24.1","","99.29","","","","-22","","Ice Crystals"
"-77.70","53.63","LA GRANDE RIVIERE A","7093716","2019-12-19 03:00","2019","12","19","03:00","","-13.5","","-17.2","","74","","","","31","","21","","24.1","","99.34","","","","-22","","Ice Crystals"
"-77.70","53.63","LA GRANDE RIVIERE A","7093716","2019-12-19 04:00","2019","12","19","04:00","","-14.0","","-17.1","","78","","","","31","","19","","24.1","","99.37","","","","-23","","Ice Crystals"
"-77.70","53.63","LA GRANDE RIVIERE A","7093716","2019-12-19 05:00","2019","12","19","05:00","","-14.3","","-17.1","","80","","","","30","","18","","24.1","","99.43","","","","-23","","Ice Crystals"
"-77.70","53.63","LA GRANDE RIVIERE A","7093716","2019-12-19 06:00","2019","12","19","06:00","","-15.1","","-17.3","","83","","","","30","","21","","24.1","","99.45","","","","-25","","Ice Crystals"
"-77.70","53.63","LA GRANDE RIVIERE A","7093716","2019-12-19 07:00","2019","12","19","07:00","","-15.0","","-17.1","","84","","","","31","","23","","24.1","","99.51","","","","-25","","Ice Crystals"
"-77.70","53.63","LA GRANDE RIVIERE A","7093716","2019-12-19 08:00","2019","12","19","08:00","","-15.3","","-17.5","","84","","","","31","","24","","16.1","","99.56","","","","-25","","Ice Crystals"
"-77.70","53.63","LA GRANDE RIVIERE A","7093716","2019-12-19 09:00","2019","12","19","09:00","","-15.2","","-17.4","","84","","","","31","","20","","9.7","","99.61","","","","-24","","Snow"
"-77.70","53.63","LA GRANDE RIVIERE A","7093716","2019-12-19 10:00","2019","12","19","10:00","","-15.2","","-17.5","","83","","","","30","","21","","16.1","","99.64","","","","-25","","Snow"
"-77.70","53.63","LA GRANDE RIVIERE A","7093716","2019-12-19 11:00","2019","12","19","11:00","","-14.5","","-16.8","","83","","","","31","","20","","19.3","","99.65","","","","-24","","Snow"
"-77.70","53.63","LA GRANDE RIVIERE A","7093716","2019-12-19 12:00","2019","12","19","12:00","","-14.5","","-16.8","","83","","","","30","","23","","19.3","","99.69","","","","-24","","Snow"
"-77.70","53.63","LA GRANDE RIVIERE A","7093716","2019-12-19 13:00","2019","12","19","13:00","","-13.8","","-16.1","","83","","","","30","","19","","4.0","","99.73","","","","-22","","Snow Showers,Blowing Snow"
"-77.70","53.63","LA GRANDE RIVIERE A","7093716","2019-12-19 14:00","2019","12","19","14:00","","-13.4","","-15.9","","82","","","","30","","26","","9.7","","99.82","","","","-23","","Snow Showers,Blowing Snow"
"-77.70","53.63","LA GRANDE RIVIERE A","7093716","2019-12-19 15:00","2019","12","19","15:00","","-13.0","","-15.6","","81","","","","30","","23","","12.9","","99.90","","","","-22","","Snow Showers,Blowing Snow"
"-77.70","53.63","LA GRANDE RIVIERE A","7093716","2019-12-19 16:00","2019","12","19","16:00","","-12.7","","-15.2","","82","","","","30","","15","","16.1","","100.02","","","","-20","","Snow Showers,Blowing Snow"
"-77.70","53.63","LA GRANDE RIVIERE A","7093716","2019-12-19 17:00","2019","12","19","17:00","","-11.9","","-14.5","","82","","","","32","","17","","24.1","","100.11","","","","-20","","Snow Showers,Blowing Snow"
"-77.70","53.63","LA GRANDE RIVIERE A","7093716","2019-12-19 18:00","2019","12","19","18:00","","-11.8","","-14.0","","84","","","","32","","17","","24.1","","100.20","","","","-19","","Snow Showers,Blowing Snow"
"-77.70","53.63","LA GRANDE RIVIERE A","7093716","2019-12-19 19:00","2019","12","19","19:00","","-11.5","","-13.5","","85","","","","32","","12","","24.1","","100.29","","","","-18","","Snow Showers"
"-77.70","53.63","LA GRANDE RIVIERE A","7093716","2019-12-19 20:00","2019","12","19","20:00","","-11.4","","-13.3","","86","","","","32","","13","","24.1","","100.36","","","","-18","","Snow"
"-77.70","53.63","LA GRANDE RIVIERE A","7093716","2019-12-19 21:00","2019","12","19","21:00","","-11.4","","-13.4","","85","","","","31","","16","","24.1","","100.46","","","","-19","","Snow"
"-77.70","53.63","LA GRANDE RIVIERE A","7093716","2019-12-19 22:00","2019","12","19","22:00","","-11.5","","-13.5","","85","","","","32","","14","","24.1","","100.54","","","","-18","","Snow"
"-77.70","53.63","LA GRANDE RIVIERE A","7093716","2019-12-19 23:00","2019","12","19","23:00","","-11.7","","-13.7","","86","","","","31","","12","","24.1","","100.61","","","","-18","","Snow"
"-77.70","53.63","LA GRANDE RIVIERE A","7093716","2019-12-20 00:00","2019","12","20","00:00","","-11.8","","-13.8","","85","","","","31","","12","","24.1","","100.67","","","","-18","","Snow"
"-77.70","53.63","LA GRANDE RIVIERE A","7093716","2019-12-20 01:00","2019","12","20","01:00","","-12.0","","-13.9","","86","","","","30","","14","","24.1","","100.76","","","","-19","","Snow"
"-77.70","53.63","LA GRANDE RIVIERE A","7093716","2019-12-20 02:00","2019","12","20","02:00","","-12.4","","-14.2","","86","","","","29","","15","","24.1","","100.85","","","","-20","","Snow"
"-77.70","53.63","LA GRANDE RIVIERE A","7093716","2019-12-20 03:00","2019","12","20","03:00","","-12.8","","-14.5","","87","","","","30","","13","","24.1","","100.94","","","","-20","","Snow"
"-77.70","53.63","LA GRANDE RIVIERE A","7093716","2019-12-20 04:00","2019","12","20","04:00","","-12.8","","-14.5","","87","","","","30","","12","","24.1","","101.00","","","","-19","","Snow"
"-77.70","53.63","LA GRANDE RIVIERE A","7093716","2019-12-20 05:00","2019","12","20","05:00","","-12.6","","-14.3","","87","","","","30","","12","","24.1","","101.05","","","","-19","","Snow"
"-77.70","53.63","LA GRANDE RIVIERE A","7093716","2019-12-20 06:00","2019","12","20","06:00","","-12.7","","-14.5","","87","","","","29","","16","","24.1","","101.13","","","","-20","","Snow"
"-77.70","53.63","LA GRANDE RIVIERE A","7093716","2019-12-20 07:00","2019","12","20","07:00","","-13.2","","-14.9","","87","","","","29","","11","","24.1","","101.18","","","","-19","","Snow"
"-77.70","53.63","LA GRANDE RIVIERE A","7093716","2019-12-20 08:00","2019","12","20","08:00","","-14.3","","-16.0","","87","","","","27","","14","","24.1","","101.24","","","","-22","","Snow"
"-77.70","53.63","LA GRANDE RIVIERE A","7093716","2019-12-20 09:00","2019","12","20","09:00","","-15.5","","-17.4","","86","","","","28","","10","","24.1","","101.28","","","","-22","","Snow"
"-77.70","53.63","LA GRANDE RIVIERE A","7093716","2019-12-20 10:00","2019","12","20","10:00","","-14.2","","-16.0","","86","","","","29","","9","","24.1","","101.34","","","","-20","","Ice Crystals"
"-77.70","53.63","LA GRANDE RIVIERE A","7093716","2019-12-20 11:00","2019","12","20","11:00","","-12.6","","-14.6","","85","","","","31","","11","","24.1","","101.35","","","","-19","","Ice Crystals"
"-77.70","53.63","LA GRANDE RIVIERE A","7093716","2019-12-20 12:00","2019","12","20","12:00","","-11.6","","-14.1","","82","","","","31","","7","","24.1","","101.33","","","","-16","","Ice Crystals"
"-77.70","53.63","LA GRANDE RIVIERE A","7093716","2019-12-20 13:00","2019","12","20","13:00","","-11.1","","-14.1","","79","","","","30","","9","","24.1","","101.33","","","","-16","","Ice Crystals"
"-77.70","53.63","LA GRANDE RIVIERE A","7093716","2019-12-20 14:00","2019","12","20","14:00","","-11.5","","-14.3","","80","","","","29","","9","","24.1","","101.35","","","","-17","","Ice Crystals"
"-77.70","53.63","LA GRANDE RIVIERE A","7093716","2019-12-20 15:00","2019","12","20","15:00","","-10.9","","-14.1","","78","","","","32","","6","","24.1","","101.35","","","","-15","","Ice Crystals"
"-77.70","53.63","LA GRANDE RIVIERE A","7093716","2019-12-20 16:00","2019","12","20","16:00","","-13.9","","-16.0","","85","","","","25","","9","","24.1","","101.36","","","","-20","","Ice Crystals"
"-77.70","53.63","LA GRANDE RIVIERE A","7093716","2019-12-20 17:00","2019","12","20","17:00","","-15.0","","-16.8","","86","","","","24","","7","","24.1","","101.36","","","","-20","","Ice Crystals"
"-77.70","53.63","LA GRANDE RIVIERE A","7093716","2019-12-20 18:00","2019","12","20","18:00","","-15.1","","-16.8","","87","","","","26","","7","","24.1","","101.38","","","","-20","","Snow"
"-77.70","53.63","LA GRANDE RIVIERE A","7093716","2019-12-20 19:00","2019","12","20","19:00","","-15.3","","-16.9","","88","","","","24","","5","","24.1","","101.37","","","","-19","","Snow"
"-77.70","53.63","LA GRANDE RIVIERE A","7093716","2019-12-20 20:00","2019","12","20","20:00","","-15.0","","-16.8","","86","","","","26","","3","","24.1","","101.34","","","","-17","","Snow"
"-77.70","53.63","LA GRANDE RIVIERE A","7093716","2019-12-20 21:00","2019","12","20","21:00","","-14.7","","-16.5","","86","","","","19","","5","","24.1","","101.28","","","","-18","","Snow"
"-77.70","53.63","LA GRANDE RIVIERE A","7093716","2019-12-20 22:00","2019","12","20","22:00","","-14.8","","-16.6","","87","","","","19","","8","","24.1","","101.22","","","","-20","","Snow"
"-77.70","53.63","LA GRANDE RIVIERE A","7093716","2019-12-20 23:00","2019","12","20","23:00","","-14.6","","-16.4","","87","","","","18","","4","","24.1","","101.20","","","","-17","","Snow"
"-77.70","53.63","LA GRANDE RIVIERE A","7093716","2019-12-21 00:00","2019","12","21","00:00","","-14.2","","-16.0","","86","","","","19","","7","","11.3","","101.16","","","","-19","","Snow,Ice Crystals"
"-77.70","53.63","LA GRANDE RIVIERE A","7093716","2019-12-21 01:00","2019","12","21","01:00","","-13.9","","-15.8","","86","","","","18","","10","","24.1","","101.08","","","","-20","","Snow,Ice Crystals"
"-77.70","53.63","LA GRANDE RIVIERE A","7093716","2019-12-21 02:00","2019","12","21","02:00","","-13.9","","-15.8","","86","","","","15","","8","","24.1","","101.02","","","","-19","","Snow,Ice Crystals"
"-77.70","53.63","LA GRANDE RIVIERE A","7093716","2019-12-21 03:00","2019","12","21","03:00","","-13.8","","-15.6","","86","","","","15","","10","","24.1","","100.98","","","","-20","","Snow"
"-77.70","53.63","LA GRANDE RIVIERE A","7093716","2019-12-21 04:00","2019","12","21","04:00","","-13.9","","-15.8","","86","","","","15","","10","","19.3","","100.92","","","","-20","","Snow"
"-77.70","53.63","LA GRANDE RIVIERE A","7093716","2019-12-21 05:00","2019","12","21","05:00","","-14.0","","-15.9","","86","","","","14","","15","","19.3","","100.81","","","","-22","","Snow"
"-77.70","53.63","LA GRANDE RIVIERE A","7093716","2019-12-21 06:00","2019","12","21","06:00","","-14.2","","-16.0","","86","","","","13","","20","","24.1","","100.73","","","","-23","","Snow"
"-77.70","53.63","LA GRANDE RIVIERE A","7093716","2019-12-21 07:00","2019","12","21","07:00","","-14.3","","-16.2","","86","","","","14","","13","","24.1","","100.66","","","","-21","","Snow"
"-77.70","53.63","LA GRANDE RIVIERE A","7093716","2019-12-21 08:00","2019","12","21","08:00","","-14.5","","-16.4","","86","","","","14","","21","","16.1","","100.56","","","","-24","","Snow"
"-77.70","53.63","LA GRANDE RIVIERE A","7093716","2019-12-21 09:00","2019","12","21","09:00","","-14.9","","-16.8","","86","","","","12","","16","","16.1","","100.44","","","","-23","","Snow"
"-77.70","53.63","LA GRANDE RIVIERE A","7093716","2019-12-21 10:00","2019","12","21","10:00","","-15.3","","-17.2","","85","","","","13","","20","","19.3","","100.31","","","","-25","","Snow"
"-77.70","53.63","LA GRANDE RIVIERE A","7093716","2019-12-21 11:00","2019","12","21","11:00","","-15.5","","-17.6","","85","","","","12","","26","","24.1","","100.21","","","","-26","","Snow"
"-77.70","53.63","LA GRANDE RIVIERE A","7093716","2019-12-21 12:00","2019","12","21","12:00","","-15.1","","-17.1","","85","","","","11","","26","","19.3","","100.01","","","","-25","","Snow"
"-77.70","53.63","LA GRANDE RIVIERE A","7093716","2019-12-21 13:00","2019","12","21","13:00","","-14.6","","-16.7","","85","","","","12","","22","","24.1","","99.94","","","","-24","","Snow"
"-77.70","53.63","LA GRANDE RIVIERE A","7093716","2019-12-21 14:00","2019","12","21","14:00","","-14.3","","-16.3","","85","","","","12","","17","","24.1","","99.83","","","","-23","","Snow"
"-77.70","53.63","LA GRANDE RIVIERE A","7093716","2019-12-21 15:00","2019","12","21","15:00","","-14.5","","-16.5","","85","","","","12","","25","","24.1","","99.71","","","","-25","","Snow"
"-77.70","53.63","LA GRANDE RIVIERE A","7093716","2019-12-21 16:00","2019","12","21","16:00","","-15.0","","-17.1","","84","","","","12","","28","","24.1","","99.63","","","","-26","","Snow"
"-77.70","53.63","LA GRANDE RIVIERE A","7093716","2019-12-21 17:00","2019","12","21","17:00","","-15.3","","-17.3","","85","","","","10","","33","","24.1","","99.45","","","","-27","","Ice Crystals"
"-77.70","53.63","LA GRANDE RIVIERE A","7093716","2019-12-21 18:00","2019","12","21","18:00","","-14.6","","-16.6","","85","","","","12","","18","","24.1","","99.39","","","","-23","","Ice Crystals"
"-77.70","53.63","LA GRANDE RIVIERE A","7093716","2019-12-21 19:00","2019","12","21","19:00","","-13.3","","-15.4","","84","","","","13","","23","","24.1","","99.32","","","","-23","","Ice Crystals"
"-77.70","53.63","LA GRANDE RIVIERE A","7093716","2019-12-21 20:00","2019","12","21","20:00","","-12.8","","-15.0","","84","","","","13","","29","","24.1","","99.20","","","","-23","","Ice Crystals"
"-77.70","53.63","LA GRANDE RIVIERE A","7093716","2019-12-21 21:00","2019","12","21","21:00","","-12.5","","-14.7","","84","","","","12","","18","","24.1","","99.10","","","","-21","","Ice Crystals"
"-77.70","53.63","LA GRANDE RIVIERE A","7093716","2019-12-21 22:00","2019","12","21","22:00","","-12.2","","-14.3","","84","","","","12","","23","","19.3","","99.01","","","","-21","","Ice Crystals"
"-77.70","53.63","LA GRANDE RIVIERE A","7093716","2019-12-21 23:00","2019","12","21","23:00","","-11.9","","-13.7","","87","","","","12","","26","","19.3","","98.90","","","","-21","","Ice Crystals"
"-77.70","53.63","LA GRANDE RIVIERE A","7093716","2019-12-22 00:00","2019","12","22","00:00","","-11.4","","-12.8","","89","","","","13","","31","","4.8","","98.73","","","","-21","","Snow"
"-77.70","53.63","LA GRANDE RIVIERE A","7093716","2019-12-22 01:00","2019","12","22","01:00","","-11.0","","-12.9","","86","","","","12","","27","","2.4","","98.64","","","","-20","","Snow"
"-77.70","53.63","LA GRANDE RIVIERE A","7093716","2019-12-22 02:00","2019","12","22","02:00","","-10.8","","-12.7","","86","","","","12","","22","","2.4","","98.60","","","","-19","","Snow"
"-77.70","53.63","LA GRANDE RIVIERE A","7093716","2019-12-22 03:00","2019","12","22","03:00","","-10.8","","-12.6","","87","","","","11","","16","","2.4","","98.57","","","","-18","","Snow"
"-77.70","53.63","LA GRANDE RIVIERE A","7093716","2019-12-22 04:00","2019","12","22","04:00","","-10.7","","-12.5","","87","","","","11","","14","","4.8","","98.56","","","","-17","","Snow"
"-77.70","53.63","LA GRANDE RIVIERE A","7093716","2019-12-22 05:00","2019","12","22","05:00","","-10.7","","-12.4","","87","","","","10","","13","","4.8","","98.49","","","","-17","","Snow"
"-77.70","53.63","LA GRANDE RIVIERE A","7093716","2019-12-22 06:00","2019","12","22","06:00","","-10.3","","-12.0","","88","","","","10","","14","","4.8","","98.46","","","","-17","","Snow"
"-77.70","53.63","LA GRANDE RIVIERE A","7093716","2019-12-22 07:00","2019","12","22","07:00","","-10.4","","-12.1","","88","","","","10","","9","","11.3","","98.48","","","","-15","","Snow"
"-77.70","53.63","LA GRANDE RIVIERE A","7093716","2019-12-22 08:00","2019","12","22","08:00","","-10.8","","-12.3","","89","","","","9","","6","","9.7","","98.51","","","","-14","","Snow"
"-77.70","53.63","LA GRANDE RIVIERE A","7093716","2019-12-22 09:00","2019","12","22","09:00","","-11.4","","-12.9","","89","","","","8","","5","","12.9","","98.52","","","","-15","","Snow"
"-77.70","53.63","LA GRANDE RIVIERE A","7093716","2019-12-22 10:00","2019","12","22","10:00","","-11.2","","-12.5","","90","","","","10","","5","","19.3","","98.55","","","","-14","","Snow"
"-77.70","53.63","LA GRANDE RIVIERE A","7093716","2019-12-22 11:00","2019","12","22","11:00","","-9.6","","-11.3","","88","","","","12","","4","","24.1","","98.55","","","","-12","","Snow"
"-77.70","53.63","LA GRANDE RIVIERE A","7093716","2019-12-22 12:00","2019","12","22","12:00","","-8.8","","-10.6","","87","","","","25","","5","","24.1","","98.54","","","","-12","","Snow"
"-77.70","53.63","LA GRANDE RIVIERE A","7093716","2019-12-22 13:00","2019","12","22","13:00","","-8.5","","-10.2","","87","","","","27","","7","","24.1","","98.58","","","","-12","","Snow"
"-77.70","53.63","LA GRANDE RIVIERE A","7093716","2019-12-22 14:00","2019","12","22","14:00","","-8.2","","-9.9","","87","","","","26","","12","","24.1","","98.63","","","","-14","","Snow"
"-77.70","53.63","LA GRANDE RIVIERE A","7093716","2019-12-22 15:00","2019","12","22","15:00","","-8.3","","-10.0","","88","","","","27","","9","","19.3","","98.67","","","","-13","","Snow"
"-77.70","53.63","LA GRANDE RIVIERE A","7093716","2019-12-22 16:00","2019","12","22","16:00","","-8.8","","-10.4","","88","","","","26","","8","","24.1","","98.72","","","","-13","","Snow"
"-77.70","53.63","LA GRANDE RIVIERE A","7093716","2019-12-22 17:00","2019","12","22","17:00","","-8.8","","-10.2","","89","","","","22","","6","","19.3","","98.70","","","","-12","","Snow"
"-77.70","53.63","LA GRANDE RIVIERE A","7093716","2019-12-22 18:00","2019","12","22","18:00","","-8.8","","-10.3","","89","","","","24","","8","","11.3","","98.72","","","","-13","","Snow"
"-77.70","53.63","LA GRANDE RIVIERE A","7093716","2019-12-22 19:00","2019","12","22","19:00","","-9.0","","-10.3","","90","","","","18","","8","","24.1","","98.69","","","","-13","","Snow"
"-77.70","53.63","LA GRANDE RIVIERE A","7093716","2019-12-22 20:00","2019","12","22","20:00","","-9.2","","-10.5","","90","","","","20","","8","","12.9","","98.67","","","","-14","","Snow"
"-77.70","53.63","LA GRANDE RIVIERE A","7093716","2019-12-22 21:00","2019","12","22","21:00","","-9.8","","-11.0","","91","","","","19","","9","","24.1","","98.61","","","","-15","","Snow"
"-77.70","53.63","LA GRANDE RIVIERE A","7093716","2019-12-22 22:00","2019","12","22","22:00","","-10.6","","-12.0","","89","","","","20","","7","","24.1","","98.57","","","","-15","","Snow"
"-77.70","53.63","LA GRANDE RIVIERE A","7093716","2019-12-22 23:00","2019","12","22","23:00","","-11.0","","-12.5","","89","","","","18","","9","","24.1","","98.50","","","","-16","","Ice Crystals"
"-77.70","53.63","LA GRANDE RIVIERE A","7093716","2019-12-23 00:00","2019","12","23","00:00","","-11.0","","-12.4","","89","","","","16","","12","","24.1","","98.42","","","","-17","","Ice Crystals"
"-77.70","53.63","LA GRANDE RIVIERE A","7093716","2019-12-23 01:00","2019","12","23","01:00","","-10.7","","-12.2","","89","","","","13","","10","","24.1","","98.32","","","","-16","","Ice Crystals"
"-77.70","53.63","LA GRANDE RIVIERE A","7093716","2019-12-23 02:00","2019","12","23","02:00","","-10.4","","-11.9","","89","","","","12","","14","","24.1","","98.19","","","","-17","","Snow"
"-77.70","53.63","LA GRANDE RIVIERE A","7093716","2019-12-23 03:00","2019","12","23","03:00","","-10.1","","-11.6","","88","","","","11","","16","","4.0","","98.12","","","","-17","","Snow"
"-77.70","53.63","LA GRANDE RIVIERE A","7093716","2019-12-23 04:00","2019","12","23","04:00","","-9.7","","-11.3","","88","","","","10","","14","","4.8","","97.97","","","","-16","","Snow"
"-77.70","53.63","LA GRANDE RIVIERE A","7093716","2019-12-23 05:00","2019","12","23","05:00","","-9.4","","-11.0","","88","","","","9","","17","","3.2","","97.85","","","","-16","","Snow"
"-77.70","53.63","LA GRANDE RIVIERE A","7093716","2019-12-23 06:00","2019","12","23","06:00","","-9.2","","-10.8","","88","","","","7","","14","","2.4","","97.80","","","","-16","","Snow"
"-77.70","53.63","LA GRANDE RIVIERE A","7093716","2019-12-23 07:00","2019","12","23","07:00","","-8.9","","-10.5","","89","","","","6","","17","","2.4","","97.78","","","","-16","","Snow"
"-77.70","53.63","LA GRANDE RIVIERE A","7093716","2019-12-23 08:00","2019","12","23","08:00","","-8.7","","-10.2","","89","","","","5","","18","","1.6","","97.77","","","","-16","","Snow"
"-77.70","53.63","LA GRANDE RIVIERE A","7093716","2019-12-23 09:00","2019","12","23","09:00","","-8.4","","-10.0","","89","","","","4","","15","","1.6","","97.83","","","","-15","","Snow"
"-77.70","53.63","LA GRANDE RIVIERE A","7093716","2019-12-23 10:00","2019","12","23","10:00","","-8.2","","-9.9","","88","","","","1","","14","","2.0","","97.91","","","","-14","","Snow"
"-77.70","53.63","LA GRANDE RIVIERE A","7093716","2019-12-23 11:00","2019","12","23","11:00","","-8.6","","-10.4","","87","","","","35","","13","","8.1","","97.99","","","","-15","","Snow"
"-77.70","53.63","LA GRANDE RIVIERE A","7093716","2019-12-23 12:00","2019","12","23","12:00","","-8.2","","-10.4","","84","","","","34","","17","","16.1","","98.11","","","","-15","","Snow"
"-77.70","53.63","LA GRANDE RIVIERE A","7093716","2019-12-23 13:00","2019","12","23","13:00","","-7.9","","-9.8","","86","","","","34","","14","","4.0","","98.22","","","","-14","","Snow,Blowing Snow"
"-77.70","53.63","LA GRANDE RIVIERE A","7093716","2019-12-23 14:00","2019","12","23","14:00","","-8.5","","-11.0","","82","","","","32","","18","","16.1","","98.41","","","","-16","","Snow,Blowing Snow"
"-77.70","53.63","LA GRANDE RIVIERE A","7093716","2019-12-23 15:00","2019","12","23","15:00","","-10.1","","-12.3","","84","","","","32","","20","","6.4","","98.58","","","","-18","","Snow,Blowing Snow"
"-77.70","53.63","LA GRANDE RIVIERE A","7093716","2019-12-23 16:00","2019","12","23","16:00","","-11.3","","-13.6","","83","","","","32","","18","","19.3","","98.75","","","","-19","","Ice Crystals,Blowing Snow"
"-77.70","53.63","LA GRANDE RIVIERE A","7093716","2019-12-23 17:00","2019","12","23","17:00","","-12.6","","-14.5","","86","","","","31","","14","","19.3","","98.90","","","","-20","","Ice Crystals"
"-77.70","53.63","LA GRANDE RIVIERE A","7093716","2019-12-23 18:00","2019","12","23","18:00","","-13.6","","-15.5","","85","","","","32","","18","","19.3","","99.05","","","","-22","","Ice Crystals"
"-77.70","53.63","LA GRANDE RIVIERE A","7093716","2019-12-23 19:00","2019","12","23","19:00","","-14.1","","-15.8","","87","","","","29","","15","","19.3","","99.20","","","","-22","","Ice Crystals"
"-77.70","53.63","LA GRANDE RIVIERE A","7093716","2019-12-23 20:00","2019","12","23","20:00","","-13.7","","-15.5","","87","","","","29","","18","","12.9","","99.28","","","","-22","","Snow,Ice Crystals"
"-77.70","53.63","LA GRANDE RIVIERE A","7093716","2019-12-23 21:00","2019","12","23","21:00","","-14.3","","-16.1","","87","","","","30","","15","","11.3","","99.35","","","","-22","","Snow,Ice Crystals"
"-77.70","53.63","LA GRANDE RIVIERE A","7093716","2019-12-23 22:00","2019","12","23","22:00","","-14.7","","-16.6","","86","","","","29","","18","","16.1","","99.37","","","","-23","","Ice Crystals"
"-77.70","53.63","LA GRANDE RIVIERE A","7093716","2019-12-23 23:00","2019","12","23","23:00","","-14.9","","-16.8","","86","","","","29","","22","","16.1","","99.50","","","","-24","","Ice Crystals"
"-77.70","53.63","LA GRANDE RIVIERE A","7093716","2019-12-24 00:00","2019","12","24","00:00","","-15.0","","-17.0","","85","","","","28","","14","","16.1","","99.56","","","","-23","","Ice Crystals"
"-77.70","53.63","LA GRANDE RIVIERE A","7093716","2019-12-24 01:00","2019","12","24","01:00","","-15.2","","-17.1","","85","","","","26","","11","","24.1","","99.61","","","","-22","","Ice Crystals"
"-77.70","53.63","LA GRANDE RIVIERE A","7093716","2019-12-24 02:00","2019","12","24","02:00","","-14.9","","-16.9","","85","","","","25","","6","","24.1","","99.67","","","","-19","","Ice Crystals"
"-77.70","53.63","LA GRANDE RIVIERE A","7093716","2019-12-24 03:00","2019","12","24","03:00","","-14.9","","-16.9","","85","","","","20","","9","","16.1","","99.69","","","","-21","","Ice Crystals"
"-77.70","53.63","LA GRANDE RIVIERE A","7093716","2019-12-24 04:00","2019","12","24","04:00","","-15.2","","-17.2","","85","","","","21","","7","","11.3","","99.72","","","","-20","","Snow,Ice Crystals"
"-77.70","53.63","LA GRANDE RIVIERE A","7093716","2019-12-24 05:00","2019","12","24","05:00","","-14.8","","-16.8","","85","","","","21","","8","","11.3","","99.78","","","","-20","","Snow,Ice Crystals"
"-77.70","53.63","LA GRANDE RIVIERE A","7093716","2019-12-24 06:00","2019","12","24","06:00","","-14.5","","-16.5","","85","","","","21","","10","","11.3","","99.82","","","","-21","","Snow,Ice Crystals"
"-77.70","53.63","LA GRANDE RIVIERE A","7093716","2019-12-24 07:00","2019","12","24","07:00","","-13.6","","-15.4","","86","","","","22","","6","","11.3","","99.84","","","","-18","","Snow,Ice Crystals"
"-77.70","53.63","LA GRANDE RIVIERE A","7093716","2019-12-24 08:00","2019","12","24","08:00","","-13.8","","-15.6","","86","","","","21","","9","","11.3","","99.83","","","","-19","","Snow"
"-77.70","53.63","LA GRANDE RIVIERE A","7093716","2019-12-24 09:00","2019","12","24","09:00","","-13.7","","-15.5","","86","","","","20","","9","","19.3","","99.89","","","","-19","","Snow"
"-77.70","53.63","LA GRANDE RIVIERE A","7093716","2019-12-24 10:00","2019","12","24","10:00","","-12.5","","-14.2","","87","","","","24","","14","","6.4","","99.95","","","","-20","","Snow"
"-77.70","53.63","LA GRANDE RIVIERE A","7093716","2019-12-24 11:00","2019","12","24","11:00","","-12.0","","-13.9","","86","","","","23","","14","","6.4","","99.92","","","","-19","","Snow"
"-77.70","53.63","LA GRANDE RIVIERE A","7093716","2019-12-24 12:00","2019","12","24","12:00","","-11.5","","-13.5","","85","","","","23","","13","","9.7","","99.89","","","","-18","","Snow"
"-77.70","53.63","LA GRANDE RIVIERE A","7093716","2019-12-24 13:00","2019","12","24","13:00","","-11.2","","-13.4","","84","","","","25","","12","","8.1","","99.88","","","","-17","","Snow"
"-77.70","53.63","LA GRANDE RIVIERE A","7093716","2019-12-24 14:00","2019","12","24","14:00","","-11.1","","-13.2","","85","","","","22","","10","","9.7","","99.88","","","","-17","","Snow"
"-77.70","53.63","LA GRANDE RIVIERE A","7093716","2019-12-24 15:00","2019","12","24","15:00","","-11.1","","-13.0","","86","","","","21","","8","","9.7","","99.92","","","","-16","","Snow"
"-77.70","53.63","LA GRANDE RIVIERE A","7093716","2019-12-24 16:00","2019","12","24","16:00","","-11.5","","-13.4","","86","","","","19","","7","","9.7","","99.94","","","","-16","","Snow"
"-77.70","53.63","LA GRANDE RIVIERE A","7093716","2019-12-24 17:00","2019","12","24","17:00","","-11.7","","-13.4","","87","","","","17","","7","","9.7","","99.95","","","","-16","","Snow"
"-77.70","53.63","LA GRANDE RIVIERE A","7093716","2019-12-24 18:00","2019","12","24","18:00","","-11.7","","-13.4","","87","","","","18","","7","","16.1","","99.96","","","","-16","","Snow"
"-77.70","53.63","LA GRANDE RIVIERE A","7093716","2019-12-24 19:00","2019","12","24","19:00","","-11.5","","-13.2","","87","","","","19","","8","","19.3","","99.97","","","","-16","","Snow"
"-77.70","53.63","LA GRANDE RIVIERE A","7093716","2019-12-24 20:00","2019","12","24","20:00","","-11.8","","-13.5","","87","","","","17","","8","","24.1","","99.98","","","","-17","","Snow"
"-77.70","53.63","LA GRANDE RIVIERE A","7093716","2019-12-24 21:00","2019","12","24","21:00","","-11.9","","-13.7","","87","","","","18","","8","","24.1","","99.98","","","","-17","","Snow"
"-77.70","53.63","LA GRANDE RIVIERE A","7093716","2019-12-24 22:00","2019","12","24","22:00","","-12.0","","-13.8","","87","","","","18","","7","","24.1","","99.97","","","","-16","","Snow"
"-77.70","53.63","LA GRANDE RIVIERE A","7093716","2019-12-24 23:00","2019","12","24","23:00","","-12.0","","-13.8","","87","","","","17","","7","","8.1","","99.96","","","","-16","","Snow"
"-77.70","53.63","LA GRANDE RIVIERE A","7093716","2019-12-25 00:00","2019","12","25","00:00","","-12.1","","-13.9","","86","","","","16","","6","","16.1","","99.94","","","","-16","","Snow"
"-77.70","53.63","LA GRANDE RIVIERE A","7093716","2019-12-25 01:00","2019","12","25","01:00","","-12.2","","-14.0","","87","","","","13","","7","","11.3","","99.93","","","","-17","","Snow"
"-77.70","53.63","LA GRANDE RIVIERE A","7093716","2019-12-25 02:00","2019","12","25","02:00","","-12.3","","-14.0","","87","","","","11","","7","","11.3","","99.95","","","","-17","","Snow"
"-77.70","53.63","LA GRANDE RIVIERE A","7093716","2019-12-25 03:00","2019","12","25","03:00","","-12.2","","-13.9","","87","","","","9","","8","","24.1","","99.98","","","","-17","","Snow"
"-77.70","53.63","LA GRANDE RIVIERE A","7093716","2019-12-25 04:00","2019","12","25","04:00","","-12.1","","-13.9","","87","","","","10","","8","","24.1","","100.00","","","","-17","","Snow"
"-77.70","53.63","LA GRANDE RIVIERE A","7093716","2019-12-25 05:00","2019","12","25","05:00","","-12.0","","-13.8","","87","","","","7","","8","","24.1","","100.02","","","","-17","","Snow"
"-77.70","53.63","LA GRANDE RIVIERE A","7093716","2019-12-25 06:00","2019","12","25","06:00","","-11.9","","-13.6","","87","","","","10","","10","","24.1","","100.02","","","","-18","","Snow"
"-77.70","53.63","LA GRANDE RIVIERE A","7093716","2019-12-25 07:00","2019","12","25","07:00","","-11.8","","-13.5","","87","","","","9","","9","","24.1","","100.07","","","","-17","","Snow"
"-77.70","53.63","LA GRANDE RIVIERE A","7093716","2019-12-25 08:00","2019","12","25","08:00","","-12.8","","-14.4","","87","","","","11","","9","","19.3","","100.08","","","","-18","","Snow"
"-77.70","53.63","LA GRANDE RIVIERE A","7093716","2019-12-25 09:00","2019","12","25","09:00","","-14.7","","-16.2","","88","","","","9","","10","","24.1","","100.12","","","","-21","","Ice Crystals"
"-77.70","53.63","LA GRANDE RIVIERE A","7093716","2019-12-25 10:00","2019","12","25","10:00","","-13.7","","-15.5","","86","","","","9","","12","","24.1","","100.16","","","","-20","","Ice Crystals"
"-77.70","53.63","LA GRANDE RIVIERE A","7093716","2019-12-25 11:00","2019","12","25","11:00","","-12.5","","-14.4","","86","","","","7","","9","","24.1","","100.16","","","","-18","","Ice Crystals"
"-77.70","53.63","LA GRANDE RIVIERE A","7093716","2019-12-25 12:00","2019","12","25","12:00","","-11.8","","-14.1","","83","","","","10","","13","","24.1","","100.14","","","","-18","","Ice Crystals"
"-77.70","53.63","LA GRANDE RIVIERE A","7093716","2019-12-25 13:00","2019","12","25","13:00","","-11.7","","-14.1","","83","","","","10","","12","","24.1","","100.09","","","","-18","","Ice Crystals"
"-77.70","53.63","LA GRANDE RIVIERE A","7093716","2019-12-25 14:00","2019","12","25","14:00","","-11.4","","-13.6","","84","","","","7","","8","","24.1","","100.11","","","","-16","","NA"
"-77.70","53.63","LA GRANDE RIVIERE A","7093716","2019-12-25 15:00","2019","12","25","15:00","","-12.4","","-14.6","","84","","","","9","","13","","24.1","","100.16","","","","-19","","NA"
"-77.70","53.63","LA GRANDE RIVIERE A","7093716","2019-12-25 16:00","2019","12","25","16:00","","-14.2","","-15.9","","88","","","","11","","11","","24.1","","100.19","","","","-21","","Clear"
"-77.70","53.63","LA GRANDE RIVIERE A","7093716","2019-12-25 17:00","2019","12","25","17:00","","-14.2","","-15.8","","88","","","","9","","9","","24.1","","100.25","","","","-20","","NA"
"-77.70","53.63","LA GRANDE RIVIERE A","7093716","2019-12-25 18:00","2019","12","25","18:00","","-15.9","","-17.6","","87","","","","11","","12","","24.1","","100.30","","","","-23","","Ice Crystals"
"-77.70","53.63","LA GRANDE RIVIERE A","7093716","2019-12-25 19:00","2019","12","25","19:00","","-17.0","","-18.9","","85","","","","12","","14","","24.1","","100.37","","","","-25","","Ice Crystals"
"-77.70","53.63","LA GRANDE RIVIERE A","7093716","2019-12-25 20:00","2019","12","25","20:00","","-17.0","","-18.8","","86","","","","12","","9","","24.1","","100.40","","","","-23","","Ice Crystals"
"-77.70","53.63","LA GRANDE RIVIERE A","7093716","2019-12-25 21:00","2019","12","25","21:00","","-17.2","","-19.3","","84","","","","13","","12","","24.1","","100.39","","","","-25","","Ice Crystals"
"-77.70","53.63","LA GRANDE RIVIERE A","7093716","2019-12-25 22:00","2019","12","25","22:00","","-18.5","","-20.7","","83","","","","13","","14","","24.1","","100.35","","","","-27","","Ice Crystals"
"-77.70","53.63","LA GRANDE RIVIERE A","7093716","2019-12-25 23:00","2019","12","25","23:00","","-17.6","","-19.9","","83","","","","13","","10","","24.1","","100.36","","","","-24","","Ice Crystals"
"-77.70","53.63","LA GRANDE RIVIERE A","7093716","2019-12-26 00:00","2019","12","26","00:00","","-17.8","","-20.1","","83","","","","12","","10","","24.1","","100.34","","","","-25","","Ice Crystals"
"-77.70","53.63","LA GRANDE RIVIERE A","7093716","2019-12-26 01:00","2019","12","26","01:00","","-18.6","","-20.9","","82","","","","13","","9","","24.1","","100.36","","","","-25","","Ice Crystals"
"-77.70","53.63","LA GRANDE RIVIERE A","7093716","2019-12-26 02:00","2019","12","26","02:00","","-16.1","","-18.1","","85","","","","16","","12","","24.1","","100.43","","","","-23","","Ice Crystals"
"-77.70","53.63","LA GRANDE RIVIERE A","7093716","2019-12-26 03:00","2019","12","26","03:00","","-16.1","","-18.2","","84","","","","16","","10","","24.1","","100.48","","","","-23","","Ice Crystals"
"-77.70","53.63","LA GRANDE RIVIERE A","7093716","2019-12-26 04:00","2019","12","26","04:00","","-18.6","","-21.0","","82","","","","15","","9","","24.1","","100.48","","","","-25","","Ice Crystals"
"-77.70","53.63","LA GRANDE RIVIERE A","7093716","2019-12-26 05:00","2019","12","26","05:00","","-19.1","","-21.5","","82","","","","13","","9","","24.1","","100.45","","","","-26","","Ice Crystals"
"-77.70","53.63","LA GRANDE RIVIERE A","7093716","2019-12-26 06:00","2019","12","26","06:00","","-19.2","","-21.7","","81","","","","11","","12","","24.1","","100.44","","","","-27","","Ice Crystals"
"-77.70","53.63","LA GRANDE RIVIERE A","7093716","2019-12-26 07:00","2019","12","26","07:00","","-19.3","","-21.5","","83","","","","12","","17","","24.1","","100.41","","","","-29","","Ice Crystals"
"-77.70","53.63","LA GRANDE RIVIERE A","7093716","2019-12-26 08:00","2019","12","26","08:00","","-21.5","","-24.1","","80","","","","11","","15","","24.1","","100.38","","","","-31","","Ice Crystals"
"-77.70","53.63","LA GRANDE RIVIERE A","7093716","2019-12-26 09:00","2019","12","26","09:00","","-20.8","","-23.3","","80","","","","12","","14","","24.1","","100.39","","","","-30","","Ice Crystals"
"-77.70","53.63","LA GRANDE RIVIERE A","7093716","2019-12-26 10:00","2019","12","26","10:00","","-18.4","","-20.7","","82","","","","12","","16","","24.1","","100.39","","","","-27","","Ice Crystals"
"-77.70","53.63","LA GRANDE RIVIERE A","7093716","2019-12-26 11:00","2019","12","26","11:00","","-15.6","","-17.7","","84","","","","12","","16","","24.1","","100.33","","","","-24","","Ice Crystals"
"-77.70","53.63","LA GRANDE RIVIERE A","7093716","2019-12-26 12:00","2019","12","26","12:00","","-12.3","","-14.1","","87","","","","14","","18","","24.1","","100.25","","","","-20","","Ice Crystals"
"-77.70","53.63","LA GRANDE RIVIERE A","7093716","2019-12-26 13:00","2019","12","26","13:00","","-11.7","","-13.8","","85","","","","12","","18","","24.1","","100.14","","","","-20","","Ice Crystals"
"-77.70","53.63","LA GRANDE RIVIERE A","7093716","2019-12-26 14:00","2019","12","26","14:00","","-10.9","","-14.8","","73","","","","12","","21","","24.1","","100.05","","","","-19","","Ice Crystals"
"-77.70","53.63","LA GRANDE RIVIERE A","7093716","2019-12-26 15:00","2019","12","26","15:00","","-12.6","","-16.2","","75","","","","11","","21","","24.1","","99.99","","","","-21","","Ice Crystals"
"-77.70","53.63","LA GRANDE RIVIERE A","7093716","2019-12-26 16:00","2019","12","26","16:00","","-13.5","","-16.6","","78","","","","10","","27","","24.1","","99.90","","","","-24","","Ice Crystals"
"-77.70","53.63","LA GRANDE RIVIERE A","7093716","2019-12-26 17:00","2019","12","26","17:00","","-14.6","","-17.3","","80","","","","10","","25","","24.1","","99.83","","","","-25","","Ice Crystals"
"-77.70","53.63","LA GRANDE RIVIERE A","7093716","2019-12-26 18:00","2019","12","26","18:00","","-14.4","","-17.6","","77","","","","10","","25","","24.1","","99.70","","","","-24","","Ice Crystals"
"-77.70","53.63","LA GRANDE RIVIERE A","7093716","2019-12-26 19:00","2019","12","26","19:00","","-14.7","","-17.8","","77","","","","10","","30","","24.1","","99.57","","","","-26","","Ice Crystals"
"-77.70","53.63","LA GRANDE RIVIERE A","7093716","2019-12-26 20:00","2019","12","26","20:00","","-14.8","","-18.1","","76","","","","10","","30","","24.1","","99.42","","","","-26","","Ice Crystals"
"-77.70","53.63","LA GRANDE RIVIERE A","7093716","2019-12-26 21:00","2019","12","26","21:00","","-13.9","","-17.3","","76","","","","10","","31","","24.1","","99.24","","","","-25","","Ice Crystals"
"-77.70","53.63","LA GRANDE RIVIERE A","7093716","2019-12-26 22:00","2019","12","26","22:00","","-12.9","","-16.6","","74","","","","10","","27","","24.1","","99.08","","","","-23","","Ice Crystals"
"-77.70","53.63","LA GRANDE RIVIERE A","7093716","2019-12-26 23:00","2019","12","26","23:00","","-11.9","","-15.7","","74","","","","10","","28","","24.1","","98.87","","","","-22","","Ice Crystals"
"-77.70","53.63","LA GRANDE RIVIERE A","7093716","2019-12-27 00:00","2019","12","27","00:00","","-9.7","","-14.3","","69","","","","11","","30","","24.1","","98.68","","","","-19","","Ice Crystals"
"-77.70","53.63","LA GRANDE RIVIERE A","7093716","2019-12-27 01:00","2019","12","27","01:00","","-9.2","","-13.4","","72","","","","12","","30","","16.1","","98.52","","","","-18","","Snow"
"-77.70","53.63","LA GRANDE RIVIERE A","7093716","2019-12-27 02:00","2019","12","27","02:00","","-8.7","","-11.4","","81","","","","11","","31","","19.3","","98.39","","","","-18","","Snow"
"-77.70","53.63","LA GRANDE RIVIERE A","7093716","2019-12-27 03:00","2019","12","27","03:00","","-8.2","","-10.5","","84","","","","12","","31","","4.8","","98.28","","","","-17","","Snow"
"-77.70","53.63","LA GRANDE RIVIERE A","7093716","2019-12-27 04:00","2019","12","27","04:00","","-8.1","","-9.6","","89","","","","12","","22","","1.6","","98.12","","","","-16","","Snow"
"-77.70","53.63","LA GRANDE RIVIERE A","7093716","2019-12-27 05:00","2019","12","27","05:00","","-7.3","","-9.0","","88","","","","12","","24","","4.0","","97.96","","","","-15","","Snow"
"-77.70","53.63","LA GRANDE RIVIERE A","7093716","2019-12-27 06:00","2019","12","27","06:00","","-6.8","","-8.3","","90","","","","12","","21","","2.4","","97.86","","","","-14","","Snow Showers"
"-77.70","53.63","LA GRANDE RIVIERE A","7093716","2019-12-27 07:00","2019","12","27","07:00","","-6.4","","-8.0","","89","","","","13","","17","","4.0","","97.78","","","","-13","","Snow Showers"
"-77.70","53.63","LA GRANDE RIVIERE A","7093716","2019-12-27 08:00","2019","12","27","08:00","","-6.2","","-7.6","","90","","","","12","","17","","4.0","","97.70","","","","-12","","Snow"
"-77.70","53.63","LA GRANDE RIVIERE A","7093716","2019-12-27 09:00","2019","12","27","09:00","","-5.8","","-7.0","","91","","","","12","","17","","1.6","","97.63","","","","-12","","Snow"
"-77.70","53.63","LA GRANDE RIVIERE A","7093716","2019-12-27 10:00","2019","12","27","10:00","","-5.0","","-6.2","","91","","","","14","","16","","1.2","","97.57","","","","-11","","Snow"
"-77.70","53.63","LA GRANDE RIVIERE A","7093716","2019-12-27 11:00","2019","12","27","11:00","","-4.1","","-5.2","","92","","","","18","","14","","1.2","","97.51","","","","-9","","Snow"
"-77.70","53.63","LA GRANDE RIVIERE A","7093716","2019-12-27 12:00","2019","12","27","12:00","","-3.1","","-4.3","","91","","","","23","","19","","1.6","","97.48","","","","-9","","Snow"
"-77.70","53.63","LA GRANDE RIVIERE A","7093716","2019-12-27 13:00","2019","12","27","13:00","","-3.7","","-5.4","","88","","","","23","","28","","3.2","","97.48","","","","-11","","Snow,Blowing Snow"
"-77.70","53.63","LA GRANDE RIVIERE A","7093716","2019-12-27 14:00","2019","12","27","14:00","","-4.9","","-7.1","","85","","","","24","","26","","4.0","","97.51","","","","-12","","Snow Showers,Blowing Snow"
"-77.70","53.63","LA GRANDE RIVIERE A","7093716","2019-12-27 15:00","2019","12","27","15:00","","-6.4","","-8.0","","88","","","","25","","28","","4.8","","97.62","","","","-15","","Snow Showers,Blowing Snow"
"-77.70","53.63","LA GRANDE RIVIERE A","7093716","2019-12-27 16:00","2019","12","27","16:00","","-7.7","","-9.5","","87","","","","24","","26","","4.8","","97.72","","","","-16","","Snow Showers,Blowing Snow"
"-77.70","53.63","LA GRANDE RIVIERE A","7093716","2019-12-27 17:00","2019","12","27","17:00","","-8.1","","-10.0","","86","","","","25","","22","","9.7","","97.80","","","","-16","","Snow Showers,Blowing Snow"
"-77.70","53.63","LA GRANDE RIVIERE A","7093716","2019-12-27 18:00","2019","12","27","18:00","","-8.9","","-11.0","","85","","","","25","","25","","4.8","","97.87","","","","-17","","Snow Showers,Blowing Snow"
"-77.70","53.63","LA GRANDE RIVIERE A","7093716","2019-12-27 19:00","2019","12","27","19:00","","-8.7","","-10.6","","86","","","","26","","28","","9.7","","97.93","","","","-18","","Snow Showers,Blowing Snow"
"-77.70","53.63","LA GRANDE RIVIERE A","7093716","2019-12-27 20:00","2019","12","27","20:00","","-8.1","","-9.8","","87","","","","26","","23","","8.1","","98.00","","","","-16","","Snow Showers"
"-77.70","53.63","LA GRANDE RIVIERE A","7093716","2019-12-27 21:00","2019","12","27","21:00","","-7.4","","-9.0","","88","","","","24","","22","","4.8","","98.03","","","","-15","","Snow Showers"
"-77.70","53.63","LA GRANDE RIVIERE A","7093716","2019-12-27 22:00","2019","12","27","22:00","","-6.8","","-8.5","","88","","","","25","","28","","3.2","","98.05","","","","-15","","Snow Showers"
"-77.70","53.63","LA GRANDE RIVIERE A","7093716","2019-12-27 23:00","2019","12","27","23:00","","-7.2","","-8.9","","88","","","","25","","28","","11.3","","98.09","","","","-16","","Snow Showers"
"-77.70","53.63","LA GRANDE RIVIERE A","7093716","2019-12-28 00:00","2019","12","28","00:00","","-7.8","","-9.6","","87","","","","24","","27","","24.1","","98.12","","","","-16","","Snow Showers"
"-77.70","53.63","LA GRANDE RIVIERE A","7093716","2019-12-28 01:00","2019","12","28","01:00","","-8.3","","-10.3","","85","","","","25","","21","","11.3","","98.14","","","","-16","","Snow Showers"
"-77.70","53.63","LA GRANDE RIVIERE A","7093716","2019-12-28 02:00","2019","12","28","02:00","","-7.9","","-10.1","","85","","","","26","","26","","24.1","","98.22","","","","-16","","Snow Showers"
"-77.70","53.63","LA GRANDE RIVIERE A","7093716","2019-12-28 03:00","2019","12","28","03:00","","-7.7","","-9.4","","87","","","","24","","18","","24.1","","98.30","","","","-15","","Snow Showers"
"-77.70","53.63","LA GRANDE RIVIERE A","7093716","2019-12-28 04:00","2019","12","28","04:00","","-7.3","","-8.8","","89","","","","23","","17","","19.3","","98.30","","","","-14","","Snow Showers"
"-77.70","53.63","LA GRANDE RIVIERE A","7093716","2019-12-28 05:00","2019","12","28","05:00","","-6.6","","-8.2","","89","","","","24","","18","","11.3","","98.34","","","","-13","","Snow Showers"
"-77.70","53.63","LA GRANDE RIVIERE A","7093716","2019-12-28 06:00","2019","12","28","06:00","","-6.6","","-8.1","","89","","","","23","","21","","11.3","","98.39","","","","-14","","Snow Showers"
"-77.70","53.63","LA GRANDE RIVIERE A","7093716","2019-12-28 07:00","2019","12","28","07:00","","-6.5","","-8.1","","89","","","","23","","19","","11.3","","98.41","","","","-13","","Snow Showers"
"-77.70","53.63","LA GRANDE RIVIERE A","7093716","2019-12-28 08:00","2019","12","28","08:00","","-6.5","","-8.2","","87","","","","23","","18","","19.3","","98.45","","","","-13","","Snow Showers"
"-77.70","53.63","LA GRANDE RIVIERE A","7093716","2019-12-28 09:00","2019","12","28","09:00","","-6.5","","-8.3","","87","","","","23","","14","","16.1","","98.53","","","","-12","","Snow Showers"
"-77.70","53.63","LA GRANDE RIVIERE A","7093716","2019-12-28 10:00","2019","12","28","10:00","","-6.3","","-8.0","","88","","","","23","","11","","16.1","","98.57","","","","-11","","Snow Showers"
"-77.70","53.63","LA GRANDE RIVIERE A","7093716","2019-12-28 11:00","2019","12","28","11:00","","-5.8","","-7.2","","89","","","","23","","13","","19.3","","98.59","","","","-11","","Snow"
"-77.70","53.63","LA GRANDE RIVIERE A","7093716","2019-12-28 12:00","2019","12","28","12:00","","-5.5","","-7.1","","89","","","","25","","14","","24.1","","98.57","","","","-11","","Snow"
"-77.70","53.63","LA GRANDE RIVIERE A","7093716","2019-12-28 13:00","2019","12","28","13:00","","-5.4","","-7.3","","86","","","","26","","13","","24.1","","98.63","","","","-11","","Snow"
"-77.70","53.63","LA GRANDE RIVIERE A","7093716","2019-12-28 14:00","2019","12","28","14:00","","-5.4","","-7.3","","86","","","","25","","13","","24.1","","98.71","","","","-11","","Snow"
"-77.70","53.63","LA GRANDE RIVIERE A","7093716","2019-12-28 15:00","2019","12","28","15:00","","-5.5","","-7.4","","87","","","","25","","10","","16.1","","98.82","","","","-10","","Snow"
"-77.70","53.63","LA GRANDE RIVIERE A","7093716","2019-12-28 16:00","2019","12","28","16:00","","-5.8","","-7.2","","90","","","","25","","9","","16.1","","98.93","","","","-10","","Snow"
"-77.70","53.63","LA GRANDE RIVIERE A","7093716","2019-12-28 17:00","2019","12","28","17:00","","-5.8","","-7.2","","90","","","","25","","9","","24.1","","99.04","","","","-10","","Snow"
"-77.70","53.63","LA GRANDE RIVIERE A","7093716","2019-12-28 18:00","2019","12","28","18:00","","-5.7","","-6.9","","92","","","","25","","12","","4.8","","99.15","","","","-11","","Snow"
"-77.70","53.63","LA GRANDE RIVIERE A","7093716","2019-12-28 19:00","2019","12","28","19:00","","-5.8","","-6.9","","92","","","","25","","11","","19.3","","99.23","","","","-11","","Snow"
"-77.70","53.63","LA GRANDE RIVIERE A","7093716","2019-12-28 20:00","2019","12","28","20:00","","-5.8","","-6.8","","93","","","","28","","10","","19.3","","99.31","","","","-10","","Snow"
"-77.70","53.63","LA GRANDE RIVIERE A","7093716","2019-12-28 21:00","2019","12","28","21:00","","-6.2","","-7.4","","92","","","","29","","6","","24.1","","99.36","","","","-9","","Freezing Drizzle,Snow"
"-77.70","53.63","LA GRANDE RIVIERE A","7093716","2019-12-28 22:00","2019","12","28","22:00","","-6.5","","-7.6","","92","","","","29","","9","","11.3","","99.43","","","","-11","","Freezing Drizzle,Snow"
"-77.70","53.63","LA GRANDE RIVIERE A","7093716","2019-12-28 23:00","2019","12","28","23:00","","-6.7","","-8.2","","89","","","","29","","14","","19.3","","99.53","","","","-12","","Freezing Drizzle,Snow"
"-77.70","53.63","LA GRANDE RIVIERE A","7093716","2019-12-29 00:00","2019","12","29","00:00","","-7.3","","-8.7","","90","","","","28","","8","","16.1","","99.59","","","","-11","","Freezing Drizzle,Snow"
"-77.70","53.63","LA GRANDE RIVIERE A","7093716","2019-12-29 01:00","2019","12","29","01:00","","-7.6","","-9.2","","88","","","","29","","11","","16.1","","99.67","","","","-13","","Freezing Drizzle,Snow"
"-77.70","53.63","LA GRANDE RIVIERE A","7093716","2019-12-29 02:00","2019","12","29","02:00","","-8.3","","-9.9","","89","","","","28","","19","","19.3","","99.77","","","","-16","","Snow"
"-77.70","53.63","LA GRANDE RIVIERE A","7093716","2019-12-29 03:00","2019","12","29","03:00","","-9.2","","-10.8","","88","","","","28","","10","","24.1","","99.88","","","","-14","","Snow"
"-77.70","53.63","LA GRANDE RIVIERE A","7093716","2019-12-29 04:00","2019","12","29","04:00","","-10.1","","-11.7","","89","","","","28","","11","","24.1","","99.93","","","","-16","","Snow"
"-77.70","53.63","LA GRANDE RIVIERE A","7093716","2019-12-29 05:00","2019","12","29","05:00","","-9.9","","-11.3","","89","","","","31","","4","","24.1","","99.97","","","","-12","","Snow"
"-77.70","53.63","LA GRANDE RIVIERE A","7093716","2019-12-29 06:00","2019","12","29","06:00","","-10.0","","-11.4","","89","","","","27","","4","","24.1","","100.08","","","","-12","","Snow"
"-77.70","53.63","LA GRANDE RIVIERE A","7093716","2019-12-29 07:00","2019","12","29","07:00","","-9.4","","-11.4","","86","","","","33","","4","","24.1","","100.19","","","","-12","","Snow"
"-77.70","53.63","LA GRANDE RIVIERE A","7093716","2019-12-29 08:00","2019","12","29","08:00","","-10.0","","-12.1","","84","","","","34","","4","","24.1","","100.27","","","","-12","","Snow"
"-77.70","53.63","LA GRANDE RIVIERE A","7093716","2019-12-29 09:00","2019","12","29","09:00","","-9.9","","-11.8","","86","","","","36","","4","","11.3","","100.31","","","","-12","","Snow"
"-77.70","53.63","LA GRANDE RIVIERE A","7093716","2019-12-29 10:00","2019","12","29","10:00","","-9.6","","-12.0","","83","","","","3","","4","","9.7","","100.34","","","","-12","","Snow"
"-77.70","53.63","LA GRANDE RIVIERE A","7093716","2019-12-29 11:00","2019","12","29","11:00","","-9.0","","-12.3","","77","","","","7","","13","","11.3","","100.34","","","","-15","","Snow"
"-77.70","53.63","LA GRANDE RIVIERE A","7093716","2019-12-29 12:00","2019","12","29","12:00","","-9.0","","-12.1","","79","","","","6","","7","","24.1","","100.34","","","","-13","","Snow"
"-77.70","53.63","LA GRANDE RIVIERE A","7093716","2019-12-29 13:00","2019","12","29","13:00","","-9.2","","-12.8","","76","","","","5","","11","","24.1","","100.34","","","","-15","","Snow"
"-77.70","53.63","LA GRANDE RIVIERE A","7093716","2019-12-29 14:00","2019","12","29","14:00","","-9.6","","-13.0","","76","","","","6","","8","","24.1","","100.35","","","","-14","","Snow"
"-77.70","53.63","LA GRANDE RIVIERE A","7093716","2019-12-29 15:00","2019","12","29","15:00","","-9.6","","-13.1","","76","","","","6","","8","","24.1","","100.40","","","","-14","","Snow"
"-77.70","53.63","LA GRANDE RIVIERE A","7093716","2019-12-29 16:00","2019","12","29","16:00","","-9.9","","-13.4","","76","","","","11","","12","","19.3","","100.42","","","","-16","","Snow"
"-77.70","53.63","LA GRANDE RIVIERE A","7093716","2019-12-29 17:00","2019","12","29","17:00","","-10.5","","-13.5","","79","","","","12","","13","","24.1","","100.45","","","","-17","","Snow"
"-77.70","53.63","LA GRANDE RIVIERE A","7093716","2019-12-29 18:00","2019","12","29","18:00","","-12.1","","-14.6","","82","","","","8","","11","","24.1","","100.39","","","","-18","","Snow"
"-77.70","53.63","LA GRANDE RIVIERE A","7093716","2019-12-29 19:00","2019","12","29","19:00","","-12.7","","-14.8","","85","","","","7","","9","","24.1","","100.43","","","","-18","","Snow"
"-77.70","53.63","LA GRANDE RIVIERE A","7093716","2019-12-29 20:00","2019","12","29","20:00","","-12.8","","-14.8","","85","","","","7","","10","","24.1","","100.44","","","","-19","","Snow"
"-77.70","53.63","LA GRANDE RIVIERE A","7093716","2019-12-29 21:00","2019","12","29","21:00","","-13.4","","-15.6","","84","","","","10","","9","","24.1","","100.50","","","","-19","","Snow"
"-77.70","53.63","LA GRANDE RIVIERE A","7093716","2019-12-29 22:00","2019","12","29","22:00","","-14.4","","-16.3","","85","","","","12","","9","","24.1","","100.54","","","","-20","","Snow"
"-77.70","53.63","LA GRANDE RIVIERE A","7093716","2019-12-29 23:00","2019","12","29","23:00","","-15.9","","-17.4","","88","","","","12","","9","","24.1","","100.47","","","","-22","","Ice Crystals"
"-77.70","53.63","LA GRANDE RIVIERE A","7093716","2019-12-30 00:00","2019","12","30","00:00","","-16.6","","-18.2","","87","","","","10","","10","","24.1","","100.40","","","","-23","","Ice Crystals"
"-77.70","53.63","LA GRANDE RIVIERE A","7093716","2019-12-30 01:00","2019","12","30","01:00","","-18.6","","-20.6","","84","","","","10","","14","","24.1","","100.36","","","","-27","","Ice Crystals"
"-77.70","53.63","LA GRANDE RIVIERE A","7093716","2019-12-30 02:00","2019","12","30","02:00","","-18.9","","-20.8","","85","","","","10","","13","","24.1","","100.34","","","","-27","","Ice Crystals"
"-77.70","53.63","LA GRANDE RIVIERE A","7093716","2019-12-30 03:00","2019","12","30","03:00","","-19.5","","-21.8","","83","","","","12","","16","","24.1","","100.33","","","","-29","","Ice Crystals"
"-77.70","53.63","LA GRANDE RIVIERE A","7093716","2019-12-30 04:00","2019","12","30","04:00","","-18.3","","-20.6","","82","","","","9","","22","","24.1","","100.24","","","","-29","","Ice Crystals"
"-77.70","53.63","LA GRANDE RIVIERE A","7093716","2019-12-30 05:00","2019","12","30","05:00","","-19.0","","-21.3","","82","","","","11","","21","","24.1","","100.26","","","","-29","","Ice Crystals"
"-77.70","53.63","LA GRANDE RIVIERE A","7093716","2019-12-30 06:00","2019","12","30","06:00","","-20.4","","-22.8","","81","","","","10","","15","","24.1","","100.27","","","","-30","","Ice Crystals"
"-77.70","53.63","LA GRANDE RIVIERE A","7093716","2019-12-30 07:00","2019","12","30","07:00","","-21.0","","-23.5","","81","","","","9","","14","","24.1","","100.23","","","","-30","","Ice Crystals"
"-77.70","53.63","LA GRANDE RIVIERE A","7093716","2019-12-30 08:00","2019","12","30","08:00","","-20.7","","-23.1","","81","","","","9","","16","","24.1","","100.19","","","","-30","","NA"
"-77.70","53.63","LA GRANDE RIVIERE A","7093716","2019-12-30 09:00","2019","12","30","09:00","","-21.4","","-24.0","","80","","","","7","","21","","24.1","","100.10","","","","-32","","NA"
"-77.70","53.63","LA GRANDE RIVIERE A","7093716","2019-12-30 10:00","2019","12","30","10:00","","-19.8","","-22.4","","80","","","","8","","14","","24.1","","100.03","","","","-29","","Mostly Cloudy"
"-77.70","53.63","LA GRANDE RIVIERE A","7093716","2019-12-30 11:00","2019","12","30","11:00","","-18.5","","-21.0","","82","","","","7","","16","","24.1","","99.92","","","","-28","","NA"
"-77.70","53.63","LA GRANDE RIVIERE A","7093716","2019-12-30 12:00","2019","12","30","12:00","","-19.2","","-21.9","","80","","","","7","","20","","24.1","","99.76","","","","-29","","NA"
"-77.70","53.63","LA GRANDE RIVIERE A","7093716","2019-12-30 13:00","2019","12","30","13:00","","-18.9","","-21.4","","80","","","","8","","23","","24.1","","99.67","","","","-30","","Cloudy"
"-77.70","53.63","LA GRANDE RIVIERE A","7093716","2019-12-30 14:00","2019","12","30","14:00","","-18.4","","-21.0","","80","","","","7","","23","","24.1","","99.61","","","","-29","","NA"
"-77.70","53.63","LA GRANDE RIVIERE A","7093716","2019-12-30 15:00","2019","12","30","15:00","","-17.9","","-20.6","","80","","","","7","","18","","24.1","","99.55","","","","-27","","NA"
"-77.70","53.63","LA GRANDE RIVIERE A","7093716","2019-12-30 16:00","2019","12","30","16:00","","-17.6","","-20.3","","80","","","","7","","21","","24.1","","99.51","","","","-28","","Cloudy"
"-77.70","53.63","LA GRANDE RIVIERE A","7093716","2019-12-30 17:00","2019","12","30","17:00","","-16.3","","-19.2","","78","","","","8","","22","","24.1","","99.40","","","","-26","","NA"
"-77.70","53.63","LA GRANDE RIVIERE A","7093716","2019-12-30 18:00","2019","12","30","18:00","","-16.3","","-19.1","","79","","","","7","","23","","24.1","","99.28","","","","-26","","NA"
"-77.70","53.63","LA GRANDE RIVIERE A","7093716","2019-12-30 19:00","2019","12","30","19:00","","-15.1","","-18.0","","78","","","","7","","28","","24.1","","99.09","","","","-26","","Cloudy"
"-77.70","53.63","LA GRANDE RIVIERE A","7093716","2019-12-30 20:00","2019","12","30","20:00","","-13.2","","-16.6","","76","","","","8","","29","","24.1","","98.94","","","","-24","","Blowing Snow"
"-77.70","53.63","LA GRANDE RIVIERE A","7093716","2019-12-30 21:00","2019","12","30","21:00","","-12.6","","-15.9","","77","","","","9","","32","","24.1","","98.87","","","","-23","","Blowing Snow"
"-77.70","53.63","LA GRANDE RIVIERE A","7093716","2019-12-30 22:00","2019","12","30","22:00","","-11.1","","-14.6","","75","","","","8","","26","","24.1","","98.69","","","","-20","","Blowing Snow"
"-77.70","53.63","LA GRANDE RIVIERE A","7093716","2019-12-30 23:00","2019","12","30","23:00","","-10.1","","-13.7","","75","","","","8","","27","","24.1","","98.59","","","","-19","","Blowing Snow"
"-77.70","53.63","LA GRANDE RIVIERE A","7093716","2019-12-31 00:00","2019","12","31","00:00","","-9.3","","-12.8","","76","","","","8","","22","","24.1","","98.49","","","","-17","","NA"
"-77.70","53.63","LA GRANDE RIVIERE A","7093716","2019-12-31 01:00","2019","12","31","01:00","","-8.6","","-12.1","","76","","","","9","","29","","24.1","","98.36","","","","-18","","Cloudy"
"-77.70","53.63","LA GRANDE RIVIERE A","7093716","2019-12-31 02:00","2019","12","31","02:00","","-8.6","","-10.6","","86","","","","9","","26","","4.0","","98.29","","","","-17","","Snow"
"-77.70","53.63","LA GRANDE RIVIERE A","7093716","2019-12-31 03:00","2019","12","31","03:00","","-8.3","","-10.1","","87","","","","9","","28","","16.1","","98.22","","","","-17","","Snow"
"-77.70","53.63","LA GRANDE RIVIERE A","7093716","2019-12-31 04:00","2019","12","31","04:00","","-7.9","","-9.7","","87","","","","9","","20","","24.1","","98.14","","","","-15","","Snow"
"-77.70","53.63","LA GRANDE RIVIERE A","7093716","2019-12-31 05:00","2019","12","31","05:00","","-7.0","","-9.3","","84","","","","10","","22","","24.1","","98.07","","","","-14","","Snow"
"-77.70","53.63","LA GRANDE RIVIERE A","7093716","2019-12-31 06:00","2019","12","31","06:00","","-6.9","","-9.2","","84","","","","10","","18","","24.1","","98.02","","","","-14","","Snow"
"-77.70","53.63","LA GRANDE RIVIERE A","7093716","2019-12-31 07:00","2019","12","31","07:00","","-6.8","","-9.0","","84","","","","10","","19","","24.1","","97.99","","","","-14","","Snow"
"-77.70","53.63","LA GRANDE RIVIERE A","7093716","2019-12-31 08:00","2019","12","31","08:00","","-6.8","","-8.4","","89","","","","9","","14","","9.7","","97.95","","","","-13","","Snow"
"-77.70","53.63","LA GRANDE RIVIERE A","7093716","2019-12-31 09:00","2019","12","31","09:00","","-6.7","","-8.3","","88","","","","10","","14","","24.1","","97.93","","","","-12","","Snow"
"-77.70","53.63","LA GRANDE RIVIERE A","7093716","2019-12-31 10:00","2019","12","31","10:00","","-6.2","","-8.0","","87","","","","11","","16","","24.1","","97.89","","","","-12","","Snow"
"-77.70","53.63","LA GRANDE RIVIERE A","7093716","2019-12-31 11:00","2019","12","31","11:00","","-6.1","","-7.9","","88","","","","9","","14","","24.1","","97.81","","","","-12","","NA"
"-77.70","53.63","LA GRANDE RIVIERE A","7093716","2019-12-31 12:00","2019","12","31","12:00","","-5.7","","-7.3","","88","","","","10","","11","","6.4","","97.74","","","","-10","","Freezing Drizzle,Fog"
"-77.70","53.63","LA GRANDE RIVIERE A","7093716","2019-12-31 13:00","2019","12","31","13:00","","-5.2","","-6.9","","88","","","","10","","12","","8.1","","97.66","","","","-10","","Freezing Drizzle,Fog"
"-77.70","53.63","LA GRANDE RIVIERE A","7093716","2019-12-31 14:00","2019","12","31","14:00","","-4.8","","-6.6","","87","","","","11","","17","","24.1","","97.62","","","","-11","","Freezing Drizzle"
"-77.70","53.63","LA GRANDE RIVIERE A","7093716","2019-12-31 15:00","2019","12","31","15:00","","-4.7","","-6.5","","87","","","","12","","21","","4.8","","97.62","","","","-11","","Snow"
"-77.70","53.63","LA GRANDE RIVIERE A","7093716","2019-12-31 16:00","2019","12","31","16:00","","-4.8","","-6.4","","89","","","","12","","17","","11.3","","97.60","","","","-11","","Snow"
"-77.70","53.63","LA GRANDE RIVIERE A","7093716","2019-12-31 17:00","2019","12","31","17:00","","-4.8","","-6.4","","89","","","","12","","19","","24.1","","97.58","","","","-11","","Snow"
"-77.70","53.63","LA GRANDE RIVIERE A","7093716","2019-12-31 18:00","2019","12","31","18:00","","-4.7","","-6.6","","87","","","","13","","18","","24.1","","97.55","","","","-11","","Snow"
"-77.70","53.63","LA GRANDE RIVIERE A","7093716","2019-12-31 19:00","2019","12","31","19:00","","-4.4","","-6.5","","86","","","","14","","12","","24.1","","97.52","","","","-9","","Cloudy"
"-77.70","53.63","LA GRANDE RIVIERE A","7093716","2019-12-31 20:00","2019","12","31","20:00","","-4.6","","-6.4","","87","","","","11","","10","","24.1","","97.51","","","","-9","","NA"
"-77.70","53.63","LA GRANDE RIVIERE A","7093716","2019-12-31 21:00","2019","12","31","21:00","","-4.5","","-6.4","","87","","","","13","","9","","24.1","","97.45","","","","-8","","NA"
"-77.70","53.63","LA GRANDE RIVIERE A","7093716","2019-12-31 22:00","2019","12","31","22:00","","-4.9","","-6.7","","87","","","","13","","8","","24.1","","97.39","","","","-8","","Cloudy"
"-77.70","53.63","LA GRANDE RIVIERE A","7093716","2019-12-31 23:00","2019","12","31","23:00","","-5.1","","-6.6","","89","","","","11","","12","","24.1","","97.33","","","","-10","","NA"
